symbol,name,report_year,disclosure_date,pdf_title,pdf_url,buy_date,sell_date,future_return
000001,平安银行,2024,2025-03-15,2024年年度报告,http://www.cninfo.com.cn/new/disclosure/detail?stockCode=000001&announcementId=1222806505&orgId=gssz0000001&announcementTime=2025-03-15,2025-03-17,2025-06-16,0.045521
000002,万  科Ａ,2024,2025-04-01,2024年年度报告,http://www.cninfo.com.cn/new/disclosure/detail?stockCode=000002&announcementId=1222974139&orgId=gssz0000002&announcementTime=2025-04-01,2025-04-02,2025-07-02,-0.083212
000004,*ST国华,2024,2025-04-29,2024年年度报告,http://www.cninfo.com.cn/new/disclosure/detail?stockCode=000004&announcementId=1223381901&orgId=gssz0000004&announcementTime=2025-04-29,2025-04-30,2025-07-29,0.104044
000006,深振业Ａ,2024,2025-04-26,2024年年度报告,http://www.cninfo.com.cn/new/disclosure/detail?stockCode=000006&announcementId=1223309112&orgId=gssz0000006&announcementTime=2025-04-26,2025-04-28,2025-07-25,-0.006341
000007,全新好,2024,2025-04-25,2024年年度报告,http://www.cninfo.com.cn/new/disclosure/detail?stockCode=000007&announcementId=1223275670&orgId=gssz0000007&announcementTime=2025-04-25,2025-04-28,2025-07-25,0.031116
000008,神州高铁,2024,2025-04-19,2024年年度报告,http://www.cninfo.com.cn/new/disclosure/detail?stockCode=000008&announcementId=1223150123&orgId=gssz0000008&announcementTime=2025-04-19,2025-04-21,2025-07-18,0.03716
000009,中国宝安,2024,2025-04-16,2024年年度报告,http://www.cninfo.com.cn/new/disclosure/detail?stockCode=000009&announcementId=1223101050&orgId=gssz0000009&announcementTime=2025-04-16,2025-04-17,2025-07-16,0.115247
000010,美丽生态,2024,2025-04-29,2024年年度报告,http://www.cninfo.com.cn/new/disclosure/detail?stockCode=000010&announcementId=1223368921&orgId=gssz0000010&announcementTime=2025-04-29,2025-04-30,2025-07-29,0.373112
000012,南  玻Ａ,2024,2025-04-28,2024年年度报告,http://www.cninfo.com.cn/new/disclosure/detail?stockCode=000012&announcementId=1223303879&orgId=gssz0000012&announcementTime=2025-04-28,2025-04-29,2025-07-28,0.047855
000011,深物业A,2024,2025-03-29,2024年年度报告,http://www.cninfo.com.cn/new/disclosure/detail?stockCode=000011&announcementId=1222946147&orgId=gssz0000011&announcementTime=2025-03-29,2025-03-31,2025-06-30,0.021656
000014,沙河股份,2024,2025-03-29,2024年年度报告,http://www.cninfo.com.cn/new/disclosure/detail?stockCode=000014&announcementId=1222943281&orgId=gssz0000014&announcementTime=2025-03-29,2025-03-31,2025-06-30,0.040478
000016,深康佳Ａ,2024,2025-04-15,2024年年度报告,http://www.cninfo.com.cn/new/disclosure/detail?stockCode=000016&announcementId=1223095858&orgId=gssz0000016&announcementTime=2025-04-15,2025-04-16,2025-07-15,-0.079471
000017,深中华A,2024,2025-04-22,2024年年度报告,http://www.cninfo.com.cn/new/disclosure/detail?stockCode=000017&announcementId=1223191295&orgId=gssz0000017&announcementTime=2025-04-22,2025-04-23,2025-07-22,-0.038932
000019,深粮控股,2024,2025-04-29,2024年年度报告,http://www.cninfo.com.cn/new/disclosure/detail?stockCode=000019&announcementId=1223375162&orgId=gssz0000019&announcementTime=2025-04-29,2025-04-30,2025-07-29,0.048336
000020,深华发Ａ,2024,2025-04-22,2024年年度报告,http://www.cninfo.com.cn/new/disclosure/detail?stockCode=000020&announcementId=1223194529&orgId=gssz0000020&announcementTime=2025-04-22,2025-04-23,2025-07-22,0.148387
000021,深科技,2024,2025-04-25,2024年年度报告,http://www.cninfo.com.cn/new/disclosure/detail?stockCode=000021&announcementId=1223270327&orgId=gssz0000021&announcementTime=2025-04-25,2025-04-28,2025-07-25,0.086067
000025,特  力Ａ,2024,2025-03-28,2024年年度报告,http://www.cninfo.com.cn/new/disclosure/detail?stockCode=000025&announcementId=1222927703&orgId=gssz0000025&announcementTime=2025-03-28,2025-03-31,2025-06-30,0.061065
000026,飞亚达,2024,2025-03-14,2024年年度报告,http://www.cninfo.com.cn/new/disclosure/detail?stockCode=000026&announcementId=1222788741&orgId=gssz0000026&announcementTime=2025-03-14,2025-03-17,2025-06-16,0.109197
000027,深圳能源,2024,2025-04-18,2024年年度报告,http://www.cninfo.com.cn/new/disclosure/detail?stockCode=000027&announcementId=1223126126&orgId=gssz0000027&announcementTime=2025-04-18,2025-04-21,2025-07-18,0.103504
000028,国药一致,2024,2025-04-08,2024年年度报告,http://www.cninfo.com.cn/new/disclosure/detail?stockCode=000028&announcementId=1223019869&orgId=gssz0000028&announcementTime=2025-04-08,2025-04-09,2025-07-08,0.048068
000029,深深房Ａ,2024,2025-03-22,2024年年度报告,http://www.cninfo.com.cn/new/disclosure/detail?stockCode=000029&announcementId=1222870093&orgId=gssz0000029&announcementTime=2025-03-22,2025-03-24,2025-06-23,0.306631
000030,富奥股份,2024,2025-04-18,2024年年度报告,http://www.cninfo.com.cn/new/disclosure/detail?stockCode=000030&announcementId=1223124906&orgId=gssz0000030&announcementTime=2025-04-18,2025-04-21,2025-07-18,0.129888
000032,深桑达Ａ,2024,2025-04-25,2024年年度报告,http://www.cninfo.com.cn/new/disclosure/detail?stockCode=000032&announcementId=1223281504&orgId=gssz0000032&announcementTime=2025-04-25,2025-04-28,2025-07-25,0.047599
000031,大悦城,2024,2025-04-19,2024年年度报告,http://www.cninfo.com.cn/new/disclosure/detail?stockCode=000031&announcementId=1223153545&orgId=gssz0000031&announcementTime=2025-04-19,2025-04-21,2025-07-18,0.057864
000034,神州数码,2024,2025-03-29,2024年年度报告,http://www.cninfo.com.cn/new/disclosure/detail?stockCode=000034&announcementId=1222950126&orgId=gssz0000034&announcementTime=2025-03-29,2025-03-31,2025-06-30,-0.076118
000035,中国天楹,2024,2025-04-29,2024年年度报告,http://www.cninfo.com.cn/new/disclosure/detail?stockCode=000035&announcementId=1223370947&orgId=gssz0000035&announcementTime=2025-04-29,2025-04-30,2025-07-29,0.030378
000036,华联控股,2024,2025-04-29,2024年年度报告,http://www.cninfo.com.cn/new/disclosure/detail?stockCode=000036&announcementId=1223363605&orgId=gssz0000036&announcementTime=2025-04-29,2025-04-30,2025-07-29,0.03563
000037,深南电A,2024,2025-04-23,2024年年度报告,http://www.cninfo.com.cn/new/disclosure/detail?stockCode=000037&announcementId=1223212039&orgId=gssz0000037&announcementTime=2025-04-23,2025-04-24,2025-07-23,0.141309
000039,中集集团,2024,2025-03-28,2024年年度报告,http://www.cninfo.com.cn/new/disclosure/detail?stockCode=000039&announcementId=1222938612&orgId=gssz0000039&announcementTime=2025-03-28,2025-03-31,2025-06-30,-0.126648
000045,深纺织Ａ,2024,2025-03-28,2024年年度报告,http://www.cninfo.com.cn/new/disclosure/detail?stockCode=000045&announcementId=1222922190&orgId=gssz0000045&announcementTime=2025-03-28,2025-03-31,2025-06-30,-0.022515
000048,京基智农,2024,2025-03-31,2024年年度报告,http://www.cninfo.com.cn/new/disclosure/detail?stockCode=000048&announcementId=1222944754&orgId=gssz0000048&announcementTime=2025-03-31,2025-04-01,2025-07-01,-0.063487
000049,德赛电池,2024,2025-04-22,2024年年度报告,http://www.cninfo.com.cn/new/disclosure/detail?stockCode=000049&announcementId=1223186230&orgId=gssz0000049&announcementTime=2025-04-22,2025-04-23,2025-07-22,0.130405
000050,深天马Ａ,2024,2025-03-15,2024年年度报告,http://www.cninfo.com.cn/new/disclosure/detail?stockCode=000050&announcementId=1222806950&orgId=gssz0000050&announcementTime=2025-03-15,2025-03-17,2025-06-16,-0.075972
000055,方大集团,2024,2025-04-22,2024年年度报告,http://www.cninfo.com.cn/new/disclosure/detail?stockCode=000055&announcementId=1223185494&orgId=gssz0000055&announcementTime=2025-04-22,2025-04-23,2025-07-22,0.120458
000056,皇庭国际,2024,2025-04-26,2024年年度报告,http://www.cninfo.com.cn/new/disclosure/detail?stockCode=000056&announcementId=1223314535&orgId=gssz0000056&announcementTime=2025-04-26,2025-04-28,2025-07-25,-0.006089
000058,深 赛 格,2024,2025-03-28,2024年年度报告,http://www.cninfo.com.cn/new/disclosure/detail?stockCode=000058&announcementId=1222923589&orgId=gssz0000058&announcementTime=2025-03-28,2025-03-31,2025-06-30,0.029566
000059,华锦股份,2024,2025-04-16,2024年年度报告,http://www.cninfo.com.cn/new/disclosure/detail?stockCode=000059&announcementId=1223099352&orgId=gssz0000059&announcementTime=2025-04-16,2025-04-17,2025-07-16,0.017602
000060,中金岭南,2024,2025-04-15,2024年年度报告,http://www.cninfo.com.cn/new/disclosure/detail?stockCode=000060&announcementId=1223094665&orgId=gssz0000060&announcementTime=2025-04-15,2025-04-16,2025-07-15,0.062443
000061,农 产 品,2024,2025-04-29,2024年年度报告,http://www.cninfo.com.cn/new/disclosure/detail?stockCode=000061&announcementId=1223376199&orgId=gssz0000061&announcementTime=2025-04-29,2025-04-30,2025-07-29,0.02147
000062,深圳华强,2024,2025-03-14,2024年年度报告,http://www.cninfo.com.cn/new/disclosure/detail?stockCode=000062&announcementId=1222788222&orgId=gssz0000062&announcementTime=2025-03-14,2025-03-17,2025-06-16,0.144679
000063,中兴通讯,2024,2025-03-01,2024年年度报告,http://www.cninfo.com.cn/new/disclosure/detail?stockCode=000063&announcementId=1222675749&orgId=gssz0000063&announcementTime=2025-03-01,2025-03-03,2025-05-30,-0.151466
000065,北方国际,2024,2025-04-01,2024年年度报告,http://www.cninfo.com.cn/new/disclosure/detail?stockCode=000065&announcementId=1222975365&orgId=gssz0000065&announcementTime=2025-04-01,2025-04-02,2025-07-02,0.112699
000066,中国长城,2024,2025-04-28,2024年年度报告,http://www.cninfo.com.cn/new/disclosure/detail?stockCode=000066&announcementId=1223304243&orgId=gssz0000066&announcementTime=2025-04-28,2025-04-29,2025-07-28,0.068134
000068,华控赛格,2024,2025-03-15,2024年年度报告,http://www.cninfo.com.cn/new/disclosure/detail?stockCode=000068&announcementId=1222807544&orgId=gssz0000068&announcementTime=2025-03-15,2025-03-17,2025-06-16,-0.087008
000069,华侨城Ａ,2024,2025-03-29,2024年年度报告,http://www.cninfo.com.cn/new/disclosure/detail?stockCode=000069&announcementId=1222949848&orgId=gssz0000069&announcementTime=2025-03-29,2025-03-31,2025-06-30,-0.066385
000078,海王生物,2024,2025-04-29,2024年年度报告,http://www.cninfo.com.cn/new/disclosure/detail?stockCode=000078&announcementId=1223363821&orgId=gssz0000078&announcementTime=2025-04-29,2025-04-30,2025-07-29,0.227768
000070,特发信息,2024,2025-04-22,2024年年度报告,http://www.cninfo.com.cn/new/disclosure/detail?stockCode=000070&announcementId=1223186273&orgId=gssz0000070&announcementTime=2025-04-22,2025-04-23,2025-07-23,0.245455
000089,深圳机场,2024,2025-04-25,2024年年度报告,http://www.cninfo.com.cn/new/disclosure/detail?stockCode=000089&announcementId=1223282164&orgId=gssz0000089&announcementTime=2025-04-25,2025-04-28,2025-07-25,0.069763
000088,盐 田 港,2024,2025-04-24,2024年年度报告,http://www.cninfo.com.cn/new/disclosure/detail?stockCode=000088&announcementId=1223235249&orgId=gssz0000088&announcementTime=2025-04-24,2025-04-25,2025-07-24,0.039477
000090,天健集团,2024,2025-04-22,2024年年度报告,http://www.cninfo.com.cn/new/disclosure/detail?stockCode=000090&announcementId=1223189112&orgId=gssz0000090&announcementTime=2025-04-22,2025-04-23,2025-07-22,-0.024734
000096,广聚能源,2024,2025-04-29,2024年年度报告,http://www.cninfo.com.cn/new/disclosure/detail?stockCode=000096&announcementId=1223376370&orgId=gssz0000096&announcementTime=2025-04-29,2025-04-30,2025-07-29,-0.312704
000099,中信海直,2024,2025-03-18,2024年年度报告,http://www.cninfo.com.cn/new/disclosure/detail?stockCode=000099&announcementId=1222821612&orgId=gssz0000099&announcementTime=2025-03-18,2025-03-19,2025-06-18,-0.172815
000100,TCL科技,2024,2025-04-29,2024年年度报告,http://www.cninfo.com.cn/new/disclosure/detail?stockCode=000100&announcementId=1223379178&orgId=gssz0000100&announcementTime=2025-04-29,2025-04-30,2025-07-29,0.124016
000151,中成股份,2024,2025-04-24,2024年年度报告,http://www.cninfo.com.cn/new/disclosure/detail?stockCode=000151&announcementId=1223238761&orgId=gssz0000151&announcementTime=2025-04-24,2025-04-25,2025-08-05,-0.092209
000153,丰原药业,2024,2025-04-11,2024年年度报告,http://www.cninfo.com.cn/new/disclosure/detail?stockCode=000153&announcementId=1223056025&orgId=gssz0000153&announcementTime=2025-04-11,2025-04-14,2025-07-11,0.181953
000156,华数传媒,2024,2025-03-20,2024年年度报告,http://www.cninfo.com.cn/new/disclosure/detail?stockCode=000156&announcementId=1222845993&orgId=gssz0000156&announcementTime=2025-03-20,2025-03-21,2025-06-20,-0.144995
000155,川能动力,2024,2025-04-28,2024年年度报告,http://www.cninfo.com.cn/new/disclosure/detail?stockCode=000155&announcementId=1223329921&orgId=gssz0000155&announcementTime=2025-04-28,2025-04-29,2025-07-28,-0.012545
000157,中联重科,2024,2025-03-25,2024年年度报告,http://www.cninfo.com.cn/new/disclosure/detail?stockCode=000157&announcementId=1222882571&orgId=gssz0000157&announcementTime=2025-03-25,2025-03-26,2025-06-25,-0.069317
000158,常山北明,2024,2025-04-29,2024年年度报告,http://www.cninfo.com.cn/new/disclosure/detail?stockCode=000158&announcementId=1223380478&orgId=gssz0000158&announcementTime=2025-04-29,2025-04-30,2025-07-29,0.137475
000166,申万宏源,2024,2025-03-29,2024年年度报告,http://www.cninfo.com.cn/new/disclosure/detail?stockCode=000166&announcementId=1222948663&orgId=qsgn0000301&announcementTime=2025-03-29,2025-03-31,2025-06-30,-0.013906
000159,国际实业,2024,2025-03-28,2024年年度报告,http://www.cninfo.com.cn/new/disclosure/detail?stockCode=000159&announcementId=1222926795&orgId=gssz0000159&announcementTime=2025-03-28,2025-03-31,2025-06-30,0.032917
000301,东方盛虹,2024,2025-04-29,2024年年度报告,http://www.cninfo.com.cn/new/disclosure/detail?stockCode=000301&announcementId=1223385370&orgId=gssz0000301&announcementTime=2025-04-29,2025-04-30,2025-07-29,0.036381
000333,美的集团,2024,2025-03-29,2024年年度报告,http://www.cninfo.com.cn/new/disclosure/detail?stockCode=000333&announcementId=1222951181&orgId=9900005965&announcementTime=2025-03-29,2025-03-31,2025-06-30,-0.015735
000338,潍柴动力,2024,2025-03-28,2024年年度报告,http://www.cninfo.com.cn/new/disclosure/detail?stockCode=000338&announcementId=1222927979&orgId=9900002961&announcementTime=2025-03-28,2025-03-31,2025-06-30,-0.055276
000400,许继电气,2024,2025-04-11,2024年年度报告,http://www.cninfo.com.cn/new/disclosure/detail?stockCode=000400&announcementId=1223055724&orgId=gssz0000400&announcementTime=2025-04-11,2025-04-14,2025-07-11,-0.063576
000402,金 融 街,2024,2025-04-29,2024年年度报告,http://www.cninfo.com.cn/new/disclosure/detail?stockCode=000402&announcementId=1223369949&orgId=gssz0000402&announcementTime=2025-04-29,2025-04-30,2025-07-29,0.128675
000401,金隅冀东,2024,2025-03-28,2024年年度报告,http://www.cninfo.com.cn/new/disclosure/detail?stockCode=000401&announcementId=1222928055&orgId=gssz0000401&announcementTime=2025-03-28,2025-03-31,2025-06-30,-0.090668
000403,派林生物,2024,2025-04-24,2024年年度报告,http://www.cninfo.com.cn/new/disclosure/detail?stockCode=000403&announcementId=1223241555&orgId=gssz0000403&announcementTime=2025-04-24,2025-04-25,2025-07-28,0.084157
000404,长虹华意,2024,2025-04-19,2024年年度报告,http://www.cninfo.com.cn/new/disclosure/detail?stockCode=000404&announcementId=1223154247&orgId=gssz0000404&announcementTime=2025-04-19,2025-04-21,2025-07-18,0.09639
000407,胜利股份,2024,2025-03-22,2024年年度报告,http://www.cninfo.com.cn/new/disclosure/detail?stockCode=000407&announcementId=1222867698&orgId=gssz0000407&announcementTime=2025-03-22,2025-03-24,2025-06-23,0.052363
000408,藏格矿业,2024,2025-03-29,2024年年度报告,http://www.cninfo.com.cn/new/disclosure/detail?stockCode=000408&announcementId=1222951087&orgId=gssz0000408&announcementTime=2025-03-29,2025-03-31,2025-06-30,0.198553
000409,云鼎科技,2024,2025-04-09,2024年年度报告,http://www.cninfo.com.cn/new/disclosure/detail?stockCode=000409&announcementId=1223030738&orgId=gssz0000409&announcementTime=2025-04-09,2025-04-10,2025-07-09,0.065188
000410,沈阳机床,2024,2025-04-24,2024年年度报告,http://www.cninfo.com.cn/new/disclosure/detail?stockCode=000410&announcementId=1223237094&orgId=gssz0000410&announcementTime=2025-04-24,2025-04-25,2025-07-24,0.004637
000411,英特集团,2024,2025-04-25,2024年年度报告,http://www.cninfo.com.cn/new/disclosure/detail?stockCode=000411&announcementId=1223264559&orgId=gssz0000411&announcementTime=2025-04-25,2025-04-28,2025-07-25,0.096281
000415,渤海租赁,2024,2025-04-03,2024年年度报告,http://www.cninfo.com.cn/new/disclosure/detail?stockCode=000415&announcementId=1222991576&orgId=gssz0000415&announcementTime=2025-04-03,2025-04-07,2025-07-04,0.15564
000417,合百集团,2024,2025-04-25,2024年年度报告,http://www.cninfo.com.cn/new/disclosure/detail?stockCode=000417&announcementId=1223267674&orgId=gssz0000417&announcementTime=2025-04-25,2025-04-28,2025-07-25,-0.049996
000419,通程控股,2024,2025-04-19,通程控股2024年年度报告,http://www.cninfo.com.cn/new/disclosure/detail?stockCode=000419&announcementId=1223148984&orgId=gssz0000419&announcementTime=2025-04-19,2025-04-21,2025-07-18,-0.029424
000420,吉林化纤,2024,2025-04-25,2024年年度报告,http://www.cninfo.com.cn/new/disclosure/detail?stockCode=000420&announcementId=1223265448&orgId=gssz0000420&announcementTime=2025-04-25,2025-04-28,2025-07-25,0.138683
000421,南京公用,2024,2025-04-11,2024年年度报告,http://www.cninfo.com.cn/new/disclosure/detail?stockCode=000421&announcementId=1223053208&orgId=gssz0000421&announcementTime=2025-04-11,2025-04-14,2025-07-11,0.186523
000422,湖北宜化,2024,2025-04-03,2024年年度报告,http://www.cninfo.com.cn/new/disclosure/detail?stockCode=000422&announcementId=1222991648&orgId=gssz0000422&announcementTime=2025-04-03,2025-04-07,2025-07-04,-0.003579
000423,东阿阿胶,2024,2025-03-18,2024年年度报告,http://www.cninfo.com.cn/new/disclosure/detail?stockCode=000423&announcementId=1222822269&orgId=gssz0000423&announcementTime=2025-03-18,2025-03-19,2025-06-18,-0.087326
000425,徐工机械,2024,2025-04-29,2024年年度报告,http://www.cninfo.com.cn/new/disclosure/detail?stockCode=000425&announcementId=1223367769&orgId=gssz0000425&announcementTime=2025-04-29,2025-04-30,2025-07-29,-0.024869
000426,兴业银锡,2024,2025-04-28,2024年年度报告,http://www.cninfo.com.cn/new/disclosure/detail?stockCode=000426&announcementId=1223317584&orgId=gssz0000426&announcementTime=2025-04-28,2025-04-29,2025-07-28,0.4868
000428,华天酒店,2024,2025-04-23,2024年年度报告,http://www.cninfo.com.cn/new/disclosure/detail?stockCode=000428&announcementId=1223215691&orgId=gssz0000428&announcementTime=2025-04-23,2025-04-24,2025-07-23,-0.008748
000429,粤高速Ａ,2024,2025-03-04,2024年年度报告,http://www.cninfo.com.cn/new/disclosure/detail?stockCode=000429&announcementId=1222693905&orgId=gssz0000429&announcementTime=2025-03-04,2025-03-05,2025-06-04,-0.027939
000430,*ST张股,2024,2025-04-16,2024年年度报告,http://www.cninfo.com.cn/new/disclosure/detail?stockCode=000430&announcementId=1223102184&orgId=gssz0000430&announcementTime=2025-04-16,2025-04-17,2025-07-16,-0.154804
000488,ST晨鸣,2024,2025-04-01,2024年年度报告,http://www.cninfo.com.cn/new/disclosure/detail?stockCode=000488&announcementId=1222975719&orgId=gssz0000488&announcementTime=2025-04-01,2025-04-02,2025-07-02,0.0
000498,山东路桥,2024,2025-04-15,2024年年度报告,http://www.cninfo.com.cn/new/disclosure/detail?stockCode=000498&announcementId=1223096801&orgId=gssz0000498&announcementTime=2025-04-15,2025-04-16,2025-07-15,0.04155
000501,武商集团,2024,2025-03-29,2024年年度报告,http://www.cninfo.com.cn/new/disclosure/detail?stockCode=000501&announcementId=1222948771&orgId=gssz0000501&announcementTime=2025-03-29,2025-03-31,2025-06-30,0.007743
000503,国新健康,2024,2025-04-25,2024年年度报告,http://www.cninfo.com.cn/new/disclosure/detail?stockCode=000503&announcementId=1223269961&orgId=gssz0000503&announcementTime=2025-04-25,2025-04-28,2025-07-25,0.063639
000504,*ST生物,2024,2025-04-29,2024年年度报告,http://www.cninfo.com.cn/new/disclosure/detail?stockCode=000504&announcementId=1223713860&orgId=gssz0000504&announcementTime=2025-04-29,2025-04-30,2025-07-29,0.88024
000505,京粮控股,2024,2025-03-29,2024年年度报告,http://www.cninfo.com.cn/new/disclosure/detail?stockCode=000505&announcementId=1222943403&orgId=gssz0000505&announcementTime=2025-03-29,2025-03-31,2025-06-30,0.04931
000506,招金黄金,2024,2025-04-29,2024年年度报告,http://www.cninfo.com.cn/new/disclosure/detail?stockCode=000506&announcementId=1223379415&orgId=gssz0000506&announcementTime=2025-04-29,2025-04-30,2025-07-30,0.51286
000507,珠海港,2024,2025-04-28,2024年年度报告,http://www.cninfo.com.cn/new/disclosure/detail?stockCode=000507&announcementId=1223314710&orgId=gssz0000507&announcementTime=2025-04-28,2025-04-29,2025-07-28,0.031776
000509,华塑控股,2024,2025-04-28,2024年年度报告,http://www.cninfo.com.cn/new/disclosure/detail?stockCode=000509&announcementId=1223313718&orgId=gssz0000509&announcementTime=2025-04-28,2025-04-29,2025-07-28,0.201331
000513,丽珠集团,2024,2025-03-27,2024年年度报告,http://www.cninfo.com.cn/new/disclosure/detail?stockCode=000513&announcementId=1222910377&orgId=gssz0000513&announcementTime=2025-03-27,2025-03-28,2025-06-27,0.055707
000510,新金路,2024,2025-04-29,2024年年度报告,http://www.cninfo.com.cn/new/disclosure/detail?stockCode=000510&announcementId=1223356634&orgId=gssz0000510&announcementTime=2025-04-29,2025-04-30,2025-07-29,0.019192
000514,渝 开 发,2024,2025-04-24,2024年年度报告,http://www.cninfo.com.cn/new/disclosure/detail?stockCode=000514&announcementId=1223243787&orgId=gssz0000514&announcementTime=2025-04-24,2025-04-25,2025-07-24,0.28364
000516,国际医学,2024,2025-04-23,2024年年度报告,http://www.cninfo.com.cn/new/disclosure/detail?stockCode=000516&announcementId=1223215629&orgId=gssz0000516&announcementTime=2025-04-23,2025-04-24,2025-07-23,0.077072
000517,荣安地产,2024,2025-04-29,2024年年度报告,http://www.cninfo.com.cn/new/disclosure/detail?stockCode=000517&announcementId=1223370405&orgId=gssz0000517&announcementTime=2025-04-29,2025-04-30,2025-07-29,0.070439
000518,*ST四环,2024,2025-04-29,2024年年度报告,http://www.cninfo.com.cn/new/disclosure/detail?stockCode=000518&announcementId=1223383970&orgId=gssz0000518&announcementTime=2025-04-29,2025-04-30,2025-07-29,0.214375
000519,中兵红箭,2024,2025-04-24,2024年年度报告,http://www.cninfo.com.cn/new/disclosure/detail?stockCode=000519&announcementId=1223244188&orgId=gssz0000519&announcementTime=2025-04-24,2025-04-25,2025-07-24,0.334766
000520,凤凰航运,2024,2025-04-29,2024年年度报告,http://www.cninfo.com.cn/new/disclosure/detail?stockCode=000520&announcementId=1223380037&orgId=gssz0000520&announcementTime=2025-04-29,2025-04-30,2025-07-29,0.172879
000521,长虹美菱,2024,2025-04-03,2024年年度报告,http://www.cninfo.com.cn/new/disclosure/detail?stockCode=000521&announcementId=1222990971&orgId=gssz0000521&announcementTime=2025-04-03,2025-04-07,2025-07-04,0.009382
000523,红棉股份,2024,2025-04-01,2024年年度报告,http://www.cninfo.com.cn/new/disclosure/detail?stockCode=000523&announcementId=1222972962&orgId=gssz0000523&announcementTime=2025-04-01,2025-04-02,2025-07-02,-0.020732
000524,岭南控股,2024,2025-03-29,2024年年度报告,http://www.cninfo.com.cn/new/disclosure/detail?stockCode=000524&announcementId=1222947116&orgId=gssz0000524&announcementTime=2025-03-29,2025-03-31,2025-06-30,0.046875
000525,红太阳,2024,2025-04-26,2024年年度报告,http://www.cninfo.com.cn/new/disclosure/detail?stockCode=000525&announcementId=1223329284&orgId=gssz0000525&announcementTime=2025-04-26,2025-04-28,2025-07-28,0.071305
000526,学大教育,2024,2025-04-26,2024年年度报告,http://www.cninfo.com.cn/new/disclosure/detail?stockCode=000526&announcementId=1223328711&orgId=gssz0000526&announcementTime=2025-04-26,2025-04-28,2025-07-25,-0.052596
000528,柳    工,2024,2025-03-29,2024年年度报告,http://www.cninfo.com.cn/new/disclosure/detail?stockCode=000528&announcementId=1222950803&orgId=gssz0000528&announcementTime=2025-03-29,2025-03-31,2025-06-30,-0.167587
000529,广弘控股,2024,2025-04-28,2024年年度报告,http://www.cninfo.com.cn/new/disclosure/detail?stockCode=000529&announcementId=1223311389&orgId=gssz0000529&announcementTime=2025-04-28,2025-04-29,2025-07-28,0.11567
000530,冰山冷热,2024,2025-04-24,2024年年度报告,http://www.cninfo.com.cn/new/disclosure/detail?stockCode=000530&announcementId=1223234968&orgId=gssz0000530&announcementTime=2025-04-24,2025-04-25,2025-07-24,0.303048
000531,穗恒运Ａ,2024,2025-04-09,2024年年度报告,http://www.cninfo.com.cn/new/disclosure/detail?stockCode=000531&announcementId=1223032665&orgId=gssz0000531&announcementTime=2025-04-09,2025-04-10,2025-07-09,0.191585
000532,华金资本,2024,2025-03-27,2024年年度报告,http://www.cninfo.com.cn/new/disclosure/detail?stockCode=000532&announcementId=1222911896&orgId=gssz0000532&announcementTime=2025-03-27,2025-03-28,2025-06-27,-0.025518
000533,顺钠股份,2024,2025-04-16,2024年年度报告,http://www.cninfo.com.cn/new/disclosure/detail?stockCode=000533&announcementId=1223100386&orgId=gssz0000533&announcementTime=2025-04-16,2025-04-17,2025-07-16,0.278097
000534,万泽股份,2024,2025-03-07,2024年年度报告,http://www.cninfo.com.cn/new/disclosure/detail?stockCode=000534&announcementId=1222733484&orgId=gssz0000534&announcementTime=2025-03-07,2025-03-10,2025-06-09,-0.156259
000536,华映科技,2024,2025-04-15,2024年年度报告,http://www.cninfo.com.cn/new/disclosure/detail?stockCode=000536&announcementId=1223095618&orgId=gssz0000536&announcementTime=2025-04-15,2025-04-16,2025-07-15,-0.011292
000537,绿发电力,2024,2025-04-29,2024年年度报告,http://www.cninfo.com.cn/new/disclosure/detail?stockCode=000537&announcementId=1223370179&orgId=gssz0000537&announcementTime=2025-04-29,2025-04-30,2025-07-29,0.046926
000538,云南白药,2024,2025-04-01,2024年年度报告,http://www.cninfo.com.cn/new/disclosure/detail?stockCode=000538&announcementId=1222975584&orgId=gssz0000538&announcementTime=2025-04-01,2025-04-02,2025-07-02,-0.002993
000539,粤电力Ａ,2024,2025-03-29,2024年年度报告,http://www.cninfo.com.cn/new/disclosure/detail?stockCode=000539&announcementId=1222950454&orgId=gssz0000539&announcementTime=2025-03-29,2025-03-31,2025-06-30,0.002219
000543,皖能电力,2024,2025-04-25,2024年年度报告,http://www.cninfo.com.cn/new/disclosure/detail?stockCode=000543&announcementId=1223278946&orgId=gssz0000543&announcementTime=2025-04-25,2025-04-28,2025-07-25,-0.006145
000541,佛山照明,2024,2025-04-25,2024年年度报告,http://www.cninfo.com.cn/new/disclosure/detail?stockCode=000541&announcementId=1223272587&orgId=gssz0000541&announcementTime=2025-04-25,2025-04-28,2025-07-25,0.074039
000544,中原环保,2024,2025-03-22,2024年年度报告,http://www.cninfo.com.cn/new/disclosure/detail?stockCode=000544&announcementId=1222870764&orgId=gssz0000544&announcementTime=2025-03-22,2025-03-24,2025-06-23,-0.045521
000545,金浦钛业,2024,2025-04-29,2024年年度报告,http://www.cninfo.com.cn/new/disclosure/detail?stockCode=000545&announcementId=1223373589&orgId=gssz0000545&announcementTime=2025-04-29,2025-04-30,2025-08-12,0.452563
000546,金圆股份,2024,2025-04-25,2024年年度报告,http://www.cninfo.com.cn/new/disclosure/detail?stockCode=000546&announcementId=1223268100&orgId=gssz0000546&announcementTime=2025-04-25,2025-04-28,2025-07-25,0.328225
000547,航天发展,2024,2025-04-19,2024年年度报告,http://www.cninfo.com.cn/new/disclosure/detail?stockCode=000547&announcementId=1223156667&orgId=gssz0000547&announcementTime=2025-04-19,2025-04-21,2025-07-18,0.159758
000548,湖南投资,2024,2025-04-03,2024年年度报告,http://www.cninfo.com.cn/new/disclosure/detail?stockCode=000548&announcementId=1222991736&orgId=gssz0000548&announcementTime=2025-04-03,2025-04-07,2025-07-04,0.077802
000550,江铃汽车,2024,2025-03-29,2024年年度报告,http://www.cninfo.com.cn/new/disclosure/detail?stockCode=000550&announcementId=1222949820&orgId=gssz0000550&announcementTime=2025-03-29,2025-03-31,2025-06-30,-0.123322
000551,创元科技,2024,2025-04-08,2024年年度报告,http://www.cninfo.com.cn/new/disclosure/detail?stockCode=000551&announcementId=1223020627&orgId=gssz0000551&announcementTime=2025-04-08,2025-04-09,2025-07-08,0.262083
000552,甘肃能化,2024,2025-04-29,2024年年度报告,http://www.cninfo.com.cn/new/disclosure/detail?stockCode=000552&announcementId=1223371134&orgId=gssz0000552&announcementTime=2025-04-29,2025-04-30,2025-07-29,0.110337
000553,安道麦A,2024,2025-03-14,2024年年度报告,http://www.cninfo.com.cn/new/disclosure/detail?stockCode=000553&announcementId=1222789218&orgId=gssz0000553&announcementTime=2025-03-14,2025-03-17,2025-06-16,0.146139
000555,神州信息,2024,2025-03-29,2024年年度报告,http://www.cninfo.com.cn/new/disclosure/detail?stockCode=000555&announcementId=1222949593&orgId=gssz0000555&announcementTime=2025-03-29,2025-03-31,2025-06-30,0.200159
000554,泰山石油,2024,2025-04-25,2024年年度报告,http://www.cninfo.com.cn/new/disclosure/detail?stockCode=000554&announcementId=1223274312&orgId=gssz0000554&announcementTime=2025-04-25,2025-04-28,2025-07-25,0.132546
000557,西部创业,2024,2025-04-25,2024年年度报告,http://www.cninfo.com.cn/new/disclosure/detail?stockCode=000557&announcementId=1223265150&orgId=gssz0000557&announcementTime=2025-04-25,2025-04-28,2025-07-25,0.043379
000558,天府文旅,2024,2025-04-25,2024年年度报告,http://www.cninfo.com.cn/new/disclosure/detail?stockCode=000558&announcementId=1223276533&orgId=gssz0000558&announcementTime=2025-04-25,2025-04-28,2025-07-25,0.22407
000560,我爱我家,2024,2025-04-10,2024年年度报告,http://www.cninfo.com.cn/new/disclosure/detail?stockCode=000560&announcementId=1223044956&orgId=gssz0000560&announcementTime=2025-04-10,2025-04-11,2025-07-10,0.025225
000559,万向钱潮,2024,2025-04-26,2024年年度报告,http://www.cninfo.com.cn/new/disclosure/detail?stockCode=000559&announcementId=1223322381&orgId=gssz0000559&announcementTime=2025-04-26,2025-04-28,2025-07-25,0.235651
000563,陕国投Ａ,2024,2025-03-18,2024年年度报告,http://www.cninfo.com.cn/new/disclosure/detail?stockCode=000563&announcementId=1222822535&orgId=gssz0000563&announcementTime=2025-03-18,2025-03-19,2025-06-18,-0.02264
000561,烽火电子,2024,2025-04-26,2024年年度报告,http://www.cninfo.com.cn/new/disclosure/detail?stockCode=000561&announcementId=1223329320&orgId=gssz0000561&announcementTime=2025-04-26,2025-04-28,2025-07-25,0.344676
000564,供销大集,2024,2025-04-29,2024年年度报告,http://www.cninfo.com.cn/new/disclosure/detail?stockCode=000564&announcementId=1223396530&orgId=gssz0000564&announcementTime=2025-04-29,2025-04-30,2025-07-29,-0.125385
000565,渝三峡Ａ,2024,2025-04-25,2024年年度报告,http://www.cninfo.com.cn/new/disclosure/detail?stockCode=000565&announcementId=1223279660&orgId=gssz0000565&announcementTime=2025-04-25,2025-04-28,2025-07-25,0.616778
000566,海南海药,2024,2025-04-12,2024年年度报告,http://www.cninfo.com.cn/new/disclosure/detail?stockCode=000566&announcementId=1223072357&orgId=gssz0000566&announcementTime=2025-04-12,2025-04-14,2025-07-11,0.339086
000567,海德股份,2024,2025-04-29,2024年年度报告,http://www.cninfo.com.cn/new/disclosure/detail?stockCode=000567&announcementId=1223390187&orgId=gssz0000567&announcementTime=2025-04-29,2025-04-30,2025-07-29,0.259706
000568,泸州老窖,2024,2025-04-28,2024年年度报告,http://www.cninfo.com.cn/new/disclosure/detail?stockCode=000568&announcementId=1223350383&orgId=gssz0000568&announcementTime=2025-04-28,2025-04-29,2025-07-28,-0.006728
000570,苏常柴Ａ,2024,2025-04-11,2024年年度报告,http://www.cninfo.com.cn/new/disclosure/detail?stockCode=000570&announcementId=1223054362&orgId=gssz0000570&announcementTime=2025-04-11,2025-04-14,2025-07-11,0.139762
000571,新大洲Ａ,2024,2025-04-29,2024年年度报告,http://www.cninfo.com.cn/new/disclosure/detail?stockCode=000571&announcementId=1223363943&orgId=gssz0000571&announcementTime=2025-04-29,2025-04-30,2025-07-29,0.110905
000572,海马汽车,2024,2025-04-22,2024年年度报告,http://www.cninfo.com.cn/new/disclosure/detail?stockCode=000572&announcementId=1223302157&orgId=gssz0000572&announcementTime=2025-04-22,2025-04-23,2025-07-22,0.285219
000576,甘化科工,2024,2025-04-19,2024年年度报告,http://www.cninfo.com.cn/new/disclosure/detail?stockCode=000576&announcementId=1223144139&orgId=gssz0000576&announcementTime=2025-04-19,2025-04-21,2025-07-18,0.51875
000573,粤宏远Ａ,2024,2025-04-19,2024年年度报告,http://www.cninfo.com.cn/new/disclosure/detail?stockCode=000573&announcementId=1223151948&orgId=gssz0000573&announcementTime=2025-04-19,2025-04-21,2025-07-18,0.050015
000582,北部湾港,2024,2025-04-25,2024年年度报告,http://www.cninfo.com.cn/new/disclosure/detail?stockCode=000582&announcementId=1223269082&orgId=gssz0000582&announcementTime=2025-04-25,2025-04-28,2025-07-25,-0.050764
000581,威孚高科,2024,2025-04-18,2024年年度报告,http://www.cninfo.com.cn/new/disclosure/detail?stockCode=000581&announcementId=1223125324&orgId=gssz0000581&announcementTime=2025-04-18,2025-04-21,2025-07-18,0.0557
000586,汇源通信,2024,2025-03-27,2024年年度报告,http://www.cninfo.com.cn/new/disclosure/detail?stockCode=000586&announcementId=1222911056&orgId=gssz0000586&announcementTime=2025-03-27,2025-03-28,2025-06-27,0.08235
000589,贵州轮胎,2024,2025-04-26,2024年年度报告,http://www.cninfo.com.cn/new/disclosure/detail?stockCode=000589&announcementId=1223318753&orgId=gssz0000589&announcementTime=2025-04-26,2025-04-28,2025-07-25,0.074942
000590,古汉医药,2024,2025-03-28,2024年年度报告,http://www.cninfo.com.cn/new/disclosure/detail?stockCode=000590&announcementId=1222926038&orgId=gssz0000590&announcementTime=2025-03-28,2025-03-31,2025-06-30,0.254183
000591,太阳能,2024,2025-04-24,2024年年度报告,http://www.cninfo.com.cn/new/disclosure/detail?stockCode=000591&announcementId=1223241658&orgId=gssz0000591&announcementTime=2025-04-24,2025-04-25,2025-07-24,0.087819
000592,平潭发展,2024,2025-04-25,2024年年度报告,http://www.cninfo.com.cn/new/disclosure/detail?stockCode=000592&announcementId=1223271916&orgId=gssz0000592&announcementTime=2025-04-25,2025-04-28,2025-07-25,0.048361
000593,德龙汇能,2024,2025-04-26,2024年年度报告,http://www.cninfo.com.cn/new/disclosure/detail?stockCode=000593&announcementId=1223310110&orgId=gssz0000593&announcementTime=2025-04-26,2025-04-28,2025-07-25,0.154629
000595,*ST宝实,2024,2025-04-26,2024年年度报告,http://www.cninfo.com.cn/new/disclosure/detail?stockCode=000595&announcementId=1223324646&orgId=gssz0000595&announcementTime=2025-04-26,2025-04-29,2025-07-28,0.086122
000596,古井贡酒,2024,2025-04-28,2024年年度报告,http://www.cninfo.com.cn/new/disclosure/detail?stockCode=000596&announcementId=1223320623&orgId=gssz0000596&announcementTime=2025-04-28,2025-04-29,2025-07-28,-0.137838
000597,东北制药,2024,2025-04-03,2024年年度报告,http://www.cninfo.com.cn/new/disclosure/detail?stockCode=000597&announcementId=1222993531&orgId=gssz0000597&announcementTime=2025-04-03,2025-04-07,2025-07-04,0.037305
000598,兴蓉环境,2024,2025-04-18,2024年年度报告,http://www.cninfo.com.cn/new/disclosure/detail?stockCode=000598&announcementId=1223128111&orgId=gssz0000598&announcementTime=2025-04-18,2025-04-21,2025-07-18,0.087518
000599,青岛双星,2024,2025-03-28,2024年年度报告,http://www.cninfo.com.cn/new/disclosure/detail?stockCode=000599&announcementId=1222925060&orgId=gssz0000599&announcementTime=2025-03-28,2025-03-31,2025-06-30,0.196133
000600,建投能源,2024,2025-04-24,2024年年度报告,http://www.cninfo.com.cn/new/disclosure/detail?stockCode=000600&announcementId=1223241977&orgId=gssz0000600&announcementTime=2025-04-24,2025-04-25,2025-07-24,0.122634
000601,韶能股份,2024,2025-04-28,2024年年度报告,http://www.cninfo.com.cn/new/disclosure/detail?stockCode=000601&announcementId=1223317129&orgId=gssz0000601&announcementTime=2025-04-28,2025-04-29,2025-07-28,-0.199511
000603,盛达资源,2024,2025-04-29,2024年年度报告,http://www.cninfo.com.cn/new/disclosure/detail?stockCode=000603&announcementId=1223382697&orgId=gssz0000603&announcementTime=2025-04-29,2025-04-30,2025-07-29,0.144472
000605,渤海股份,2024,2025-04-25,2024年年度报告,http://www.cninfo.com.cn/new/disclosure/detail?stockCode=000605&announcementId=1223273277&orgId=gssz0000605&announcementTime=2025-04-25,2025-04-28,2025-07-25,0.0
000607,华媒控股,2024,2025-04-19,2024年年度报告,http://www.cninfo.com.cn/new/disclosure/detail?stockCode=000607&announcementId=1223143119&orgId=gssz0000607&announcementTime=2025-04-19,2025-04-21,2025-07-18,0.337119
000608,*ST阳光,2024,2025-04-19,2024年年度报告,http://www.cninfo.com.cn/new/disclosure/detail?stockCode=000608&announcementId=1223158035&orgId=gssz0000608&announcementTime=2025-04-19,2025-04-22,2025-07-21,0.382022
000609,ST中迪,2024,2025-04-23,2024年年度报告,http://www.cninfo.com.cn/new/disclosure/detail?stockCode=000609&announcementId=1223222511&orgId=gssz0000609&announcementTime=2025-04-23,2025-04-24,2025-07-24,0.279382
000610,西安旅游,2024,2025-04-19,2024年年度报告,http://www.cninfo.com.cn/new/disclosure/detail?stockCode=000610&announcementId=1223154031&orgId=gssz0000610&announcementTime=2025-04-19,2025-04-21,2025-07-18,0.007132
000612,焦作万方,2024,2025-03-29,2024年年度报告,http://www.cninfo.com.cn/new/disclosure/detail?stockCode=000612&announcementId=1222940732&orgId=gssz0000612&announcementTime=2025-03-29,2025-03-31,2025-06-30,-0.015454
000615,*ST美谷,2024,2025-04-29,2024年年度报告,http://www.cninfo.com.cn/new/disclosure/detail?stockCode=000615&announcementId=1223388291&orgId=gssz0000615&announcementTime=2025-04-29,2025-04-30,2025-07-29,-0.022703
000617,中油资本,2024,2025-04-03,2024年年度报告,http://www.cninfo.com.cn/new/disclosure/detail?stockCode=000617&announcementId=1222990674&orgId=gssz0000617&announcementTime=2025-04-03,2025-04-07,2025-07-04,0.20972
000619,海螺新材,2024,2025-03-29,2024年年度报告,http://www.cninfo.com.cn/new/disclosure/detail?stockCode=000619&announcementId=1222944549&orgId=gssz0000619&announcementTime=2025-03-29,2025-03-31,2025-06-30,-0.02573
000620,盈新发展,2024,2025-04-29,2024年年度报告,http://www.cninfo.com.cn/new/disclosure/detail?stockCode=000620&announcementId=1223382679&orgId=gssz0000620&announcementTime=2025-04-29,2025-04-30,2025-07-29,0.018817
000623,吉林敖东,2024,2025-04-23,2024年年度报告,http://www.cninfo.com.cn/new/disclosure/detail?stockCode=000623&announcementId=1223215207&orgId=gssz0000623&announcementTime=2025-04-23,2025-04-24,2025-07-23,0.217209
000625,长安汽车,2024,2025-04-11,2024年年度报告,http://www.cninfo.com.cn/new/disclosure/detail?stockCode=000625&announcementId=1223057073&orgId=gssz0000625&announcementTime=2025-04-11,2025-04-14,2025-07-11,0.023239
000626,远大控股,2024,2025-04-25,2024年年度报告,http://www.cninfo.com.cn/new/disclosure/detail?stockCode=000626&announcementId=1223272624&orgId=gssz0000626&announcementTime=2025-04-25,2025-04-28,2025-07-25,0.269415
000628,高新发展,2024,2025-04-25,2024年年度报告,http://www.cninfo.com.cn/new/disclosure/detail?stockCode=000628&announcementId=1223281193&orgId=gssz0000628&announcementTime=2025-04-25,2025-04-28,2025-07-25,-0.002859
000629,钒钛股份,2024,2025-03-29,2024年年度报告,http://www.cninfo.com.cn/new/disclosure/detail?stockCode=000629&announcementId=1222949317&orgId=gssz0000629&announcementTime=2025-03-29,2025-03-31,2025-06-30,-0.10783
000630,铜陵有色,2024,2025-04-23,2024年年度报告,http://www.cninfo.com.cn/new/disclosure/detail?stockCode=000630&announcementId=1223216433&orgId=gssz0000630&announcementTime=2025-04-23,2025-04-24,2025-07-23,0.184134
000631,顺发恒能,2024,2025-04-19,2024年年度报告,http://www.cninfo.com.cn/new/disclosure/detail?stockCode=000631&announcementId=1223150968&orgId=gssz0000631&announcementTime=2025-04-19,2025-04-21,2025-07-18,0.110367
000632,三木集团,2024,2025-04-29,2024年年度报告,http://www.cninfo.com.cn/new/disclosure/detail?stockCode=000632&announcementId=1223358311&orgId=gssz0000632&announcementTime=2025-04-29,2025-04-30,2025-07-29,0.268576
000633,合金投资,2024,2025-04-08,2024年年度报告,http://www.cninfo.com.cn/new/disclosure/detail?stockCode=000633&announcementId=1223020906&orgId=gssz0000633&announcementTime=2025-04-08,2025-04-09,2025-07-15,0.364606
000635,英 力 特,2024,2025-04-25,2024年年度报告,http://www.cninfo.com.cn/new/disclosure/detail?stockCode=000635&announcementId=1223271062&orgId=gssz0000635&announcementTime=2025-04-25,2025-04-28,2025-07-25,0.171342
000637,茂化实华,2024,2025-04-29,2024年年度报告,http://www.cninfo.com.cn/new/disclosure/detail?stockCode=000637&announcementId=1223369814&orgId=gssz0000637&announcementTime=2025-04-29,2025-04-30,2025-07-29,0.211613
000636,风华高科,2024,2025-04-15,2024年年度报告,http://www.cninfo.com.cn/new/disclosure/detail?stockCode=000636&announcementId=1223096284&orgId=gssz0000636&announcementTime=2025-04-15,2025-04-16,2025-07-15,0.037836
000638,*ST万方,2024,2025-04-29,2024年年度报告,http://www.cninfo.com.cn/new/disclosure/detail?stockCode=000638&announcementId=1223383301&orgId=gssz0000638&announcementTime=2025-04-29,2025-04-30,2025-07-29,0.410487
000639,西王食品,2024,2025-04-03,2024年年度报告,http://www.cninfo.com.cn/new/disclosure/detail?stockCode=000639&announcementId=1222990378&orgId=gssz0000639&announcementTime=2025-04-03,2025-04-07,2025-07-04,0.197742
000651,格力电器,2024,2025-04-28,2024年年度报告,http://www.cninfo.com.cn/new/disclosure/detail?stockCode=000651&announcementId=1223330631&orgId=gssz0000651&announcementTime=2025-04-28,2025-04-29,2025-07-28,0.0196
000650,仁和药业,2024,2025-04-26,2024年年度报告,http://www.cninfo.com.cn/new/disclosure/detail?stockCode=000650&announcementId=1223313283&orgId=gssz0000650&announcementTime=2025-04-26,2025-04-28,2025-07-25,0.115955
000655,金岭矿业,2024,2025-03-29,2024年年度报告,http://www.cninfo.com.cn/new/disclosure/detail?stockCode=000655&announcementId=1222944885&orgId=gssz0000655&announcementTime=2025-03-29,2025-03-31,2025-06-30,0.030728
000652,泰达股份,2024,2025-04-24,2024年年度报告,http://www.cninfo.com.cn/new/disclosure/detail?stockCode=000652&announcementId=1223245521&orgId=gssz0000652&announcementTime=2025-04-24,2025-04-25,2025-07-24,0.202062
000657,中钨高新,2024,2025-04-25,2024年年度报告,http://www.cninfo.com.cn/new/disclosure/detail?stockCode=000657&announcementId=1223272212&orgId=gssz0000657&announcementTime=2025-04-25,2025-04-28,2025-07-25,1.003997
000656,*ST金科,2024,2025-04-29,2024年年度报告,http://www.cninfo.com.cn/new/disclosure/detail?stockCode=000656&announcementId=1223384368&orgId=gssz0000656&announcementTime=2025-04-29,2025-04-30,2025-07-29,0.090081
000659,珠海中富,2024,2025-04-11,2024年年度报告,http://www.cninfo.com.cn/new/disclosure/detail?stockCode=000659&announcementId=1223055797&orgId=gssz0000659&announcementTime=2025-04-11,2025-04-14,2025-07-11,-0.107601
000661,长春高新,2024,2025-04-21,2024年年度报告,http://www.cninfo.com.cn/new/disclosure/detail?stockCode=000661&announcementId=1223156296&orgId=gssz0000661&announcementTime=2025-04-21,2025-04-22,2025-07-21,0.219178
000663,永安林业,2024,2025-03-31,2024年年度报告,http://www.cninfo.com.cn/new/disclosure/detail?stockCode=000663&announcementId=1222949362&orgId=gssz0000663&announcementTime=2025-03-31,2025-04-01,2025-07-01,0.27436
000668,*ST荣控,2024,2025-04-29,2024年年度报告,http://www.cninfo.com.cn/new/disclosure/detail?stockCode=000668&announcementId=1223381579&orgId=gssz0000668&announcementTime=2025-04-29,2025-04-30,2025-07-29,0.682484
000665,湖北广电,2024,2025-04-29,2024年年度报告,http://www.cninfo.com.cn/new/disclosure/detail?stockCode=000665&announcementId=1223360869&orgId=gssz0000665&announcementTime=2025-04-29,2025-04-30,2025-07-29,0.225115
000670,盈方微,2024,2025-04-22,2024年年度报告,http://www.cninfo.com.cn/new/disclosure/detail?stockCode=000670&announcementId=1223197750&orgId=gssz0000670&announcementTime=2025-04-22,2025-04-23,2025-07-22,0.116249
000669,ST金鸿,2024,2025-04-29,2024年年度报告,http://www.cninfo.com.cn/new/disclosure/detail?stockCode=000669&announcementId=1223391751&orgId=gssz0000669&announcementTime=2025-04-29,2025-04-30,2025-07-29,0.600277
000676,智度股份,2024,2025-04-29,2024年年度报告,http://www.cninfo.com.cn/new/disclosure/detail?stockCode=000676&announcementId=1223379237&orgId=gssz0000676&announcementTime=2025-04-29,2025-04-30,2025-07-29,0.152143
000672,上峰水泥,2024,2025-04-25,2024年年度报告,http://www.cninfo.com.cn/new/disclosure/detail?stockCode=000672&announcementId=1223269557&orgId=gssz0000672&announcementTime=2025-04-25,2025-04-28,2025-07-25,0.14926
000677,恒天海龙,2024,2025-04-18,2024年年度报告,http://www.cninfo.com.cn/new/disclosure/detail?stockCode=000677&announcementId=1223122978&orgId=gssz0000677&announcementTime=2025-04-18,2025-04-21,2025-07-18,0.300227
000678,襄阳轴承,2024,2025-04-26,2024年年度报告,http://www.cninfo.com.cn/new/disclosure/detail?stockCode=000678&announcementId=1223328155&orgId=gssz0000678&announcementTime=2025-04-26,2025-04-28,2025-07-25,0.421905
000679,大连友谊,2024,2025-04-26,2024年年度报告,http://www.cninfo.com.cn/new/disclosure/detail?stockCode=000679&announcementId=1223327895&orgId=gssz0000679&announcementTime=2025-04-26,2025-04-28,2025-07-25,0.593822
000680,山推股份,2024,2025-04-23,2024年年度报告,http://www.cninfo.com.cn/new/disclosure/detail?stockCode=000680&announcementId=1223217214&orgId=gssz0000680&announcementTime=2025-04-23,2025-04-24,2025-07-23,0.066216
000681,视觉中国,2024,2025-04-24,2024年年度报告,http://www.cninfo.com.cn/new/disclosure/detail?stockCode=000681&announcementId=1223245212&orgId=gssz0000681&announcementTime=2025-04-24,2025-04-25,2025-07-24,0.064777
000682,东方电子,2024,2025-04-23,2024年年度报告,http://www.cninfo.com.cn/new/disclosure/detail?stockCode=000682&announcementId=1223215550&orgId=gssz0000682&announcementTime=2025-04-23,2025-04-24,2025-07-23,0.042071
000683,博源化工,2024,2025-04-25,2024年年度报告,http://www.cninfo.com.cn/new/disclosure/detail?stockCode=000683&announcementId=1223283117&orgId=gssz0000683&announcementTime=2025-04-25,2025-04-28,2025-07-25,0.220443
000685,中山公用,2024,2025-04-26,2024年年度报告,http://www.cninfo.com.cn/new/disclosure/detail?stockCode=000685&announcementId=1223309064&orgId=gssz0000685&announcementTime=2025-04-26,2025-04-28,2025-07-25,0.103237
000688,国城矿业,2024,2025-03-22,2024年年度报告,http://www.cninfo.com.cn/new/disclosure/detail?stockCode=000688&announcementId=1222870296&orgId=gssz0000688&announcementTime=2025-03-22,2025-03-24,2025-06-23,0.008049
000686,东北证券,2024,2025-04-26,2024年年度报告,http://www.cninfo.com.cn/new/disclosure/detail?stockCode=000686&announcementId=1223313324&orgId=gssz0000686&announcementTime=2025-04-26,2025-04-28,2025-07-25,0.092697
000690,宝新能源,2024,2025-04-29,2024年年度报告,http://www.cninfo.com.cn/new/disclosure/detail?stockCode=000690&announcementId=1223370875&orgId=gssz0000690&announcementTime=2025-04-29,2025-04-30,2025-07-29,0.146626
000691,*ST亚太,2024,2025-04-29,2024年年度报告,http://www.cninfo.com.cn/new/disclosure/detail?stockCode=000691&announcementId=1223375086&orgId=gssz0000691&announcementTime=2025-04-29,2025-04-30,2025-07-29,1.055255
000692,惠天热电,2024,2025-04-29,2024年年度报告,http://www.cninfo.com.cn/new/disclosure/detail?stockCode=000692&announcementId=1223381065&orgId=gssz0000692&announcementTime=2025-04-29,2025-04-30,2025-07-29,0.098433
000695,滨海能源,2024,2025-04-19,2024年年度报告,http://www.cninfo.com.cn/new/disclosure/detail?stockCode=000695&announcementId=1223147267&orgId=gssz0000695&announcementTime=2025-04-19,2025-04-21,2025-08-01,0.223258
000698,ST沈化,2024,2025-04-24,2024年年度报告,http://www.cninfo.com.cn/new/disclosure/detail?stockCode=000698&announcementId=1223249466&orgId=gssz0000698&announcementTime=2025-04-24,2025-04-25,2025-07-24,0.227528
000697,ST炼石,2024,2025-04-18,2024年年度报告,http://www.cninfo.com.cn/new/disclosure/detail?stockCode=000697&announcementId=1223127697&orgId=gssz0000697&announcementTime=2025-04-18,2025-04-21,2025-07-18,0.116821
000701,厦门信达,2024,2025-04-19,2024年年度报告,http://www.cninfo.com.cn/new/disclosure/detail?stockCode=000701&announcementId=1223149222&orgId=gssz0000701&announcementTime=2025-04-19,2025-04-21,2025-07-18,0.402676
000700,模塑科技,2024,2025-04-29,2024年年度报告,http://www.cninfo.com.cn/new/disclosure/detail?stockCode=000700&announcementId=1223369521&orgId=gssz0000700&announcementTime=2025-04-29,2025-04-30,2025-07-29,0.063976
000702,正虹科技,2024,2025-04-03,2024年年度报告,http://www.cninfo.com.cn/new/disclosure/detail?stockCode=000702&announcementId=1222990485&orgId=gssz0000702&announcementTime=2025-04-03,2025-04-07,2025-07-04,0.137848
000703,恒逸石化,2024,2025-04-24,2024年年度报告,http://www.cninfo.com.cn/new/disclosure/detail?stockCode=000703&announcementId=1223239108&orgId=gssz0000703&announcementTime=2025-04-24,2025-04-25,2025-07-24,0.059567
000705,浙江震元,2024,2025-04-29,2024年年度报告,http://www.cninfo.com.cn/new/disclosure/detail?stockCode=000705&announcementId=1223372978&orgId=gssz0000705&announcementTime=2025-04-29,2025-04-30,2025-07-29,0.218466
000707,双环科技,2024,2025-04-29,2024年年度报告,http://www.cninfo.com.cn/new/disclosure/detail?stockCode=000707&announcementId=1223373790&orgId=gssz0000707&announcementTime=2025-04-29,2025-04-30,2025-07-29,0.146799
000708,中信特钢,2024,2025-03-20,2024年年度报告,http://www.cninfo.com.cn/new/disclosure/detail?stockCode=000708&announcementId=1222847166&orgId=gssz0000708&announcementTime=2025-03-20,2025-03-21,2025-06-20,-0.045646
000709,河钢股份,2024,2025-04-25,2024年年度报告,http://www.cninfo.com.cn/new/disclosure/detail?stockCode=000709&announcementId=1223280456&orgId=gssz0000709&announcementTime=2025-04-25,2025-04-28,2025-07-25,0.146351
000710,贝瑞基因,2024,2025-04-25,2024年年度报告,http://www.cninfo.com.cn/new/disclosure/detail?stockCode=000710&announcementId=1223272292&orgId=gssz0000710&announcementTime=2025-04-25,2025-04-28,2025-07-25,0.260549
000711,ST京蓝,2024,2025-04-16,2024年年度报告,http://www.cninfo.com.cn/new/disclosure/detail?stockCode=000711&announcementId=1223101719&orgId=gssz0000711&announcementTime=2025-04-16,2025-04-17,2025-07-16,-0.037466
000712,锦龙股份,2024,2025-04-28,2024年年度报告,http://www.cninfo.com.cn/new/disclosure/detail?stockCode=000712&announcementId=1223300783&orgId=gssz0000712&announcementTime=2025-04-28,2025-04-29,2025-07-28,0.319351
000713,国投丰乐,2024,2025-03-12,2024年年度报告,http://www.cninfo.com.cn/new/disclosure/detail?stockCode=000713&announcementId=1222768962&orgId=gssz0000713&announcementTime=2025-03-12,2025-03-13,2025-06-12,-0.017877
000715,中兴商业,2024,2025-03-29,2024年年度报告,http://www.cninfo.com.cn/new/disclosure/detail?stockCode=000715&announcementId=1222946999&orgId=gssz0000715&announcementTime=2025-03-29,2025-03-31,2025-06-30,0.154442
000716,黑芝麻,2024,2025-04-25,2024年年度报告,http://www.cninfo.com.cn/new/disclosure/detail?stockCode=000716&announcementId=1223279440&orgId=gssz0000716&announcementTime=2025-04-25,2025-04-28,2025-07-25,-0.039952
000717,中南股份,2024,2025-04-24,2024年年度报告,http://www.cninfo.com.cn/new/disclosure/detail?stockCode=000717&announcementId=1223235212&orgId=gssz0000717&announcementTime=2025-04-24,2025-04-25,2025-07-24,0.247021
000718,苏宁环球,2024,2025-04-15,2024年年度报告,http://www.cninfo.com.cn/new/disclosure/detail?stockCode=000718&announcementId=1223096531&orgId=gssz0000718&announcementTime=2025-04-15,2025-04-16,2025-07-15,0.101907
000719,中原传媒,2024,2025-04-18,2024年年度报告,http://www.cninfo.com.cn/new/disclosure/detail?stockCode=000719&announcementId=1223122201&orgId=gssz0000719&announcementTime=2025-04-18,2025-04-21,2025-07-18,0.127378
000720,新能泰山,2024,2025-04-28,2024年年度报告,http://www.cninfo.com.cn/new/disclosure/detail?stockCode=000720&announcementId=1223332224&orgId=gssz0000720&announcementTime=2025-04-28,2025-04-29,2025-07-28,0.132683
000721,西安饮食,2024,2025-04-19,2024年年度报告,http://www.cninfo.com.cn/new/disclosure/detail?stockCode=000721&announcementId=1223149748&orgId=gssz0000721&announcementTime=2025-04-19,2025-04-21,2025-07-18,-0.051951
000722,湖南发展,2024,2025-04-10,2024年年度报告,http://www.cninfo.com.cn/new/disclosure/detail?stockCode=000722&announcementId=1223044857&orgId=gssz0000722&announcementTime=2025-04-10,2025-04-11,2025-07-10,0.034884
000725,京东方Ａ,2024,2025-04-22,2024年年度报告,http://www.cninfo.com.cn/new/disclosure/detail?stockCode=000725&announcementId=1223193313&orgId=gssz0000725&announcementTime=2025-04-22,2025-04-23,2025-07-22,0.078299
000723,美锦能源,2024,2025-04-26,2024年年度报告,http://www.cninfo.com.cn/new/disclosure/detail?stockCode=000723&announcementId=1223322016&orgId=gssz0000723&announcementTime=2025-04-26,2025-04-28,2025-07-25,0.18123
000726,鲁  泰Ａ,2024,2025-04-10,2024年年度报告,http://www.cninfo.com.cn/new/disclosure/detail?stockCode=000726&announcementId=1223044453&orgId=gssz0000726&announcementTime=2025-04-10,2025-04-11,2025-07-10,0.157468
000727,冠捷科技,2024,2025-04-29,2024年年度报告,http://www.cninfo.com.cn/new/disclosure/detail?stockCode=000727&announcementId=1223369635&orgId=gssz0000727&announcementTime=2025-04-29,2025-04-30,2025-07-29,0.056068
000728,国元证券,2024,2025-04-15,2024年年度报告,http://www.cninfo.com.cn/new/disclosure/detail?stockCode=000728&announcementId=1223096099&orgId=gssz0000728&announcementTime=2025-04-15,2025-04-16,2025-07-15,0.12993
000729,燕京啤酒,2024,2025-04-22,2024年年度报告,http://www.cninfo.com.cn/new/disclosure/detail?stockCode=000729&announcementId=1223189063&orgId=gssz0000729&announcementTime=2025-04-22,2025-04-23,2025-07-22,0.054327
000731,四川美丰,2024,2025-04-22,2024年年度报告,http://www.cninfo.com.cn/new/disclosure/detail?stockCode=000731&announcementId=1223184388&orgId=gssz0000731&announcementTime=2025-04-22,2025-04-23,2025-07-22,0.096717
000733,振华科技,2024,2025-04-24,2024年年度报告,http://www.cninfo.com.cn/new/disclosure/detail?stockCode=000733&announcementId=1223243734&orgId=gssz0000733&announcementTime=2025-04-24,2025-04-25,2025-07-24,-0.095385
000736,*ST中地,2024,2025-04-15,2024年年度报告,http://www.cninfo.com.cn/new/disclosure/detail?stockCode=000736&announcementId=1223096939&orgId=gssz0000736&announcementTime=2025-04-15,2025-04-16,2025-07-15,-0.053306
000735,罗 牛 山,2024,2025-04-19,2024年年度报告,http://www.cninfo.com.cn/new/disclosure/detail?stockCode=000735&announcementId=1223142745&orgId=gssz0000735&announcementTime=2025-04-19,2025-04-21,2025-07-18,0.009605
000737,北方铜业,2024,2025-04-25,2024年年度报告,http://www.cninfo.com.cn/new/disclosure/detail?stockCode=000737&announcementId=1223279348&orgId=gssz0000737&announcementTime=2025-04-25,2025-04-28,2025-07-25,0.297925
000738,航发控制,2024,2025-03-29,2024年年度报告,http://www.cninfo.com.cn/new/disclosure/detail?stockCode=000738&announcementId=1222949964&orgId=gssz0000738&announcementTime=2025-03-29,2025-03-31,2025-06-30,0.059933
000739,普洛药业,2024,2025-03-11,2024年年度报告,http://www.cninfo.com.cn/new/disclosure/detail?stockCode=000739&announcementId=1222760371&orgId=gssz0000739&announcementTime=2025-03-11,2025-03-12,2025-06-11,-0.029981
000750,国海证券,2024,2025-03-29,2024年年度报告,http://www.cninfo.com.cn/new/disclosure/detail?stockCode=000750&announcementId=1222948083&orgId=gssz0000750&announcementTime=2025-03-29,2025-03-31,2025-06-30,0.015351
000751,锌业股份,2024,2025-04-25,2024年年度报告,http://www.cninfo.com.cn/new/disclosure/detail?stockCode=000751&announcementId=1223266731&orgId=gssz0000751&announcementTime=2025-04-25,2025-04-28,2025-07-25,0.213563
000752,ST西发,2024,2025-04-25,2024年年度报告,http://www.cninfo.com.cn/new/disclosure/detail?stockCode=000752&announcementId=1223284803&orgId=gssz0000752&announcementTime=2025-04-25,2025-04-28,2025-07-25,0.124489
000753,漳州发展,2024,2025-04-19,2024年年度报告,http://www.cninfo.com.cn/new/disclosure/detail?stockCode=000753&announcementId=1223149278&orgId=gssz0000753&announcementTime=2025-04-19,2025-04-21,2025-07-18,-0.065155
000755,山西高速,2024,2025-04-25,2024年年度报告,http://www.cninfo.com.cn/new/disclosure/detail?stockCode=000755&announcementId=1223265716&orgId=gssz0000755&announcementTime=2025-04-25,2025-04-28,2025-07-25,0.044629
000756,新华制药,2024,2025-03-31,2024年年度报告,http://www.cninfo.com.cn/new/disclosure/detail?stockCode=000756&announcementId=1222945480&orgId=gssz0000756&announcementTime=2025-03-31,2025-04-01,2025-07-01,0.01385
000757,浩物股份,2024,2025-04-25,2024年年度报告,http://www.cninfo.com.cn/new/disclosure/detail?stockCode=000757&announcementId=1223273161&orgId=gssz0000757&announcementTime=2025-04-25,2025-04-28,2025-07-25,0.216316
000758,中色股份,2024,2025-04-24,2024年年度报告,http://www.cninfo.com.cn/new/disclosure/detail?stockCode=000758&announcementId=1223238473&orgId=gssz0000758&announcementTime=2025-04-24,2025-04-25,2025-07-24,0.419175
000759,中百集团,2024,2025-04-26,2024年年度报告,http://www.cninfo.com.cn/new/disclosure/detail?stockCode=000759&announcementId=1223327789&orgId=gssz0000759&announcementTime=2025-04-26,2025-04-28,2025-07-25,-0.037952
000761,本钢板材,2024,2025-04-04,2024年年度报告,http://www.cninfo.com.cn/new/disclosure/detail?stockCode=000761&announcementId=1223005830&orgId=gssz0000761&announcementTime=2025-04-04,2025-04-07,2025-07-04,0.070093
000762,西藏矿业,2024,2025-04-02,2024年年度报告,http://www.cninfo.com.cn/new/disclosure/detail?stockCode=000762&announcementId=1222982209&orgId=gssz0000762&announcementTime=2025-04-02,2025-04-03,2025-07-03,-0.000806
000766,通化金马,2024,2025-04-18,2024年年度报告,http://www.cninfo.com.cn/new/disclosure/detail?stockCode=000766&announcementId=1223122279&orgId=gssz0000766&announcementTime=2025-04-18,2025-04-21,2025-07-18,0.330534
000767,晋控电力,2024,2025-04-25,2024年年度报告,http://www.cninfo.com.cn/new/disclosure/detail?stockCode=000767&announcementId=1223267302&orgId=gssz0000767&announcementTime=2025-04-25,2025-04-28,2025-07-25,0.044402
000768,中航西飞,2024,2025-04-01,2024年年度报告,http://www.cninfo.com.cn/new/disclosure/detail?stockCode=000768&announcementId=1222975145&orgId=gssz0000768&announcementTime=2025-04-01,2025-04-02,2025-07-02,0.11769
000776,广发证券,2024,2025-03-29,2024年年度报告,http://www.cninfo.com.cn/new/disclosure/detail?stockCode=000776&announcementId=1222949775&orgId=gssz0000776&announcementTime=2025-03-29,2025-03-31,2025-06-30,0.051575
000777,中核科技,2024,2025-04-16,2024年年度报告,http://www.cninfo.com.cn/new/disclosure/detail?stockCode=000777&announcementId=1223103041&orgId=gssz0000777&announcementTime=2025-04-16,2025-04-17,2025-07-16,0.305703
000778,新兴铸管,2024,2025-04-11,2024年年度报告,http://www.cninfo.com.cn/new/disclosure/detail?stockCode=000778&announcementId=1223058153&orgId=gssz0000778&announcementTime=2025-04-11,2025-04-14,2025-07-11,0.135529
000779,甘咨询,2024,2025-04-24,2024年年度报告,http://www.cninfo.com.cn/new/disclosure/detail?stockCode=000779&announcementId=1223238254&orgId=gssz0000779&announcementTime=2025-04-24,2025-04-25,2025-07-24,0.105016
000782,恒申新材,2024,2025-03-28,2024年年度报告,http://www.cninfo.com.cn/new/disclosure/detail?stockCode=000782&announcementId=1222923309&orgId=gssz0000782&announcementTime=2025-03-28,2025-03-31,2025-06-30,0.015826
000783,长江证券,2024,2025-04-29,2024年年度报告,http://www.cninfo.com.cn/new/disclosure/detail?stockCode=000783&announcementId=1223376019&orgId=gssz0000783&announcementTime=2025-04-29,2025-04-30,2025-07-29,0.23492
000785,居然智家,2024,2025-04-30,2024年年度报告,http://www.cninfo.com.cn/new/disclosure/detail?stockCode=000785&announcementId=1223418039&orgId=gssz0000785&announcementTime=2025-04-30,2025-05-06,2025-07-30,-0.047993
000786,北新建材,2024,2025-03-27,2024年年度报告,http://www.cninfo.com.cn/new/disclosure/detail?stockCode=000786&announcementId=1222913498&orgId=gssz0000786&announcementTime=2025-03-27,2025-03-28,2025-06-27,-0.045939
000788,北大医药,2024,2025-04-25,2024年年度报告,http://www.cninfo.com.cn/new/disclosure/detail?stockCode=000788&announcementId=1223271157&orgId=gssz0000788&announcementTime=2025-04-25,2025-04-28,2025-07-25,0.218882
000789,万年青,2024,2025-04-23,2024年年度报告,http://www.cninfo.com.cn/new/disclosure/detail?stockCode=000789&announcementId=1223212912&orgId=gssz0000789&announcementTime=2025-04-23,2025-04-24,2025-07-23,0.290639
000790,华神科技,2024,2025-04-29,2024年年度报告,http://www.cninfo.com.cn/new/disclosure/detail?stockCode=000790&announcementId=1223372751&orgId=gssz0000790&announcementTime=2025-04-29,2025-04-30,2025-07-29,0.18581
000791,甘肃能源,2024,2025-03-29,2024年年度报告,http://www.cninfo.com.cn/new/disclosure/detail?stockCode=000791&announcementId=1222939342&orgId=gssz0000791&announcementTime=2025-03-29,2025-03-31,2025-06-30,0.014414
000792,盐湖股份,2024,2025-03-29,2024年年度报告,http://www.cninfo.com.cn/new/disclosure/detail?stockCode=000792&announcementId=1222951154&orgId=gssz0000792&announcementTime=2025-03-29,2025-03-31,2025-06-30,0.032655
000793,ST华闻,2024,2025-04-26,2024年年度报告,http://www.cninfo.com.cn/new/disclosure/detail?stockCode=000793&announcementId=1223324693&orgId=gssz0000793&announcementTime=2025-04-26,2025-04-28,2025-07-25,0.035319
000795,英洛华,2024,2025-03-08,2024年年度报告,http://www.cninfo.com.cn/new/disclosure/detail?stockCode=000795&announcementId=1222745052&orgId=gssz0000795&announcementTime=2025-03-08,2025-03-10,2025-06-09,-0.084034
000796,凯撒旅业,2024,2025-04-24,2024年年度报告,http://www.cninfo.com.cn/new/disclosure/detail?stockCode=000796&announcementId=1223249144&orgId=gssz0000796&announcementTime=2025-04-24,2025-04-25,2025-07-24,0.314511
000797,中国武夷,2024,2025-04-19,2024年年度报告,http://www.cninfo.com.cn/new/disclosure/detail?stockCode=000797&announcementId=1223149048&orgId=gssz0000797&announcementTime=2025-04-19,2025-04-21,2025-07-18,-0.074664
000798,中水渔业,2024,2025-04-19,2024年年度报告,http://www.cninfo.com.cn/new/disclosure/detail?stockCode=000798&announcementId=1223155364&orgId=gssz0000798&announcementTime=2025-04-19,2025-04-21,2025-07-18,0.135101
000799,酒鬼酒,2024,2025-04-29,2024年年度报告,http://www.cninfo.com.cn/new/disclosure/detail?stockCode=000799&announcementId=1223367569&orgId=gssz0000799&announcementTime=2025-04-29,2025-04-30,2025-07-29,0.129672
000800,一汽解放,2024,2025-03-29,2024年年度报告,http://www.cninfo.com.cn/new/disclosure/detail?stockCode=000800&announcementId=1222949693&orgId=gssz0000800&announcementTime=2025-03-29,2025-03-31,2025-06-30,-0.169559
000801,四川九洲,2024,2025-03-29,2024年年度报告,http://www.cninfo.com.cn/new/disclosure/detail?stockCode=000801&announcementId=1222941702&orgId=gssz0000801&announcementTime=2025-03-29,2025-03-31,2025-06-30,-0.031377
000803,山高环能,2024,2025-04-23,2024年年度报告,http://www.cninfo.com.cn/new/disclosure/detail?stockCode=000803&announcementId=1223222838&orgId=gssz0000803&announcementTime=2025-04-23,2025-04-24,2025-07-23,0.121736
000802,北京文化,2024,2025-04-19,2024年年度报告,http://www.cninfo.com.cn/new/disclosure/detail?stockCode=000802&announcementId=1223147225&orgId=gssz0000802&announcementTime=2025-04-19,2025-04-21,2025-07-18,0.175966
000807,云铝股份,2024,2025-03-27,2024年年度报告,http://www.cninfo.com.cn/new/disclosure/detail?stockCode=000807&announcementId=1222911954&orgId=gssz0000807&announcementTime=2025-03-27,2025-03-28,2025-06-27,-0.063512
000809,和展能源,2024,2025-04-03,2024年年度报告,http://www.cninfo.com.cn/new/disclosure/detail?stockCode=000809&announcementId=1222993934&orgId=gssz0000809&announcementTime=2025-04-03,2025-04-07,2025-07-07,0.008879
000810,创维数字,2024,2025-03-25,2024年年度报告,http://www.cninfo.com.cn/new/disclosure/detail?stockCode=000810&announcementId=1222882481&orgId=gssz0000810&announcementTime=2025-03-25,2025-03-26,2025-06-25,-0.121591
000811,冰轮环境,2024,2025-04-17,2024年年度报告,http://www.cninfo.com.cn/new/disclosure/detail?stockCode=000811&announcementId=1223110835&orgId=gssz0000811&announcementTime=2025-04-17,2025-04-18,2025-07-17,0.359318
000813,德展健康,2024,2025-04-29,2024年年度报告,http://www.cninfo.com.cn/new/disclosure/detail?stockCode=000813&announcementId=1223388684&orgId=gssz0000813&announcementTime=2025-04-29,2025-04-30,2025-07-29,0.319933
000812,陕西金叶,2024,2025-04-25,2024年年度报告,http://www.cninfo.com.cn/new/disclosure/detail?stockCode=000812&announcementId=1223272535&orgId=gssz0000812&announcementTime=2025-04-25,2025-04-28,2025-07-25,0.088146
000815,美利云,2024,2025-03-14,2024年年度报告,http://www.cninfo.com.cn/new/disclosure/detail?stockCode=000815&announcementId=1222789610&orgId=gssz0000815&announcementTime=2025-03-14,2025-03-17,2025-06-16,-0.154995
000816,智慧农业,2024,2025-03-28,2024年年度报告,http://www.cninfo.com.cn/new/disclosure/detail?stockCode=000816&announcementId=1222929568&orgId=gssz0000816&announcementTime=2025-03-28,2025-03-31,2025-06-30,-0.063636
000818,航锦科技,2024,2025-04-25,2024年年度报告,http://www.cninfo.com.cn/new/disclosure/detail?stockCode=000818&announcementId=1223267062&orgId=gssz0000818&announcementTime=2025-04-25,2025-04-28,2025-07-25,-0.02025
000819,岳阳兴长,2024,2025-04-01,2024年年度报告,http://www.cninfo.com.cn/new/disclosure/detail?stockCode=000819&announcementId=1222972547&orgId=gssz0000819&announcementTime=2025-04-01,2025-04-02,2025-07-02,-0.051552
000820,*ST节能,2024,2025-04-29,2024年年度报告,http://www.cninfo.com.cn/new/disclosure/detail?stockCode=000820&announcementId=1223385090&orgId=gssz0000820&announcementTime=2025-04-29,2025-04-30,2025-07-29,0.403183
000821,ST京机,2024,2025-04-26,2024年年度报告,http://www.cninfo.com.cn/new/disclosure/detail?stockCode=000821&announcementId=1223308835&orgId=gssz0000821&announcementTime=2025-04-26,2025-04-28,2025-07-25,0.123475
000822,山东海化,2024,2025-03-22,2024年年度报告,http://www.cninfo.com.cn/new/disclosure/detail?stockCode=000822&announcementId=1222867296&orgId=gssz0000822&announcementTime=2025-03-22,2025-03-24,2025-06-23,0.119683
000823,超声电子,2024,2025-03-20,2024年年度报告,http://www.cninfo.com.cn/new/disclosure/detail?stockCode=000823&announcementId=1222845103&orgId=gssz0000823&announcementTime=2025-03-20,2025-03-21,2025-06-20,-0.006557
000825,太钢不锈,2024,2025-04-28,2024年年度报告,http://www.cninfo.com.cn/new/disclosure/detail?stockCode=000825&announcementId=1223315831&orgId=gssz0000825&announcementTime=2025-04-28,2025-04-29,2025-07-28,0.197514
000826,启迪环境,2024,2025-04-29,2024年年度报告,http://www.cninfo.com.cn/new/disclosure/detail?stockCode=000826&announcementId=1223383631&orgId=gssz0000826&announcementTime=2025-04-29,2025-04-30,2025-07-29,0.197329
000828,东莞控股,2024,2025-04-08,2024年年度报告,http://www.cninfo.com.cn/new/disclosure/detail?stockCode=000828&announcementId=1223022496&orgId=gssz0000828&announcementTime=2025-04-08,2025-04-09,2025-07-08,0.191333
000829,天音控股,2024,2025-04-29,2024年年度报告,http://www.cninfo.com.cn/new/disclosure/detail?stockCode=000829&announcementId=1223374662&orgId=gssz0000829&announcementTime=2025-04-29,2025-04-30,2025-07-29,0.065382
000830,鲁西化工,2024,2025-04-26,2024年年度报告,http://www.cninfo.com.cn/new/disclosure/detail?stockCode=000830&announcementId=1223309877&orgId=gssz0000830&announcementTime=2025-04-26,2025-04-28,2025-07-25,0.111618
000831,中国稀土,2024,2025-04-28,2024年年度报告,http://www.cninfo.com.cn/new/disclosure/detail?stockCode=000831&announcementId=1223322883&orgId=gssz0000831&announcementTime=2025-04-28,2025-04-29,2025-07-28,0.456359
000833,粤桂股份,2024,2025-03-28,2024年年度报告,http://www.cninfo.com.cn/new/disclosure/detail?stockCode=000833&announcementId=1222925474&orgId=gssz0000833&announcementTime=2025-03-28,2025-03-31,2025-06-30,0.060024
000837,秦川机床,2024,2025-04-15,2024年年度报告,http://www.cninfo.com.cn/new/disclosure/detail?stockCode=000837&announcementId=1223095829&orgId=gssz0000837&announcementTime=2025-04-15,2025-04-16,2025-07-15,0.001647
000838,财信发展,2024,2025-04-26,2024年年度报告,http://www.cninfo.com.cn/new/disclosure/detail?stockCode=000838&announcementId=1223311050&orgId=gssz0000838&announcementTime=2025-04-26,2025-04-28,2025-07-25,0.277517
000839,国安股份,2024,2025-04-29,2024年年度报告,http://www.cninfo.com.cn/new/disclosure/detail?stockCode=000839&announcementId=1223377668&orgId=gssz0000839&announcementTime=2025-04-29,2025-04-30,2025-07-29,0.078705
000848,承德露露,2024,2025-04-24,2024年年度报告,http://www.cninfo.com.cn/new/disclosure/detail?stockCode=000848&announcementId=1223244249&orgId=gssz0000848&announcementTime=2025-04-24,2025-04-25,2025-07-24,-0.038035
000850,华茂股份,2024,2025-04-07,2024年年度报告,http://www.cninfo.com.cn/new/disclosure/detail?stockCode=000850&announcementId=1223003618&orgId=gssz0000850&announcementTime=2025-04-07,2025-04-08,2025-07-07,0.139448
000856,冀东装备,2024,2025-03-27,2024年年度报告,http://www.cninfo.com.cn/new/disclosure/detail?stockCode=000856&announcementId=1222912384&orgId=gssz0000856&announcementTime=2025-03-27,2025-03-28,2025-06-27,-0.034599
000852,石化机械,2024,2025-04-24,2024年年度报告,http://www.cninfo.com.cn/new/disclosure/detail?stockCode=000852&announcementId=1223242488&orgId=gssz0000852&announcementTime=2025-04-24,2025-04-25,2025-07-24,0.177691
000859,国风新材,2024,2025-03-15,2024年年度报告,http://www.cninfo.com.cn/new/disclosure/detail?stockCode=000859&announcementId=1222807279&orgId=gssz0000859&announcementTime=2025-03-15,2025-03-17,2025-06-16,0.221684
000858,五 粮 液,2024,2025-04-26,2024年年度报告,http://www.cninfo.com.cn/new/disclosure/detail?stockCode=000858&announcementId=1223311527&orgId=gssz0000858&announcementTime=2025-04-26,2025-04-28,2025-07-25,-0.025956
000862,银星能源,2024,2025-03-25,2024年年度报告,http://www.cninfo.com.cn/new/disclosure/detail?stockCode=000862&announcementId=1222881354&orgId=gssz0000862&announcementTime=2025-03-25,2025-03-26,2025-06-25,0.036351
000860,顺鑫农业,2024,2025-04-23,2024年年度报告,http://www.cninfo.com.cn/new/disclosure/detail?stockCode=000860&announcementId=1223217493&orgId=gssz0000860&announcementTime=2025-04-23,2025-04-24,2025-07-23,-0.00473
000863,三湘印象,2024,2025-04-22,2024年年度报告,http://www.cninfo.com.cn/new/disclosure/detail?stockCode=000863&announcementId=1223195676&orgId=gssz0000863&announcementTime=2025-04-22,2025-04-23,2025-07-22,-0.068711
000868,安凯客车,2024,2025-03-25,2024年年度报告,http://www.cninfo.com.cn/new/disclosure/detail?stockCode=000868&announcementId=1222880140&orgId=gssz0000868&announcementTime=2025-03-25,2025-03-26,2025-06-25,-0.117259
000869,张  裕Ａ,2024,2025-04-18,2024年年度报告,http://www.cninfo.com.cn/new/disclosure/detail?stockCode=000869&announcementId=1223125984&orgId=gssz0000869&announcementTime=2025-04-18,2025-04-21,2025-07-18,-0.00546
000875,吉电股份,2024,2025-04-29,2024年年度报告,http://www.cninfo.com.cn/new/disclosure/detail?stockCode=000875&announcementId=1223370787&orgId=gssz0000875&announcementTime=2025-04-29,2025-04-30,2025-07-29,-0.016352
000876,新 希 望,2024,2025-04-26,2024年年度报告,http://www.cninfo.com.cn/new/disclosure/detail?stockCode=000876&announcementId=1223314071&orgId=gssz0000876&announcementTime=2025-04-26,2025-04-28,2025-07-25,0.024437
000877,天山股份,2024,2025-03-27,2024年年度报告,http://www.cninfo.com.cn/new/disclosure/detail?stockCode=000877&announcementId=1222912332&orgId=gssz0000877&announcementTime=2025-03-27,2025-03-28,2025-06-27,-0.184568
000878,云南铜业,2024,2025-03-26,2024年年度报告,http://www.cninfo.com.cn/new/disclosure/detail?stockCode=000878&announcementId=1222895541&orgId=gssz0000878&announcementTime=2025-03-26,2025-03-27,2025-07-09,-0.046191
000880,潍柴重机,2024,2025-03-28,2024年年度报告,http://www.cninfo.com.cn/new/disclosure/detail?stockCode=000880&announcementId=1222928101&orgId=gssz0000880&announcementTime=2025-03-28,2025-03-31,2025-06-30,0.291635
000881,中广核技,2024,2025-04-29,2024年年度报告,http://www.cninfo.com.cn/new/disclosure/detail?stockCode=000881&announcementId=1223363488&orgId=gssz0000881&announcementTime=2025-04-29,2025-04-30,2025-07-29,0.101245
000882,华联股份,2024,2025-04-28,2024年年度报告,http://www.cninfo.com.cn/new/disclosure/detail?stockCode=000882&announcementId=1223322263&orgId=gssz0000882&announcementTime=2025-04-28,2025-04-29,2025-07-28,-0.100309
000883,湖北能源,2024,2025-04-25,2024年年度报告,http://www.cninfo.com.cn/new/disclosure/detail?stockCode=000883&announcementId=1223271159&orgId=gssz0000883&announcementTime=2025-04-25,2025-04-28,2025-07-25,-0.009226
000885,城发环境,2024,2025-04-25,2024年年度报告,http://www.cninfo.com.cn/new/disclosure/detail?stockCode=000885&announcementId=1223274300&orgId=gssz0000885&announcementTime=2025-04-25,2025-04-28,2025-07-25,0.044525
000886,海南高速,2024,2025-04-29,2024年年度报告,http://www.cninfo.com.cn/new/disclosure/detail?stockCode=000886&announcementId=1223365114&orgId=gssz0000886&announcementTime=2025-04-29,2025-04-30,2025-07-29,0.135135
000887,中鼎股份,2024,2025-04-29,2024年年度报告,http://www.cninfo.com.cn/new/disclosure/detail?stockCode=000887&announcementId=1223369489&orgId=gssz0000887&announcementTime=2025-04-29,2025-04-30,2025-07-29,0.028258
000888,峨眉山Ａ,2024,2025-04-25,2024年年度报告,http://www.cninfo.com.cn/new/disclosure/detail?stockCode=000888&announcementId=1223279751&orgId=gssz0000888&announcementTime=2025-04-25,2025-04-28,2025-07-25,0.008595
000889,中嘉博创,2024,2025-04-15,2024年年度报告,http://www.cninfo.com.cn/new/disclosure/detail?stockCode=000889&announcementId=1223096506&orgId=gssz0000889&announcementTime=2025-04-15,2025-04-16,2025-07-16,0.391566
000890,法尔胜,2024,2025-04-28,2024年年度报告,http://www.cninfo.com.cn/new/disclosure/detail?stockCode=000890&announcementId=1223317715&orgId=gssz0000890&announcementTime=2025-04-28,2025-04-29,2025-07-28,0.292661
000892,欢瑞世纪,2024,2025-04-10,2024年年度报告,http://www.cninfo.com.cn/new/disclosure/detail?stockCode=000892&announcementId=1223046511&orgId=gssz0000892&announcementTime=2025-04-10,2025-04-11,2025-07-10,0.654971
000893,亚钾国际,2024,2025-04-24,2024年年度报告,http://www.cninfo.com.cn/new/disclosure/detail?stockCode=000893&announcementId=1223235391&orgId=gssz0000893&announcementTime=2025-04-24,2025-04-25,2025-07-24,0.122328
000895,双汇发展,2024,2025-03-26,2024年年度报告,http://www.cninfo.com.cn/new/disclosure/detail?stockCode=000895&announcementId=1222894646&orgId=gssz0000895&announcementTime=2025-03-26,2025-03-27,2025-06-26,-0.038387
000897,津滨发展,2024,2025-04-29,2024年年度报告,http://www.cninfo.com.cn/new/disclosure/detail?stockCode=000897&announcementId=1223361063&orgId=gssz0000897&announcementTime=2025-04-29,2025-04-30,2025-07-29,0.093423
000898,鞍钢股份,2024,2025-03-31,2024年年度报告,http://www.cninfo.com.cn/new/disclosure/detail?stockCode=000898&announcementId=1222950832&orgId=gssz0000898&announcementTime=2025-03-31,2025-04-01,2025-07-01,-0.020228
000900,现代投资,2024,2025-04-03,2024年年度报告,http://www.cninfo.com.cn/new/disclosure/detail?stockCode=000900&announcementId=1222992391&orgId=gssz0000900&announcementTime=2025-04-03,2025-04-07,2025-07-04,0.130529
000899,赣能股份,2024,2025-04-16,2024年年度报告,http://www.cninfo.com.cn/new/disclosure/detail?stockCode=000899&announcementId=1223101800&orgId=gssz0000899&announcementTime=2025-04-16,2025-04-17,2025-07-16,-0.025026
000901,航天科技,2024,2025-03-31,2024年年度报告,http://www.cninfo.com.cn/new/disclosure/detail?stockCode=000901&announcementId=1222938944&orgId=gssz0000901&announcementTime=2025-03-31,2025-04-01,2025-07-01,0.110451
000902,新洋丰,2024,2025-04-18,2024年年度报告,http://www.cninfo.com.cn/new/disclosure/detail?stockCode=000902&announcementId=1223120800&orgId=gssz0000902&announcementTime=2025-04-18,2025-04-21,2025-07-18,0.033618
000903,ST云动,2024,2025-04-30,2024年年度报告,http://www.cninfo.com.cn/new/disclosure/detail?stockCode=000903&announcementId=1223415269&orgId=gssz0000903&announcementTime=2025-04-30,2025-05-06,2025-07-31,-0.041067
000905,厦门港务,2024,2025-03-27,2024年年度报告,http://www.cninfo.com.cn/new/disclosure/detail?stockCode=000905&announcementId=1222912502&orgId=gssz0000905&announcementTime=2025-03-27,2025-03-28,2025-06-27,0.05165
000906,浙商中拓,2024,2025-04-24,2024年年度报告,http://www.cninfo.com.cn/new/disclosure/detail?stockCode=000906&announcementId=1223243085&orgId=gssz0000906&announcementTime=2025-04-24,2025-04-25,2025-07-24,0.13005
000908,*ST景峰,2024,2025-04-29,2024年年度报告,http://www.cninfo.com.cn/new/disclosure/detail?stockCode=000908&announcementId=1223382404&orgId=gssz0000908&announcementTime=2025-04-29,2025-04-30,2025-07-30,0.229544
000909,ST数源,2024,2025-04-19,2024年年度报告,http://www.cninfo.com.cn/new/disclosure/detail?stockCode=000909&announcementId=1223154999&orgId=gssz0000909&announcementTime=2025-04-19,2025-04-21,2025-07-18,0.127966
000910,大亚圣象,2024,2025-03-28,2024年年度报告,http://www.cninfo.com.cn/new/disclosure/detail?stockCode=000910&announcementId=1222924717&orgId=gssz0000910&announcementTime=2025-03-28,2025-03-31,2025-06-30,-0.04155
000911,广农糖业,2024,2025-04-26,2024年年度报告,http://www.cninfo.com.cn/new/disclosure/detail?stockCode=000911&announcementId=1223309697&orgId=gssz0000911&announcementTime=2025-04-26,2025-04-28,2025-07-25,0.048711
000912,泸天化,2024,2025-04-26,2024年年度报告,http://www.cninfo.com.cn/new/disclosure/detail?stockCode=000912&announcementId=1223322706&orgId=gssz0000912&announcementTime=2025-04-26,2025-04-28,2025-07-25,0.0
000915,华特达因,2024,2025-03-21,2024年年度报告,http://www.cninfo.com.cn/new/disclosure/detail?stockCode=000915&announcementId=1222855467&orgId=gssz0000915&announcementTime=2025-03-21,2025-03-24,2025-06-23,0.082773
000913,钱江摩托,2024,2025-04-22,2024年年度报告,http://www.cninfo.com.cn/new/disclosure/detail?stockCode=000913&announcementId=1223188280&orgId=gssz0000913&announcementTime=2025-04-22,2025-04-23,2025-07-22,0.047933
000917,电广传媒,2024,2025-04-26,2024年年度报告,http://www.cninfo.com.cn/new/disclosure/detail?stockCode=000917&announcementId=1223329341&orgId=gssz0000917&announcementTime=2025-04-26,2025-04-28,2025-07-25,0.11129
000919,金陵药业,2024,2025-03-29,2024年年度报告,http://www.cninfo.com.cn/new/disclosure/detail?stockCode=000919&announcementId=1222946979&orgId=gssz0000919&announcementTime=2025-03-29,2025-03-31,2025-06-30,0.0
000920,沃顿科技,2024,2025-03-28,2024年年度报告,http://www.cninfo.com.cn/new/disclosure/detail?stockCode=000920&announcementId=1222926680&orgId=gssz0000920&announcementTime=2025-03-28,2025-03-31,2025-06-30,0.20433
000921,海信家电,2024,2025-03-29,2024年年度报告,http://www.cninfo.com.cn/new/disclosure/detail?stockCode=000921&announcementId=1222945858&orgId=gssz0000921&announcementTime=2025-03-29,2025-03-31,2025-06-30,-0.151548
000923,河钢资源,2024,2025-04-25,2024年年度报告,http://www.cninfo.com.cn/new/disclosure/detail?stockCode=000923&announcementId=1223274577&orgId=gssz0000923&announcementTime=2025-04-25,2025-04-28,2025-07-25,0.172532
000922,佳电股份,2024,2025-03-31,2024年年度报告,http://www.cninfo.com.cn/new/disclosure/detail?stockCode=000922&announcementId=1222982315&orgId=gssz0000922&announcementTime=2025-03-31,2025-04-01,2025-07-01,0.038977
000925,众合科技,2024,2025-04-24,2024年年度报告,http://www.cninfo.com.cn/new/disclosure/detail?stockCode=000925&announcementId=1223240224&orgId=gssz0000925&announcementTime=2025-04-24,2025-04-25,2025-07-24,0.067257
000926,福星股份,2024,2025-04-29,2024年年度报告,http://www.cninfo.com.cn/new/disclosure/detail?stockCode=000926&announcementId=1223380389&orgId=gssz0000926&announcementTime=2025-04-29,2025-04-30,2025-07-29,0.301587
000927,中国铁物,2024,2025-03-29,2024年年度报告,http://www.cninfo.com.cn/new/disclosure/detail?stockCode=000927&announcementId=1222946336&orgId=gssz0000927&announcementTime=2025-03-29,2025-03-31,2025-06-30,0.009732
000928,中钢国际,2024,2025-04-24,2024年年度报告,http://www.cninfo.com.cn/new/disclosure/detail?stockCode=000928&announcementId=1223233590&orgId=gssz0000928&announcementTime=2025-04-24,2025-04-25,2025-07-24,0.073156
000929,*ST兰黄,2024,2025-04-29,2024年年度报告,http://www.cninfo.com.cn/new/disclosure/detail?stockCode=000929&announcementId=1223382381&orgId=gssz0000929&announcementTime=2025-04-29,2025-04-30,2025-07-29,0.366227
000930,中粮科技,2024,2025-04-26,2024年年度报告,http://www.cninfo.com.cn/new/disclosure/detail?stockCode=000930&announcementId=1223302722&orgId=gssz0000930&announcementTime=2025-04-26,2025-04-28,2025-07-25,0.102006
000931,中 关 村,2024,2025-04-18,2024年年度报告,http://www.cninfo.com.cn/new/disclosure/detail?stockCode=000931&announcementId=1223123176&orgId=gssz0000931&announcementTime=2025-04-18,2025-04-21,2025-07-18,0.144947
000932,华菱钢铁,2024,2025-03-22,2024年年度报告,http://www.cninfo.com.cn/new/disclosure/detail?stockCode=000932&announcementId=1222868522&orgId=gssz0000932&announcementTime=2025-03-22,2025-03-24,2025-06-23,-0.177923
000933,神火股份,2024,2025-03-25,2024年年度报告,http://www.cninfo.com.cn/new/disclosure/detail?stockCode=000933&announcementId=1222881387&orgId=gssz0000933&announcementTime=2025-03-25,2025-03-26,2025-06-25,-0.129667
000935,四川双马,2024,2025-04-29,2024年年度报告,http://www.cninfo.com.cn/new/disclosure/detail?stockCode=000935&announcementId=1223369402&orgId=gssz0000935&announcementTime=2025-04-29,2025-04-30,2025-07-29,0.245163
000937,冀中能源,2024,2025-04-24,2024年年度报告,http://www.cninfo.com.cn/new/disclosure/detail?stockCode=000937&announcementId=1223238330&orgId=gssz0000937&announcementTime=2025-04-24,2025-04-25,2025-07-24,0.11366
000936,华西股份,2024,2025-04-29,2024年年度报告,http://www.cninfo.com.cn/new/disclosure/detail?stockCode=000936&announcementId=1223365073&orgId=gssz0000936&announcementTime=2025-04-29,2025-04-30,2025-07-29,0.099439
000938,紫光股份,2024,2025-04-29,2024年年度报告,http://www.cninfo.com.cn/new/disclosure/detail?stockCode=000938&announcementId=1223369453&orgId=gssz0000938&announcementTime=2025-04-29,2025-04-30,2025-07-29,0.026638
000948,南天信息,2024,2025-04-29,2024年年度报告,http://www.cninfo.com.cn/new/disclosure/detail?stockCode=000948&announcementId=1223376651&orgId=gssz0000948&announcementTime=2025-04-29,2025-04-30,2025-07-29,0.19931
000950,重药控股,2024,2025-04-24,2024年年度报告,http://www.cninfo.com.cn/new/disclosure/detail?stockCode=000950&announcementId=1223241025&orgId=gssz0000950&announcementTime=2025-04-24,2025-04-25,2025-07-24,0.113808
000949,新乡化纤,2024,2025-03-28,2024年年度报告,http://www.cninfo.com.cn/new/disclosure/detail?stockCode=000949&announcementId=1222923128&orgId=gssz0000949&announcementTime=2025-03-28,2025-03-31,2025-06-30,-0.130296
000951,中国重汽,2024,2025-03-28,2024年年度报告,http://www.cninfo.com.cn/new/disclosure/detail?stockCode=000951&announcementId=1222930065&orgId=gssz0000951&announcementTime=2025-03-28,2025-03-31,2025-06-30,-0.131132
000952,广济药业,2024,2025-04-28,2024年年度报告,http://www.cninfo.com.cn/new/disclosure/detail?stockCode=000952&announcementId=1223312652&orgId=gssz0000952&announcementTime=2025-04-28,2025-04-29,2025-07-28,0.315711
000955,欣龙控股,2024,2025-04-03,2024年年度报告,http://www.cninfo.com.cn/new/disclosure/detail?stockCode=000955&announcementId=1222990434&orgId=gssz0000955&announcementTime=2025-04-03,2025-04-07,2025-07-04,0.180244
000953,河化股份,2024,2025-04-26,2024年年度报告,http://www.cninfo.com.cn/new/disclosure/detail?stockCode=000953&announcementId=1223324895&orgId=gssz0000953&announcementTime=2025-04-26,2025-04-28,2025-07-25,0.184587
000957,中通客车,2024,2025-04-26,2024年年度报告,http://www.cninfo.com.cn/new/disclosure/detail?stockCode=000957&announcementId=1223301429&orgId=gssz0000957&announcementTime=2025-04-26,2025-04-28,2025-07-25,-0.044998
000958,电投产融,2024,2025-04-26,2024年年度报告,http://www.cninfo.com.cn/new/disclosure/detail?stockCode=000958&announcementId=1223307084&orgId=gssz0000958&announcementTime=2025-04-26,2025-04-28,2025-07-25,-0.013744
000959,首钢股份,2024,2025-04-18,2024年年度报告,http://www.cninfo.com.cn/new/disclosure/detail?stockCode=000959&announcementId=1223126155&orgId=gssz0000959&announcementTime=2025-04-18,2025-04-21,2025-07-18,0.264201
000960,锡业股份,2024,2025-04-03,2024年年度报告,http://www.cninfo.com.cn/new/disclosure/detail?stockCode=000960&announcementId=1222993523&orgId=gssz0000960&announcementTime=2025-04-03,2025-04-07,2025-07-04,0.112839
000962,东方钽业,2024,2025-04-15,2024年年度报告,http://www.cninfo.com.cn/new/disclosure/detail?stockCode=000962&announcementId=1223094589&orgId=gssz0000962&announcementTime=2025-04-15,2025-04-16,2025-07-15,0.160196
000963,华东医药,2024,2025-04-18,2024年年度报告,http://www.cninfo.com.cn/new/disclosure/detail?stockCode=000963&announcementId=1223128343&orgId=gssz0000963&announcementTime=2025-04-18,2025-04-21,2025-07-18,0.1845
000966,长源电力,2024,2025-04-26,2024年年度报告,http://www.cninfo.com.cn/new/disclosure/detail?stockCode=000966&announcementId=1223317553&orgId=gssz0000966&announcementTime=2025-04-26,2025-04-28,2025-07-25,-0.17041
000965,天保基建,2024,2025-03-29,2024年年度报告,http://www.cninfo.com.cn/new/disclosure/detail?stockCode=000965&announcementId=1222947586&orgId=gssz0000965&announcementTime=2025-03-29,2025-03-31,2025-06-30,0.306075
000967,盈峰环境,2024,2025-04-25,2024年年度报告,http://www.cninfo.com.cn/new/disclosure/detail?stockCode=000967&announcementId=1223270911&orgId=gssz0000967&announcementTime=2025-04-25,2025-04-28,2025-07-25,0.237408
000968,蓝焰控股,2024,2025-04-25,2024年年度报告,http://www.cninfo.com.cn/new/disclosure/detail?stockCode=000968&announcementId=1223275520&orgId=gssz0000968&announcementTime=2025-04-25,2025-04-28,2025-07-25,0.130915
000969,安泰科技,2024,2025-03-28,2024年年度报告,http://www.cninfo.com.cn/new/disclosure/detail?stockCode=000969&announcementId=1222927246&orgId=gssz0000969&announcementTime=2025-03-28,2025-03-31,2025-06-30,0.016281
000970,中科三环,2024,2025-03-13,2024年年度报告,http://www.cninfo.com.cn/new/disclosure/detail?stockCode=000970&announcementId=1222778486&orgId=gssz0000970&announcementTime=2025-03-13,2025-03-14,2025-06-13,-0.064209
000972,*ST中基,2024,2025-03-29,2024年年度报告,http://www.cninfo.com.cn/new/disclosure/detail?stockCode=000972&announcementId=1222946001&orgId=gssz0000972&announcementTime=2025-03-29,2025-04-01,2025-07-01,0.230523
000973,佛塑科技,2024,2025-03-29,2024年年度报告,http://www.cninfo.com.cn/new/disclosure/detail?stockCode=000973&announcementId=1222942341&orgId=gssz0000973&announcementTime=2025-03-29,2025-03-31,2025-06-30,0.027917
000977,浪潮信息,2024,2025-03-29,2024年年度报告,http://www.cninfo.com.cn/new/disclosure/detail?stockCode=000977&announcementId=1222950880&orgId=gssz0000977&announcementTime=2025-03-29,2025-03-31,2025-06-30,-0.037516
000975,山金国际,2024,2025-03-18,2024年年度报告,http://www.cninfo.com.cn/new/disclosure/detail?stockCode=000975&announcementId=1222822661&orgId=gssz0000975&announcementTime=2025-03-18,2025-03-19,2025-06-18,0.105706
000978,桂林旅游,2024,2025-04-12,2024年年度报告,http://www.cninfo.com.cn/new/disclosure/detail?stockCode=000978&announcementId=1223070689&orgId=gssz0000978&announcementTime=2025-04-12,2025-04-14,2025-07-11,-0.061069
000980,众泰汽车,2024,2025-04-28,2024年年度报告,http://www.cninfo.com.cn/new/disclosure/detail?stockCode=000980&announcementId=1223328235&orgId=gssz0000980&announcementTime=2025-04-28,2025-04-29,2025-07-28,-0.057339
000983,山西焦煤,2024,2025-04-29,2024年年度报告,http://www.cninfo.com.cn/new/disclosure/detail?stockCode=000983&announcementId=1223374712&orgId=gssz0000983&announcementTime=2025-04-29,2025-04-30,2025-07-29,0.199296
000981,山子高科,2024,2025-04-29,2024年年度报告,http://www.cninfo.com.cn/new/disclosure/detail?stockCode=000981&announcementId=1223394160&orgId=gssz0000981&announcementTime=2025-04-29,2025-04-30,2025-07-29,0.188961
000985,大庆华科,2024,2025-04-26,2024年年度报告,http://www.cninfo.com.cn/new/disclosure/detail?stockCode=000985&announcementId=1223310825&orgId=gssz0000985&announcementTime=2025-04-26,2025-04-28,2025-07-25,0.136203
000987,越秀资本,2024,2025-04-03,2024年年度报告,http://www.cninfo.com.cn/new/disclosure/detail?stockCode=000987&announcementId=1222992196&orgId=gssz0000987&announcementTime=2025-04-03,2025-04-07,2025-07-04,0.096527
000988,华工科技,2024,2025-04-12,2024年年度报告,http://www.cninfo.com.cn/new/disclosure/detail?stockCode=000988&announcementId=1223072198&orgId=gssz0000988&announcementTime=2025-04-12,2025-04-14,2025-07-11,0.200391
000989,九芝堂,2024,2025-03-28,2024年年度报告,http://www.cninfo.com.cn/new/disclosure/detail?stockCode=000989&announcementId=1222929471&orgId=gssz0000989&announcementTime=2025-03-28,2025-03-31,2025-07-01,0.140954
000990,诚志股份,2024,2025-03-27,2024年年度报告,http://www.cninfo.com.cn/new/disclosure/detail?stockCode=000990&announcementId=1222911855&orgId=gssz0000990&announcementTime=2025-03-27,2025-03-28,2025-06-27,-0.027519
000993,闽东电力,2024,2025-03-28,2024年年度报告,http://www.cninfo.com.cn/new/disclosure/detail?stockCode=000993&announcementId=1222924374&orgId=gssz0000993&announcementTime=2025-03-28,2025-03-31,2025-06-30,0.086331
000997,新 大 陆,2024,2025-04-23,2024年年度报告,http://www.cninfo.com.cn/new/disclosure/detail?stockCode=000997&announcementId=1223219416&orgId=gssz0000997&announcementTime=2025-04-23,2025-04-24,2025-07-23,0.167014
000995,皇台酒业,2024,2025-04-29,2024年年度报告,http://www.cninfo.com.cn/new/disclosure/detail?stockCode=000995&announcementId=1223374302&orgId=gssz0000995&announcementTime=2025-04-29,2025-04-30,2025-07-29,0.195794
000998,隆平高科,2024,2025-04-26,2024年年度报告,http://www.cninfo.com.cn/new/disclosure/detail?stockCode=000998&announcementId=1223320882&orgId=gssz0000998&announcementTime=2025-04-26,2025-04-28,2025-07-25,-0.009781
000999,华润三九,2024,2025-03-13,2024年年度报告,http://www.cninfo.com.cn/new/disclosure/detail?stockCode=000999&announcementId=1222778310&orgId=gssz0000999&announcementTime=2025-03-13,2025-03-14,2025-06-13,0.009139
001202,炬申股份,2024,2025-04-18,2024年年度报告,http://www.cninfo.com.cn/new/disclosure/detail?stockCode=001202&announcementId=1223127106&orgId=gfbj0839749&announcementTime=2025-04-18,2025-04-21,2025-07-18,0.101363
001201,东瑞股份,2024,2025-04-26,2024年年度报告,http://www.cninfo.com.cn/new/disclosure/detail?stockCode=001201&announcementId=1223312424&orgId=9900036405&announcementTime=2025-04-26,2025-04-28,2025-07-25,0.239528
001203,大中矿业,2024,2025-04-19,2024年年度报告,http://www.cninfo.com.cn/new/disclosure/detail?stockCode=001203&announcementId=1223152067&orgId=9900023231&announcementTime=2025-04-19,2025-04-21,2025-07-18,0.420375
001205,盛航股份,2024,2025-04-26,2024年年度报告,http://www.cninfo.com.cn/new/disclosure/detail?stockCode=001205&announcementId=1223301051&orgId=gfbj0832659&announcementTime=2025-04-26,2025-04-28,2025-07-25,0.009314
001206,依依股份,2024,2025-04-23,2024年年度报告,http://www.cninfo.com.cn/new/disclosure/detail?stockCode=001206&announcementId=1223214568&orgId=gfbj0870245&announcementTime=2025-04-23,2025-04-24,2025-07-23,0.510003
001207,联科科技,2024,2025-02-28,2024年年度报告,http://www.cninfo.com.cn/new/disclosure/detail?stockCode=001207&announcementId=1222663605&orgId=9900041710&announcementTime=2025-02-28,2025-03-03,2025-05-30,0.169484
001208,华菱线缆,2024,2025-03-29,2024年年度报告,http://www.cninfo.com.cn/new/disclosure/detail?stockCode=001208&announcementId=1222944006&orgId=9900023198&announcementTime=2025-03-29,2025-03-31,2025-06-30,0.000916
001209,洪兴股份,2024,2025-04-24,2024年年度报告,http://www.cninfo.com.cn/new/disclosure/detail?stockCode=001209&announcementId=1223239855&orgId=9900041427&announcementTime=2025-04-24,2025-04-25,2025-07-24,0.080743
001210,金房能源,2024,2025-04-26,2024年年度报告,http://www.cninfo.com.cn/new/disclosure/detail?stockCode=001210&announcementId=1223322565&orgId=9900035875&announcementTime=2025-04-26,2025-04-28,2025-07-25,0.174912
001211,双枪科技,2024,2025-04-25,2024年年度报告,http://www.cninfo.com.cn/new/disclosure/detail?stockCode=001211&announcementId=1223277012&orgId=9900041883&announcementTime=2025-04-25,2025-04-28,2025-07-25,0.171415
001212,中旗新材,2024,2025-04-24,2024年年度报告,http://www.cninfo.com.cn/new/disclosure/detail?stockCode=001212&announcementId=1223247936&orgId=nssc1000239&announcementTime=2025-04-24,2025-04-25,2025-07-24,0.140068
001213,中铁特货,2024,2025-04-29,2024年年度报告,http://www.cninfo.com.cn/new/disclosure/detail?stockCode=001213&announcementId=1223359952&orgId=nssc1000059&announcementTime=2025-04-29,2025-04-30,2025-07-29,0.101449
001215,千味央厨,2024,2025-04-26,2024年年度报告,http://www.cninfo.com.cn/new/disclosure/detail?stockCode=001215&announcementId=1223329187&orgId=9900041525&announcementTime=2025-04-26,2025-04-28,2025-07-25,0.108638
001217,华尔泰,2024,2025-04-18,2024年年度报告,http://www.cninfo.com.cn/new/disclosure/detail?stockCode=001217&announcementId=1223122125&orgId=9900041548&announcementTime=2025-04-18,2025-04-21,2025-07-18,0.087862
001216,华瓷股份,2024,2025-04-03,2024年年度报告,http://www.cninfo.com.cn/new/disclosure/detail?stockCode=001216&announcementId=1222990722&orgId=9900023696&announcementTime=2025-04-03,2025-04-07,2025-07-04,0.101979
001218,丽臣实业,2024,2025-04-23,2024年年度报告,http://www.cninfo.com.cn/new/disclosure/detail?stockCode=001218&announcementId=1223216734&orgId=9900024906&announcementTime=2025-04-23,2025-04-24,2025-07-23,0.147977
001219,青岛食品,2024,2025-04-17,2024年年度报告,http://www.cninfo.com.cn/new/disclosure/detail?stockCode=001219&announcementId=1223111454&orgId=gfbj0872387&announcementTime=2025-04-17,2025-04-18,2025-07-17,-0.019862
001222,源飞宠物,2024,2025-04-26,2024年年度报告,http://www.cninfo.com.cn/new/disclosure/detail?stockCode=001222&announcementId=1223313562&orgId=9900052564&announcementTime=2025-04-26,2025-04-28,2025-07-25,0.327915
001223,欧克科技,2024,2025-04-24,2024年年度报告,http://www.cninfo.com.cn/new/disclosure/detail?stockCode=001223&announcementId=1223237748&orgId=9900048037&announcementTime=2025-04-24,2025-04-25,2025-07-24,0.244458
001225,和泰机电,2024,2025-04-22,2024年年度报告,http://www.cninfo.com.cn/new/disclosure/detail?stockCode=001225&announcementId=1223191080&orgId=9900048366&announcementTime=2025-04-22,2025-04-23,2025-07-22,0.128918
001226,拓山重工,2024,2025-04-23,2024年年度报告,http://www.cninfo.com.cn/new/disclosure/detail?stockCode=001226&announcementId=1223218206&orgId=9900052656&announcementTime=2025-04-23,2025-04-24,2025-07-23,0.403183
001227,兰州银行,2024,2025-04-28,2024年年度报告,http://www.cninfo.com.cn/new/disclosure/detail?stockCode=001227&announcementId=1223317422&orgId=9900021964&announcementTime=2025-04-28,2025-04-29,2025-07-28,0.102273
001228,永泰运,2024,2025-04-25,2024年年度报告,http://www.cninfo.com.cn/new/disclosure/detail?stockCode=001228&announcementId=1223267334&orgId=nssc1000083&announcementTime=2025-04-25,2025-04-28,2025-07-25,0.234368
001229,魅视科技,2024,2025-04-26,2024年年度报告,http://www.cninfo.com.cn/new/disclosure/detail?stockCode=001229&announcementId=1223309035&orgId=9900047621&announcementTime=2025-04-26,2025-04-28,2025-07-25,0.159843
001230,劲旅环境,2024,2025-04-25,2024年年度报告,http://www.cninfo.com.cn/new/disclosure/detail?stockCode=001230&announcementId=1223274703&orgId=nssc1000600&announcementTime=2025-04-25,2025-04-28,2025-07-25,0.220745
001231,农心科技,2024,2025-04-28,2024年年度报告,http://www.cninfo.com.cn/new/disclosure/detail?stockCode=001231&announcementId=1223304136&orgId=9900047224&announcementTime=2025-04-28,2025-04-29,2025-07-28,0.219689
001234,泰慕士,2024,2025-04-26,2024年年度报告,http://www.cninfo.com.cn/new/disclosure/detail?stockCode=001234&announcementId=1223316339&orgId=9900046655&announcementTime=2025-04-26,2025-04-28,2025-07-25,0.197138
001236,弘业期货,2024,2025-03-29,2024年年度报告,http://www.cninfo.com.cn/new/disclosure/detail?stockCode=001236&announcementId=1222945586&orgId=9900031747&announcementTime=2025-03-29,2025-03-31,2025-06-30,0.625381
001238,浙江正特,2024,2025-04-29,2024年年度报告,http://www.cninfo.com.cn/new/disclosure/detail?stockCode=001238&announcementId=1223356742&orgId=9900033230&announcementTime=2025-04-29,2025-04-30,2025-07-29,0.256997
001239,永达股份,2024,2025-04-21,2024年年度报告,http://www.cninfo.com.cn/new/disclosure/detail?stockCode=001239&announcementId=1223143010&orgId=9900054494&announcementTime=2025-04-21,2025-04-22,2025-07-21,0.214934
001255,博菲电气,2024,2025-04-28,2024年年度报告,http://www.cninfo.com.cn/new/disclosure/detail?stockCode=001255&announcementId=1223319263&orgId=9900052533&announcementTime=2025-04-28,2025-04-29,2025-07-28,0.244709
001256,炜冈科技,2024,2025-04-29,2024年年度报告,http://www.cninfo.com.cn/new/disclosure/detail?stockCode=001256&announcementId=1223366211&orgId=9900053246&announcementTime=2025-04-29,2025-04-30,2025-07-29,0.069013
001258,立新能源,2024,2025-03-27,2024年年度报告,http://www.cninfo.com.cn/new/disclosure/detail?stockCode=001258&announcementId=1222912562&orgId=9900046967&announcementTime=2025-03-27,2025-03-28,2025-06-27,0.088106
001259,利仁科技,2024,2025-04-25,2024年年度报告,http://www.cninfo.com.cn/new/disclosure/detail?stockCode=001259&announcementId=1223273344&orgId=gfbj0838907&announcementTime=2025-04-25,2025-04-28,2025-07-25,0.204373
001260,坤泰股份,2024,2025-04-24,2024年年度报告,http://www.cninfo.com.cn/new/disclosure/detail?stockCode=001260&announcementId=1223232966&orgId=9900046979&announcementTime=2025-04-24,2025-04-25,2025-07-24,0.174713
001266,宏英智能,2024,2025-04-29,2024年年度报告,http://www.cninfo.com.cn/new/disclosure/detail?stockCode=001266&announcementId=1223367964&orgId=9900048786&announcementTime=2025-04-29,2025-04-30,2025-07-29,0.317
001267,汇绿生态,2024,2025-04-23,2024年年度报告,http://www.cninfo.com.cn/new/disclosure/detail?stockCode=001267&announcementId=1223218905&orgId=gssz0000765&announcementTime=2025-04-23,2025-04-24,2025-07-29,0.469048
001268,联合精密,2024,2025-04-25,2024年年度报告,http://www.cninfo.com.cn/new/disclosure/detail?stockCode=001268&announcementId=1223269881&orgId=nssc1000056&announcementTime=2025-04-25,2025-04-28,2025-07-25,0.348934
001269,欧晶科技,2024,2025-04-28,2024年年度报告,http://www.cninfo.com.cn/new/disclosure/detail?stockCode=001269&announcementId=1223319535&orgId=gfbj0836724&announcementTime=2025-04-28,2025-04-29,2025-07-28,0.28042
001270,*ST铖昌,2024,2025-04-23,2024年年度报告,http://www.cninfo.com.cn/new/disclosure/detail?stockCode=001270&announcementId=1223220363&orgId=9900052541&announcementTime=2025-04-23,2025-04-24,2025-07-23,0.169748
001278,一彬科技,2024,2025-04-15,2024年年度报告,http://www.cninfo.com.cn/new/disclosure/detail?stockCode=001278&announcementId=1223093563&orgId=gfbj0871976&announcementTime=2025-04-15,2025-04-16,2025-07-15,0.152047
001277,速达股份,2024,2025-03-29,2024年年度报告,http://www.cninfo.com.cn/new/disclosure/detail?stockCode=001277&announcementId=1222968029&orgId=gfbj0833293&announcementTime=2025-03-29,2025-03-31,2025-06-30,0.203984
001282,三联锻造,2024,2025-04-25,2024年年度报告,http://www.cninfo.com.cn/new/disclosure/detail?stockCode=001282&announcementId=1223267226&orgId=9900048170&announcementTime=2025-04-25,2025-04-28,2025-07-25,0.15625
001279,强邦新材,2024,2025-04-25,2024年年度报告,http://www.cninfo.com.cn/new/disclosure/detail?stockCode=001279&announcementId=1223266080&orgId=9900053342&announcementTime=2025-04-25,2025-04-28,2025-07-25,0.014322
001283,豪鹏科技,2024,2025-04-28,2024年年度报告,http://www.cninfo.com.cn/new/disclosure/detail?stockCode=001283&announcementId=1223314498&orgId=9900048773&announcementTime=2025-04-28,2025-04-29,2025-07-28,0.63895
001286,陕西能源,2024,2025-04-18,2024年年度报告,http://www.cninfo.com.cn/new/disclosure/detail?stockCode=001286&announcementId=1223129393&orgId=9900048369&announcementTime=2025-04-18,2025-04-21,2025-07-18,0.045599
001287,中电港,2024,2025-04-29,2024年年度报告,http://www.cninfo.com.cn/new/disclosure/detail?stockCode=001287&announcementId=1223357955&orgId=9900054451&announcementTime=2025-04-29,2025-04-30,2025-07-29,0.099169
001288,运机集团,2024,2025-04-08,2024年年度报告,http://www.cninfo.com.cn/new/disclosure/detail?stockCode=001288&announcementId=1223022076&orgId=9900041838&announcementTime=2025-04-08,2025-04-09,2025-07-08,0.180635
001289,龙源电力,2024,2025-03-29,2024年年度报告,http://www.cninfo.com.cn/new/disclosure/detail?stockCode=001289&announcementId=1222950727&orgId=9900009768&announcementTime=2025-03-29,2025-03-31,2025-06-30,0.010956
001296,长江材料,2024,2025-04-24,2024年年度报告,http://www.cninfo.com.cn/new/disclosure/detail?stockCode=001296&announcementId=1223237647&orgId=gfbj0833138&announcementTime=2025-04-24,2025-04-25,2025-07-24,0.226901
001298,好上好,2024,2025-04-25,2024年年度报告,http://www.cninfo.com.cn/new/disclosure/detail?stockCode=001298&announcementId=1223275783&orgId=9900047340&announcementTime=2025-04-25,2025-04-28,2025-07-25,0.599469
001299,美能能源,2024,2025-03-27,2024年年度报告,http://www.cninfo.com.cn/new/disclosure/detail?stockCode=001299&announcementId=1222909761&orgId=gfbj0838794&announcementTime=2025-03-27,2025-03-28,2025-06-27,0.024799
001300,三柏硕,2024,2025-04-28,2024年年度报告,http://www.cninfo.com.cn/new/disclosure/detail?stockCode=001300&announcementId=1223312203&orgId=9900048101&announcementTime=2025-04-28,2025-04-29,2025-07-28,0.071197
001301,尚太科技,2024,2025-03-15,2024年年度报告,http://www.cninfo.com.cn/new/disclosure/detail?stockCode=001301&announcementId=1222806021&orgId=9900047767&announcementTime=2025-03-15,2025-03-17,2025-06-16,-0.185781
001306,夏厦精密,2024,2025-04-24,2024年年度报告,http://www.cninfo.com.cn/new/disclosure/detail?stockCode=001306&announcementId=1223244616&orgId=9900047779&announcementTime=2025-04-24,2025-04-25,2025-07-24,0.079863
001308,康冠科技,2024,2025-03-31,2024年年度报告,http://www.cninfo.com.cn/new/disclosure/detail?stockCode=001308&announcementId=1222947279&orgId=nssc1000504&announcementTime=2025-03-31,2025-04-01,2025-07-01,-0.001937
001309,德明利,2024,2025-04-26,2024年年度报告,http://www.cninfo.com.cn/new/disclosure/detail?stockCode=001309&announcementId=1223313672&orgId=nssc1000644&announcementTime=2025-04-26,2025-04-28,2025-07-25,-0.021145
001311,多利科技,2024,2025-04-10,2024年年度报告,http://www.cninfo.com.cn/new/disclosure/detail?stockCode=001311&announcementId=1223041956&orgId=9900052515&announcementTime=2025-04-10,2025-04-11,2025-07-10,0.110543
001313,粤海饲料,2024,2025-04-29,2024年年度报告,http://www.cninfo.com.cn/new/disclosure/detail?stockCode=001313&announcementId=1223377287&orgId=9900038396&announcementTime=2025-04-29,2025-04-30,2025-07-29,-0.044811
001314,亿道信息,2024,2025-04-22,2024年年度报告,http://www.cninfo.com.cn/new/disclosure/detail?stockCode=001314&announcementId=1223195797&orgId=gfbj0837171&announcementTime=2025-04-22,2025-04-23,2025-07-22,0.074422
001316,润贝航科,2024,2025-04-18,2024年年度报告,http://www.cninfo.com.cn/new/disclosure/detail?stockCode=001316&announcementId=1223129714&orgId=9900048764&announcementTime=2025-04-18,2025-04-21,2025-07-18,0.432387
001317,三羊马,2024,2025-04-28,2024年年度报告,http://www.cninfo.com.cn/new/disclosure/detail?stockCode=001317&announcementId=1223322062&orgId=gfbj0838107&announcementTime=2025-04-28,2025-04-29,2025-07-28,0.27412
001318,阳光乳业,2024,2025-04-18,2024年年度报告,http://www.cninfo.com.cn/new/disclosure/detail?stockCode=001318&announcementId=1223120391&orgId=9900041625&announcementTime=2025-04-18,2025-04-21,2025-07-18,-0.053888
001319,铭科精技,2024,2025-04-25,2024年年度报告,http://www.cninfo.com.cn/new/disclosure/detail?stockCode=001319&announcementId=1223268881&orgId=9900047223&announcementTime=2025-04-25,2025-04-28,2025-07-25,0.130316
001322,箭牌家居,2024,2025-04-22,2024年年度报告,http://www.cninfo.com.cn/new/disclosure/detail?stockCode=001322&announcementId=1223185733&orgId=9900047305&announcementTime=2025-04-22,2025-04-23,2025-07-22,0.047018
001323,慕思股份,2024,2025-04-25,2024年年度报告,http://www.cninfo.com.cn/new/disclosure/detail?stockCode=001323&announcementId=1223269640&orgId=9900046964&announcementTime=2025-04-25,2025-04-28,2025-07-25,0.090208
001324,长青科技,2024,2025-04-09,2024年年度报告,http://www.cninfo.com.cn/new/disclosure/detail?stockCode=001324&announcementId=1223031811&orgId=9900048581&announcementTime=2025-04-09,2025-04-10,2025-07-09,0.243194
001326,联域股份,2024,2025-04-26,2024年年度报告,http://www.cninfo.com.cn/new/disclosure/detail?stockCode=001326&announcementId=1223312942&orgId=9900055651&announcementTime=2025-04-26,2025-04-28,2025-07-25,0.15414
001328,登康口腔,2024,2025-04-22,2024年年度报告,http://www.cninfo.com.cn/new/disclosure/detail?stockCode=001328&announcementId=1223187584&orgId=GD081685&announcementTime=2025-04-22,2025-04-23,2025-07-22,0.056225
001330,博纳影业,2024,2025-04-29,2024年年度报告,http://www.cninfo.com.cn/new/disclosure/detail?stockCode=001330&announcementId=1223382511&orgId=9900036065&announcementTime=2025-04-29,2025-04-30,2025-07-29,0.112385
001331,胜通能源,2024,2025-04-26,2024年年度报告,http://www.cninfo.com.cn/new/disclosure/detail?stockCode=001331&announcementId=1223300905&orgId=9900047217&announcementTime=2025-04-26,2025-04-28,2025-07-25,-0.027413
001332,锡装股份,2024,2025-04-09,2024年年度报告,http://www.cninfo.com.cn/new/disclosure/detail?stockCode=001332&announcementId=1223029492&orgId=9900031494&announcementTime=2025-04-09,2025-04-10,2025-07-09,0.02053
001333,光华股份,2024,2025-03-28,2024年年度报告,http://www.cninfo.com.cn/new/disclosure/detail?stockCode=001333&announcementId=1222921813&orgId=nssc1000548&announcementTime=2025-03-28,2025-03-31,2025-06-30,-0.115149
001336,楚环科技,2024,2025-04-26,2024年年度报告,http://www.cninfo.com.cn/new/disclosure/detail?stockCode=001336&announcementId=1223312381&orgId=9900052524&announcementTime=2025-04-26,2025-04-28,2025-07-25,0.202105
001337,四川黄金,2024,2025-04-11,2024年年度报告,http://www.cninfo.com.cn/new/disclosure/detail?stockCode=001337&announcementId=1223055257&orgId=9900051539&announcementTime=2025-04-11,2025-04-14,2025-07-11,-0.04299
001338,永顺泰,2024,2025-04-10,2024年年度报告,http://www.cninfo.com.cn/new/disclosure/detail?stockCode=001338&announcementId=1223042190&orgId=9900048070&announcementTime=2025-04-10,2025-04-11,2025-07-10,0.05988
001339,智微智能,2024,2025-04-26,2024年年度报告,http://www.cninfo.com.cn/new/disclosure/detail?stockCode=001339&announcementId=1223309950&orgId=9900049006&announcementTime=2025-04-26,2025-04-28,2025-07-25,0.123733
001356,富岭股份,2024,2025-04-22,2024年年度报告,http://www.cninfo.com.cn/new/disclosure/detail?stockCode=001356&announcementId=1223192304&orgId=9900056292&announcementTime=2025-04-22,2025-04-23,2025-07-22,0.003311
001358,兴欣新材,2024,2025-03-27,2024年年度报告,http://www.cninfo.com.cn/new/disclosure/detail?stockCode=001358&announcementId=1222910408&orgId=9900039470&announcementTime=2025-03-27,2025-03-28,2025-06-27,0.011971
001359,平安电工,2024,2025-04-18,2024年年度报告,http://www.cninfo.com.cn/new/disclosure/detail?stockCode=001359&announcementId=1223122871&orgId=9900056197&announcementTime=2025-04-18,2025-04-21,2025-07-18,0.497857
001360,南矿集团,2024,2025-04-24,2024年年度报告,http://www.cninfo.com.cn/new/disclosure/detail?stockCode=001360&announcementId=1223242673&orgId=9900055633&announcementTime=2025-04-24,2025-04-25,2025-07-24,0.475019
001366,播恩集团,2024,2025-04-28,2024年年度报告,http://www.cninfo.com.cn/new/disclosure/detail?stockCode=001366&announcementId=1223313513&orgId=nssc1000728&announcementTime=2025-04-28,2025-04-29,2025-07-28,0.193722
001367,海森药业,2024,2025-03-28,2024年年度报告,http://www.cninfo.com.cn/new/disclosure/detail?stockCode=001367&announcementId=1222928998&orgId=9900052535&announcementTime=2025-03-28,2025-03-31,2025-06-30,0.154028
001368,通达创智,2024,2025-03-27,2024年年度报告,http://www.cninfo.com.cn/new/disclosure/detail?stockCode=001368&announcementId=1222911680&orgId=9900046506&announcementTime=2025-03-27,2025-03-28,2025-06-27,-0.028343
001373,翔腾新材,2024,2025-04-26,2024年年度报告,http://www.cninfo.com.cn/new/disclosure/detail?stockCode=001373&announcementId=1223302481&orgId=9900051389&announcementTime=2025-04-26,2025-04-28,2025-07-25,0.1682
001376,百通能源,2024,2025-03-11,2024年年度报告,http://www.cninfo.com.cn/new/disclosure/detail?stockCode=001376&announcementId=1222758737&orgId=gfbj0835359&announcementTime=2025-03-11,2025-03-12,2025-06-11,-0.10219
001378,德冠新材,2024,2025-04-19,2024年年度报告,http://www.cninfo.com.cn/new/disclosure/detail?stockCode=001378&announcementId=1223147676&orgId=9900023839&announcementTime=2025-04-19,2025-04-21,2025-07-18,0.109931
001379,腾达科技,2024,2025-04-25,2024年年度报告,http://www.cninfo.com.cn/new/disclosure/detail?stockCode=001379&announcementId=1223266624&orgId=9900048085&announcementTime=2025-04-25,2025-04-28,2025-07-25,0.107198
001380,华纬科技,2024,2025-04-10,2024年年度报告,http://www.cninfo.com.cn/new/disclosure/detail?stockCode=001380&announcementId=1223045300&orgId=9900041935&announcementTime=2025-04-10,2025-04-11,2025-07-10,0.153945
001382,新亚电缆,2024,2025-04-21,2024年年度报告,http://www.cninfo.com.cn/new/disclosure/detail?stockCode=001382&announcementId=1223150273&orgId=9900048378&announcementTime=2025-04-21,2025-04-22,2025-07-21,-0.017188
001387,雪祺电气,2024,2025-04-25,2024年年度报告,http://www.cninfo.com.cn/new/disclosure/detail?stockCode=001387&announcementId=1223283176&orgId=9900056877&announcementTime=2025-04-25,2025-04-28,2025-07-25,0.163625
001389,广合科技,2024,2025-04-01,2024年年度报告,http://www.cninfo.com.cn/new/disclosure/detail?stockCode=001389&announcementId=1222975342&orgId=9900046622&announcementTime=2025-04-01,2025-04-02,2025-07-02,0.045512
001391,国货航,2024,2025-04-09,2024年年度报告,http://www.cninfo.com.cn/new/disclosure/detail?stockCode=001391&announcementId=1223032292&orgId=9900057395&announcementTime=2025-04-09,2025-04-10,2025-07-09,-0.04533
001395,亚联机械,2024,2025-04-22,2024年年度报告,http://www.cninfo.com.cn/new/disclosure/detail?stockCode=001395&announcementId=1223187165&orgId=9900041590&announcementTime=2025-04-22,2025-04-23,2025-07-22,-0.190444
001696,宗申动力,2024,2025-04-01,2024年年度报告,http://www.cninfo.com.cn/new/disclosure/detail?stockCode=001696&announcementId=1222970469&orgId=gssz0001696&announcementTime=2025-04-01,2025-04-02,2025-07-02,0.014482
001872,招商港口,2024,2025-04-03,2024年年度报告,http://www.cninfo.com.cn/new/disclosure/detail?stockCode=001872&announcementId=1222992017&orgId=gssz0000022&announcementTime=2025-04-03,2025-04-07,2025-07-04,0.104679
001896,豫能控股,2024,2025-04-12,2024年年度报告,http://www.cninfo.com.cn/new/disclosure/detail?stockCode=001896&announcementId=1223071112&orgId=gssz0001896&announcementTime=2025-04-12,2025-04-14,2025-07-11,0.594747
001914,招商积余,2024,2025-03-17,2024年年度报告,http://www.cninfo.com.cn/new/disclosure/detail?stockCode=001914&announcementId=1222816005&orgId=gssz0000043&announcementTime=2025-03-17,2025-03-18,2025-06-17,-0.010128
001965,招商公路,2024,2025-04-03,2024年年度报告,http://www.cninfo.com.cn/new/disclosure/detail?stockCode=001965&announcementId=1222992481&orgId=GD008065&announcementTime=2025-04-03,2025-04-07,2025-07-04,-0.033104
001979,招商蛇口,2024,2025-03-18,2024年年度报告,http://www.cninfo.com.cn/new/disclosure/detail?stockCode=001979&announcementId=1222823028&orgId=GD014107&announcementTime=2025-03-18,2025-03-19,2025-06-18,-0.102919
002001,新 和 成,2024,2025-04-15,2024年年度报告,http://www.cninfo.com.cn/new/disclosure/detail?stockCode=002001&announcementId=1223094954&orgId=gssz0002001&announcementTime=2025-04-15,2025-04-16,2025-07-15,-0.000721
002004,华邦健康,2024,2025-04-23,2024年年度报告,http://www.cninfo.com.cn/new/disclosure/detail?stockCode=002004&announcementId=1223220510&orgId=gssz0002004&announcementTime=2025-04-23,2025-04-24,2025-07-23,0.090447
002003,伟星股份,2024,2025-03-29,2024年年度报告,http://www.cninfo.com.cn/new/disclosure/detail?stockCode=002003&announcementId=1222942665&orgId=gssz0002003&announcementTime=2025-03-29,2025-03-31,2025-06-30,-0.114847
002005,ST德豪,2024,2025-04-29,2024年年度报告,http://www.cninfo.com.cn/new/disclosure/detail?stockCode=002005&announcementId=1223379226&orgId=gssz0002005&announcementTime=2025-04-29,2025-04-30,2025-07-29,0.39118
002006,精工科技,2024,2025-04-19,2024年年度报告,http://www.cninfo.com.cn/new/disclosure/detail?stockCode=002006&announcementId=1223144957&orgId=gssz0002006&announcementTime=2025-04-19,2025-04-21,2025-07-18,0.049179
002008,大族激光,2024,2025-04-22,2024年年度报告,http://www.cninfo.com.cn/new/disclosure/detail?stockCode=002008&announcementId=1223196551&orgId=gssz0002008&announcementTime=2025-04-22,2025-04-23,2025-07-22,0.089552
002007,华兰生物,2024,2025-03-29,2024年年度报告,http://www.cninfo.com.cn/new/disclosure/detail?stockCode=002007&announcementId=1222940864&orgId=gssz0002007&announcementTime=2025-03-29,2025-03-31,2025-06-30,-1.5e-05
002009,天奇股份,2024,2025-04-25,2024年年度报告,http://www.cninfo.com.cn/new/disclosure/detail?stockCode=002009&announcementId=1223268300&orgId=gssz0002009&announcementTime=2025-04-25,2025-04-28,2025-07-25,0.200767
002010,传化智联,2024,2025-04-22,2024年年度报告,http://www.cninfo.com.cn/new/disclosure/detail?stockCode=002010&announcementId=1223185711&orgId=gssz0002010&announcementTime=2025-04-22,2025-04-23,2025-07-22,0.235877
002011,盾安环境,2024,2025-04-18,2024年年度报告,http://www.cninfo.com.cn/new/disclosure/detail?stockCode=002011&announcementId=1223129034&orgId=gssz0002011&announcementTime=2025-04-18,2025-04-21,2025-07-18,-0.010268
002012,凯恩股份,2024,2025-03-25,2024年年度报告,http://www.cninfo.com.cn/new/disclosure/detail?stockCode=002012&announcementId=1222882745&orgId=gssz0002012&announcementTime=2025-03-25,2025-03-26,2025-06-25,0.211051
002014,永新股份,2024,2025-03-21,2024年年度报告,http://www.cninfo.com.cn/new/disclosure/detail?stockCode=002014&announcementId=1222857419&orgId=gssz0002014&announcementTime=2025-03-21,2025-03-24,2025-06-23,0.073078
002015,协鑫能科,2024,2025-04-29,2024年年度报告,http://www.cninfo.com.cn/new/disclosure/detail?stockCode=002015&announcementId=1223382347&orgId=gssz0002015&announcementTime=2025-04-29,2025-04-30,2025-07-29,0.817484
002017,东信和平,2024,2025-04-23,2024年年度报告,http://www.cninfo.com.cn/new/disclosure/detail?stockCode=002017&announcementId=1223219765&orgId=gssz0002017&announcementTime=2025-04-23,2025-04-24,2025-07-23,1.320908
002016,世荣兆业,2024,2025-04-24,2024年年度报告,http://www.cninfo.com.cn/new/disclosure/detail?stockCode=002016&announcementId=1223247279&orgId=gssz0002016&announcementTime=2025-04-24,2025-04-25,2025-07-24,-0.028537
002019,亿帆医药,2024,2025-04-28,2024年年度报告,http://www.cninfo.com.cn/new/disclosure/detail?stockCode=002019&announcementId=1223311284&orgId=gssz0002019&announcementTime=2025-04-28,2025-04-29,2025-07-28,0.299112
002020,京新药业,2024,2025-04-03,2024年年度报告,http://www.cninfo.com.cn/new/disclosure/detail?stockCode=002020&announcementId=1222991061&orgId=gssz0002020&announcementTime=2025-04-03,2025-04-07,2025-07-04,0.13595
002021,中捷资源,2024,2025-04-26,2024年年度报告,http://www.cninfo.com.cn/new/disclosure/detail?stockCode=002021&announcementId=1223304031&orgId=gssz0002021&announcementTime=2025-04-26,2025-04-28,2025-07-25,0.121091
002022,科华生物,2024,2025-04-28,2024年年度报告,http://www.cninfo.com.cn/new/disclosure/detail?stockCode=002022&announcementId=1223302312&orgId=gssz0002022&announcementTime=2025-04-28,2025-04-29,2025-07-28,0.350829
002024,ST易购,2024,2025-03-29,2024年年度报告,http://www.cninfo.com.cn/new/disclosure/detail?stockCode=002024&announcementId=1222950703&orgId=gssz0002024&announcementTime=2025-03-29,2025-03-31,2025-06-30,-0.047645
002023,海特高新,2024,2025-04-24,2024年年度报告,http://www.cninfo.com.cn/new/disclosure/detail?stockCode=002023&announcementId=1223249292&orgId=gssz0002023&announcementTime=2025-04-24,2025-04-25,2025-07-24,0.198499
002025,航天电器,2024,2025-04-01,2024年年度报告,http://www.cninfo.com.cn/new/disclosure/detail?stockCode=002025&announcementId=1222974273&orgId=gssz0002025&announcementTime=2025-04-01,2025-04-02,2025-07-02,-0.109079
002026,山东威达,2024,2025-04-22,2024年年度报告,http://www.cninfo.com.cn/new/disclosure/detail?stockCode=002026&announcementId=1223185561&orgId=gssz0002026&announcementTime=2025-04-22,2025-04-23,2025-07-22,0.197512
002027,分众传媒,2024,2025-04-29,2024年年度报告,http://www.cninfo.com.cn/new/disclosure/detail?stockCode=002027&announcementId=1223365040&orgId=gssz0002027&announcementTime=2025-04-29,2025-04-30,2025-07-29,0.067986
002028,思源电气,2024,2025-04-19,2024年年度报告,http://www.cninfo.com.cn/new/disclosure/detail?stockCode=002028&announcementId=1223145398&orgId=gssz0002028&announcementTime=2025-04-19,2025-04-21,2025-07-18,0.070682
002029,七 匹 狼,2024,2025-04-03,2024年年度报告,http://www.cninfo.com.cn/new/disclosure/detail?stockCode=002029&announcementId=1222989624&orgId=gssz0002029&announcementTime=2025-04-03,2025-04-07,2025-07-04,0.152575
002030,达安基因,2024,2025-03-29,2024年年度报告,http://www.cninfo.com.cn/new/disclosure/detail?stockCode=002030&announcementId=1222949597&orgId=gssz0002030&announcementTime=2025-03-29,2025-03-31,2025-06-30,0.006635
002031,巨轮智能,2024,2025-04-25,2024年年度报告,http://www.cninfo.com.cn/new/disclosure/detail?stockCode=002031&announcementId=1223277937&orgId=gssz0002031&announcementTime=2025-04-25,2025-04-28,2025-07-25,-0.047817
002032,苏 泊 尔,2024,2025-03-28,2024年年度报告,http://www.cninfo.com.cn/new/disclosure/detail?stockCode=002032&announcementId=1222928386&orgId=gssz0002032&announcementTime=2025-03-28,2025-03-31,2025-06-30,-0.05171
002033,丽江股份,2024,2025-03-18,2024年年度报告,http://www.cninfo.com.cn/new/disclosure/detail?stockCode=002033&announcementId=1222822293&orgId=gssz0002033&announcementTime=2025-03-18,2025-03-19,2025-06-18,-0.100118
002034,旺能环境,2024,2025-04-18,2024年年度报告,http://www.cninfo.com.cn/new/disclosure/detail?stockCode=002034&announcementId=1223125438&orgId=gssz0002034&announcementTime=2025-04-18,2025-04-21,2025-07-18,0.086123
002035,华帝股份,2024,2025-04-29,2024年年度报告,http://www.cninfo.com.cn/new/disclosure/detail?stockCode=002035&announcementId=1223372821&orgId=gssz0002035&announcementTime=2025-04-29,2025-04-30,2025-07-29,0.054152
002036,联创电子,2024,2025-04-26,2024年年度报告,http://www.cninfo.com.cn/new/disclosure/detail?stockCode=002036&announcementId=1223312839&orgId=gssz0002036&announcementTime=2025-04-26,2025-04-28,2025-07-25,0.060427
002037,保利联合,2024,2025-04-25,2024年年度报告,http://www.cninfo.com.cn/new/disclosure/detail?stockCode=002037&announcementId=1223271831&orgId=gssz0002037&announcementTime=2025-04-25,2025-04-28,2025-07-25,0.947087
002038,双鹭药业,2024,2025-04-22,2024年年度报告,http://www.cninfo.com.cn/new/disclosure/detail?stockCode=002038&announcementId=1223192867&orgId=gssz0002038&announcementTime=2025-04-22,2025-04-23,2025-07-22,0.202361
002039,黔源电力,2024,2025-04-17,2024年年度报告,http://www.cninfo.com.cn/new/disclosure/detail?stockCode=002039&announcementId=1223121706&orgId=gssz0002039&announcementTime=2025-04-17,2025-04-18,2025-07-17,0.049796
002040,南 京 港,2024,2025-04-26,2024年年度报告,http://www.cninfo.com.cn/new/disclosure/detail?stockCode=002040&announcementId=1223317875&orgId=gssz0002040&announcementTime=2025-04-26,2025-04-28,2025-07-25,0.414402
002041,登海种业,2024,2025-04-23,2024年年度报告,http://www.cninfo.com.cn/new/disclosure/detail?stockCode=002041&announcementId=1223212722&orgId=gssz0002041&announcementTime=2025-04-23,2025-04-24,2025-07-23,-0.035872
002042,华孚时尚,2024,2025-04-26,2024年年度报告,http://www.cninfo.com.cn/new/disclosure/detail?stockCode=002042&announcementId=1223324935&orgId=gssz0002042&announcementTime=2025-04-26,2025-04-28,2025-07-25,-0.243673
002043,兔 宝 宝,2024,2025-04-25,2024年年度报告,http://www.cninfo.com.cn/new/disclosure/detail?stockCode=002043&announcementId=1223267801&orgId=gssz0002043&announcementTime=2025-04-25,2025-04-28,2025-07-25,-0.032291
002045,国光电器,2024,2025-04-29,2024年年度报告,http://www.cninfo.com.cn/new/disclosure/detail?stockCode=002045&announcementId=1223377142&orgId=gssz0002045&announcementTime=2025-04-29,2025-04-30,2025-07-29,0.144924
002044,美年健康,2024,2025-04-17,2024年年度报告,http://www.cninfo.com.cn/new/disclosure/detail?stockCode=002044&announcementId=1223113463&orgId=gssz0002044&announcementTime=2025-04-17,2025-04-18,2025-07-17,-0.037809
002046,国机精工,2024,2025-04-12,2024年年度报告,http://www.cninfo.com.cn/new/disclosure/detail?stockCode=002046&announcementId=1223070565&orgId=gssz0002046&announcementTime=2025-04-12,2025-04-14,2025-07-11,0.091837
002047,*ST宝鹰,2024,2025-04-25,2024年年度报告,http://www.cninfo.com.cn/new/disclosure/detail?stockCode=002047&announcementId=1223286814&orgId=gssz0002047&announcementTime=2025-04-25,2025-04-28,2025-07-25,0.093489
002048,宁波华翔,2024,2025-04-26,2024年年度报告,http://www.cninfo.com.cn/new/disclosure/detail?stockCode=002048&announcementId=1223313818&orgId=gssz0002048&announcementTime=2025-04-26,2025-04-28,2025-07-25,0.374916
002049,紫光国微,2024,2025-04-23,2024年年度报告,http://www.cninfo.com.cn/new/disclosure/detail?stockCode=002049&announcementId=1223222891&orgId=gssz0002049&announcementTime=2025-04-23,2025-04-24,2025-07-23,0.012282
002050,三花智控,2024,2025-03-27,2024年年度报告,http://www.cninfo.com.cn/new/disclosure/detail?stockCode=002050&announcementId=1222913178&orgId=gssz0002050&announcementTime=2025-03-27,2025-03-28,2025-06-27,-0.12385
002051,中工国际,2024,2025-04-25,2024年年度报告,http://www.cninfo.com.cn/new/disclosure/detail?stockCode=002051&announcementId=1223279730&orgId=gssz0002051&announcementTime=2025-04-25,2025-04-28,2025-07-25,0.077326
002052,同洲电子,2024,2025-04-22,2024年年度报告,http://www.cninfo.com.cn/new/disclosure/detail?stockCode=002052&announcementId=1223197011&orgId=gssz0002052&announcementTime=2025-04-22,2025-04-23,2025-07-23,0.438459
002053,云南能投,2024,2025-03-28,2024年年度报告,http://www.cninfo.com.cn/new/disclosure/detail?stockCode=002053&announcementId=1222925703&orgId=gssz0002053&announcementTime=2025-03-28,2025-03-31,2025-06-30,-0.005558
002055,ST得润,2024,2025-04-29,2024年年度报告,http://www.cninfo.com.cn/new/disclosure/detail?stockCode=002055&announcementId=1223388590&orgId=9900000123&announcementTime=2025-04-29,2025-04-30,2025-07-29,0.420806
002054,德美化工,2024,2025-03-29,2024年年度报告,http://www.cninfo.com.cn/new/disclosure/detail?stockCode=002054&announcementId=1222943251&orgId=9900000062&announcementTime=2025-03-29,2025-03-31,2025-06-30,0.044521
002057,中钢天源,2024,2025-04-26,2024年年度报告,http://www.cninfo.com.cn/new/disclosure/detail?stockCode=002057&announcementId=1223312985&orgId=9900000181&announcementTime=2025-04-26,2025-04-28,2025-07-25,0.405825
002056,横店东磁,2024,2025-03-12,2024年年度报告,http://www.cninfo.com.cn/new/disclosure/detail?stockCode=002056&announcementId=1222769090&orgId=9900000141&announcementTime=2025-03-12,2025-03-13,2025-06-12,-0.024537
002059,云南旅游,2024,2025-03-29,2024年年度报告,http://www.cninfo.com.cn/new/disclosure/detail?stockCode=002059&announcementId=1222949066&orgId=9900000241&announcementTime=2025-03-29,2025-03-31,2025-06-30,-0.044635
002058,*ST威尔,2024,2025-04-29,2024年年度报告,http://www.cninfo.com.cn/new/disclosure/detail?stockCode=002058&announcementId=1223370915&orgId=9900000201&announcementTime=2025-04-29,2025-04-30,2025-07-29,0.669319
002060,广东建工,2024,2025-04-12,2024年年度报告,http://www.cninfo.com.cn/new/disclosure/detail?stockCode=002060&announcementId=1223072078&orgId=9900000281&announcementTime=2025-04-12,2025-04-14,2025-07-11,0.104152
002061,浙江交科,2024,2025-04-28,2024年年度报告,http://www.cninfo.com.cn/new/disclosure/detail?stockCode=002061&announcementId=1223323059&orgId=9900000341&announcementTime=2025-04-28,2025-04-29,2025-07-28,0.094885
002062,宏润建设,2024,2025-04-25,2024年年度报告,http://www.cninfo.com.cn/new/disclosure/detail?stockCode=002062&announcementId=1223267695&orgId=9900000362&announcementTime=2025-04-25,2025-04-28,2025-07-25,0.098925
002064,华峰化学,2024,2025-03-29,2024年年度报告,http://www.cninfo.com.cn/new/disclosure/detail?stockCode=002064&announcementId=1222945531&orgId=9900000404&announcementTime=2025-03-29,2025-03-31,2025-06-30,-0.165348
002063,远光软件,2024,2025-03-29,2024年年度报告,http://www.cninfo.com.cn/new/disclosure/detail?stockCode=002063&announcementId=1222945905&orgId=9900000382&announcementTime=2025-03-29,2025-03-31,2025-06-30,-0.043428
002065,东华软件,2024,2025-04-11,2024年年度报告,http://www.cninfo.com.cn/new/disclosure/detail?stockCode=002065&announcementId=1223055612&orgId=9900000405&announcementTime=2025-04-11,2025-04-14,2025-07-11,-0.012401
002066,瑞泰科技,2024,2025-04-10,2024年年度报告,http://www.cninfo.com.cn/new/disclosure/detail?stockCode=002066&announcementId=1223045957&orgId=9900000421&announcementTime=2025-04-10,2025-04-11,2025-07-10,0.20978
002068,黑猫股份,2024,2025-04-25,2024年年度报告,http://www.cninfo.com.cn/new/disclosure/detail?stockCode=002068&announcementId=1223279010&orgId=9900000622&announcementTime=2025-04-25,2025-04-28,2025-07-25,-0.056894
002067,景兴纸业,2024,2025-04-29,2024年年度报告,http://www.cninfo.com.cn/new/disclosure/detail?stockCode=002067&announcementId=1223360454&orgId=9900000601&announcementTime=2025-04-29,2025-04-30,2025-07-29,0.37885
002069,獐子岛,2024,2025-04-25,2024年年度报告,http://www.cninfo.com.cn/new/disclosure/detail?stockCode=002069&announcementId=1223268783&orgId=9900000781&announcementTime=2025-04-25,2025-04-28,2025-07-25,0.200669
002072,凯瑞德,2024,2025-04-25,2024年年度报告,http://www.cninfo.com.cn/new/disclosure/detail?stockCode=002072&announcementId=1223284407&orgId=9900000881&announcementTime=2025-04-25,2025-04-28,2025-07-25,0.529536
002073,软控股份,2024,2025-04-23,2024年年度报告,http://www.cninfo.com.cn/new/disclosure/detail?stockCode=002073&announcementId=1223212653&orgId=9900000961&announcementTime=2025-04-23,2025-04-24,2025-07-23,0.158324
002074,国轩高科,2024,2025-04-25,2024年年度报告,http://www.cninfo.com.cn/new/disclosure/detail?stockCode=002074&announcementId=1223284129&orgId=9900001001&announcementTime=2025-04-25,2025-04-28,2025-07-25,0.50405
002075,沙钢股份,2024,2025-04-09,2024年年度报告,http://www.cninfo.com.cn/new/disclosure/detail?stockCode=002075&announcementId=1223031976&orgId=9900001101&announcementTime=2025-04-09,2025-04-10,2025-07-09,0.157171
002076,*ST星光,2024,2025-04-28,2024年年度报告,http://www.cninfo.com.cn/new/disclosure/detail?stockCode=002076&announcementId=1223329024&orgId=9900001102&announcementTime=2025-04-28,2025-04-29,2025-07-28,0.056636
002077,大港股份,2024,2025-04-26,2024年年度报告,http://www.cninfo.com.cn/new/disclosure/detail?stockCode=002077&announcementId=1223300452&orgId=9900001222&announcementTime=2025-04-26,2025-04-28,2025-07-25,0.034872
002078,太阳纸业,2024,2025-04-10,2024年年度报告,http://www.cninfo.com.cn/new/disclosure/detail?stockCode=002078&announcementId=1223045478&orgId=9900001223&announcementTime=2025-04-10,2025-04-11,2025-07-10,-0.001665
002079,苏州固锝,2024,2025-04-15,2024年年度报告,http://www.cninfo.com.cn/new/disclosure/detail?stockCode=002079&announcementId=1223093465&orgId=9900001221&announcementTime=2025-04-15,2025-04-16,2025-07-15,0.086263
002080,中材科技,2024,2025-03-20,2024年年度报告,http://www.cninfo.com.cn/new/disclosure/detail?stockCode=002080&announcementId=1222847712&orgId=9900001282&announcementTime=2025-03-20,2025-03-21,2025-06-20,0.206583
002081,金 螳 螂,2024,2025-04-29,2024年年度报告,http://www.cninfo.com.cn/new/disclosure/detail?stockCode=002081&announcementId=1223371327&orgId=9900001283&announcementTime=2025-04-29,2025-04-30,2025-07-29,0.113056
002082,万邦德,2024,2025-04-29,2024年年度报告,http://www.cninfo.com.cn/new/disclosure/detail?stockCode=002082&announcementId=1223368340&orgId=9900001284&announcementTime=2025-04-29,2025-04-30,2025-07-29,0.335237
002083,孚日股份,2024,2025-04-08,2024年年度报告,http://www.cninfo.com.cn/new/disclosure/detail?stockCode=002083&announcementId=1223019036&orgId=9900001342&announcementTime=2025-04-08,2025-04-09,2025-07-08,0.236568
002084,海鸥住工,2024,2025-04-29,2024年年度报告,http://www.cninfo.com.cn/new/disclosure/detail?stockCode=002084&announcementId=1223360237&orgId=9900001343&announcementTime=2025-04-29,2025-04-30,2025-07-29,0.095325
002085,万丰奥威,2024,2025-04-29,2024年年度报告,http://www.cninfo.com.cn/new/disclosure/detail?stockCode=002085&announcementId=1223381130&orgId=9900001341&announcementTime=2025-04-29,2025-04-30,2025-07-29,0.037768
002086,东方海洋,2024,2025-04-28,2024年年度报告,http://www.cninfo.com.cn/new/disclosure/detail?stockCode=002086&announcementId=1223315696&orgId=9900001344&announcementTime=2025-04-28,2025-04-29,2025-07-28,0.199015
002088,鲁阳节能,2024,2025-04-28,2024年年度报告,http://www.cninfo.com.cn/new/disclosure/detail?stockCode=002088&announcementId=1223311916&orgId=9900001422&announcementTime=2025-04-28,2025-04-29,2025-07-28,-0.025422
002090,金智科技,2024,2025-04-11,2024年年度报告,http://www.cninfo.com.cn/new/disclosure/detail?stockCode=002090&announcementId=1223056393&orgId=9900001461&announcementTime=2025-04-11,2025-04-14,2025-07-11,0.168152
002091,江苏国泰,2024,2025-04-26,2024年年度报告,http://www.cninfo.com.cn/new/disclosure/detail?stockCode=002091&announcementId=1223304182&orgId=9900001462&announcementTime=2025-04-26,2025-04-28,2025-07-25,0.12328
002092,中泰化学,2024,2025-03-15,2024年年度报告,http://www.cninfo.com.cn/new/disclosure/detail?stockCode=002092&announcementId=1222807894&orgId=9900001463&announcementTime=2025-03-15,2025-03-17,2025-06-17,-0.015115
002093,国脉科技,2024,2025-04-26,2024年年度报告,http://www.cninfo.com.cn/new/disclosure/detail?stockCode=002093&announcementId=1223315428&orgId=9900001583&announcementTime=2025-04-26,2025-04-28,2025-07-25,0.135217
002094,青岛金王,2024,2025-04-19,2024年年度报告,http://www.cninfo.com.cn/new/disclosure/detail?stockCode=002094&announcementId=1223213000&orgId=9900001581&announcementTime=2025-04-19,2025-04-21,2025-07-18,0.5029
002095,生 意 宝,2024,2025-04-29,2024年年度报告,http://www.cninfo.com.cn/new/disclosure/detail?stockCode=002095&announcementId=1223379350&orgId=9900001582&announcementTime=2025-04-29,2025-04-30,2025-07-29,0.115874
002096,易普力,2024,2025-03-29,2024年年度报告,http://www.cninfo.com.cn/new/disclosure/detail?stockCode=002096&announcementId=1222949204&orgId=9900001622&announcementTime=2025-03-29,2025-03-31,2025-06-30,0.042006
002097,山河智能,2024,2025-04-26,2024年年度报告,http://www.cninfo.com.cn/new/disclosure/detail?stockCode=002097&announcementId=1223315946&orgId=9900001621&announcementTime=2025-04-26,2025-04-28,2025-07-25,0.611407
002098,浔兴股份,2024,2025-04-26,2024年年度报告,http://www.cninfo.com.cn/new/disclosure/detail?stockCode=002098&announcementId=1223318592&orgId=9900001623&announcementTime=2025-04-26,2025-04-28,2025-07-25,-0.050081
002099,海翔药业,2024,2025-04-29,2024年年度报告,http://www.cninfo.com.cn/new/disclosure/detail?stockCode=002099&announcementId=1223361082&orgId=9900001661&announcementTime=2025-04-29,2025-04-30,2025-07-29,0.265329
002101,广东鸿图,2024,2025-04-29,2024年年度报告,http://www.cninfo.com.cn/new/disclosure/detail?stockCode=002101&announcementId=1223381032&orgId=9900001761&announcementTime=2025-04-29,2025-04-30,2025-07-29,0.12018
002100,天康生物,2024,2025-04-29,2024年年度报告,http://www.cninfo.com.cn/new/disclosure/detail?stockCode=002100&announcementId=1223364379&orgId=9900001641&announcementTime=2025-04-29,2025-04-30,2025-07-29,0.06415
002102,能特科技,2024,2025-04-26,2024年年度报告,http://www.cninfo.com.cn/new/disclosure/detail?stockCode=002102&announcementId=1223330036&orgId=9900001762&announcementTime=2025-04-26,2025-04-28,2025-07-25,0.470699
002103,广博股份,2024,2025-04-12,2024年年度报告,http://www.cninfo.com.cn/new/disclosure/detail?stockCode=002103&announcementId=1223067265&orgId=9900001821&announcementTime=2025-04-12,2025-04-14,2025-07-11,0.266766
002105,信隆健康,2024,2025-04-23,2024年年度报告,http://www.cninfo.com.cn/new/disclosure/detail?stockCode=002105&announcementId=1223220578&orgId=9900001922&announcementTime=2025-04-23,2025-04-24,2025-07-23,0.021875
002104,恒宝股份,2024,2025-04-28,2024年年度报告,http://www.cninfo.com.cn/new/disclosure/detail?stockCode=002104&announcementId=1223321018&orgId=9900001841&announcementTime=2025-04-28,2025-04-29,2025-07-28,1.571429
002107,沃华医药,2024,2025-04-26,2024年年度报告,http://www.cninfo.com.cn/new/disclosure/detail?stockCode=002107&announcementId=1223319765&orgId=9900002001&announcementTime=2025-04-26,2025-04-28,2025-07-25,0.426817
002106,莱宝高科,2024,2025-03-29,2024年年度报告,http://www.cninfo.com.cn/new/disclosure/detail?stockCode=002106&announcementId=1222951264&orgId=9900001921&announcementTime=2025-03-29,2025-03-31,2025-06-30,-0.075017
002108,沧州明珠,2024,2025-04-26,2024年年度报告,http://www.cninfo.com.cn/new/disclosure/detail?stockCode=002108&announcementId=1223308705&orgId=9900002002&announcementTime=2025-04-26,2025-04-28,2025-07-25,0.113231
002109,兴化股份,2024,2025-04-24,2024年年度报告,http://www.cninfo.com.cn/new/disclosure/detail?stockCode=002109&announcementId=1223244435&orgId=9900002009&announcementTime=2025-04-24,2025-04-25,2025-07-24,0.112665
002110,三钢闽光,2024,2025-04-26,2024年年度报告,http://www.cninfo.com.cn/new/disclosure/detail?stockCode=002110&announcementId=1223309702&orgId=9900002010&announcementTime=2025-04-26,2025-04-28,2025-07-25,0.232143
002111,威海广泰,2024,2025-04-22,2024年年度报告,http://www.cninfo.com.cn/new/disclosure/detail?stockCode=002111&announcementId=1223192623&orgId=9900002021&announcementTime=2025-04-22,2025-04-23,2025-07-22,0.146027
002112,三变科技,2024,2025-04-25,2024年年度报告,http://www.cninfo.com.cn/new/disclosure/detail?stockCode=002112&announcementId=1223266499&orgId=9900002121&announcementTime=2025-04-25,2025-04-28,2025-07-25,-0.000441
002114,罗平锌电,2024,2025-03-28,2024年年度报告,http://www.cninfo.com.cn/new/disclosure/detail?stockCode=002114&announcementId=1222929400&orgId=9900002161&announcementTime=2025-03-28,2025-03-31,2025-07-04,0.065823
002115,三维通信,2024,2025-04-28,2024年年度报告,http://www.cninfo.com.cn/new/disclosure/detail?stockCode=002115&announcementId=1223324479&orgId=9900002162&announcementTime=2025-04-28,2025-04-29,2025-07-28,0.218584
002116,中国海诚,2024,2025-04-24,2024年年度报告,http://www.cninfo.com.cn/new/disclosure/detail?stockCode=002116&announcementId=1223237992&orgId=9900002183&announcementTime=2025-04-24,2025-04-25,2025-07-24,0.127445
002119,康强电子,2024,2025-03-25,2024年年度报告,http://www.cninfo.com.cn/new/disclosure/detail?stockCode=002119&announcementId=1222882092&orgId=9900002188&announcementTime=2025-03-25,2025-03-26,2025-06-25,0.06254
002117,东港股份,2024,2025-04-01,2024年年度报告,http://www.cninfo.com.cn/new/disclosure/detail?stockCode=002117&announcementId=1222971026&orgId=9900002186&announcementTime=2025-04-01,2025-04-02,2025-07-02,-0.159138
002120,韵达股份,2024,2025-04-28,2024年年度报告,http://www.cninfo.com.cn/new/disclosure/detail?stockCode=002120&announcementId=1223319201&orgId=9900002261&announcementTime=2025-04-28,2025-04-29,2025-07-28,0.171551
002121,科陆电子,2024,2025-03-22,2024年年度报告,http://www.cninfo.com.cn/new/disclosure/detail?stockCode=002121&announcementId=1222870935&orgId=9900002262&announcementTime=2025-03-22,2025-03-24,2025-06-23,0.030545
002122,ST汇洲,2024,2025-04-25,2024年年度报告,http://www.cninfo.com.cn/new/disclosure/detail?stockCode=002122&announcementId=1223270698&orgId=9900002421&announcementTime=2025-04-25,2025-04-28,2025-07-25,0.002554
002123,梦网科技,2024,2025-04-23,2024年年度报告,http://www.cninfo.com.cn/new/disclosure/detail?stockCode=002123&announcementId=1224157977&orgId=9900002422&announcementTime=2025-04-23,2025-04-24,2025-07-23,0.058806
002124,天邦食品,2024,2025-03-31,2024年年度报告,http://www.cninfo.com.cn/new/disclosure/detail?stockCode=002124&announcementId=1222947625&orgId=9900002441&announcementTime=2025-03-31,2025-04-01,2025-07-02,-0.01656
002125,湘潭电化,2024,2025-04-23,2024年年度报告,http://www.cninfo.com.cn/new/disclosure/detail?stockCode=002125&announcementId=1223217089&orgId=9900002442&announcementTime=2025-04-23,2025-04-24,2025-07-23,0.430769
002127,南极电商,2024,2025-04-25,2024年年度报告,http://www.cninfo.com.cn/new/disclosure/detail?stockCode=002127&announcementId=1223280841&orgId=9900002701&announcementTime=2025-04-25,2025-04-28,2025-07-25,-0.163677
002126,银轮股份,2024,2025-04-19,2024年年度报告,http://www.cninfo.com.cn/new/disclosure/detail?stockCode=002126&announcementId=1223155253&orgId=9900002661&announcementTime=2025-04-19,2025-04-21,2025-07-18,0.200749
002128,电投能源,2024,2025-04-25,2024年年度报告,http://www.cninfo.com.cn/new/disclosure/detail?stockCode=002128&announcementId=1223271311&orgId=9900002704&announcementTime=2025-04-25,2025-04-28,2025-08-07,0.168953
002129,TCL中环,2024,2025-04-26,2024年年度报告,http://www.cninfo.com.cn/new/disclosure/detail?stockCode=002129&announcementId=1223330188&orgId=9900002703&announcementTime=2025-04-26,2025-04-28,2025-07-25,0.12974
002130,沃尔核材,2024,2025-04-26,2024年年度报告,http://www.cninfo.com.cn/new/disclosure/detail?stockCode=002130&announcementId=1223320624&orgId=9900002702&announcementTime=2025-04-26,2025-04-28,2025-07-25,0.268627
002131,利欧股份,2024,2025-04-29,2024年年度报告,http://www.cninfo.com.cn/new/disclosure/detail?stockCode=002131&announcementId=1223362227&orgId=9900002724&announcementTime=2025-04-29,2025-04-30,2025-07-29,-0.024809
002132,恒星科技,2024,2025-04-25,2024年年度报告,http://www.cninfo.com.cn/new/disclosure/detail?stockCode=002132&announcementId=1223269924&orgId=9900002723&announcementTime=2025-04-25,2025-04-28,2025-07-25,0.225806
002133,广宇集团,2024,2025-04-26,2024年年度报告,http://www.cninfo.com.cn/new/disclosure/detail?stockCode=002133&announcementId=1223311578&orgId=9900002761&announcementTime=2025-04-26,2025-04-28,2025-07-25,0.226852
002134,天津普林,2024,2025-04-26,2024年年度报告,http://www.cninfo.com.cn/new/disclosure/detail?stockCode=002134&announcementId=1223316395&orgId=9900002821&announcementTime=2025-04-26,2025-04-28,2025-07-25,0.12585
002135,东南网架,2024,2025-04-22,2024年年度报告,http://www.cninfo.com.cn/new/disclosure/detail?stockCode=002135&announcementId=1223186969&orgId=9900002861&announcementTime=2025-04-22,2025-04-23,2025-07-22,0.116279
002136,安 纳 达,2024,2025-03-22,2024年年度报告,http://www.cninfo.com.cn/new/disclosure/detail?stockCode=002136&announcementId=1222867972&orgId=9900003061&announcementTime=2025-03-22,2025-03-24,2025-06-23,0.04738
002137,实益达,2024,2025-04-22,2024年年度报告,http://www.cninfo.com.cn/new/disclosure/detail?stockCode=002137&announcementId=1223189711&orgId=9900003141&announcementTime=2025-04-22,2025-04-23,2025-07-22,0.209917
002138,顺络电子,2024,2025-02-28,2024年年度报告,http://www.cninfo.com.cn/new/disclosure/detail?stockCode=002138&announcementId=1222663234&orgId=9900003163&announcementTime=2025-02-28,2025-03-03,2025-05-30,-0.062379
002139,拓邦股份,2024,2025-03-28,2024年年度报告,http://www.cninfo.com.cn/new/disclosure/detail?stockCode=002139&announcementId=1222928170&orgId=9900003222&announcementTime=2025-03-28,2025-03-31,2025-06-30,-0.100652
002140,东华科技,2024,2025-03-31,2024年年度报告,http://www.cninfo.com.cn/new/disclosure/detail?stockCode=002140&announcementId=1222946422&orgId=9900003261&announcementTime=2025-03-31,2025-04-01,2025-07-01,-0.106933
002141,贤丰控股,2024,2025-04-29,2024年年度报告,http://www.cninfo.com.cn/new/disclosure/detail?stockCode=002141&announcementId=1223379959&orgId=9900003282&announcementTime=2025-04-29,2025-04-30,2025-07-30,0.647645
002142,宁波银行,2024,2025-04-10,2024年年度报告,http://www.cninfo.com.cn/new/disclosure/detail?stockCode=002142&announcementId=1223045151&orgId=9900003281&announcementTime=2025-04-10,2025-04-11,2025-07-10,0.213445
002144,宏达高科,2024,2025-04-26,2024年年度报告,http://www.cninfo.com.cn/new/disclosure/detail?stockCode=002144&announcementId=1223311123&orgId=9900003341&announcementTime=2025-04-26,2025-04-28,2025-07-25,0.156598
002146,荣盛发展,2024,2025-04-28,2024年年度报告,http://www.cninfo.com.cn/new/disclosure/detail?stockCode=002146&announcementId=1223327098&orgId=9900003361&announcementTime=2025-04-28,2025-04-29,2025-07-28,0.087966
002145,钛能化学,2024,2025-03-11,2024年年度报告,http://www.cninfo.com.cn/new/disclosure/detail?stockCode=002145&announcementId=1222758543&orgId=9900003342&announcementTime=2025-03-11,2025-03-12,2025-06-11,-0.081913
002148,北纬科技,2024,2025-03-21,2024年年度报告,http://www.cninfo.com.cn/new/disclosure/detail?stockCode=002148&announcementId=1222857480&orgId=9900003401&announcementTime=2025-03-21,2025-03-24,2025-06-23,-0.084134
002149,西部材料,2024,2025-04-29,2024年年度报告,http://www.cninfo.com.cn/new/disclosure/detail?stockCode=002149&announcementId=1223374793&orgId=9900003403&announcementTime=2025-04-29,2025-04-30,2025-07-29,0.174932
002150,正泰电源,2024,2025-04-22,2024年年度报告,http://www.cninfo.com.cn/new/disclosure/detail?stockCode=002150&announcementId=1223190179&orgId=9900003402&announcementTime=2025-04-22,2025-04-23,2025-07-22,0.084688
002151,北斗星通,2024,2025-03-27,2024年年度报告,http://www.cninfo.com.cn/new/disclosure/detail?stockCode=002151&announcementId=1222912456&orgId=9900003421&announcementTime=2025-03-27,2025-03-28,2025-06-27,0.081129
002152,广电运通,2024,2025-03-29,2024年年度报告,http://www.cninfo.com.cn/new/disclosure/detail?stockCode=002152&announcementId=1222947660&orgId=9900003423&announcementTime=2025-03-29,2025-03-31,2025-06-30,0.037715
002153,石基信息,2024,2025-04-29,2024年年度报告,http://www.cninfo.com.cn/new/disclosure/detail?stockCode=002153&announcementId=1223378868&orgId=9900003424&announcementTime=2025-04-29,2025-04-30,2025-07-29,0.333193
002154,报 喜 鸟,2024,2025-04-19,2024年年度报告,http://www.cninfo.com.cn/new/disclosure/detail?stockCode=002154&announcementId=1223144950&orgId=9900003429&announcementTime=2025-04-19,2025-04-21,2025-07-18,0.026804
002155,湖南黄金,2024,2025-04-11,2024年年度报告,http://www.cninfo.com.cn/new/disclosure/detail?stockCode=002155&announcementId=1223058050&orgId=9900003428&announcementTime=2025-04-11,2025-04-14,2025-07-11,0.048024
002156,通富微电,2024,2025-04-12,2024年年度报告,http://www.cninfo.com.cn/new/disclosure/detail?stockCode=002156&announcementId=1223070267&orgId=9900003427&announcementTime=2025-04-12,2025-04-14,2025-07-11,-0.024334
002157,正邦科技,2024,2025-04-25,2024年年度报告,http://www.cninfo.com.cn/new/disclosure/detail?stockCode=002157&announcementId=1223269564&orgId=9900003434&announcementTime=2025-04-25,2025-04-28,2025-07-25,0.054162
002158,汉钟精机,2024,2025-04-26,2024年年度报告,http://www.cninfo.com.cn/new/disclosure/detail?stockCode=002158&announcementId=1223303161&orgId=9900003433&announcementTime=2025-04-26,2025-04-28,2025-07-25,0.097694
002159,三特索道,2024,2025-04-09,2024年年度报告,http://www.cninfo.com.cn/new/disclosure/detail?stockCode=002159&announcementId=1223029826&orgId=9900003435&announcementTime=2025-04-09,2025-04-10,2025-07-09,0.051942
002160,常铝股份,2024,2025-04-18,2024年年度报告,http://www.cninfo.com.cn/new/disclosure/detail?stockCode=002160&announcementId=1223122166&orgId=9900003441&announcementTime=2025-04-18,2025-04-21,2025-07-18,0.204724
002161,远 望 谷,2024,2025-04-28,2024年年度报告,http://www.cninfo.com.cn/new/disclosure/detail?stockCode=002161&announcementId=1223321324&orgId=9900003442&announcementTime=2025-04-28,2025-04-29,2025-07-28,0.530071
002162,悦心健康,2024,2025-02-28,2024年年度报告,http://www.cninfo.com.cn/new/disclosure/detail?stockCode=002162&announcementId=1222661912&orgId=9900003445&announcementTime=2025-02-28,2025-03-03,2025-05-30,0.177096
002163,海南发展,2024,2025-04-22,2024年年度报告,http://www.cninfo.com.cn/new/disclosure/detail?stockCode=002163&announcementId=1223194361&orgId=9900003444&announcementTime=2025-04-22,2025-04-23,2025-07-22,0.387656
002164,宁波东力,2024,2025-04-29,2024年年度报告,http://www.cninfo.com.cn/new/disclosure/detail?stockCode=002164&announcementId=1223356802&orgId=9900003443&announcementTime=2025-04-29,2025-04-30,2025-07-29,0.106049
002165,红 宝 丽,2024,2025-04-23,2024年年度报告,http://www.cninfo.com.cn/new/disclosure/detail?stockCode=002165&announcementId=1223212985&orgId=9900003521&announcementTime=2025-04-23,2025-04-24,2025-07-23,-0.193702
002166,莱茵生物,2024,2025-03-28,2024年年度报告,http://www.cninfo.com.cn/new/disclosure/detail?stockCode=002166&announcementId=1222926075&orgId=9900003561&announcementTime=2025-03-28,2025-03-31,2025-06-30,-0.009105
002167,东方锆业,2024,2025-04-16,2024年年度报告,http://www.cninfo.com.cn/new/disclosure/detail?stockCode=002167&announcementId=1223101744&orgId=9900003562&announcementTime=2025-04-16,2025-04-17,2025-07-16,0.264162
002168,*ST惠程,2024,2025-04-29,2024年年度报告,http://www.cninfo.com.cn/new/disclosure/detail?stockCode=002168&announcementId=1223389209&orgId=9900003601&announcementTime=2025-04-29,2025-04-30,2025-07-29,0.680968
002169,智光电气,2024,2025-04-24,2024年年度报告,http://www.cninfo.com.cn/new/disclosure/detail?stockCode=002169&announcementId=1223239029&orgId=9900003602&announcementTime=2025-04-24,2025-04-25,2025-07-24,0.14797
002170,芭田股份,2024,2025-04-15,2024年年度报告,http://www.cninfo.com.cn/new/disclosure/detail?stockCode=002170&announcementId=1223091811&orgId=9900003603&announcementTime=2025-04-15,2025-04-16,2025-07-15,0.111055
002171,楚江新材,2024,2025-03-18,2024年年度报告,http://www.cninfo.com.cn/new/disclosure/detail?stockCode=002171&announcementId=1222820786&orgId=9900003622&announcementTime=2025-03-18,2025-03-19,2025-06-18,-0.050703
002172,澳洋健康,2024,2025-04-15,2024年年度报告,http://www.cninfo.com.cn/new/disclosure/detail?stockCode=002172&announcementId=1223094135&orgId=9900003621&announcementTime=2025-04-15,2025-04-16,2025-07-15,0.180162
002173,创新医疗,2024,2025-04-12,2024年年度报告,http://www.cninfo.com.cn/new/disclosure/detail?stockCode=002173&announcementId=1223068858&orgId=9900003664&announcementTime=2025-04-12,2025-04-14,2025-07-11,0.635155
002174,游族网络,2024,2025-04-26,2024年年度报告,http://www.cninfo.com.cn/new/disclosure/detail?stockCode=002174&announcementId=1223316981&orgId=9900003663&announcementTime=2025-04-26,2025-04-28,2025-07-25,0.494437
002175,东方智造,2024,2025-04-29,2024年年度报告,http://www.cninfo.com.cn/new/disclosure/detail?stockCode=002175&announcementId=1223360295&orgId=9900003698&announcementTime=2025-04-29,2025-04-30,2025-07-29,0.090375
002176,江特电机,2024,2025-04-29,2024年年度报告,http://www.cninfo.com.cn/new/disclosure/detail?stockCode=002176&announcementId=1223377375&orgId=9900003697&announcementTime=2025-04-29,2025-04-30,2025-08-05,0.098833
002177,御银股份,2024,2025-04-23,2024年年度报告,http://www.cninfo.com.cn/new/disclosure/detail?stockCode=002177&announcementId=1223212331&orgId=9900003781&announcementTime=2025-04-23,2025-04-24,2025-07-23,0.370599
002179,中航光电,2024,2025-03-29,2024年年度报告,http://www.cninfo.com.cn/new/disclosure/detail?stockCode=002179&announcementId=1222943981&orgId=9900003783&announcementTime=2025-03-29,2025-03-31,2025-06-30,-0.013922
002178,延华智能,2024,2025-04-23,2024年年度报告,http://www.cninfo.com.cn/new/disclosure/detail?stockCode=002178&announcementId=1223218619&orgId=9900003782&announcementTime=2025-04-23,2025-04-24,2025-07-23,0.227473
002180,纳思达,2024,2025-04-12,2024年年度报告,http://www.cninfo.com.cn/new/disclosure/detail?stockCode=002180&announcementId=1223072032&orgId=9900003822&announcementTime=2025-04-12,2025-04-14,2025-07-11,0.002839
002181,粤 传 媒,2024,2025-04-04,2024年年度报告,http://www.cninfo.com.cn/new/disclosure/detail?stockCode=002181&announcementId=1223005934&orgId=9900003823&announcementTime=2025-04-04,2025-04-07,2025-07-04,0.280854
002183,怡 亚 通,2024,2025-04-10,2024年年度报告,http://www.cninfo.com.cn/new/disclosure/detail?stockCode=002183&announcementId=1223044798&orgId=9900003828&announcementTime=2025-04-10,2025-04-11,2025-07-10,-0.035508
002182,宝武镁业,2024,2025-04-25,2024年年度报告,http://www.cninfo.com.cn/new/disclosure/detail?stockCode=002182&announcementId=1223264340&orgId=9900003827&announcementTime=2025-04-25,2025-04-28,2025-07-25,0.062879
002184,海得控制,2024,2025-04-28,2024年年度报告,http://www.cninfo.com.cn/new/disclosure/detail?stockCode=002184&announcementId=1223324076&orgId=9900003861&announcementTime=2025-04-28,2025-04-29,2025-07-28,0.230515
002185,华天科技,2024,2025-04-01,2024年年度报告,http://www.cninfo.com.cn/new/disclosure/detail?stockCode=002185&announcementId=1222975804&orgId=9900003862&announcementTime=2025-04-01,2025-04-02,2025-07-02,-0.042692
002186,全 聚 德,2024,2025-04-15,2024年年度报告,http://www.cninfo.com.cn/new/disclosure/detail?stockCode=002186&announcementId=1223096137&orgId=9900003863&announcementTime=2025-04-15,2025-04-16,2025-07-15,-0.007471
002187,广百股份,2024,2025-03-29,2024年年度报告,http://www.cninfo.com.cn/new/disclosure/detail?stockCode=002187&announcementId=1222941839&orgId=9900003881&announcementTime=2025-03-29,2025-03-31,2025-06-30,-0.005974
002188,中天服务,2024,2025-02-26,2024年年度报告,http://www.cninfo.com.cn/new/disclosure/detail?stockCode=002188&announcementId=1222638503&orgId=9900003882&announcementTime=2025-02-26,2025-02-27,2025-05-28,0.073762
002189,中光学,2024,2025-04-22,2024年年度报告,http://www.cninfo.com.cn/new/disclosure/detail?stockCode=002189&announcementId=1223195866&orgId=9900003902&announcementTime=2025-04-22,2025-04-23,2025-07-22,0.584673
002190,成飞集成,2024,2025-03-15,2024年年度报告,http://www.cninfo.com.cn/new/disclosure/detail?stockCode=002190&announcementId=1222805253&orgId=9900003903&announcementTime=2025-03-15,2025-03-17,2025-06-16,1.162685
002191,劲嘉股份,2024,2025-04-29,2024年年度报告,http://www.cninfo.com.cn/new/disclosure/detail?stockCode=002191&announcementId=1223360621&orgId=9900003910&announcementTime=2025-04-29,2025-04-30,2025-07-29,0.127522
002192,融捷股份,2024,2025-04-22,2024年年度报告,http://www.cninfo.com.cn/new/disclosure/detail?stockCode=002192&announcementId=1223197788&orgId=9900003921&announcementTime=2025-04-22,2025-04-23,2025-07-22,0.296032
002194,武汉凡谷,2024,2025-03-29,2024年年度报告,http://www.cninfo.com.cn/new/disclosure/detail?stockCode=002194&announcementId=1222943393&orgId=9900003908&announcementTime=2025-03-29,2025-03-31,2025-06-30,0.232365
002193,如意集团,2024,2025-04-29,2024年年度报告,http://www.cninfo.com.cn/new/disclosure/detail?stockCode=002193&announcementId=1223384899&orgId=9900003911&announcementTime=2025-04-29,2025-04-30,2025-07-29,0.276534
002196,方正电机,2024,2025-04-16,2024年年度报告,http://www.cninfo.com.cn/new/disclosure/detail?stockCode=002196&announcementId=1223102059&orgId=9900003913&announcementTime=2025-04-16,2025-04-17,2025-07-16,0.194522
002195,岩山科技,2024,2025-04-22,2024年年度报告,http://www.cninfo.com.cn/new/disclosure/detail?stockCode=002195&announcementId=1223194321&orgId=9900003909&announcementTime=2025-04-22,2025-04-23,2025-07-22,0.073027
002198,嘉应制药,2024,2025-04-26,2024年年度报告,http://www.cninfo.com.cn/new/disclosure/detail?stockCode=002198&announcementId=1223330807&orgId=9900003905&announcementTime=2025-04-26,2025-04-28,2025-07-25,-0.013237
002197,证通电子,2024,2025-04-29,2024年年度报告,http://www.cninfo.com.cn/new/disclosure/detail?stockCode=002197&announcementId=1223382640&orgId=9900003915&announcementTime=2025-04-29,2025-04-30,2025-07-29,0.396465
002200,*ST交投,2024,2025-04-17,2024年年度报告,http://www.cninfo.com.cn/new/disclosure/detail?stockCode=002200&announcementId=1223114015&orgId=9900003907&announcementTime=2025-04-17,2025-04-18,2025-07-17,0.437186
002199,*ST东晶,2024,2025-03-25,2024年年度报告,http://www.cninfo.com.cn/new/disclosure/detail?stockCode=002199&announcementId=1222883079&orgId=9900003906&announcementTime=2025-03-25,2025-03-26,2025-07-02,0.612903
002201,九鼎新材,2024,2025-04-22,2024年年度报告,http://www.cninfo.com.cn/new/disclosure/detail?stockCode=002201&announcementId=1223193831&orgId=9900003944&announcementTime=2025-04-22,2025-04-23,2025-07-22,0.156529
002202,金风科技,2024,2025-03-29,2024年年度报告,http://www.cninfo.com.cn/new/disclosure/detail?stockCode=002202&announcementId=1222951109&orgId=9900003947&announcementTime=2025-03-29,2025-03-31,2025-06-30,0.125215
002204,大连重工,2024,2025-04-17,2024年年度报告,http://www.cninfo.com.cn/new/disclosure/detail?stockCode=002204&announcementId=1223109566&orgId=9900004001&announcementTime=2025-04-17,2025-04-18,2025-07-17,0.111111
002203,海亮股份,2024,2025-04-26,2024年年度报告,http://www.cninfo.com.cn/new/disclosure/detail?stockCode=002203&announcementId=1223321870&orgId=9900003945&announcementTime=2025-04-26,2025-04-28,2025-07-25,0.2062
002206,海 利 得,2024,2025-04-03,2024年年度报告,http://www.cninfo.com.cn/new/disclosure/detail?stockCode=002206&announcementId=1222991687&orgId=9900004023&announcementTime=2025-04-03,2025-04-07,2025-07-04,0.258473
002205,国统股份,2024,2025-04-29,2024年年度报告,http://www.cninfo.com.cn/new/disclosure/detail?stockCode=002205&announcementId=1223379173&orgId=9900004002&announcementTime=2025-04-29,2025-04-30,2025-07-29,0.575321
002208,合肥城建,2024,2025-04-10,2024年年度报告,http://www.cninfo.com.cn/new/disclosure/detail?stockCode=002208&announcementId=1223045443&orgId=9900003912&announcementTime=2025-04-10,2025-04-11,2025-07-10,0.198307
002207,准油股份,2024,2025-04-16,2024年年度报告,http://www.cninfo.com.cn/new/disclosure/detail?stockCode=002207&announcementId=1223100521&orgId=9900004022&announcementTime=2025-04-16,2025-04-17,2025-07-16,0.445933
002209,达 意 隆,2024,2025-04-10,2024年年度报告,http://www.cninfo.com.cn/new/disclosure/detail?stockCode=002209&announcementId=1223044223&orgId=9900004041&announcementTime=2025-04-10,2025-04-11,2025-07-10,0.315894
002210,飞马国际,2024,2025-04-25,2024年年度报告,http://www.cninfo.com.cn/new/disclosure/detail?stockCode=002210&announcementId=1223280642&orgId=9900004061&announcementTime=2025-04-25,2025-04-28,2025-07-25,0.129269
002212,天融信,2024,2025-04-19,2024年年度报告,http://www.cninfo.com.cn/new/disclosure/detail?stockCode=002212&announcementId=1223143764&orgId=9900004142&announcementTime=2025-04-19,2025-04-21,2025-07-18,0.152621
002211,ST宏达,2024,2025-04-24,2024年年度报告,http://www.cninfo.com.cn/new/disclosure/detail?stockCode=002211&announcementId=1223240271&orgId=9900004082&announcementTime=2025-04-24,2025-04-25,2025-07-24,-0.002288
002213,大为股份,2024,2025-04-11,2024年年度报告,http://www.cninfo.com.cn/new/disclosure/detail?stockCode=002213&announcementId=1223054433&orgId=9900004184&announcementTime=2025-04-11,2025-04-14,2025-07-11,0.233176
002214,*ST大立,2024,2025-04-26,2024年年度报告,http://www.cninfo.com.cn/new/disclosure/detail?stockCode=002214&announcementId=1223329054&orgId=9900004201&announcementTime=2025-04-26,2025-04-29,2025-07-28,0.239791
002215,诺 普 信,2024,2025-04-25,2024年年度报告,http://www.cninfo.com.cn/new/disclosure/detail?stockCode=002215&announcementId=1223268375&orgId=9900004141&announcementTime=2025-04-25,2025-04-28,2025-07-25,0.32071
002216,三全食品,2024,2025-04-22,2024年年度报告,http://www.cninfo.com.cn/new/disclosure/detail?stockCode=002216&announcementId=1223186404&orgId=9900004261&announcementTime=2025-04-22,2025-04-23,2025-07-22,-0.04152
002217,合力泰,2024,2025-04-29,2024年年度报告,http://www.cninfo.com.cn/new/disclosure/detail?stockCode=002217&announcementId=1223387003&orgId=9900004262&announcementTime=2025-04-29,2025-04-30,2025-07-30,0.150123
002218,拓日新能,2024,2025-04-23,2024年年度报告,http://www.cninfo.com.cn/new/disclosure/detail?stockCode=002218&announcementId=1223213084&orgId=9900004281&announcementTime=2025-04-23,2025-04-24,2025-07-23,0.218838
002219,新里程,2024,2025-04-29,2024年年度报告,http://www.cninfo.com.cn/new/disclosure/detail?stockCode=002219&announcementId=1223382797&orgId=9900004301&announcementTime=2025-04-29,2025-04-30,2025-07-29,0.004391
002221,东华能源,2024,2025-04-23,2024年年度报告,http://www.cninfo.com.cn/new/disclosure/detail?stockCode=002221&announcementId=1223212120&orgId=9900004342&announcementTime=2025-04-23,2025-04-24,2025-07-23,0.16228
002222,福晶科技,2024,2025-04-29,2024年年度报告,http://www.cninfo.com.cn/new/disclosure/detail?stockCode=002222&announcementId=1223360523&orgId=9900004361&announcementTime=2025-04-29,2025-04-30,2025-07-29,0.159753
002223,鱼跃医疗,2024,2025-04-26,2024年年度报告,http://www.cninfo.com.cn/new/disclosure/detail?stockCode=002223&announcementId=1223316577&orgId=9900004462&announcementTime=2025-04-26,2025-04-28,2025-07-25,0.076994
002224,三 力 士,2024,2025-04-29,2024年年度报告,http://www.cninfo.com.cn/new/disclosure/detail?stockCode=002224&announcementId=1223380357&orgId=9900004521&announcementTime=2025-04-29,2025-04-30,2025-07-29,0.087855
002225,濮耐股份,2024,2025-04-18,2024年年度报告,http://www.cninfo.com.cn/new/disclosure/detail?stockCode=002225&announcementId=1223123481&orgId=9900004522&announcementTime=2025-04-18,2025-04-21,2025-07-18,0.141153
002226,江南化工,2024,2025-04-17,2024年年度报告,http://www.cninfo.com.cn/new/disclosure/detail?stockCode=002226&announcementId=1223110433&orgId=9900004543&announcementTime=2025-04-17,2025-04-18,2025-07-17,0.025413
002227,奥 特 迅,2024,2025-04-30,2024年年度报告,http://www.cninfo.com.cn/new/disclosure/detail?stockCode=002227&announcementId=1223414049&orgId=9900004544&announcementTime=2025-04-30,2025-05-06,2025-07-30,0.188256
002228,合兴包装,2024,2025-04-26,2024年年度报告,http://www.cninfo.com.cn/new/disclosure/detail?stockCode=002228&announcementId=1223318784&orgId=9900004545&announcementTime=2025-04-26,2025-04-28,2025-07-25,0.147868
002230,科大讯飞,2024,2025-04-22,2024年年度报告,http://www.cninfo.com.cn/new/disclosure/detail?stockCode=002230&announcementId=1223191180&orgId=9900004565&announcementTime=2025-04-22,2025-04-23,2025-07-22,0.045919
002229,鸿博股份,2024,2025-04-25,2024年年度报告,http://www.cninfo.com.cn/new/disclosure/detail?stockCode=002229&announcementId=1223287834&orgId=9900004546&announcementTime=2025-04-25,2025-04-28,2025-07-25,0.50727
002232,启明信息,2024,2025-04-19,2024年年度报告,http://www.cninfo.com.cn/new/disclosure/detail?stockCode=002232&announcementId=1223151810&orgId=9900004567&announcementTime=2025-04-19,2025-04-21,2025-07-18,0.129329
002231,*ST奥维,2024,2025-04-29,2024年年度报告,http://www.cninfo.com.cn/new/disclosure/detail?stockCode=002231&announcementId=1223382140&orgId=9900004566&announcementTime=2025-04-29,2025-04-30,2025-07-29,-0.01606
002233,塔牌集团,2024,2025-03-18,2024年年度报告,http://www.cninfo.com.cn/new/disclosure/detail?stockCode=002233&announcementId=1222822951&orgId=9900004603&announcementTime=2025-03-18,2025-03-19,2025-06-18,-0.021618
002234,民和股份,2024,2025-03-29,2024年年度报告,http://www.cninfo.com.cn/new/disclosure/detail?stockCode=002234&announcementId=1222943285&orgId=9900004604&announcementTime=2025-03-29,2025-03-31,2025-06-30,-0.119861
002235,安妮股份,2024,2025-04-29,2024年年度报告,http://www.cninfo.com.cn/new/disclosure/detail?stockCode=002235&announcementId=1223376306&orgId=9900004605&announcementTime=2025-04-29,2025-04-30,2025-07-29,0.628866
002236,大华股份,2024,2025-03-29,2024年年度报告,http://www.cninfo.com.cn/new/disclosure/detail?stockCode=002236&announcementId=1222950079&orgId=9900004625&announcementTime=2025-03-29,2025-03-31,2025-06-30,-0.036084
002237,恒邦股份,2024,2025-03-27,2024年年度报告,http://www.cninfo.com.cn/new/disclosure/detail?stockCode=002237&announcementId=1222911333&orgId=9900004624&announcementTime=2025-03-27,2025-03-28,2025-06-27,0.066795
002238,天威视讯,2024,2025-04-19,2024年年度报告,http://www.cninfo.com.cn/new/disclosure/detail?stockCode=002238&announcementId=1223151025&orgId=9900004647&announcementTime=2025-04-19,2025-04-21,2025-07-18,0.133658
002239,奥特佳,2024,2025-04-19,2024年年度报告,http://www.cninfo.com.cn/new/disclosure/detail?stockCode=002239&announcementId=1223155045&orgId=9900004648&announcementTime=2025-04-19,2025-04-21,2025-07-18,0.046777
002240,盛新锂能,2024,2025-03-22,2024年年度报告,http://www.cninfo.com.cn/new/disclosure/detail?stockCode=002240&announcementId=1222870698&orgId=9900004687&announcementTime=2025-03-22,2025-03-24,2025-06-23,-0.060606
002241,歌尔股份,2024,2025-03-27,2024年年度报告,http://www.cninfo.com.cn/new/disclosure/detail?stockCode=002241&announcementId=1222912698&orgId=9900004688&announcementTime=2025-03-27,2025-03-28,2025-06-27,-0.120652
002242,九阳股份,2024,2025-03-28,2024年年度报告,http://www.cninfo.com.cn/new/disclosure/detail?stockCode=002242&announcementId=1222924414&orgId=9900004732&announcementTime=2025-03-28,2025-03-31,2025-06-30,-0.060579
002243,力合科创,2024,2025-03-27,2024年年度报告,http://www.cninfo.com.cn/new/disclosure/detail?stockCode=002243&announcementId=1222909669&orgId=9900004731&announcementTime=2025-03-27,2025-03-28,2025-06-27,-0.071565
002245,蔚蓝锂芯,2024,2025-03-11,2024年年度报告,http://www.cninfo.com.cn/new/disclosure/detail?stockCode=002245&announcementId=1222760043&orgId=9900004790&announcementTime=2025-03-11,2025-03-12,2025-06-11,-0.219322
002244,滨江集团,2024,2025-04-26,2024年年度报告,http://www.cninfo.com.cn/new/disclosure/detail?stockCode=002244&announcementId=1223305625&orgId=9900004730&announcementTime=2025-04-26,2025-04-28,2025-07-25,0.048224
002247,聚力文化,2024,2025-04-16,2024年年度报告,http://www.cninfo.com.cn/new/disclosure/detail?stockCode=002247&announcementId=1223101270&orgId=9900004830&announcementTime=2025-04-16,2025-04-17,2025-07-16,0.166667
002246,北化股份,2024,2025-04-24,2024年年度报告,http://www.cninfo.com.cn/new/disclosure/detail?stockCode=002246&announcementId=1223241868&orgId=9900004810&announcementTime=2025-04-24,2025-04-25,2025-07-24,0.815451
002248,华东数控,2024,2025-04-25,2024年年度报告,http://www.cninfo.com.cn/new/disclosure/detail?stockCode=002248&announcementId=1223272951&orgId=9900004870&announcementTime=2025-04-25,2025-04-28,2025-07-25,0.212753
002249,大洋电机,2024,2025-04-26,2024年年度报告,http://www.cninfo.com.cn/new/disclosure/detail?stockCode=002249&announcementId=1223322208&orgId=9900004896&announcementTime=2025-04-26,2025-04-28,2025-07-25,0.04614
002251,步步高,2024,2025-03-28,2024年年度报告,http://www.cninfo.com.cn/new/disclosure/detail?stockCode=002251&announcementId=1222929721&orgId=9900004894&announcementTime=2025-03-28,2025-03-31,2025-07-01,0.228977
002250,联化科技,2024,2025-04-25,2024年年度报告,http://www.cninfo.com.cn/new/disclosure/detail?stockCode=002250&announcementId=1223269401&orgId=9900004895&announcementTime=2025-04-25,2025-04-28,2025-07-25,0.58539
002252,上海莱士,2024,2025-04-18,2024年年度报告,http://www.cninfo.com.cn/new/disclosure/detail?stockCode=002252&announcementId=1223128663&orgId=9900004910&announcementTime=2025-04-18,2025-04-21,2025-07-18,0.027812
002253,*ST智胜,2024,2025-04-28,2024年年度报告,http://www.cninfo.com.cn/new/disclosure/detail?stockCode=002253&announcementId=1223327542&orgId=9900004911&announcementTime=2025-04-28,2025-04-29,2025-07-28,0.167815
002254,泰和新材,2024,2025-04-19,2024年年度报告,http://www.cninfo.com.cn/new/disclosure/detail?stockCode=002254&announcementId=1223152382&orgId=9900004933&announcementTime=2025-04-19,2025-04-21,2025-07-18,-0.129133
002255,海陆重工,2024,2025-03-20,2024年年度报告,http://www.cninfo.com.cn/new/disclosure/detail?stockCode=002255&announcementId=1222845503&orgId=9900004932&announcementTime=2025-03-20,2025-03-21,2025-06-20,0.140225
002256,兆新股份,2024,2025-04-18,2024年年度报告,http://www.cninfo.com.cn/new/disclosure/detail?stockCode=002256&announcementId=1223127383&orgId=9900004931&announcementTime=2025-04-18,2025-04-21,2025-07-18,0.095402
002258,利尔化学,2024,2025-03-28,2024年年度报告,http://www.cninfo.com.cn/new/disclosure/detail?stockCode=002258&announcementId=1222921204&orgId=9900004975&announcementTime=2025-03-28,2025-03-31,2025-06-30,0.262557
002259,升达林业,2024,2025-04-26,2024年年度报告,http://www.cninfo.com.cn/new/disclosure/detail?stockCode=002259&announcementId=1223324233&orgId=9900004996&announcementTime=2025-04-26,2025-04-28,2025-07-28,0.344221
002261,拓维信息,2024,2025-04-25,2024年年度报告,http://www.cninfo.com.cn/new/disclosure/detail?stockCode=002261&announcementId=1223269818&orgId=9900005034&announcementTime=2025-04-25,2025-04-28,2025-07-25,0.04012
002262,恩华药业,2024,2025-03-29,2024年年度报告,http://www.cninfo.com.cn/new/disclosure/detail?stockCode=002262&announcementId=1222941350&orgId=9900005035&announcementTime=2025-03-29,2025-03-31,2025-06-30,-0.073133
002263,大东南,2024,2025-04-26,2024年年度报告,http://www.cninfo.com.cn/new/disclosure/detail?stockCode=002263&announcementId=1223312016&orgId=9900005061&announcementTime=2025-04-26,2025-04-28,2025-07-25,0.466667
002265,建设工业,2024,2025-04-24,2024年年度报告,http://www.cninfo.com.cn/new/disclosure/detail?stockCode=002265&announcementId=1223236966&orgId=9900005074&announcementTime=2025-04-24,2025-04-25,2025-07-24,0.845015
002264,新 华 都,2024,2025-03-29,2024年年度报告,http://www.cninfo.com.cn/new/disclosure/detail?stockCode=002264&announcementId=1222942624&orgId=9900005062&announcementTime=2025-03-29,2025-03-31,2025-06-30,0.042391
002266,浙富控股,2024,2025-04-26,2024年年度报告,http://www.cninfo.com.cn/new/disclosure/detail?stockCode=002266&announcementId=1223310439&orgId=9900005075&announcementTime=2025-04-26,2025-04-28,2025-07-25,0.270481
002267,陕天然气,2024,2025-04-29,2024年年度报告,http://www.cninfo.com.cn/new/disclosure/detail?stockCode=002267&announcementId=1223371445&orgId=9900005096&announcementTime=2025-04-29,2025-04-30,2025-07-29,0.005934
002268,电科网安,2024,2025-04-29,2024年年度报告,http://www.cninfo.com.cn/new/disclosure/detail?stockCode=002268&announcementId=1223379935&orgId=9900005097&announcementTime=2025-04-29,2025-04-30,2025-07-29,0.244876
002269,美邦服饰,2024,2025-04-29,2024年年度报告,http://www.cninfo.com.cn/new/disclosure/detail?stockCode=002269&announcementId=1223379027&orgId=9900005143&announcementTime=2025-04-29,2025-04-30,2025-07-29,0.140808
002270,华明装备,2024,2025-04-11,2024年年度报告,http://www.cninfo.com.cn/new/disclosure/detail?stockCode=002270&announcementId=1223055875&orgId=9900005198&announcementTime=2025-04-11,2025-04-14,2025-07-11,0.140536
002271,东方雨虹,2024,2025-02-28,2024年年度报告,http://www.cninfo.com.cn/new/disclosure/detail?stockCode=002271&announcementId=1222663514&orgId=9900005238&announcementTime=2025-02-28,2025-03-03,2025-05-30,-0.073685
002272,川润股份,2024,2025-04-26,2024年年度报告,http://www.cninfo.com.cn/new/disclosure/detail?stockCode=002272&announcementId=1223310308&orgId=9900005281&announcementTime=2025-04-26,2025-04-28,2025-07-25,0.320039
002273,水晶光电,2024,2025-04-10,2024年年度报告,http://www.cninfo.com.cn/new/disclosure/detail?stockCode=002273&announcementId=1223043452&orgId=9900005282&announcementTime=2025-04-10,2025-04-11,2025-07-10,0.152493
002274,华昌化工,2024,2025-04-26,2024年年度报告,http://www.cninfo.com.cn/new/disclosure/detail?stockCode=002274&announcementId=1223314837&orgId=9900005320&announcementTime=2025-04-26,2025-04-28,2025-07-25,0.001844
002275,桂林三金,2024,2025-04-26,2024年年度报告,http://www.cninfo.com.cn/new/disclosure/detail?stockCode=002275&announcementId=1223312062&orgId=9900007027&announcementTime=2025-04-26,2025-04-28,2025-07-25,0.110018
002276,万马股份,2024,2025-04-19,2024年年度报告,http://www.cninfo.com.cn/new/disclosure/detail?stockCode=002276&announcementId=1223152940&orgId=9900007107&announcementTime=2025-04-19,2025-04-21,2025-07-18,0.05793
002277,友阿股份,2024,2025-04-29,2024年年度报告,http://www.cninfo.com.cn/new/disclosure/detail?stockCode=002277&announcementId=1223361354&orgId=9900007247&announcementTime=2025-04-29,2025-04-30,2025-07-29,0.164489
002278,神开股份,2024,2025-04-26,2024年年度报告,http://www.cninfo.com.cn/new/disclosure/detail?stockCode=002278&announcementId=1223321929&orgId=9900007787&announcementTime=2025-04-26,2025-04-28,2025-07-25,0.12343
002279,久其软件,2024,2025-04-25,2024年年度报告,http://www.cninfo.com.cn/new/disclosure/detail?stockCode=002279&announcementId=1223272724&orgId=9900000821&announcementTime=2025-04-25,2025-04-28,2025-07-25,0.090827
002281,光迅科技,2024,2025-04-24,2024年年度报告,http://www.cninfo.com.cn/new/disclosure/detail?stockCode=002281&announcementId=1223234851&orgId=9900007888&announcementTime=2025-04-24,2025-04-25,2025-07-24,0.135218
002282,博深股份,2024,2025-03-18,2024年年度报告,http://www.cninfo.com.cn/new/disclosure/detail?stockCode=002282&announcementId=1222822755&orgId=9900007908&announcementTime=2025-03-18,2025-03-19,2025-06-18,-0.099675
002283,天润工业,2024,2025-03-28,2024年年度报告,http://www.cninfo.com.cn/new/disclosure/detail?stockCode=002283&announcementId=1222940333&orgId=9900007907&announcementTime=2025-03-28,2025-03-31,2025-06-30,-0.099058
002284,亚太股份,2024,2025-03-29,2024年年度报告,http://www.cninfo.com.cn/new/disclosure/detail?stockCode=002284&announcementId=1222940048&orgId=9900007913&announcementTime=2025-03-29,2025-03-31,2025-06-30,0.121414
002285,世联行,2024,2025-04-25,2024年年度报告,http://www.cninfo.com.cn/new/disclosure/detail?stockCode=002285&announcementId=1223280507&orgId=9900007914&announcementTime=2025-04-25,2025-04-28,2025-07-25,0.01638
002286,保龄宝,2024,2025-04-25,2024年年度报告,http://www.cninfo.com.cn/new/disclosure/detail?stockCode=002286&announcementId=1223270212&orgId=9900007927&announcementTime=2025-04-25,2025-04-28,2025-07-25,0.362304
002287,奇正藏药,2024,2025-04-25,2024年年度报告,http://www.cninfo.com.cn/new/disclosure/detail?stockCode=002287&announcementId=1223266429&orgId=9900007928&announcementTime=2025-04-25,2025-04-28,2025-07-25,0.064417
002289,*ST宇顺,2024,2025-04-30,2024年年度报告,http://www.cninfo.com.cn/new/disclosure/detail?stockCode=002289&announcementId=1223421863&orgId=9900007948&announcementTime=2025-04-30,2025-05-06,2025-08-04,1.259362
002290,禾盛新材,2024,2025-03-28,2024年年度报告,http://www.cninfo.com.cn/new/disclosure/detail?stockCode=002290&announcementId=1222922630&orgId=9900007968&announcementTime=2025-03-28,2025-03-31,2025-06-30,0.20194
002291,遥望科技,2024,2025-04-29,2024年年度报告,http://www.cninfo.com.cn/new/disclosure/detail?stockCode=002291&announcementId=1223373627&orgId=9900007969&announcementTime=2025-04-29,2025-04-30,2025-07-29,0.147959
002292,奥飞娱乐,2024,2025-04-29,2024年年度报告,http://www.cninfo.com.cn/new/disclosure/detail?stockCode=002292&announcementId=1223375869&orgId=9900007988&announcementTime=2025-04-29,2025-04-30,2025-07-29,0.16119
002293,罗莱生活,2024,2025-04-25,2024年年度报告,http://www.cninfo.com.cn/new/disclosure/detail?stockCode=002293&announcementId=1223268572&orgId=9900008009&announcementTime=2025-04-25,2025-04-28,2025-07-25,0.059755
002294,信立泰,2024,2025-03-29,2024年年度报告,http://www.cninfo.com.cn/new/disclosure/detail?stockCode=002294&announcementId=1222946959&orgId=9900008010&announcementTime=2025-03-29,2025-03-31,2025-06-30,0.470772
002295,精艺股份,2024,2025-04-26,2024年年度报告,http://www.cninfo.com.cn/new/disclosure/detail?stockCode=002295&announcementId=1223332933&orgId=9900008168&announcementTime=2025-04-26,2025-04-28,2025-07-25,0.293871
002296,辉煌科技,2024,2025-04-25,2024年年度报告,http://www.cninfo.com.cn/new/disclosure/detail?stockCode=002296&announcementId=1223272149&orgId=9900008169&announcementTime=2025-04-25,2025-04-28,2025-07-25,0.089579
002297,博云新材,2024,2025-04-09,2024年年度报告,http://www.cninfo.com.cn/new/disclosure/detail?stockCode=002297&announcementId=1223030397&orgId=9900008207&announcementTime=2025-04-09,2025-04-10,2025-07-09,0.273322
002298,中电鑫龙,2024,2025-04-25,2024年年度报告,http://www.cninfo.com.cn/new/disclosure/detail?stockCode=002298&announcementId=1223286462&orgId=9900008208&announcementTime=2025-04-25,2025-04-28,2025-07-25,0.435542
002299,圣农发展,2024,2025-04-12,2024年年度报告,http://www.cninfo.com.cn/new/disclosure/detail?stockCode=002299&announcementId=1223071100&orgId=9900008409&announcementTime=2025-04-12,2025-04-14,2025-07-11,-0.049059
002300,太阳电缆,2024,2025-04-17,2024年年度报告,http://www.cninfo.com.cn/new/disclosure/detail?stockCode=002300&announcementId=1223112807&orgId=9900008410&announcementTime=2025-04-17,2025-04-18,2025-07-17,0.19078
002301,齐心集团,2024,2025-04-26,2024年年度报告,http://www.cninfo.com.cn/new/disclosure/detail?stockCode=002301&announcementId=1223310580&orgId=9900008467&announcementTime=2025-04-26,2025-04-28,2025-07-25,0.039435
002302,西部建设,2024,2025-04-03,2024年年度报告,http://www.cninfo.com.cn/new/disclosure/detail?stockCode=002302&announcementId=1222993581&orgId=9900008615&announcementTime=2025-04-03,2025-04-07,2025-07-04,0.019051
002303,美盈森,2024,2025-04-15,2024年年度报告,http://www.cninfo.com.cn/new/disclosure/detail?stockCode=002303&announcementId=1223093193&orgId=9900008616&announcementTime=2025-04-15,2025-04-16,2025-07-15,0.127117
002304,洋河股份,2024,2025-04-29,2024年年度报告,http://www.cninfo.com.cn/new/disclosure/detail?stockCode=002304&announcementId=1223370519&orgId=9900008689&announcementTime=2025-04-29,2025-04-30,2025-07-29,0.023855
002305,*ST南置,2024,2025-04-29,2024年年度报告,http://www.cninfo.com.cn/new/disclosure/detail?stockCode=002305&announcementId=1223381730&orgId=9900008690&announcementTime=2025-04-29,2025-04-30,2025-07-29,1.138568
002306,*ST云网,2024,2025-04-15,2024年年度报告,http://www.cninfo.com.cn/new/disclosure/detail?stockCode=002306&announcementId=1223097499&orgId=9900008769&announcementTime=2025-04-15,2025-04-16,2025-07-15,-0.144552
002307,北新路桥,2024,2025-04-23,2024年年度报告,http://www.cninfo.com.cn/new/disclosure/detail?stockCode=002307&announcementId=1223220770&orgId=9900008770&announcementTime=2025-04-23,2025-04-24,2025-07-23,0.104091
002309,中利集团,2024,2025-04-22,2024年年度报告,http://www.cninfo.com.cn/new/disclosure/detail?stockCode=002309&announcementId=1223197945&orgId=9900008969&announcementTime=2025-04-22,2025-04-23,2025-07-24,0.245935
002310,东方新能,2024,2025-04-29,2024年年度报告,http://www.cninfo.com.cn/new/disclosure/detail?stockCode=002310&announcementId=1223383574&orgId=9900009031&announcementTime=2025-04-29,2025-04-30,2025-07-30,0.059368
002311,海大集团,2024,2025-04-22,2024年年度报告,http://www.cninfo.com.cn/new/disclosure/detail?stockCode=002311&announcementId=1223185498&orgId=9900009032&announcementTime=2025-04-22,2025-04-23,2025-07-22,0.083966
002312,川发龙蟒,2024,2025-04-23,2024年年度报告,http://www.cninfo.com.cn/new/disclosure/detail?stockCode=002312&announcementId=1223219127&orgId=9900009110&announcementTime=2025-04-23,2025-04-24,2025-07-23,0.044973
002313,日海智能,2024,2025-03-21,2024年年度报告,http://www.cninfo.com.cn/new/disclosure/detail?stockCode=002313&announcementId=1222857937&orgId=9900009111&announcementTime=2025-03-21,2025-03-24,2025-06-23,-0.099927
002314,南山控股,2024,2025-04-28,2024年年度报告,http://www.cninfo.com.cn/new/disclosure/detail?stockCode=002314&announcementId=1223301868&orgId=9900009112&announcementTime=2025-04-28,2025-04-29,2025-07-28,0.240708
002315,焦点科技,2024,2025-02-26,2024年年度报告,http://www.cninfo.com.cn/new/disclosure/detail?stockCode=002315&announcementId=1222638000&orgId=9900009170&announcementTime=2025-02-26,2025-02-27,2025-05-28,-0.098041
002316,亚联发展,2024,2025-04-29,2024年年度报告,http://www.cninfo.com.cn/new/disclosure/detail?stockCode=002316&announcementId=1223381526&orgId=9900009171&announcementTime=2025-04-29,2025-04-30,2025-07-29,0.42588
002317,众生药业,2024,2025-04-26,2024年年度报告,http://www.cninfo.com.cn/new/disclosure/detail?stockCode=002317&announcementId=1223321642&orgId=9900009189&announcementTime=2025-04-26,2025-04-28,2025-07-25,0.492814
002318,久立特材,2024,2025-03-25,2024年年度报告,http://www.cninfo.com.cn/new/disclosure/detail?stockCode=002318&announcementId=1222882137&orgId=9900009190&announcementTime=2025-03-25,2025-03-26,2025-06-25,-0.04186
002319,乐通股份,2024,2025-04-28,2024年年度报告,http://www.cninfo.com.cn/new/disclosure/detail?stockCode=002319&announcementId=1223317195&orgId=9900009191&announcementTime=2025-04-28,2025-04-29,2025-07-28,0.424119
002320,海峡股份,2024,2025-03-29,2024年年度报告,http://www.cninfo.com.cn/new/disclosure/detail?stockCode=002320&announcementId=1222942739&orgId=9900009333&announcementTime=2025-03-29,2025-03-31,2025-06-30,0.077656
002321,华英农业,2024,2025-04-19,2024年年度报告,http://www.cninfo.com.cn/new/disclosure/detail?stockCode=002321&announcementId=1223152260&orgId=9900009334&announcementTime=2025-04-19,2025-04-21,2025-07-18,0.013436
002322,理工能科,2024,2025-04-10,2024年年度报告,http://www.cninfo.com.cn/new/disclosure/detail?stockCode=002322&announcementId=1223045628&orgId=9900009448&announcementTime=2025-04-10,2025-04-11,2025-07-10,0.048674
002324,普利特,2024,2025-04-19,2024年年度报告,http://www.cninfo.com.cn/new/disclosure/detail?stockCode=002324&announcementId=1223153726&orgId=9900009450&announcementTime=2025-04-19,2025-04-21,2025-07-18,0.231888
002323,雅博股份,2024,2025-04-29,2024年年度报告,http://www.cninfo.com.cn/new/disclosure/detail?stockCode=002323&announcementId=1223368077&orgId=9900009449&announcementTime=2025-04-29,2025-04-30,2025-07-29,0.152
002327,富安娜,2024,2025-04-26,2024年年度报告,http://www.cninfo.com.cn/new/disclosure/detail?stockCode=002327&announcementId=1223304384&orgId=9900009727&announcementTime=2025-04-26,2025-04-28,2025-07-25,-0.041786
002326,永太科技,2024,2025-04-28,2024年年度报告,http://www.cninfo.com.cn/new/disclosure/detail?stockCode=002326&announcementId=1223311878&orgId=9900009510&announcementTime=2025-04-28,2025-04-29,2025-07-28,0.39044
002328,新朋股份,2024,2025-04-26,2024年年度报告,http://www.cninfo.com.cn/new/disclosure/detail?stockCode=002328&announcementId=1223328910&orgId=9900009728&announcementTime=2025-04-26,2025-04-28,2025-07-25,0.116952
002329,皇氏集团,2024,2025-04-25,2024年年度报告,http://www.cninfo.com.cn/new/disclosure/detail?stockCode=002329&announcementId=1223267272&orgId=9900009827&announcementTime=2025-04-25,2025-04-28,2025-07-25,0.171265
002331,皖通科技,2024,2025-04-28,2024年年度报告,http://www.cninfo.com.cn/new/disclosure/detail?stockCode=002331&announcementId=1223302258&orgId=9900009829&announcementTime=2025-04-28,2025-04-29,2025-07-28,0.142382
002330,得利斯,2024,2025-04-16,2024年年度报告,http://www.cninfo.com.cn/new/disclosure/detail?stockCode=002330&announcementId=1223101858&orgId=9900009828&announcementTime=2025-04-16,2025-04-17,2025-07-16,0.061755
002332,仙琚制药,2024,2025-04-24,2024年年度报告,http://www.cninfo.com.cn/new/disclosure/detail?stockCode=002332&announcementId=1223241478&orgId=9900009947&announcementTime=2025-04-24,2025-04-25,2025-07-24,0.231109
002333,罗普斯金,2024,2025-04-07,2024年年度报告,http://www.cninfo.com.cn/new/disclosure/detail?stockCode=002333&announcementId=1223003982&orgId=9900009948&announcementTime=2025-04-07,2025-04-08,2025-07-07,0.152755
002334,英威腾,2024,2025-04-08,2024年年度报告,http://www.cninfo.com.cn/new/disclosure/detail?stockCode=002334&announcementId=1223021960&orgId=9900010031&announcementTime=2025-04-08,2025-04-09,2025-07-08,0.164719
002335,科华数据,2024,2025-04-26,2024年年度报告,http://www.cninfo.com.cn/new/disclosure/detail?stockCode=002335&announcementId=1223324436&orgId=9900010032&announcementTime=2025-04-26,2025-04-28,2025-07-25,0.084158
002337,赛象科技,2024,2025-04-25,2024年年度报告,http://www.cninfo.com.cn/new/disclosure/detail?stockCode=002337&announcementId=1223265360&orgId=9900010087&announcementTime=2025-04-25,2025-04-28,2025-07-25,0.177115
002338,奥普光电,2024,2025-04-22,2024年年度报告,http://www.cninfo.com.cn/new/disclosure/detail?stockCode=002338&announcementId=1223192794&orgId=9900010088&announcementTime=2025-04-22,2025-04-23,2025-07-22,0.165939
002339,积成电子,2024,2025-04-25,2024年年度报告,http://www.cninfo.com.cn/new/disclosure/detail?stockCode=002339&announcementId=1223269308&orgId=9900010251&announcementTime=2025-04-25,2025-04-28,2025-07-25,0.194195
002340,格林美,2024,2025-04-26,2024年年度报告,http://www.cninfo.com.cn/new/disclosure/detail?stockCode=002340&announcementId=1223332818&orgId=9900010252&announcementTime=2025-04-26,2025-04-28,2025-07-25,0.092797
002342,巨力索具,2024,2025-04-26,2024年年度报告,http://www.cninfo.com.cn/new/disclosure/detail?stockCode=002342&announcementId=1223306882&orgId=9900010327&announcementTime=2025-04-26,2025-04-28,2025-07-25,0.58876
002343,慈文传媒,2024,2025-04-10,2024年年度报告,http://www.cninfo.com.cn/new/disclosure/detail?stockCode=002343&announcementId=1223041935&orgId=9900010328&announcementTime=2025-04-10,2025-04-11,2025-07-10,0.30937
002344,海宁皮城,2024,2025-04-10,2024年年度报告,http://www.cninfo.com.cn/new/disclosure/detail?stockCode=002344&announcementId=1223046192&orgId=9900010329&announcementTime=2025-04-10,2025-04-11,2025-07-10,0.158221
002345,潮宏基,2024,2025-04-29,2024年年度报告,http://www.cninfo.com.cn/new/disclosure/detail?stockCode=002345&announcementId=1223379131&orgId=9900010347&announcementTime=2025-04-29,2025-04-30,2025-07-29,0.400145
002346,柘中股份,2024,2025-04-24,2024年年度报告,http://www.cninfo.com.cn/new/disclosure/detail?stockCode=002346&announcementId=1223242623&orgId=9900010348&announcementTime=2025-04-24,2025-04-25,2025-07-24,0.119329
002347,泰尔股份,2024,2025-04-25,2024年年度报告,http://www.cninfo.com.cn/new/disclosure/detail?stockCode=002347&announcementId=1223270777&orgId=9900010349&announcementTime=2025-04-25,2025-04-28,2025-07-25,0.175824
002348,高乐股份,2024,2025-04-28,2024年年度报告,http://www.cninfo.com.cn/new/disclosure/detail?stockCode=002348&announcementId=1223309999&orgId=9900010387&announcementTime=2025-04-28,2025-04-29,2025-07-28,0.286049
002349,精华制药,2024,2025-04-15,2024年年度报告,http://www.cninfo.com.cn/new/disclosure/detail?stockCode=002349&announcementId=1223094609&orgId=9900010389&announcementTime=2025-04-15,2025-04-16,2025-07-15,0.053553
002350,北京科锐,2024,2025-04-26,2024年年度报告,http://www.cninfo.com.cn/new/disclosure/detail?stockCode=002350&announcementId=1223302647&orgId=9900010388&announcementTime=2025-04-26,2025-04-28,2025-07-25,0.164606
002351,漫步者,2024,2025-03-29,2024年年度报告,http://www.cninfo.com.cn/new/disclosure/detail?stockCode=002351&announcementId=1222946707&orgId=9900010447&announcementTime=2025-03-29,2025-03-31,2025-06-30,-0.105306
002352,顺丰控股,2024,2025-03-29,2024年年度报告,http://www.cninfo.com.cn/new/disclosure/detail?stockCode=002352&announcementId=1222943385&orgId=9900010448&announcementTime=2025-03-29,2025-03-31,2025-06-30,0.154621
002353,杰瑞股份,2024,2025-04-10,2024年年度报告,http://www.cninfo.com.cn/new/disclosure/detail?stockCode=002353&announcementId=1223043290&orgId=9900010449&announcementTime=2025-04-10,2025-04-11,2025-07-10,0.143376
002354,天娱数科,2024,2025-04-18,2024年年度报告,http://www.cninfo.com.cn/new/disclosure/detail?stockCode=002354&announcementId=1223128415&orgId=9900010489&announcementTime=2025-04-18,2025-04-21,2025-07-18,0.256098
002355,兴民智通,2024,2025-04-22,2024年年度报告,http://www.cninfo.com.cn/new/disclosure/detail?stockCode=002355&announcementId=1223196970&orgId=9900010490&announcementTime=2025-04-22,2025-04-23,2025-07-22,0.099507
002356,赫美集团,2024,2025-04-29,2024年年度报告,http://www.cninfo.com.cn/new/disclosure/detail?stockCode=002356&announcementId=1223365489&orgId=9900010491&announcementTime=2025-04-29,2025-04-30,2025-07-29,0.13253
002357,富临运业,2024,2025-04-25,2024年年度报告,http://www.cninfo.com.cn/new/disclosure/detail?stockCode=002357&announcementId=1223272133&orgId=9900010527&announcementTime=2025-04-25,2025-04-28,2025-07-25,0.390454
002358,森源电气,2024,2025-04-25,2024年年度报告,http://www.cninfo.com.cn/new/disclosure/detail?stockCode=002358&announcementId=1223272570&orgId=9900010528&announcementTime=2025-04-25,2025-04-28,2025-07-25,0.059285
002360,同德化工,2024,2025-04-28,2024年年度报告,http://www.cninfo.com.cn/new/disclosure/detail?stockCode=002360&announcementId=1223328968&orgId=9900010767&announcementTime=2025-04-28,2025-04-29,2025-07-28,0.225985
002361,神剑股份,2024,2025-04-25,2024年年度报告,http://www.cninfo.com.cn/new/disclosure/detail?stockCode=002361&announcementId=1223265059&orgId=9900010768&announcementTime=2025-04-25,2025-04-28,2025-07-25,0.101201
002362,汉王科技,2024,2025-03-29,2024年年度报告,http://www.cninfo.com.cn/new/disclosure/detail?stockCode=002362&announcementId=1222951220&orgId=9900010769&announcementTime=2025-03-29,2025-03-31,2025-06-30,0.014939
002363,隆基机械,2024,2025-04-25,2024年年度报告,http://www.cninfo.com.cn/new/disclosure/detail?stockCode=002363&announcementId=1223268746&orgId=9900010847&announcementTime=2025-04-25,2025-04-28,2025-07-25,0.162469
002364,中恒电气,2024,2025-04-22,2024年年度报告,http://www.cninfo.com.cn/new/disclosure/detail?stockCode=002364&announcementId=1223189667&orgId=9900010848&announcementTime=2025-04-22,2025-04-23,2025-07-22,0.116237
002365,永安药业,2024,2025-04-10,2024年年度报告,http://www.cninfo.com.cn/new/disclosure/detail?stockCode=002365&announcementId=1223042723&orgId=9900010849&announcementTime=2025-04-10,2025-04-11,2025-07-10,1.529149
002366,融发核电,2024,2025-04-24,2024年年度报告,http://www.cninfo.com.cn/new/disclosure/detail?stockCode=002366&announcementId=1223244715&orgId=9900010927&announcementTime=2025-04-24,2025-04-25,2025-07-24,0.770815
002367,康力电梯,2024,2025-03-28,2024年年度报告,http://www.cninfo.com.cn/new/disclosure/detail?stockCode=002367&announcementId=1222925323&orgId=9900010928&announcementTime=2025-03-28,2025-03-31,2025-06-30,0.014708
002368,太极股份,2024,2025-04-02,2024年年度报告,http://www.cninfo.com.cn/new/disclosure/detail?stockCode=002368&announcementId=1222981389&orgId=9900010929&announcementTime=2025-04-02,2025-04-03,2025-07-03,-0.069822
002369,卓翼科技,2024,2025-04-22,2024年年度报告,http://www.cninfo.com.cn/new/disclosure/detail?stockCode=002369&announcementId=1223190419&orgId=9900011030&announcementTime=2025-04-22,2025-04-23,2025-07-22,0.079329
002370,亚太药业,2024,2025-04-25,2024年年度报告,http://www.cninfo.com.cn/new/disclosure/detail?stockCode=002370&announcementId=1223269975&orgId=9900011032&announcementTime=2025-04-25,2025-04-28,2025-07-25,0.711456
002371,北方华创,2024,2025-04-26,2024年年度报告,http://www.cninfo.com.cn/new/disclosure/detail?stockCode=002371&announcementId=1223309278&orgId=9900006137&announcementTime=2025-04-26,2025-04-28,2025-07-25,0.018632
002372,伟星新材,2024,2025-04-16,2024年年度报告,http://www.cninfo.com.cn/new/disclosure/detail?stockCode=002372&announcementId=1223102793&orgId=9900011087&announcementTime=2025-04-16,2025-04-17,2025-07-16,-0.074501
002373,千方科技,2024,2025-04-19,2024年年度报告,http://www.cninfo.com.cn/new/disclosure/detail?stockCode=002373&announcementId=1223150393&orgId=9900011088&announcementTime=2025-04-19,2025-04-21,2025-07-18,0.332057
002374,中锐股份,2024,2025-04-25,2024年年度报告,http://www.cninfo.com.cn/new/disclosure/detail?stockCode=002374&announcementId=1223282474&orgId=9900011089&announcementTime=2025-04-25,2025-04-28,2025-07-25,0.208833
002375,亚厦股份,2024,2025-04-29,2024年年度报告,http://www.cninfo.com.cn/new/disclosure/detail?stockCode=002375&announcementId=1223370650&orgId=9900011247&announcementTime=2025-04-29,2025-04-30,2025-07-29,0.138741
002376,新北洋,2024,2025-04-25,2024年年度报告,http://www.cninfo.com.cn/new/disclosure/detail?stockCode=002376&announcementId=1223270751&orgId=9900011249&announcementTime=2025-04-25,2025-04-28,2025-07-25,0.313681
002377,国创高新,2024,2025-04-24,2024年年度报告,http://www.cninfo.com.cn/new/disclosure/detail?stockCode=002377&announcementId=1223245300&orgId=9900011248&announcementTime=2025-04-24,2025-04-25,2025-07-24,0.225583
002378,章源钨业,2024,2025-04-22,2024年年度报告,http://www.cninfo.com.cn/new/disclosure/detail?stockCode=002378&announcementId=1223183624&orgId=9900011447&announcementTime=2025-04-22,2025-04-23,2025-07-22,0.352165
002379,宏桥控股,2024,2025-03-14,2024年年度报告,http://www.cninfo.com.cn/new/disclosure/detail?stockCode=002379&announcementId=1222787907&orgId=9900011448&announcementTime=2025-03-14,2025-03-17,2025-06-16,-0.034767
002380,科远智慧,2024,2025-04-25,2024年年度报告,http://www.cninfo.com.cn/new/disclosure/detail?stockCode=002380&announcementId=1223264518&orgId=9900011449&announcementTime=2025-04-25,2025-04-28,2025-07-25,0.01399
002382,蓝帆医疗,2024,2025-04-29,2024年年度报告,http://www.cninfo.com.cn/new/disclosure/detail?stockCode=002382&announcementId=1223379052&orgId=9900011548&announcementTime=2025-04-29,2025-04-30,2025-07-29,0.293966
002381,双箭股份,2024,2025-04-03,2024年年度报告,http://www.cninfo.com.cn/new/disclosure/detail?stockCode=002381&announcementId=1222990818&orgId=9900011547&announcementTime=2025-04-03,2025-04-07,2025-07-04,0.084145
002383,合众思壮,2024,2025-04-18,2024年年度报告,http://www.cninfo.com.cn/new/disclosure/detail?stockCode=002383&announcementId=1223123771&orgId=9900011549&announcementTime=2025-04-18,2025-04-21,2025-07-18,0.262975
002384,东山精密,2024,2025-04-25,2024年年度报告,http://www.cninfo.com.cn/new/disclosure/detail?stockCode=002384&announcementId=1223271985&orgId=9900011647&announcementTime=2025-04-25,2025-04-28,2025-07-25,1.125542
002386,天原股份,2024,2025-04-25,2024年年度报告,http://www.cninfo.com.cn/new/disclosure/detail?stockCode=002386&announcementId=1223266967&orgId=9900011649&announcementTime=2025-04-25,2025-04-28,2025-07-25,0.161062
002385,大北农,2024,2025-04-25,2024年年度报告,http://www.cninfo.com.cn/new/disclosure/detail?stockCode=002385&announcementId=1223265855&orgId=9900011648&announcementTime=2025-04-25,2025-04-28,2025-07-25,0.034104
002388,新亚制程,2024,2025-04-29,2024年年度报告,http://www.cninfo.com.cn/new/disclosure/detail?stockCode=002388&announcementId=1223382602&orgId=9900011729&announcementTime=2025-04-29,2025-04-30,2025-07-29,0.27091
002387,维信诺,2024,2025-03-21,2024年年度报告,http://www.cninfo.com.cn/new/disclosure/detail?stockCode=002387&announcementId=1222857284&orgId=9900011728&announcementTime=2025-03-21,2025-03-24,2025-06-23,-0.117895
002389,航天彩虹,2024,2025-03-29,2024年年度报告,http://www.cninfo.com.cn/new/disclosure/detail?stockCode=002389&announcementId=1222945992&orgId=9900011727&announcementTime=2025-03-29,2025-03-31,2025-06-30,0.274493
002390,信邦制药,2024,2025-04-15,2024年年度报告,http://www.cninfo.com.cn/new/disclosure/detail?stockCode=002390&announcementId=1223091721&orgId=9900011847&announcementTime=2025-04-15,2025-04-16,2025-07-15,0.052109
002391,长青股份,2024,2025-04-18,2024年年度报告,http://www.cninfo.com.cn/new/disclosure/detail?stockCode=002391&announcementId=1223124406&orgId=9900011848&announcementTime=2025-04-18,2025-04-21,2025-07-18,0.222962
002392,北京利尔,2024,2025-04-29,2024年年度报告,http://www.cninfo.com.cn/new/disclosure/detail?stockCode=002392&announcementId=1223373513&orgId=9900012090&announcementTime=2025-04-29,2025-04-30,2025-07-29,0.197079
002393,力生制药,2024,2025-03-21,2024年年度报告,http://www.cninfo.com.cn/new/disclosure/detail?stockCode=002393&announcementId=1222857661&orgId=9900012091&announcementTime=2025-03-21,2025-03-24,2025-06-23,0.166949
002394,联发股份,2024,2025-04-25,2024年年度报告,http://www.cninfo.com.cn/new/disclosure/detail?stockCode=002394&announcementId=1223272520&orgId=9900012092&announcementTime=2025-04-25,2025-04-28,2025-07-25,0.265552
002395,双象股份,2024,2025-04-15,2024年年度报告,http://www.cninfo.com.cn/new/disclosure/detail?stockCode=002395&announcementId=1223091574&orgId=9900012130&announcementTime=2025-04-15,2025-04-16,2025-07-15,0.216431
002396,星网锐捷,2024,2025-04-03,2024年年度报告,http://www.cninfo.com.cn/new/disclosure/detail?stockCode=002396&announcementId=1222990992&orgId=9900012131&announcementTime=2025-04-03,2025-04-07,2025-07-04,0.210271
002397,梦洁股份,2024,2025-04-28,2024年年度报告,http://www.cninfo.com.cn/new/disclosure/detail?stockCode=002397&announcementId=1223323980&orgId=9900012129&announcementTime=2025-04-28,2025-04-29,2025-07-28,0.036137
002398,垒知集团,2024,2025-04-26,2024年年度报告,http://www.cninfo.com.cn/new/disclosure/detail?stockCode=002398&announcementId=1223301171&orgId=9900012290&announcementTime=2025-04-26,2025-04-28,2025-07-25,0.381916
002399,海普瑞,2024,2025-03-29,2024年年度报告,http://www.cninfo.com.cn/new/disclosure/detail?stockCode=002399&announcementId=1222940103&orgId=9900012288&announcementTime=2025-03-29,2025-03-31,2025-06-30,0.040064
002400,省广集团,2024,2025-03-28,2024年年度报告,http://www.cninfo.com.cn/new/disclosure/detail?stockCode=002400&announcementId=1222923971&orgId=9900012289&announcementTime=2025-03-28,2025-03-31,2025-06-30,-0.0278
002401,中远海科,2024,2025-03-29,2024年年度报告,http://www.cninfo.com.cn/new/disclosure/detail?stockCode=002401&announcementId=1222948102&orgId=9900012287&announcementTime=2025-03-29,2025-03-31,2025-06-30,0.052118
002402,和而泰,2024,2025-04-23,2024年年度报告,http://www.cninfo.com.cn/new/disclosure/detail?stockCode=002402&announcementId=1223218799&orgId=9900012348&announcementTime=2025-04-23,2025-04-24,2025-07-23,0.221058
002404,嘉欣丝绸,2024,2025-03-28,2024年年度报告,http://www.cninfo.com.cn/new/disclosure/detail?stockCode=002404&announcementId=1222924844&orgId=9900012350&announcementTime=2025-03-28,2025-03-31,2025-06-30,0.116306
002405,四维图新,2024,2025-04-26,2024年年度报告,http://www.cninfo.com.cn/new/disclosure/detail?stockCode=002405&announcementId=1223327120&orgId=9900012447&announcementTime=2025-04-26,2025-04-28,2025-07-25,0.060086
002406,远东传动,2024,2025-04-09,2024年年度报告,http://www.cninfo.com.cn/new/disclosure/detail?stockCode=002406&announcementId=1223029695&orgId=9900012448&announcementTime=2025-04-09,2025-04-10,2025-07-09,0.123555
002407,多氟多,2024,2025-04-24,2024年年度报告,http://www.cninfo.com.cn/new/disclosure/detail?stockCode=002407&announcementId=1223233779&orgId=9900012449&announcementTime=2025-04-24,2025-04-25,2025-07-24,0.137909
002408,齐翔腾达,2024,2025-04-10,2024年年度报告,http://www.cninfo.com.cn/new/disclosure/detail?stockCode=002408&announcementId=1223043814&orgId=9900012450&announcementTime=2025-04-10,2025-04-11,2025-07-10,0.077679
002409,雅克科技,2024,2025-04-28,2024年年度报告,http://www.cninfo.com.cn/new/disclosure/detail?stockCode=002409&announcementId=1223314774&orgId=9900012610&announcementTime=2025-04-28,2025-04-29,2025-07-28,0.062471
002410,广联达,2024,2025-03-25,2024年年度报告,http://www.cninfo.com.cn/new/disclosure/detail?stockCode=002410&announcementId=1222881520&orgId=9900012609&announcementTime=2025-03-25,2025-03-26,2025-06-25,-0.034492
002412,汉森制药,2024,2025-04-26,2024年年度报告,http://www.cninfo.com.cn/new/disclosure/detail?stockCode=002412&announcementId=1223307584&orgId=9900012608&announcementTime=2025-04-26,2025-04-28,2025-07-25,0.146304
002413,雷科防务,2024,2025-04-19,2024年年度报告,http://www.cninfo.com.cn/new/disclosure/detail?stockCode=002413&announcementId=1223149241&orgId=9900012690&announcementTime=2025-04-19,2025-04-21,2025-07-18,0.324645
002414,高德红外,2024,2025-04-25,2024年年度报告,http://www.cninfo.com.cn/new/disclosure/detail?stockCode=002414&announcementId=1223276703&orgId=9900012687&announcementTime=2025-04-25,2025-04-28,2025-07-25,0.423629
002416,爱施德,2024,2025-04-22,2024年年度报告,http://www.cninfo.com.cn/new/disclosure/detail?stockCode=002416&announcementId=1223187822&orgId=9900012689&announcementTime=2025-04-22,2025-04-23,2025-07-22,0.060539
002415,海康威视,2024,2025-04-19,2024年年度报告,http://www.cninfo.com.cn/new/disclosure/detail?stockCode=002415&announcementId=1223153152&orgId=9900012688&announcementTime=2025-04-19,2025-04-21,2025-07-18,0.004494
002419,天虹股份,2024,2025-03-15,2024年年度报告,http://www.cninfo.com.cn/new/disclosure/detail?stockCode=002419&announcementId=1222805489&orgId=9900012729&announcementTime=2025-03-15,2025-03-17,2025-06-16,0.006975
002418,康盛股份,2024,2025-04-25,2024年年度报告,http://www.cninfo.com.cn/new/disclosure/detail?stockCode=002418&announcementId=1223287166&orgId=9900012728&announcementTime=2025-04-25,2025-04-28,2025-07-25,0.209441
002420,毅昌科技,2024,2025-03-22,2024年年度报告,http://www.cninfo.com.cn/new/disclosure/detail?stockCode=002420&announcementId=1222868940&orgId=9900012730&announcementTime=2025-03-22,2025-03-24,2025-06-23,-0.103501
002421,达实智能,2024,2025-04-22,2024年年度报告,http://www.cninfo.com.cn/new/disclosure/detail?stockCode=002421&announcementId=1223192706&orgId=9900012787&announcementTime=2025-04-22,2025-04-23,2025-07-22,0.011848
002422,科伦药业,2024,2025-04-24,2024年年度报告,http://www.cninfo.com.cn/new/disclosure/detail?stockCode=002422&announcementId=1223239994&orgId=9900012788&announcementTime=2025-04-24,2025-04-25,2025-07-24,-0.003373
002423,中粮资本,2024,2025-04-26,2024年年度报告,http://www.cninfo.com.cn/new/disclosure/detail?stockCode=002423&announcementId=1223308111&orgId=9900012789&announcementTime=2025-04-26,2025-04-28,2025-07-25,0.053111
002425,凯撒文化,2024,2025-04-28,2024年年度报告,http://www.cninfo.com.cn/new/disclosure/detail?stockCode=002425&announcementId=1223326442&orgId=9900012831&announcementTime=2025-04-28,2025-04-29,2025-07-28,0.412
002424,ST百灵,2024,2025-04-29,2024年年度报告,http://www.cninfo.com.cn/new/disclosure/detail?stockCode=002424&announcementId=1223391356&orgId=9900012790&announcementTime=2025-04-29,2025-04-30,2025-07-30,0.373882
002426,胜利精密,2024,2025-04-24,2024年年度报告,http://www.cninfo.com.cn/new/disclosure/detail?stockCode=002426&announcementId=1223245929&orgId=9900012832&announcementTime=2025-04-24,2025-04-25,2025-07-24,0.179636
002427,尤夫股份,2024,2025-04-28,2024年年度报告,http://www.cninfo.com.cn/new/disclosure/detail?stockCode=002427&announcementId=1223301083&orgId=9900012833&announcementTime=2025-04-28,2025-04-29,2025-07-28,0.165331
002428,云南锗业,2024,2025-03-28,2024年年度报告,http://www.cninfo.com.cn/new/disclosure/detail?stockCode=002428&announcementId=1222926437&orgId=9900012834&announcementTime=2025-03-28,2025-03-31,2025-06-30,-0.010769
002429,兆驰股份,2024,2025-04-17,2024年年度报告,http://www.cninfo.com.cn/new/disclosure/detail?stockCode=002429&announcementId=1223113522&orgId=9900012873&announcementTime=2025-04-17,2025-04-18,2025-07-17,0.093131
002430,杭氧股份,2024,2025-03-28,2024年年度报告,http://www.cninfo.com.cn/new/disclosure/detail?stockCode=002430&announcementId=1222926766&orgId=9900012874&announcementTime=2025-03-28,2025-03-31,2025-06-30,-0.069285
002431,棕榈股份,2024,2025-04-26,2024年年度报告,http://www.cninfo.com.cn/new/disclosure/detail?stockCode=002431&announcementId=1223316907&orgId=9900012875&announcementTime=2025-04-26,2025-04-28,2025-07-25,0.252941
002432,九安医疗,2024,2025-04-29,2024年年度报告,http://www.cninfo.com.cn/new/disclosure/detail?stockCode=002432&announcementId=1223375273&orgId=9900012876&announcementTime=2025-04-29,2025-04-30,2025-07-29,0.031889
002434,万里扬,2024,2025-04-23,2024年年度报告,http://www.cninfo.com.cn/new/disclosure/detail?stockCode=002434&announcementId=1223214498&orgId=9900012932&announcementTime=2025-04-23,2025-04-24,2025-07-23,0.109623
002436,兴森科技,2024,2025-04-25,2024年年度报告,http://www.cninfo.com.cn/new/disclosure/detail?stockCode=002436&announcementId=1223267526&orgId=9900012934&announcementTime=2025-04-25,2025-04-28,2025-07-25,0.43254
002437,誉衡药业,2024,2025-04-26,2024年年度报告,http://www.cninfo.com.cn/new/disclosure/detail?stockCode=002437&announcementId=1223302483&orgId=9900012988&announcementTime=2025-04-26,2025-04-28,2025-07-25,0.316443
002438,江苏神通,2024,2025-04-15,2024年年度报告,http://www.cninfo.com.cn/new/disclosure/detail?stockCode=002438&announcementId=1223093730&orgId=9900012990&announcementTime=2025-04-15,2025-04-16,2025-07-15,0.258644
002439,启明星辰,2024,2025-04-15,2024年年度报告,http://www.cninfo.com.cn/new/disclosure/detail?stockCode=002439&announcementId=1223095781&orgId=9900012989&announcementTime=2025-04-15,2025-04-16,2025-07-15,0.037123
002440,闰土股份,2024,2025-04-29,2024年年度报告,http://www.cninfo.com.cn/new/disclosure/detail?stockCode=002440&announcementId=1223360784&orgId=9900013207&announcementTime=2025-04-29,2025-04-30,2025-07-29,0.096532
002442,龙星科技,2024,2025-04-02,2024年年度报告,http://www.cninfo.com.cn/new/disclosure/detail?stockCode=002442&announcementId=1222984494&orgId=9900013209&announcementTime=2025-04-02,2025-04-03,2025-07-03,0.019871
002441,众业达,2024,2025-04-23,2024年年度报告,http://www.cninfo.com.cn/new/disclosure/detail?stockCode=002441&announcementId=1223209947&orgId=9900013208&announcementTime=2025-04-23,2025-04-24,2025-07-23,0.184388
002444,巨星科技,2024,2025-04-22,2024年年度报告,http://www.cninfo.com.cn/new/disclosure/detail?stockCode=002444&announcementId=1223190713&orgId=9900013367&announcementTime=2025-04-22,2025-04-23,2025-07-22,0.319165
002443,金洲管道,2024,2025-04-25,2024年年度报告,http://www.cninfo.com.cn/new/disclosure/detail?stockCode=002443&announcementId=1223269428&orgId=9900013210&announcementTime=2025-04-25,2025-04-28,2025-07-25,0.212484
002445,中南文化,2024,2025-04-19,2024年年度报告,http://www.cninfo.com.cn/new/disclosure/detail?stockCode=002445&announcementId=1223149467&orgId=9900013368&announcementTime=2025-04-19,2025-04-21,2025-07-18,0.128499
002446,盛路通信,2024,2025-04-23,2024年年度报告,http://www.cninfo.com.cn/new/disclosure/detail?stockCode=002446&announcementId=1223214490&orgId=9900013369&announcementTime=2025-04-23,2025-04-24,2025-07-23,0.148232
002448,中原内配,2024,2025-04-25,2024年年度报告,http://www.cninfo.com.cn/new/disclosure/detail?stockCode=002448&announcementId=1223265952&orgId=9900013432&announcementTime=2025-04-25,2025-04-28,2025-07-25,0.208268
002449,国星光电,2024,2025-04-19,2024年年度报告,http://www.cninfo.com.cn/new/disclosure/detail?stockCode=002449&announcementId=1223149662&orgId=9900013434&announcementTime=2025-04-19,2025-04-21,2025-07-18,0.108671
002451,摩恩电气,2024,2025-03-25,2024年年度报告,http://www.cninfo.com.cn/new/disclosure/detail?stockCode=002451&announcementId=1222881688&orgId=9900013507&announcementTime=2025-03-25,2025-03-26,2025-06-25,-0.028372
002452,长高电新,2024,2025-04-24,2024年年度报告,http://www.cninfo.com.cn/new/disclosure/detail?stockCode=002452&announcementId=1223244065&orgId=9900013508&announcementTime=2025-04-24,2025-04-25,2025-07-24,0.062082
002453,华软科技,2024,2025-04-29,2024年年度报告,http://www.cninfo.com.cn/new/disclosure/detail?stockCode=002453&announcementId=1223385449&orgId=9900013509&announcementTime=2025-04-29,2025-04-30,2025-07-29,0.070119
002454,松芝股份,2024,2025-04-26,2024年年度报告,http://www.cninfo.com.cn/new/disclosure/detail?stockCode=002454&announcementId=1223326567&orgId=9900013510&announcementTime=2025-04-26,2025-04-28,2025-07-25,0.238636
002455,百川股份,2024,2025-03-20,2024年年度报告,http://www.cninfo.com.cn/new/disclosure/detail?stockCode=002455&announcementId=1222844761&orgId=9900013692&announcementTime=2025-03-20,2025-03-21,2025-06-20,-0.116873
002456,欧菲光,2024,2025-04-02,2024年年度报告,http://www.cninfo.com.cn/new/disclosure/detail?stockCode=002456&announcementId=1222985151&orgId=9900013691&announcementTime=2025-04-02,2025-04-16,2025-07-15,-0.172617
002457,青龙管业,2024,2025-04-24,2024年年度报告,http://www.cninfo.com.cn/new/disclosure/detail?stockCode=002457&announcementId=1223247713&orgId=9900013690&announcementTime=2025-04-24,2025-04-25,2025-07-24,0.076784
002458,益生股份,2024,2025-03-28,2024年年度报告,http://www.cninfo.com.cn/new/disclosure/detail?stockCode=002458&announcementId=1222921697&orgId=9900013789&announcementTime=2025-03-28,2025-03-31,2025-06-30,-0.135046
002460,赣锋锂业,2024,2025-03-29,2024年年度报告,http://www.cninfo.com.cn/new/disclosure/detail?stockCode=002460&announcementId=1222949700&orgId=9900013787&announcementTime=2025-03-29,2025-03-31,2025-06-30,-0.000883
002459,晶澳科技,2024,2025-04-25,2024年年度报告,http://www.cninfo.com.cn/new/disclosure/detail?stockCode=002459&announcementId=1223270826&orgId=9900013788&announcementTime=2025-04-25,2025-04-28,2025-07-25,0.213738
002462,嘉事堂,2024,2025-04-26,2024年年度报告,http://www.cninfo.com.cn/new/disclosure/detail?stockCode=002462&announcementId=1223324542&orgId=9900013928&announcementTime=2025-04-26,2025-04-28,2025-07-25,0.186226
002461,珠江啤酒,2024,2025-03-28,2024年年度报告,http://www.cninfo.com.cn/new/disclosure/detail?stockCode=002461&announcementId=1222921587&orgId=9900011107&announcementTime=2025-03-28,2025-03-31,2025-06-30,0.134701
002463,沪电股份,2024,2025-03-26,2024年年度报告,http://www.cninfo.com.cn/new/disclosure/detail?stockCode=002463&announcementId=1222896592&orgId=9900013929&announcementTime=2025-03-26,2025-03-27,2025-06-26,0.287636
002465,海格通信,2024,2025-03-29,2024年年度报告,http://www.cninfo.com.cn/new/disclosure/detail?stockCode=002465&announcementId=1222948690&orgId=9900014188&announcementTime=2025-03-29,2025-03-31,2025-06-30,0.23729
002466,天齐锂业,2024,2025-03-27,2024年年度报告,http://www.cninfo.com.cn/new/disclosure/detail?stockCode=002466&announcementId=1222913103&orgId=9900014189&announcementTime=2025-03-27,2025-03-28,2025-06-27,0.038292
002467,二六三,2024,2025-03-31,2024年年度报告,http://www.cninfo.com.cn/new/disclosure/detail?stockCode=002467&announcementId=1222942905&orgId=9900014250&announcementTime=2025-03-31,2025-04-01,2025-07-01,0.123886
002468,申通快递,2024,2025-04-25,2024年年度报告,http://www.cninfo.com.cn/new/disclosure/detail?stockCode=002468&announcementId=1223267629&orgId=9900014251&announcementTime=2025-04-25,2025-04-28,2025-07-25,0.433236
002469,三维化学,2024,2025-03-27,2024年年度报告,http://www.cninfo.com.cn/new/disclosure/detail?stockCode=002469&announcementId=1222909580&orgId=9900014267&announcementTime=2025-03-27,2025-03-28,2025-06-27,-0.002552
002470,金正大,2024,2025-04-26,2024年年度报告,http://www.cninfo.com.cn/new/disclosure/detail?stockCode=002470&announcementId=1223317551&orgId=9900014252&announcementTime=2025-04-26,2025-04-28,2025-07-25,0.046575
002471,中超控股,2024,2025-04-15,2024年年度报告,http://www.cninfo.com.cn/new/disclosure/detail?stockCode=002471&announcementId=1223094007&orgId=9900014367&announcementTime=2025-04-15,2025-04-16,2025-07-15,0.421552
002474,榕基软件,2024,2025-04-18,2024年年度报告,http://www.cninfo.com.cn/new/disclosure/detail?stockCode=002474&announcementId=1223122698&orgId=9900014447&announcementTime=2025-04-18,2025-04-21,2025-07-18,0.163836
002472,双环传动,2024,2025-04-25,2024年年度报告,http://www.cninfo.com.cn/new/disclosure/detail?stockCode=002472&announcementId=1223270055&orgId=9900014368&announcementTime=2025-04-25,2025-04-28,2025-07-25,0.082016
002475,立讯精密,2024,2025-04-26,2024年年度报告,http://www.cninfo.com.cn/new/disclosure/detail?stockCode=002475&announcementId=1223326862&orgId=9900014448&announcementTime=2025-04-26,2025-04-28,2025-07-25,0.21174
002476,宝莫股份,2024,2025-04-22,2024年年度报告,http://www.cninfo.com.cn/new/disclosure/detail?stockCode=002476&announcementId=1223186854&orgId=9900014449&announcementTime=2025-04-22,2025-04-23,2025-07-22,0.116319
002478,常宝股份,2024,2025-03-28,2024年年度报告,http://www.cninfo.com.cn/new/disclosure/detail?stockCode=002478&announcementId=1222928418&orgId=9900014607&announcementTime=2025-03-28,2025-03-31,2025-06-30,-0.032746
002479,富春环保,2024,2025-04-15,2024年年度报告,http://www.cninfo.com.cn/new/disclosure/detail?stockCode=002479&announcementId=1223096114&orgId=9900014608&announcementTime=2025-04-15,2025-04-16,2025-07-15,0.164963
002480,新筑股份,2024,2025-04-26,2024年年度报告,http://www.cninfo.com.cn/new/disclosure/detail?stockCode=002480&announcementId=1223300963&orgId=9900014609&announcementTime=2025-04-26,2025-04-28,2025-08-08,0.446948
002481,双塔食品,2024,2025-04-29,2024年年度报告,http://www.cninfo.com.cn/new/disclosure/detail?stockCode=002481&announcementId=1223357032&orgId=9900014610&announcementTime=2025-04-29,2025-04-30,2025-07-29,0.018815
002482,广田集团,2024,2025-04-22,2024年年度报告,http://www.cninfo.com.cn/new/disclosure/detail?stockCode=002482&announcementId=1223193604&orgId=9900014775&announcementTime=2025-04-22,2025-04-23,2025-07-22,0.050938
002483,润邦股份,2024,2025-04-29,2024年年度报告,http://www.cninfo.com.cn/new/disclosure/detail?stockCode=002483&announcementId=1223363625&orgId=9900014776&announcementTime=2025-04-29,2025-04-30,2025-07-29,0.106009
002484,江海股份,2024,2025-04-08,2024年年度报告,http://www.cninfo.com.cn/new/disclosure/detail?stockCode=002484&announcementId=1223021356&orgId=9900014777&announcementTime=2025-04-08,2025-04-09,2025-07-08,0.407283
002485,ST雪发,2024,2025-04-29,2024年年度报告,http://www.cninfo.com.cn/new/disclosure/detail?stockCode=002485&announcementId=1223372874&orgId=9900014994&announcementTime=2025-04-29,2025-04-30,2025-07-29,0.440994
002486,嘉麟杰,2024,2025-04-29,2024年年度报告,http://www.cninfo.com.cn/new/disclosure/detail?stockCode=002486&announcementId=1223378287&orgId=9900014995&announcementTime=2025-04-29,2025-04-30,2025-07-29,0.28764
002487,大金重工,2024,2025-04-12,2024年年度报告,http://www.cninfo.com.cn/new/disclosure/detail?stockCode=002487&announcementId=1223067849&orgId=9900014996&announcementTime=2025-04-12,2025-04-14,2025-07-11,0.314844
002488,金固股份,2024,2025-04-26,2024年年度报告,http://www.cninfo.com.cn/new/disclosure/detail?stockCode=002488&announcementId=1223318639&orgId=9900015174&announcementTime=2025-04-26,2025-04-28,2025-07-25,0.036228
002489,浙江永强,2024,2025-04-22,2024年年度报告,http://www.cninfo.com.cn/new/disclosure/detail?stockCode=002489&announcementId=1223185024&orgId=9900015175&announcementTime=2025-04-22,2025-04-23,2025-07-22,0.113888
002490,山东墨龙,2024,2025-03-29,2024年年度报告,http://www.cninfo.com.cn/new/disclosure/detail?stockCode=002490&announcementId=1222946943&orgId=gshk0000568&announcementTime=2025-03-29,2025-03-31,2025-07-01,0.837482
002491,通鼎互联,2024,2025-04-26,2024年年度报告,http://www.cninfo.com.cn/new/disclosure/detail?stockCode=002491&announcementId=1223324678&orgId=9900015177&announcementTime=2025-04-26,2025-04-28,2025-07-25,0.179283
002492,恒基达鑫,2024,2025-04-19,2024年年度报告,http://www.cninfo.com.cn/new/disclosure/detail?stockCode=002492&announcementId=1223155398&orgId=9900015501&announcementTime=2025-04-19,2025-04-21,2025-07-18,0.216943
002493,荣盛石化,2024,2025-04-25,2024年年度报告,http://www.cninfo.com.cn/new/disclosure/detail?stockCode=002493&announcementId=1223285131&orgId=9900015502&announcementTime=2025-04-25,2025-04-28,2025-07-25,0.164809
002494,华斯股份,2024,2025-04-16,2024年年度报告,http://www.cninfo.com.cn/new/disclosure/detail?stockCode=002494&announcementId=1223099481&orgId=9900015503&announcementTime=2025-04-16,2025-04-17,2025-07-16,0.212598
002495,佳隆股份,2024,2025-04-25,2024年年度报告,http://www.cninfo.com.cn/new/disclosure/detail?stockCode=002495&announcementId=1223265379&orgId=9900015504&announcementTime=2025-04-25,2025-04-28,2025-07-25,0.080198
002496,*ST辉丰,2024,2025-04-22,2024年年度报告,http://www.cninfo.com.cn/new/disclosure/detail?stockCode=002496&announcementId=1223196307&orgId=9900015672&announcementTime=2025-04-22,2025-04-23,2025-07-22,0.427602
002497,雅化集团,2024,2025-04-29,2024年年度报告,http://www.cninfo.com.cn/new/disclosure/detail?stockCode=002497&announcementId=1223380034&orgId=9900015673&announcementTime=2025-04-29,2025-04-30,2025-07-29,0.388961
002498,汉缆股份,2024,2025-04-28,2024年年度报告,http://www.cninfo.com.cn/new/disclosure/detail?stockCode=002498&announcementId=1223303992&orgId=9900015674&announcementTime=2025-04-28,2025-04-29,2025-07-28,0.118905
002500,山西证券,2024,2025-04-26,2024年年度报告,http://www.cninfo.com.cn/new/disclosure/detail?stockCode=002500&announcementId=1223320856&orgId=qsgn0000279&announcementTime=2025-04-26,2025-04-28,2025-07-25,0.124302
002501,利源股份,2024,2025-04-29,2024年年度报告,http://www.cninfo.com.cn/new/disclosure/detail?stockCode=002501&announcementId=1223389029&orgId=9900015790&announcementTime=2025-04-29,2025-04-30,2025-07-29,0.035169
002506,协鑫集成,2024,2025-04-29,2024年年度报告,http://www.cninfo.com.cn/new/disclosure/detail?stockCode=002506&announcementId=1223373197&orgId=9900015881&announcementTime=2025-04-29,2025-04-30,2025-07-29,0.306103
002507,涪陵榨菜,2024,2025-03-29,2024年年度报告,http://www.cninfo.com.cn/new/disclosure/detail?stockCode=002507&announcementId=1222941660&orgId=9900015937&announcementTime=2025-03-29,2025-03-31,2025-06-30,-0.038973
002510,天汽模,2024,2025-04-29,2024年年度报告,http://www.cninfo.com.cn/new/disclosure/detail?stockCode=002510&announcementId=1223360963&orgId=9900015998&announcementTime=2025-04-29,2025-04-30,2025-07-29,0.181445
002508,老板电器,2024,2025-04-29,2024年年度报告,http://www.cninfo.com.cn/new/disclosure/detail?stockCode=002508&announcementId=1223374553&orgId=9900015938&announcementTime=2025-04-29,2025-04-30,2025-07-29,0.018826
002511,中顺洁柔,2024,2025-04-25,2024年年度报告,http://www.cninfo.com.cn/new/disclosure/detail?stockCode=002511&announcementId=1223267242&orgId=9900015999&announcementTime=2025-04-25,2025-04-28,2025-07-25,0.183707
002512,达华智能,2024,2025-04-26,2024年年度报告,http://www.cninfo.com.cn/new/disclosure/detail?stockCode=002512&announcementId=1223321574&orgId=9900016127&announcementTime=2025-04-26,2025-04-28,2025-07-25,0.175866
002513,蓝丰生化,2024,2025-04-29,2024年年度报告,http://www.cninfo.com.cn/new/disclosure/detail?stockCode=002513&announcementId=1223380116&orgId=9900016128&announcementTime=2025-04-29,2025-04-30,2025-07-29,0.252082
002514,宝馨科技,2024,2025-04-29,2024年年度报告,http://www.cninfo.com.cn/new/disclosure/detail?stockCode=002514&announcementId=1223370804&orgId=9900016129&announcementTime=2025-04-29,2025-04-30,2025-07-29,0.325768
002515,金字火腿,2024,2025-04-01,2024年年度报告,http://www.cninfo.com.cn/new/disclosure/detail?stockCode=002515&announcementId=1222971773&orgId=9900016130&announcementTime=2025-04-01,2025-04-02,2025-07-09,0.137313
002516,旷达科技,2024,2025-03-22,2024年年度报告,http://www.cninfo.com.cn/new/disclosure/detail?stockCode=002516&announcementId=1222865525&orgId=9900016207&announcementTime=2025-03-22,2025-03-24,2025-06-23,-0.061751
002517,恺英网络,2024,2025-04-26,2024年年度报告,http://www.cninfo.com.cn/new/disclosure/detail?stockCode=002517&announcementId=1223305372&orgId=9900016208&announcementTime=2025-04-26,2025-04-28,2025-07-25,0.137022
002518,科士达,2024,2025-04-25,2024年年度报告,http://www.cninfo.com.cn/new/disclosure/detail?stockCode=002518&announcementId=1223277009&orgId=9900016209&announcementTime=2025-04-25,2025-04-28,2025-07-25,0.057281
002519,银河电子,2024,2025-04-25,2024年年度报告,http://www.cninfo.com.cn/new/disclosure/detail?stockCode=002519&announcementId=1223276867&orgId=9900016210&announcementTime=2025-04-25,2025-04-28,2025-07-25,0.185417
002521,齐峰新材,2024,2025-04-12,2024年年度报告,http://www.cninfo.com.cn/new/disclosure/detail?stockCode=002521&announcementId=1223069087&orgId=9900016328&announcementTime=2025-04-12,2025-04-14,2025-07-11,0.011645
002520,日发精机,2024,2025-04-25,2024年年度报告,http://www.cninfo.com.cn/new/disclosure/detail?stockCode=002520&announcementId=1223268159&orgId=9900016327&announcementTime=2025-04-25,2025-04-28,2025-07-25,0.159684
002522,浙江众成,2024,2025-04-19,2024年年度报告,http://www.cninfo.com.cn/new/disclosure/detail?stockCode=002522&announcementId=1223145502&orgId=9900016329&announcementTime=2025-04-19,2025-04-21,2025-07-18,0.170621
002523,天桥起重,2024,2025-04-26,2024年年度报告,http://www.cninfo.com.cn/new/disclosure/detail?stockCode=002523&announcementId=1223309946&orgId=9900016330&announcementTime=2025-04-26,2025-04-28,2025-07-25,0.175337
002524,光正眼科,2024,2025-04-24,2024年年度报告,http://www.cninfo.com.cn/new/disclosure/detail?stockCode=002524&announcementId=1223248586&orgId=9900016430&announcementTime=2025-04-24,2025-04-25,2025-07-24,0.247275
002526,山东矿机,2024,2025-04-23,2024年年度报告,http://www.cninfo.com.cn/new/disclosure/detail?stockCode=002526&announcementId=1223217782&orgId=9900016432&announcementTime=2025-04-23,2025-04-24,2025-07-23,0.121851
002527,新时达,2024,2025-04-26,2024年年度报告,http://www.cninfo.com.cn/new/disclosure/detail?stockCode=002527&announcementId=1223322671&orgId=9900016567&announcementTime=2025-04-26,2025-04-28,2025-07-25,0.346282
002528,ST英飞拓,2024,2025-04-30,2024年年度报告,http://www.cninfo.com.cn/new/disclosure/detail?stockCode=002528&announcementId=1223414557&orgId=9900016568&announcementTime=2025-04-30,2025-05-06,2025-07-30,0.255639
002529,*ST海源,2024,2025-04-28,2024年年度报告,http://www.cninfo.com.cn/new/disclosure/detail?stockCode=002529&announcementId=1223330204&orgId=9900006138&announcementTime=2025-04-28,2025-04-29,2025-07-28,0.255287
002530,金财互联,2024,2025-04-28,2024年年度报告,http://www.cninfo.com.cn/new/disclosure/detail?stockCode=002530&announcementId=1223325596&orgId=9900016747&announcementTime=2025-04-28,2025-04-29,2025-07-28,0.016139
002531,天顺风能,2024,2025-04-25,2024年年度报告,http://www.cninfo.com.cn/new/disclosure/detail?stockCode=002531&announcementId=1223267753&orgId=9900016748&announcementTime=2025-04-25,2025-04-28,2025-07-25,0.001609
002532,天山铝业,2024,2025-04-18,2024年年度报告,http://www.cninfo.com.cn/new/disclosure/detail?stockCode=002532&announcementId=1223122101&orgId=9900016749&announcementTime=2025-04-18,2025-04-21,2025-07-18,0.176658
002533,金杯电工,2024,2025-03-29,2024年年度报告,http://www.cninfo.com.cn/new/disclosure/detail?stockCode=002533&announcementId=1222946482&orgId=9900016750&announcementTime=2025-03-29,2025-03-31,2025-06-30,-0.058528
002534,西子洁能,2024,2025-03-31,2024年年度报告,http://www.cninfo.com.cn/new/disclosure/detail?stockCode=002534&announcementId=1222947929&orgId=9900016928&announcementTime=2025-03-31,2025-04-01,2025-07-01,-0.094544
002536,飞龙股份,2024,2025-03-20,2024年年度报告,http://www.cninfo.com.cn/new/disclosure/detail?stockCode=002536&announcementId=1222846981&orgId=9900016931&announcementTime=2025-03-20,2025-03-21,2025-06-20,-0.142766
002535,林州重机,2024,2025-04-09,2024年年度报告,http://www.cninfo.com.cn/new/disclosure/detail?stockCode=002535&announcementId=1223029362&orgId=9900016930&announcementTime=2025-04-09,2025-04-10,2025-07-09,-0.014727
002538,司尔特,2024,2025-04-30,2024年年度报告,http://www.cninfo.com.cn/new/disclosure/detail?stockCode=002538&announcementId=1223438971&orgId=9900017115&announcementTime=2025-04-30,2025-05-06,2025-07-30,0.100822
002537,海联金汇,2024,2025-04-26,2024年年度报告,http://www.cninfo.com.cn/new/disclosure/detail?stockCode=002537&announcementId=1223332866&orgId=9900016929&announcementTime=2025-04-26,2025-04-28,2025-07-25,0.112602
002539,云图控股,2024,2025-03-22,2024年年度报告,http://www.cninfo.com.cn/new/disclosure/detail?stockCode=002539&announcementId=1222868053&orgId=9900017116&announcementTime=2025-03-22,2025-03-24,2025-06-23,0.146879
002540,亚太科技,2024,2025-04-22,2024年年度报告,http://www.cninfo.com.cn/new/disclosure/detail?stockCode=002540&announcementId=1223189561&orgId=9900017117&announcementTime=2025-04-22,2025-04-23,2025-07-22,0.0429
002541,鸿路钢构,2024,2025-04-18,2024年年度报告,http://www.cninfo.com.cn/new/disclosure/detail?stockCode=002541&announcementId=1223127330&orgId=9900017118&announcementTime=2025-04-18,2025-04-21,2025-07-18,-0.077205
002542,中化岩土,2024,2025-04-29,2024年年度报告,http://www.cninfo.com.cn/new/disclosure/detail?stockCode=002542&announcementId=1223386176&orgId=9900017427&announcementTime=2025-04-29,2025-04-30,2025-07-29,0.353273
002543,万和电气,2024,2025-04-26,2024年年度报告,http://www.cninfo.com.cn/new/disclosure/detail?stockCode=002543&announcementId=1223317619&orgId=9900017428&announcementTime=2025-04-26,2025-04-28,2025-07-25,0.1576
002544,普天科技,2024,2025-04-25,2024年年度报告,http://www.cninfo.com.cn/new/disclosure/detail?stockCode=002544&announcementId=1223275955&orgId=9900017429&announcementTime=2025-04-25,2025-04-28,2025-07-25,0.096772
002545,东方铁塔,2024,2025-04-28,2024年年度报告,http://www.cninfo.com.cn/new/disclosure/detail?stockCode=002545&announcementId=1223302874&orgId=9900017607&announcementTime=2025-04-28,2025-04-29,2025-07-28,0.355681
002547,春兴精工,2024,2025-04-25,2024年年度报告,http://www.cninfo.com.cn/new/disclosure/detail?stockCode=002547&announcementId=1223270465&orgId=9900017828&announcementTime=2025-04-25,2025-04-28,2025-07-25,0.122549
002546,新联电子,2024,2025-03-29,2024年年度报告,http://www.cninfo.com.cn/new/disclosure/detail?stockCode=002546&announcementId=1222942443&orgId=9900017608&announcementTime=2025-03-29,2025-03-31,2025-06-30,0.120261
002548,金新农,2024,2025-04-15,2024年年度报告,http://www.cninfo.com.cn/new/disclosure/detail?stockCode=002548&announcementId=1223093006&orgId=9900017829&announcementTime=2025-04-15,2025-04-16,2025-07-15,-0.046899
002549,凯美特气,2024,2025-04-25,2024年年度报告,http://www.cninfo.com.cn/new/disclosure/detail?stockCode=002549&announcementId=1223281086&orgId=9900017827&announcementTime=2025-04-25,2025-04-28,2025-07-25,0.506292
002550,千红制药,2024,2025-04-19,2024年年度报告,http://www.cninfo.com.cn/new/disclosure/detail?stockCode=002550&announcementId=1223142459&orgId=9900017830&announcementTime=2025-04-19,2025-04-21,2025-07-18,1.039476
002551,尚荣医疗,2024,2025-04-29,2024年年度报告,http://www.cninfo.com.cn/new/disclosure/detail?stockCode=002551&announcementId=1223365196&orgId=9900018063&announcementTime=2025-04-29,2025-04-30,2025-07-29,0.213492
002553,南方精工,2024,2025-04-23,2024年年度报告,http://www.cninfo.com.cn/new/disclosure/detail?stockCode=002553&announcementId=1223220436&orgId=9900018065&announcementTime=2025-04-23,2025-04-24,2025-07-23,0.177385
002552,宝鼎科技,2024,2025-03-29,2024年年度报告,http://www.cninfo.com.cn/new/disclosure/detail?stockCode=002552&announcementId=1222950189&orgId=9900018064&announcementTime=2025-03-29,2025-03-31,2025-06-30,-0.022628
002554,惠博普,2024,2025-04-29,2024年年度报告,http://www.cninfo.com.cn/new/disclosure/detail?stockCode=002554&announcementId=1223360796&orgId=9900018066&announcementTime=2025-04-29,2025-04-30,2025-07-29,0.193095
002555,三七互娱,2024,2025-04-19,2024年年度报告,http://www.cninfo.com.cn/new/disclosure/detail?stockCode=002555&announcementId=1223144140&orgId=9900018279&announcementTime=2025-04-19,2025-04-21,2025-07-18,0.125379
002557,洽洽食品,2024,2025-04-24,2024年年度报告,http://www.cninfo.com.cn/new/disclosure/detail?stockCode=002557&announcementId=1223280054&orgId=9900018281&announcementTime=2025-04-24,2025-04-25,2025-07-24,-0.005407
002556,辉隆股份,2024,2025-04-17,2024年年度报告,http://www.cninfo.com.cn/new/disclosure/detail?stockCode=002556&announcementId=1223111192&orgId=9900018282&announcementTime=2025-04-17,2025-04-18,2025-07-17,0.126617
002558,巨人网络,2024,2025-04-25,2024年年度报告,http://www.cninfo.com.cn/new/disclosure/detail?stockCode=002558&announcementId=1223272908&orgId=9900018280&announcementTime=2025-04-25,2025-04-28,2025-07-25,0.748297
002559,亚威股份,2024,2025-04-28,2024年年度报告,http://www.cninfo.com.cn/new/disclosure/detail?stockCode=002559&announcementId=1223303808&orgId=9900018387&announcementTime=2025-04-28,2025-04-29,2025-07-28,0.133667
002560,通达股份,2024,2025-04-24,2024年年度报告,http://www.cninfo.com.cn/new/disclosure/detail?stockCode=002560&announcementId=1223240195&orgId=9900018388&announcementTime=2025-04-24,2025-04-25,2025-07-24,0.299964
002561,徐家汇,2024,2025-03-29,2024年年度报告,http://www.cninfo.com.cn/new/disclosure/detail?stockCode=002561&announcementId=1222943525&orgId=9900018389&announcementTime=2025-03-29,2025-03-31,2025-06-30,0.073339
002562,兄弟科技,2024,2025-04-26,2024年年度报告,http://www.cninfo.com.cn/new/disclosure/detail?stockCode=002562&announcementId=1223307941&orgId=9900018667&announcementTime=2025-04-26,2025-04-28,2025-07-25,0.290333
002563,森马服饰,2024,2025-04-01,2024年年度报告,http://www.cninfo.com.cn/new/disclosure/detail?stockCode=002563&announcementId=1222970747&orgId=9900018668&announcementTime=2025-04-01,2025-04-02,2025-07-02,-0.235932
002564,天沃科技,2024,2025-04-24,2024年年度报告,http://www.cninfo.com.cn/new/disclosure/detail?stockCode=002564&announcementId=1223246517&orgId=9900018669&announcementTime=2025-04-24,2025-04-25,2025-07-24,0.118973
002565,顺灏股份,2024,2025-04-29,2024年年度报告,http://www.cninfo.com.cn/new/disclosure/detail?stockCode=002565&announcementId=1223380524&orgId=9900018830&announcementTime=2025-04-29,2025-04-30,2025-07-29,0.966963
002566,益盛药业,2024,2025-04-18,2024年年度报告,http://www.cninfo.com.cn/new/disclosure/detail?stockCode=002566&announcementId=1223120990&orgId=9900018831&announcementTime=2025-04-18,2025-04-21,2025-07-18,0.107424
002567,唐人神,2024,2025-04-29,2024年年度报告,http://www.cninfo.com.cn/new/disclosure/detail?stockCode=002567&announcementId=1223377105&orgId=9900018892&announcementTime=2025-04-29,2025-04-30,2025-07-29,0.012437
002569,*ST步森,2024,2025-04-25,2024年年度报告,http://www.cninfo.com.cn/new/disclosure/detail?stockCode=002569&announcementId=1223283497&orgId=9900019034&announcementTime=2025-04-25,2025-04-28,2025-07-25,0.376699
002568,百润股份,2024,2025-04-29,2024年年度报告,http://www.cninfo.com.cn/new/disclosure/detail?stockCode=002568&announcementId=1223367524&orgId=9900018893&announcementTime=2025-04-29,2025-04-30,2025-07-29,-0.064356
002570,贝因美,2024,2025-04-29,2024年年度报告,http://www.cninfo.com.cn/new/disclosure/detail?stockCode=002570&announcementId=1223388219&orgId=9900019035&announcementTime=2025-04-29,2025-04-30,2025-07-29,0.101716
002571,德力股份,2024,2025-04-18,2024年年度报告,http://www.cninfo.com.cn/new/disclosure/detail?stockCode=002571&announcementId=1223123367&orgId=9900019036&announcementTime=2025-04-18,2025-04-21,2025-07-18,-0.258105
002572,索菲亚,2024,2025-04-29,2024年年度报告,http://www.cninfo.com.cn/new/disclosure/detail?stockCode=002572&announcementId=1223367847&orgId=9900019037&announcementTime=2025-04-29,2025-04-30,2025-07-29,-0.029896
002573,清新环境,2024,2025-04-18,2024年年度报告,http://www.cninfo.com.cn/new/disclosure/detail?stockCode=002573&announcementId=1223128039&orgId=9900019152&announcementTime=2025-04-18,2025-04-21,2025-07-18,0.108995
002575,群兴玩具,2024,2025-04-29,2024年年度报告,http://www.cninfo.com.cn/new/disclosure/detail?stockCode=002575&announcementId=1223364186&orgId=9900019213&announcementTime=2025-04-29,2025-04-30,2025-07-29,-0.086019
002574,明牌珠宝,2024,2025-04-26,2024年年度报告,http://www.cninfo.com.cn/new/disclosure/detail?stockCode=002574&announcementId=1223317285&orgId=9900019212&announcementTime=2025-04-26,2025-04-28,2025-07-25,0.087801
002576,通达动力,2024,2025-04-22,2024年年度报告,http://www.cninfo.com.cn/new/disclosure/detail?stockCode=002576&announcementId=1223185614&orgId=9900019312&announcementTime=2025-04-22,2025-04-23,2025-07-22,0.288877
002577,雷柏科技,2024,2025-04-02,2024年年度报告,http://www.cninfo.com.cn/new/disclosure/detail?stockCode=002577&announcementId=1222984304&orgId=9900019313&announcementTime=2025-04-02,2025-04-03,2025-07-03,-0.041535
002578,闽发铝业,2024,2025-04-03,2024年年度报告,http://www.cninfo.com.cn/new/disclosure/detail?stockCode=002578&announcementId=1222991382&orgId=9900019314&announcementTime=2025-04-03,2025-04-07,2025-07-04,0.101305
002579,中京电子,2024,2025-04-24,2024年年度报告,http://www.cninfo.com.cn/new/disclosure/detail?stockCode=002579&announcementId=1223243680&orgId=9900019410&announcementTime=2025-04-24,2025-04-25,2025-07-24,0.641011
002580,圣阳股份,2024,2025-04-26,2024年年度报告,http://www.cninfo.com.cn/new/disclosure/detail?stockCode=002580&announcementId=1223304533&orgId=9900019411&announcementTime=2025-04-26,2025-04-28,2025-07-25,0.171672
002581,ST未名,2024,2025-04-24,2024年年度报告,http://www.cninfo.com.cn/new/disclosure/detail?stockCode=002581&announcementId=1223246075&orgId=9900019530&announcementTime=2025-04-24,2025-04-25,2025-07-25,-0.028494
002582,好想你,2024,2025-04-24,2024年年度报告,http://www.cninfo.com.cn/new/disclosure/detail?stockCode=002582&announcementId=1223246167&orgId=9900019704&announcementTime=2025-04-24,2025-04-25,2025-07-24,-0.07935
002583,海能达,2024,2025-04-29,2024年年度报告,http://www.cninfo.com.cn/new/disclosure/detail?stockCode=002583&announcementId=1223378490&orgId=9900019838&announcementTime=2025-04-29,2025-04-30,2025-07-29,0.08388
002585,双星新材,2024,2025-04-23,2024年年度报告,http://www.cninfo.com.cn/new/disclosure/detail?stockCode=002585&announcementId=1223219817&orgId=9900019959&announcementTime=2025-04-23,2025-04-24,2025-07-23,0.145661
002584,西陇科学,2024,2025-04-26,2024年年度报告,http://www.cninfo.com.cn/new/disclosure/detail?stockCode=002584&announcementId=1223321095&orgId=9900019958&announcementTime=2025-04-26,2025-04-28,2025-07-25,-0.105874
002587,奥拓电子,2024,2025-04-29,2024年年度报告,http://www.cninfo.com.cn/new/disclosure/detail?stockCode=002587&announcementId=1223356550&orgId=9900020087&announcementTime=2025-04-29,2025-04-30,2025-07-29,0.122331
002586,ST围海,2024,2025-04-29,2024年年度报告,http://www.cninfo.com.cn/new/disclosure/detail?stockCode=002586&announcementId=1223362887&orgId=9900019960&announcementTime=2025-04-29,2025-04-30,2025-07-29,-0.026028
002588,史丹利,2024,2025-04-18,2024年年度报告,http://www.cninfo.com.cn/new/disclosure/detail?stockCode=002588&announcementId=1223122753&orgId=9900020088&announcementTime=2025-04-18,2025-04-21,2025-07-18,0.13188
002589,瑞康医药,2024,2025-04-24,2024年年度报告,http://www.cninfo.com.cn/new/disclosure/detail?stockCode=002589&announcementId=1223244943&orgId=9900020089&announcementTime=2025-04-24,2025-04-25,2025-07-24,0.090346
002591,恒大高新,2024,2025-04-28,2024年年度报告,http://www.cninfo.com.cn/new/disclosure/detail?stockCode=002591&announcementId=1223307146&orgId=9900009048&announcementTime=2025-04-28,2025-04-29,2025-07-28,0.322163
002590,万安科技,2024,2025-04-11,2024年年度报告,http://www.cninfo.com.cn/new/disclosure/detail?stockCode=002590&announcementId=1223056461&orgId=9900020090&announcementTime=2025-04-11,2025-04-14,2025-07-11,0.241191
002593,日上集团,2024,2025-04-15,2024年年度报告,http://www.cninfo.com.cn/new/disclosure/detail?stockCode=002593&announcementId=1223093551&orgId=9900020387&announcementTime=2025-04-15,2025-04-16,2025-07-15,0.101673
002592,ST八菱,2024,2025-03-27,2024年年度报告,http://www.cninfo.com.cn/new/disclosure/detail?stockCode=002592&announcementId=1222911122&orgId=9900020254&announcementTime=2025-03-27,2025-03-28,2025-06-27,0.189902
002595,豪迈科技,2024,2025-03-18,2024年年度报告,http://www.cninfo.com.cn/new/disclosure/detail?stockCode=002595&announcementId=1222823238&orgId=9900020389&announcementTime=2025-03-18,2025-03-19,2025-06-18,0.164101
002594,比亚迪,2024,2025-03-25,2024年年度报告,http://www.cninfo.com.cn/new/disclosure/detail?stockCode=002594&announcementId=1222881496&orgId=gshk0001211&announcementTime=2025-03-25,2025-03-26,2025-06-25,-0.054995
002596,海南瑞泽,2024,2025-04-19,2024年年度报告,http://www.cninfo.com.cn/new/disclosure/detail?stockCode=002596&announcementId=1223151570&orgId=9900020487&announcementTime=2025-04-19,2025-04-21,2025-07-18,0.304427
002597,金禾实业,2024,2025-04-18,2024年年度报告,http://www.cninfo.com.cn/new/disclosure/detail?stockCode=002597&announcementId=1223125114&orgId=9900020703&announcementTime=2025-04-18,2025-04-21,2025-07-18,-0.037508
002599,盛通股份,2024,2025-04-23,2024年年度报告,http://www.cninfo.com.cn/new/disclosure/detail?stockCode=002599&announcementId=1223212014&orgId=9900020847&announcementTime=2025-04-23,2025-04-24,2025-07-23,0.019556
002598,山东章鼓,2024,2025-04-29,2024年年度报告,http://www.cninfo.com.cn/new/disclosure/detail?stockCode=002598&announcementId=1223373510&orgId=9900020704&announcementTime=2025-04-29,2025-04-30,2025-07-29,0.220309
002600,领益智造,2024,2025-03-29,2024年年度报告,http://www.cninfo.com.cn/new/disclosure/detail?stockCode=002600&announcementId=1222947139&orgId=9900020848&announcementTime=2025-03-29,2025-03-31,2025-06-30,-0.051733
002601,龙佰集团,2024,2025-04-24,2024年年度报告,http://www.cninfo.com.cn/new/disclosure/detail?stockCode=002601&announcementId=1223236815&orgId=9900020849&announcementTime=2025-04-24,2025-04-25,2025-07-24,0.100591
002602,世纪华通,2024,2025-04-29,2024年年度报告,http://www.cninfo.com.cn/new/disclosure/detail?stockCode=002602&announcementId=1223382771&orgId=9900021007&announcementTime=2025-04-29,2025-04-30,2025-07-29,0.619274
002603,以岭药业,2024,2025-04-29,2024年年度报告,http://www.cninfo.com.cn/new/disclosure/detail?stockCode=002603&announcementId=1223376453&orgId=9900021072&announcementTime=2025-04-29,2025-04-30,2025-07-29,0.23351
002605,姚记科技,2024,2025-04-25,2024年年度报告,http://www.cninfo.com.cn/new/disclosure/detail?stockCode=002605&announcementId=1223265315&orgId=9900021171&announcementTime=2025-04-25,2025-04-28,2025-07-25,0.06589
002606,大连电瓷,2024,2025-04-25,2024年年度报告,http://www.cninfo.com.cn/new/disclosure/detail?stockCode=002606&announcementId=1223265222&orgId=9900021172&announcementTime=2025-04-25,2025-04-28,2025-07-25,0.143499
002607,中公教育,2024,2025-04-26,2024年年度报告,http://www.cninfo.com.cn/new/disclosure/detail?stockCode=002607&announcementId=1223325491&orgId=9900021221&announcementTime=2025-04-26,2025-04-28,2025-07-25,0.022965
002608,江苏国信,2024,2025-04-26,2024年年度报告,http://www.cninfo.com.cn/new/disclosure/detail?stockCode=002608&announcementId=1223302947&orgId=9900021237&announcementTime=2025-04-26,2025-04-28,2025-07-25,0.005194
002609,捷顺科技,2024,2025-04-26,2024年年度报告,http://www.cninfo.com.cn/new/disclosure/detail?stockCode=002609&announcementId=1223318817&orgId=9900021238&announcementTime=2025-04-26,2025-04-28,2025-07-25,0.119068
002611,东方精工,2024,2025-03-18,2024年年度报告,http://www.cninfo.com.cn/new/disclosure/detail?stockCode=002611&announcementId=1222822719&orgId=9900021298&announcementTime=2025-03-18,2025-03-19,2025-06-18,-0.096639
002613,北玻股份,2024,2025-04-26,2024年年度报告,http://www.cninfo.com.cn/new/disclosure/detail?stockCode=002613&announcementId=1223318276&orgId=9900021350&announcementTime=2025-04-26,2025-04-28,2025-07-25,0.072158
002612,朗姿股份,2024,2025-04-03,2024年年度报告,http://www.cninfo.com.cn/new/disclosure/detail?stockCode=002612&announcementId=1222990298&orgId=9900021326&announcementTime=2025-04-03,2025-04-07,2025-07-04,0.135735
002615,哈尔斯,2024,2025-04-22,2024年年度报告,http://www.cninfo.com.cn/new/disclosure/detail?stockCode=002615&announcementId=1223194371&orgId=9900021413&announcementTime=2025-04-22,2025-04-23,2025-07-22,0.205824
002614,奥佳华,2024,2025-04-29,2024年年度报告,http://www.cninfo.com.cn/new/disclosure/detail?stockCode=002614&announcementId=1223375575&orgId=9900021412&announcementTime=2025-04-29,2025-04-30,2025-07-29,0.080782
002616,长青集团,2024,2025-04-22,2024年年度报告,http://www.cninfo.com.cn/new/disclosure/detail?stockCode=002616&announcementId=1223191372&orgId=9900021434&announcementTime=2025-04-22,2025-04-23,2025-07-22,0.118907
002617,露笑科技,2024,2025-04-26,2024年年度报告,http://www.cninfo.com.cn/new/disclosure/detail?stockCode=002617&announcementId=1223309661&orgId=9900021430&announcementTime=2025-04-26,2025-04-28,2025-07-25,0.089286
002620,ST瑞和,2024,2025-04-29,2024年年度报告,http://www.cninfo.com.cn/new/disclosure/detail?stockCode=002620&announcementId=1223380973&orgId=9900021475&announcementTime=2025-04-29,2025-04-30,2025-07-29,0.110028
002622,皓宸医疗,2024,2025-04-26,2024年年度报告,http://www.cninfo.com.cn/new/disclosure/detail?stockCode=002622&announcementId=1223331946&orgId=9900021500&announcementTime=2025-04-26,2025-04-28,2025-07-25,0.253879
002623,亚玛顿,2024,2025-04-28,2024年年度报告,http://www.cninfo.com.cn/new/disclosure/detail?stockCode=002623&announcementId=1223320112&orgId=9900021501&announcementTime=2025-04-28,2025-04-29,2025-07-28,0.692042
002624,完美世界,2024,2025-04-26,2024年年度报告,http://www.cninfo.com.cn/new/disclosure/detail?stockCode=002624&announcementId=1223315461&orgId=9900021520&announcementTime=2025-04-26,2025-04-28,2025-07-25,0.20404
002625,光启技术,2024,2025-04-25,2024年年度报告,http://www.cninfo.com.cn/new/disclosure/detail?stockCode=002625&announcementId=1223281089&orgId=9900021556&announcementTime=2025-04-25,2025-04-28,2025-07-25,-0.039824
002626,金达威,2024,2025-04-10,2024年年度报告,http://www.cninfo.com.cn/new/disclosure/detail?stockCode=002626&announcementId=1223042763&orgId=9900021528&announcementTime=2025-04-10,2025-04-11,2025-07-10,0.364534
002627,三峡旅游,2024,2025-04-22,2024年年度报告,http://www.cninfo.com.cn/new/disclosure/detail?stockCode=002627&announcementId=1223191142&orgId=9900021537&announcementTime=2025-04-22,2025-04-23,2025-07-22,-0.111732
002628,成都路桥,2024,2025-04-10,2024年年度报告,http://www.cninfo.com.cn/new/disclosure/detail?stockCode=002628&announcementId=1223045966&orgId=9900021545&announcementTime=2025-04-10,2025-04-11,2025-07-10,0.31524
002630,ST华西,2024,2025-04-29,2024年年度报告,http://www.cninfo.com.cn/new/disclosure/detail?stockCode=002630&announcementId=1223390855&orgId=9900021630&announcementTime=2025-04-29,2025-04-30,2025-07-29,-0.252585
002629,仁智股份,2024,2025-04-21,2024年年度报告,http://www.cninfo.com.cn/new/disclosure/detail?stockCode=002629&announcementId=1223144090&orgId=9900021552&announcementTime=2025-04-21,2025-04-22,2025-07-21,0.220865
002631,德尔未来,2024,2025-04-19,2024年年度报告,http://www.cninfo.com.cn/new/disclosure/detail?stockCode=002631&announcementId=1223151446&orgId=9900021631&announcementTime=2025-04-19,2025-04-21,2025-07-18,0.010695
002632,道明光学,2024,2025-04-22,2024年年度报告,http://www.cninfo.com.cn/new/disclosure/detail?stockCode=002632&announcementId=1223187707&orgId=9900021691&announcementTime=2025-04-22,2025-04-23,2025-07-22,0.127788
002634,棒杰股份,2024,2025-04-26,2024年年度报告,http://www.cninfo.com.cn/new/disclosure/detail?stockCode=002634&announcementId=1223320330&orgId=9900021794&announcementTime=2025-04-26,2025-04-28,2025-07-25,0.19992
002633,申科股份,2024,2025-04-18,2024年年度报告,http://www.cninfo.com.cn/new/disclosure/detail?stockCode=002633&announcementId=1223130843&orgId=9900021749&announcementTime=2025-04-18,2025-04-21,2025-07-18,0.525556
002635,安洁科技,2024,2025-03-28,2024年年度报告,http://www.cninfo.com.cn/new/disclosure/detail?stockCode=002635&announcementId=1222928147&orgId=9900021759&announcementTime=2025-03-28,2025-03-31,2025-06-30,-0.119286
002636,金安国纪,2024,2025-04-29,2024年年度报告,http://www.cninfo.com.cn/new/disclosure/detail?stockCode=002636&announcementId=1223375784&orgId=9900021766&announcementTime=2025-04-29,2025-04-30,2025-07-29,0.542765
002637,赞宇科技,2024,2025-04-22,2024年年度报告,http://www.cninfo.com.cn/new/disclosure/detail?stockCode=002637&announcementId=1223189468&orgId=9900021767&announcementTime=2025-04-22,2025-04-23,2025-07-22,0.154007
002638,勤上股份,2024,2025-04-23,2024年年度报告,http://www.cninfo.com.cn/new/disclosure/detail?stockCode=002638&announcementId=1223213760&orgId=9900021768&announcementTime=2025-04-23,2025-04-24,2025-07-23,0.185904
002639,雪人集团,2024,2025-04-25,2024年年度报告,http://www.cninfo.com.cn/new/disclosure/detail?stockCode=002639&announcementId=1223276459&orgId=9900021772&announcementTime=2025-04-25,2025-04-28,2025-07-25,0.478844
002640,跨境通,2024,2025-03-29,2024年年度报告,http://www.cninfo.com.cn/new/disclosure/detail?stockCode=002640&announcementId=1222942844&orgId=9900021795&announcementTime=2025-03-29,2025-03-31,2025-06-30,0.46495
002642,荣联科技,2024,2025-04-02,2024年年度报告,http://www.cninfo.com.cn/new/disclosure/detail?stockCode=002642&announcementId=1222985038&orgId=9900021847&announcementTime=2025-04-02,2025-04-03,2025-07-03,-0.008894
002641,公元股份,2024,2025-04-24,2024年年度报告,http://www.cninfo.com.cn/new/disclosure/detail?stockCode=002641&announcementId=1223240128&orgId=9900021802&announcementTime=2025-04-24,2025-04-25,2025-07-24,0.040331
002643,万润股份,2024,2025-04-25,2024年年度报告,http://www.cninfo.com.cn/new/disclosure/detail?stockCode=002643&announcementId=1223272346&orgId=9900021848&announcementTime=2025-04-25,2025-04-28,2025-07-25,0.229225
002644,佛慈制药,2024,2025-04-26,2024年年度报告,http://www.cninfo.com.cn/new/disclosure/detail?stockCode=002644&announcementId=1223308897&orgId=9900021870&announcementTime=2025-04-26,2025-04-28,2025-07-25,0.142117
002645,华宏科技,2024,2025-04-25,2024年年度报告,http://www.cninfo.com.cn/new/disclosure/detail?stockCode=002645&announcementId=1223269193&orgId=9900021858&announcementTime=2025-04-25,2025-04-28,2025-07-25,1.080223
002646,天佑德酒,2024,2025-04-23,2024年年度报告,http://www.cninfo.com.cn/new/disclosure/detail?stockCode=002646&announcementId=1223216499&orgId=9900021859&announcementTime=2025-04-23,2025-04-24,2025-07-23,0.163327
002647,*ST仁东,2024,2025-04-29,2024年年度报告,http://www.cninfo.com.cn/new/disclosure/detail?stockCode=002647&announcementId=1223385008&orgId=9900021885&announcementTime=2025-04-29,2025-04-30,2025-07-29,0.14131
002649,博彦科技,2024,2025-04-26,2024年年度报告,http://www.cninfo.com.cn/new/disclosure/detail?stockCode=002649&announcementId=1223313008&orgId=9900021913&announcementTime=2025-04-26,2025-04-28,2025-07-25,0.193663
002648,卫星化学,2024,2025-03-25,2024年年度报告,http://www.cninfo.com.cn/new/disclosure/detail?stockCode=002648&announcementId=1222880198&orgId=9900021886&announcementTime=2025-03-25,2025-03-26,2025-06-25,-0.217803
002650,ST加加,2024,2025-04-29,2024年年度报告,http://www.cninfo.com.cn/new/disclosure/detail?stockCode=002650&announcementId=1223379072&orgId=9900021914&announcementTime=2025-04-29,2025-04-30,2025-07-29,0.049513
002651,利君股份,2024,2025-04-26,2024年年度报告,http://www.cninfo.com.cn/new/disclosure/detail?stockCode=002651&announcementId=1223304734&orgId=9900021920&announcementTime=2025-04-26,2025-04-28,2025-07-25,0.847573
002653,海思科,2024,2025-04-12,2024年年度报告,http://www.cninfo.com.cn/new/disclosure/detail?stockCode=002653&announcementId=1223068553&orgId=9900021961&announcementTime=2025-04-12,2025-04-14,2025-07-11,-0.048366
002652,扬子新材,2024,2025-04-09,2024年年度报告,http://www.cninfo.com.cn/new/disclosure/detail?stockCode=002652&announcementId=1223030484&orgId=9900021982&announcementTime=2025-04-09,2025-04-10,2025-07-09,0.366035
002654,万润科技,2024,2025-04-25,2024年年度报告,http://www.cninfo.com.cn/new/disclosure/detail?stockCode=002654&announcementId=1223267578&orgId=9900022054&announcementTime=2025-04-25,2025-04-28,2025-07-25,0.075589
002655,共达电声,2024,2025-04-03,2024年年度报告,http://www.cninfo.com.cn/new/disclosure/detail?stockCode=002655&announcementId=1222992048&orgId=9900022079&announcementTime=2025-04-03,2025-04-07,2025-07-04,0.076547
002656,*ST摩登,2024,2025-04-28,2024年年度报告,http://www.cninfo.com.cn/new/disclosure/detail?stockCode=002656&announcementId=1223326997&orgId=9900022094&announcementTime=2025-04-28,2025-04-29,2025-07-28,0.105691
002657,中科金财,2024,2025-04-23,2024年年度报告,http://www.cninfo.com.cn/new/disclosure/detail?stockCode=002657&announcementId=1223217836&orgId=9900022100&announcementTime=2025-04-23,2025-04-24,2025-07-23,0.507804
002658,雪迪龙,2024,2025-03-28,2024年年度报告,http://www.cninfo.com.cn/new/disclosure/detail?stockCode=002658&announcementId=1222925910&orgId=9900022113&announcementTime=2025-03-28,2025-03-31,2025-06-30,0.168386
002659,凯文教育,2024,2025-04-25,2024年年度报告,http://www.cninfo.com.cn/new/disclosure/detail?stockCode=002659&announcementId=1223266805&orgId=9900022143&announcementTime=2025-04-25,2025-04-28,2025-07-25,0.140295
002660,茂硕电源,2024,2025-03-28,2024年年度报告,http://www.cninfo.com.cn/new/disclosure/detail?stockCode=002660&announcementId=1222924084&orgId=9900022169&announcementTime=2025-03-28,2025-03-31,2025-06-30,-0.044139
002661,克明食品,2024,2025-03-22,2024年年度报告,http://www.cninfo.com.cn/new/disclosure/detail?stockCode=002661&announcementId=1222867792&orgId=9900022153&announcementTime=2025-03-22,2025-03-24,2025-06-23,0.001075
002662,峰璟股份,2024,2025-03-29,2024年年度报告,http://www.cninfo.com.cn/new/disclosure/detail?stockCode=002662&announcementId=1222942016&orgId=9900022144&announcementTime=2025-03-29,2025-03-31,2025-06-30,-0.127756
002663,普邦股份,2024,2025-04-16,2024年年度报告,http://www.cninfo.com.cn/new/disclosure/detail?stockCode=002663&announcementId=1223100602&orgId=9900022158&announcementTime=2025-04-16,2025-04-17,2025-07-16,0.134485
002664,信质集团,2024,2025-04-18,2024年年度报告,http://www.cninfo.com.cn/new/disclosure/detail?stockCode=002664&announcementId=1223126826&orgId=9900022159&announcementTime=2025-04-18,2025-04-21,2025-07-18,0.294449
002666,德联集团,2024,2025-04-24,2024年年度报告,http://www.cninfo.com.cn/new/disclosure/detail?stockCode=002666&announcementId=1223243997&orgId=9900022216&announcementTime=2025-04-24,2025-04-25,2025-07-24,0.131687
002667,威领股份,2024,2025-04-30,2024年年度报告,http://www.cninfo.com.cn/new/disclosure/detail?stockCode=002667&announcementId=1223412801&orgId=9900022274&announcementTime=2025-04-30,2025-05-06,2025-07-30,-0.102285
002668,TCL智家,2024,2025-03-08,2024年年度报告,http://www.cninfo.com.cn/new/disclosure/detail?stockCode=002668&announcementId=1222743875&orgId=9900022336&announcementTime=2025-03-08,2025-03-10,2025-06-09,-0.136222
002669,康达新材,2024,2025-04-22,2024年年度报告,http://www.cninfo.com.cn/new/disclosure/detail?stockCode=002669&announcementId=1223194833&orgId=9900022368&announcementTime=2025-04-22,2025-04-23,2025-07-22,0.33676
002670,国盛证券,2024,2025-04-22,2024年年度报告,http://www.cninfo.com.cn/new/disclosure/detail?stockCode=002670&announcementId=1223190472&orgId=9900022401&announcementTime=2025-04-22,2025-04-23,2025-07-22,0.202674
002672,东江环保,2024,2025-03-29,2024年年度报告,http://www.cninfo.com.cn/new/disclosure/detail?stockCode=002672&announcementId=1222950262&orgId=gshk0008230&announcementTime=2025-03-29,2025-03-31,2025-06-30,0.109761
002671,龙泉股份,2024,2025-03-29,2024年年度报告,http://www.cninfo.com.cn/new/disclosure/detail?stockCode=002671&announcementId=1222943607&orgId=9900022509&announcementTime=2025-03-29,2025-03-31,2025-06-30,0.03137
002674,兴业科技,2024,2025-04-26,2024年年度报告,http://www.cninfo.com.cn/new/disclosure/detail?stockCode=002674&announcementId=1223321103&orgId=9900022573&announcementTime=2025-04-26,2025-04-28,2025-07-25,0.12208
002673,西部证券,2024,2025-04-24,2024年年度报告,http://www.cninfo.com.cn/new/disclosure/detail?stockCode=002673&announcementId=1223244113&orgId=qsgn0000644&announcementTime=2025-04-24,2025-04-25,2025-07-24,0.128061
002676,顺威股份,2024,2025-04-15,2024年年度报告,http://www.cninfo.com.cn/new/disclosure/detail?stockCode=002676&announcementId=1223092879&orgId=9900022708&announcementTime=2025-04-15,2025-04-16,2025-07-15,0.336175
002675,东诚药业,2024,2025-02-27,2024年年度报告,http://www.cninfo.com.cn/new/disclosure/detail?stockCode=002675&announcementId=1222651114&orgId=9900022707&announcementTime=2025-02-27,2025-02-28,2025-05-29,0.063154
002677,浙江美大,2024,2025-04-26,2024年年度报告,http://www.cninfo.com.cn/new/disclosure/detail?stockCode=002677&announcementId=1223331935&orgId=9900022709&announcementTime=2025-04-26,2025-04-28,2025-07-25,0.08556
002678,珠江钢琴,2024,2025-03-28,2024年年度报告,http://www.cninfo.com.cn/new/disclosure/detail?stockCode=002678&announcementId=1222928245&orgId=9900022739&announcementTime=2025-03-28,2025-03-31,2025-06-30,0.155395
002679,福建金森,2024,2025-04-26,2024年年度报告,http://www.cninfo.com.cn/new/disclosure/detail?stockCode=002679&announcementId=1223309492&orgId=9900022738&announcementTime=2025-04-26,2025-04-28,2025-07-25,0.219333
002681,奋达科技,2024,2025-04-24,2024年年度报告,http://www.cninfo.com.cn/new/disclosure/detail?stockCode=002681&announcementId=1223246468&orgId=9900022749&announcementTime=2025-04-24,2025-04-25,2025-07-24,-0.0227
002682,龙洲股份,2024,2025-04-25,2024年年度报告,http://www.cninfo.com.cn/new/disclosure/detail?stockCode=002682&announcementId=1223273600&orgId=9900022781&announcementTime=2025-04-25,2025-04-28,2025-07-25,0.200948
002683,广东宏大,2024,2025-03-28,2024年年度报告,http://www.cninfo.com.cn/new/disclosure/detail?stockCode=002683&announcementId=1222924519&orgId=9900006140&announcementTime=2025-03-28,2025-03-31,2025-06-30,0.153945
002685,华东重机,2024,2025-04-11,2024年年度报告,http://www.cninfo.com.cn/new/disclosure/detail?stockCode=002685&announcementId=1223055101&orgId=9900022782&announcementTime=2025-04-11,2025-04-14,2025-07-11,0.174078
002686,亿利达,2024,2025-04-24,2024年年度报告,http://www.cninfo.com.cn/new/disclosure/detail?stockCode=002686&announcementId=1223243861&orgId=9900022841&announcementTime=2025-04-24,2025-04-25,2025-07-24,0.183327
002687,乔治白,2024,2025-04-07,2024年年度报告,http://www.cninfo.com.cn/new/disclosure/detail?stockCode=002687&announcementId=1223005762&orgId=9900022920&announcementTime=2025-04-07,2025-04-08,2025-07-07,0.170925
002688,金河生物,2024,2025-04-26,2024年年度报告,http://www.cninfo.com.cn/new/disclosure/detail?stockCode=002688&announcementId=1223304602&orgId=9900023128&announcementTime=2025-04-26,2025-04-28,2025-07-25,0.128769
002689,ST远智,2024,2025-04-26,2024年年度报告,http://www.cninfo.com.cn/new/disclosure/detail?stockCode=002689&announcementId=1223323609&orgId=9900022993&announcementTime=2025-04-26,2025-04-28,2025-07-25,0.214797
002690,美亚光电,2024,2025-03-28,2024年年度报告,http://www.cninfo.com.cn/new/disclosure/detail?stockCode=002690&announcementId=1222922411&orgId=9900023234&announcementTime=2025-03-28,2025-03-31,2025-06-30,0.031339
002692,远程股份,2024,2025-03-13,2024年年度报告,http://www.cninfo.com.cn/new/disclosure/detail?stockCode=002692&announcementId=1222778187&orgId=9900023230&announcementTime=2025-03-13,2025-03-14,2025-06-13,-0.133305
002691,冀凯股份,2024,2025-04-19,2024年年度报告,http://www.cninfo.com.cn/new/disclosure/detail?stockCode=002691&announcementId=1223151262&orgId=9900023236&announcementTime=2025-04-19,2025-04-21,2025-07-18,0.068783
002693,*ST双成,2024,2025-04-29,2024年年度报告,http://www.cninfo.com.cn/new/disclosure/detail?stockCode=002693&announcementId=1223384561&orgId=9900022952&announcementTime=2025-04-29,2025-04-30,2025-07-29,-0.012337
002694,顾地科技,2024,2025-04-29,2024年年度报告,http://www.cninfo.com.cn/new/disclosure/detail?stockCode=002694&announcementId=1223382562&orgId=9900023214&announcementTime=2025-04-29,2025-04-30,2025-07-29,0.120885
002695,煌上煌,2024,2025-04-12,2024年年度报告,http://www.cninfo.com.cn/new/disclosure/detail?stockCode=002695&announcementId=1223068321&orgId=9900023215&announcementTime=2025-04-12,2025-04-14,2025-07-11,0.168978
002696,百洋股份,2024,2025-04-26,2024年年度报告,http://www.cninfo.com.cn/new/disclosure/detail?stockCode=002696&announcementId=1223315063&orgId=9900023143&announcementTime=2025-04-26,2025-04-28,2025-07-25,0.259421
002698,博实股份,2024,2025-04-26,2024年年度报告,http://www.cninfo.com.cn/new/disclosure/detail?stockCode=002698&announcementId=1223302404&orgId=9900023192&announcementTime=2025-04-26,2025-04-28,2025-07-25,0.00208
002697,红旗连锁,2024,2025-04-19,2024年年度报告,http://www.cninfo.com.cn/new/disclosure/detail?stockCode=002697&announcementId=1223142268&orgId=9900023218&announcementTime=2025-04-19,2025-04-21,2025-07-18,-0.033877
002700,万憬能源,2024,2025-04-24,2024年年度报告,http://www.cninfo.com.cn/new/disclosure/detail?stockCode=002700&announcementId=1223238615&orgId=9900023125&announcementTime=2025-04-24,2025-04-25,2025-07-24,-0.140232
002701,奥瑞金,2024,2025-04-29,2024年年度报告,http://www.cninfo.com.cn/new/disclosure/detail?stockCode=002701&announcementId=1223368522&orgId=9900023208&announcementTime=2025-04-29,2025-04-30,2025-07-29,0.042741
002703,浙江世宝,2024,2025-03-31,2024年年度报告,http://www.cninfo.com.cn/new/disclosure/detail?stockCode=002703&announcementId=1222947145&orgId=gshk0008331&announcementTime=2025-03-31,2025-04-01,2025-07-01,0.057198
002702,海欣食品,2024,2025-04-26,2024年年度报告,http://www.cninfo.com.cn/new/disclosure/detail?stockCode=002702&announcementId=1223300513&orgId=9900023240&announcementTime=2025-04-26,2025-04-28,2025-07-25,0.120744
002705,新宝股份,2024,2025-04-29,2024年年度报告,http://www.cninfo.com.cn/new/disclosure/detail?stockCode=002705&announcementId=1223364890&orgId=9900023005&announcementTime=2025-04-29,2025-04-30,2025-07-29,0.134386
002706,良信股份,2024,2025-03-29,2024年年度报告,http://www.cninfo.com.cn/new/disclosure/detail?stockCode=002706&announcementId=1222943174&orgId=9900023117&announcementTime=2025-03-29,2025-03-31,2025-06-30,0.037292
002708,光洋股份,2024,2025-04-26,2024年年度报告,http://www.cninfo.com.cn/new/disclosure/detail?stockCode=002708&announcementId=1223306441&orgId=9900023255&announcementTime=2025-04-26,2025-04-28,2025-08-07,-0.020915
002707,众信旅游,2024,2025-04-29,2024年年度报告,http://www.cninfo.com.cn/new/disclosure/detail?stockCode=002707&announcementId=1223361712&orgId=9900023126&announcementTime=2025-04-29,2025-04-30,2025-07-29,-0.042001
002709,天赐材料,2024,2025-04-15,2024年年度报告,http://www.cninfo.com.cn/new/disclosure/detail?stockCode=002709&announcementId=1223095035&orgId=9900022986&announcementTime=2025-04-15,2025-04-16,2025-07-15,0.079495
002712,思美传媒,2024,2025-04-19,2024年年度报告,http://www.cninfo.com.cn/new/disclosure/detail?stockCode=002712&announcementId=1223147215&orgId=9900022963&announcementTime=2025-04-19,2025-04-21,2025-07-18,0.138931
002713,*ST东易,2024,2025-04-29,2024年年度报告,http://www.cninfo.com.cn/new/disclosure/detail?stockCode=002713&announcementId=1223389081&orgId=9900022996&announcementTime=2025-04-29,2025-04-30,2025-07-29,0.072529
002714,牧原股份,2024,2025-03-20,2024年年度报告,http://www.cninfo.com.cn/new/disclosure/detail?stockCode=002714&announcementId=1222845025&orgId=9900022995&announcementTime=2025-03-20,2025-03-21,2025-06-20,0.093318
002715,登云股份,2024,2025-03-28,2024年年度报告,http://www.cninfo.com.cn/new/disclosure/detail?stockCode=002715&announcementId=1222927991&orgId=9900023194&announcementTime=2025-03-28,2025-03-31,2025-06-30,0.133171
002716,湖南白银,2024,2025-04-10,2024年年度报告,http://www.cninfo.com.cn/new/disclosure/detail?stockCode=002716&announcementId=1223053146&orgId=9900023224&announcementTime=2025-04-10,2025-04-11,2025-07-10,0.129151
002717,ST岭南,2024,2025-04-29,2024年年度报告,http://www.cninfo.com.cn/new/disclosure/detail?stockCode=002717&announcementId=1223389375&orgId=9900023171&announcementTime=2025-04-29,2025-04-30,2025-07-29,-0.328085
002718,友邦吊顶,2024,2025-04-25,2024年年度报告,http://www.cninfo.com.cn/new/disclosure/detail?stockCode=002718&announcementId=1223264301&orgId=9900022985&announcementTime=2025-04-25,2025-04-28,2025-07-25,0.287968
002719,麦趣尔,2024,2025-04-22,2024年年度报告,http://www.cninfo.com.cn/new/disclosure/detail?stockCode=002719&announcementId=1223189163&orgId=9900023119&announcementTime=2025-04-22,2025-04-23,2025-07-22,0.060056
002721,金一文化,2024,2025-04-29,2024年年度报告,http://www.cninfo.com.cn/new/disclosure/detail?stockCode=002721&announcementId=1223382003&orgId=9900023233&announcementTime=2025-04-29,2025-04-30,2025-07-30,0.409204
002722,物产金轮,2024,2025-04-22,2024年年度报告,http://www.cninfo.com.cn/new/disclosure/detail?stockCode=002722&announcementId=1223186816&orgId=9900023197&announcementTime=2025-04-22,2025-04-23,2025-07-22,0.246386
002723,小崧股份,2024,2025-03-31,2024年年度报告,http://www.cninfo.com.cn/new/disclosure/detail?stockCode=002723&announcementId=1222950000&orgId=9900027909&announcementTime=2025-03-31,2025-04-01,2025-07-01,-0.010748
002724,海洋王,2024,2025-04-29,2024年年度报告,http://www.cninfo.com.cn/new/disclosure/detail?stockCode=002724&announcementId=1223373806&orgId=9900023121&announcementTime=2025-04-29,2025-04-30,2025-07-29,0.303156
002725,跃岭股份,2024,2025-04-25,2024年年度报告,http://www.cninfo.com.cn/new/disclosure/detail?stockCode=002725&announcementId=1223270828&orgId=9900023238&announcementTime=2025-04-25,2025-04-28,2025-07-25,0.211455
002727,一心堂,2024,2025-04-28,2024年年度报告,http://www.cninfo.com.cn/new/disclosure/detail?stockCode=002727&announcementId=1223303832&orgId=9900023195&announcementTime=2025-04-28,2025-04-29,2025-07-28,0.103286
002726,龙大美食,2024,2025-04-26,2024年年度报告,http://www.cninfo.com.cn/new/disclosure/detail?stockCode=002726&announcementId=1223306021&orgId=9900023003&announcementTime=2025-04-26,2025-04-28,2025-07-25,-0.040346
002729,好利科技,2024,2025-04-26,2024年年度报告,http://www.cninfo.com.cn/new/disclosure/detail?stockCode=002729&announcementId=1223315257&orgId=9900023135&announcementTime=2025-04-26,2025-04-28,2025-07-25,0.178039
002728,特一药业,2024,2025-04-26,2024年年度报告,http://www.cninfo.com.cn/new/disclosure/detail?stockCode=002728&announcementId=1223308392&orgId=9900023186&announcementTime=2025-04-26,2025-04-28,2025-07-25,0.149029
002730,电光科技,2024,2025-04-24,2024年年度报告,http://www.cninfo.com.cn/new/disclosure/detail?stockCode=002730&announcementId=1223239073&orgId=9900023237&announcementTime=2025-04-24,2025-04-25,2025-07-24,0.272834
002731,萃华珠宝,2024,2025-04-22,2024年年度报告,http://www.cninfo.com.cn/new/disclosure/detail?stockCode=002731&announcementId=1223188135&orgId=9900022974&announcementTime=2025-04-22,2025-04-23,2025-07-22,0.311391
002732,燕塘乳业,2024,2025-03-31,2024年年度报告,http://www.cninfo.com.cn/new/disclosure/detail?stockCode=002732&announcementId=1222939307&orgId=9900022959&announcementTime=2025-03-31,2025-04-01,2025-07-01,0.058757
002733,雄韬股份,2024,2025-04-29,2024年年度报告,http://www.cninfo.com.cn/new/disclosure/detail?stockCode=002733&announcementId=1223370636&orgId=9900023165&announcementTime=2025-04-29,2025-04-30,2025-07-29,0.171462
002734,利民股份,2024,2025-04-18,2024年年度报告,http://www.cninfo.com.cn/new/disclosure/detail?stockCode=002734&announcementId=1223126979&orgId=9900022967&announcementTime=2025-04-18,2025-04-21,2025-07-18,0.695714
002735,王子新材,2024,2025-03-29,2024年年度报告,http://www.cninfo.com.cn/new/disclosure/detail?stockCode=002735&announcementId=1222946874&orgId=9900023181&announcementTime=2025-03-29,2025-03-31,2025-06-30,0.382512
002736,国信证券,2024,2025-04-19,2024年年度报告,http://www.cninfo.com.cn/new/disclosure/detail?stockCode=002736&announcementId=1223150227&orgId=9900004734&announcementTime=2025-04-19,2025-04-21,2025-07-18,0.263943
002737,葵花药业,2024,2025-04-25,2024年年度报告,http://www.cninfo.com.cn/new/disclosure/detail?stockCode=002737&announcementId=1223283259&orgId=9900023185&announcementTime=2025-04-25,2025-04-28,2025-07-25,0.033756
002739,万达电影,2024,2025-04-29,2024年年度报告,http://www.cninfo.com.cn/new/disclosure/detail?stockCode=002739&announcementId=1223382296&orgId=9900022983&announcementTime=2025-04-29,2025-04-30,2025-07-29,0.059618
002741,光华科技,2024,2025-04-24,2024年年度报告,http://www.cninfo.com.cn/new/disclosure/detail?stockCode=002741&announcementId=1223242056&orgId=9900023101&announcementTime=2025-04-24,2025-04-25,2025-07-24,0.252346
002742,*ST三圣,2024,2025-04-26,2024年年度报告,http://www.cninfo.com.cn/new/disclosure/detail?stockCode=002742&announcementId=1223320461&orgId=9900022970&announcementTime=2025-04-26,2025-04-29,2025-07-28,0.264039
002743,富煌钢构,2024,2025-04-25,2024年年度报告,http://www.cninfo.com.cn/new/disclosure/detail?stockCode=002743&announcementId=1223272998&orgId=9900023252&announcementTime=2025-04-25,2025-04-28,2025-07-25,-0.095845
002745,木林森,2024,2025-04-25,2024年年度报告,http://www.cninfo.com.cn/new/disclosure/detail?stockCode=002745&announcementId=1223267714&orgId=9900023188&announcementTime=2025-04-25,2025-04-28,2025-07-25,0.040289
002746,仙坛股份,2024,2025-04-22,2024年年度报告,http://www.cninfo.com.cn/new/disclosure/detail?stockCode=002746&announcementId=1223187665&orgId=9900023137&announcementTime=2025-04-22,2025-04-23,2025-07-22,0.064117
002747,埃斯顿,2024,2025-04-29,2024年年度报告,http://www.cninfo.com.cn/new/disclosure/detail?stockCode=002747&announcementId=1223370517&orgId=9900022936&announcementTime=2025-04-29,2025-04-30,2025-07-29,0.107828
002748,世龙实业,2024,2025-04-26,2024年年度报告,http://www.cninfo.com.cn/new/disclosure/detail?stockCode=002748&announcementId=1223332019&orgId=9900023138&announcementTime=2025-04-26,2025-04-28,2025-07-28,0.124479
002749,国光股份,2024,2025-03-27,2024年年度报告,http://www.cninfo.com.cn/new/disclosure/detail?stockCode=002749&announcementId=1222910731&orgId=9900023788&announcementTime=2025-03-27,2025-03-28,2025-06-27,-0.001337
002752,昇兴股份,2024,2025-04-29,2024年年度报告,http://www.cninfo.com.cn/new/disclosure/detail?stockCode=002752&announcementId=1223365749&orgId=9900022981&announcementTime=2025-04-29,2025-04-30,2025-07-29,0.05815
002753,永东股份,2024,2025-04-26,2024年年度报告,http://www.cninfo.com.cn/new/disclosure/detail?stockCode=002753&announcementId=1223318843&orgId=9900022937&announcementTime=2025-04-26,2025-04-28,2025-07-25,0.172528
002755,奥赛康,2024,2025-04-28,2024年年度报告,http://www.cninfo.com.cn/new/disclosure/detail?stockCode=002755&announcementId=1223303478&orgId=9900022950&announcementTime=2025-04-28,2025-04-29,2025-07-28,0.444346
002757,南兴股份,2024,2025-04-19,2024年年度报告,http://www.cninfo.com.cn/new/disclosure/detail?stockCode=002757&announcementId=1223147381&orgId=9900023647&announcementTime=2025-04-19,2025-04-21,2025-07-18,0.202165
002756,永兴材料,2024,2025-03-25,2024年年度报告,http://www.cninfo.com.cn/new/disclosure/detail?stockCode=002756&announcementId=1222881556&orgId=9900022998&announcementTime=2025-03-25,2025-03-26,2025-06-25,-0.057597
002759,天际股份,2024,2025-04-26,2024年年度报告,http://www.cninfo.com.cn/new/disclosure/detail?stockCode=002759&announcementId=1223309191&orgId=9900023778&announcementTime=2025-04-26,2025-04-28,2025-07-25,0.287179
002758,浙农股份,2024,2025-04-26,2024年年度报告,http://www.cninfo.com.cn/new/disclosure/detail?stockCode=002758&announcementId=1223323261&orgId=9900023652&announcementTime=2025-04-26,2025-04-28,2025-07-25,0.098878
002760,凤形股份,2024,2025-03-20,2024年年度报告,http://www.cninfo.com.cn/new/disclosure/detail?stockCode=002760&announcementId=1222846267&orgId=9900023679&announcementTime=2025-03-20,2025-03-21,2025-06-20,-0.147073
002761,浙江建投,2024,2025-04-29,2024年年度报告,http://www.cninfo.com.cn/new/disclosure/detail?stockCode=002761&announcementId=1223388002&orgId=9900023671&announcementTime=2025-04-29,2025-04-30,2025-07-29,0.201397
002762,*ST金比,2024,2025-04-23,2024年年度报告,http://www.cninfo.com.cn/new/disclosure/detail?stockCode=002762&announcementId=1223221757&orgId=9900023705&announcementTime=2025-04-23,2025-04-24,2025-07-30,0.432669
002763,汇洁股份,2024,2025-04-01,2024年年度报告,http://www.cninfo.com.cn/new/disclosure/detail?stockCode=002763&announcementId=1222970790&orgId=9900023669&announcementTime=2025-04-01,2025-04-02,2025-07-02,0.049161
002765,蓝黛科技,2024,2025-03-28,2024年年度报告,http://www.cninfo.com.cn/new/disclosure/detail?stockCode=002765&announcementId=1222923649&orgId=9900023682&announcementTime=2025-03-28,2025-03-31,2025-06-30,-0.143383
002766,索菱股份,2024,2025-03-20,2024年年度报告,http://www.cninfo.com.cn/new/disclosure/detail?stockCode=002766&announcementId=1222847275&orgId=9900023703&announcementTime=2025-03-20,2025-03-21,2025-06-20,-0.257101
002767,先锋电子,2024,2025-04-25,2024年年度报告,http://www.cninfo.com.cn/new/disclosure/detail?stockCode=002767&announcementId=1223264991&orgId=9900023515&announcementTime=2025-04-25,2025-04-28,2025-07-25,0.172313
002768,国恩股份,2024,2025-04-28,2024年年度报告,http://www.cninfo.com.cn/new/disclosure/detail?stockCode=002768&announcementId=1223319157&orgId=9900023787&announcementTime=2025-04-28,2025-04-29,2025-07-28,0.437144
002769,普路通,2024,2025-04-28,2024年年度报告,http://www.cninfo.com.cn/new/disclosure/detail?stockCode=002769&announcementId=1223326344&orgId=9900023993&announcementTime=2025-04-28,2025-04-29,2025-07-28,0.085956
002772,众兴菌业,2024,2025-03-22,2024年年度报告,http://www.cninfo.com.cn/new/disclosure/detail?stockCode=002772&announcementId=1222867147&orgId=9900024538&announcementTime=2025-03-22,2025-03-24,2025-06-23,0.048206
002771,真视通,2024,2025-04-11,2024年年度报告,http://www.cninfo.com.cn/new/disclosure/detail?stockCode=002771&announcementId=1223054412&orgId=9900023511&announcementTime=2025-04-11,2025-04-14,2025-07-11,0.043268
002774,快意电梯,2024,2025-03-26,2024年年度报告,http://www.cninfo.com.cn/new/disclosure/detail?stockCode=002774&announcementId=1222893942&orgId=9900030589&announcementTime=2025-03-26,2025-03-27,2025-06-26,0.087
002773,康弘药业,2024,2025-04-26,2024年年度报告,http://www.cninfo.com.cn/new/disclosure/detail?stockCode=002773&announcementId=1223332317&orgId=9900022951&announcementTime=2025-04-26,2025-04-28,2025-07-25,0.539645
002775,文科股份,2024,2025-04-26,2024年年度报告,http://www.cninfo.com.cn/new/disclosure/detail?stockCode=002775&announcementId=1223328336&orgId=9900023734&announcementTime=2025-04-26,2025-04-28,2025-07-25,0.412351
002777,久远银海,2024,2025-03-24,2024年年度报告,http://www.cninfo.com.cn/new/disclosure/detail?stockCode=002777&announcementId=1222866570&orgId=9900023743&announcementTime=2025-03-24,2025-03-25,2025-06-24,-0.037541
002778,中晟高科,2024,2025-04-24,2024年年度报告,http://www.cninfo.com.cn/new/disclosure/detail?stockCode=002778&announcementId=1223242558&orgId=9900023987&announcementTime=2025-04-24,2025-04-25,2025-07-31,0.112706
002779,中坚科技,2024,2025-04-25,2024年年度报告,http://www.cninfo.com.cn/new/disclosure/detail?stockCode=002779&announcementId=1223266521&orgId=9900023448&announcementTime=2025-04-25,2025-04-28,2025-07-25,0.165835
002780,三夫户外,2024,2025-04-26,2024年年度报告,http://www.cninfo.com.cn/new/disclosure/detail?stockCode=002780&announcementId=1223310365&orgId=9900023789&announcementTime=2025-04-26,2025-04-28,2025-07-25,0.220987
002782,可立克,2024,2025-04-10,2024年年度报告,http://www.cninfo.com.cn/new/disclosure/detail?stockCode=002782&announcementId=1223045804&orgId=9900023239&announcementTime=2025-04-10,2025-04-11,2025-07-10,0.215856
002783,凯龙股份,2024,2025-04-25,2024年年度报告,http://www.cninfo.com.cn/new/disclosure/detail?stockCode=002783&announcementId=1223267846&orgId=9900022957&announcementTime=2025-04-25,2025-04-28,2025-07-25,0.335849
002785,万里石,2024,2025-04-22,2024年年度报告,http://www.cninfo.com.cn/new/disclosure/detail?stockCode=002785&announcementId=1223194145&orgId=9900023763&announcementTime=2025-04-22,2025-04-23,2025-07-22,0.120827
002787,华源控股,2024,2025-04-02,2024年年度报告,http://www.cninfo.com.cn/new/disclosure/detail?stockCode=002787&announcementId=1222984080&orgId=9900026421&announcementTime=2025-04-02,2025-04-03,2025-07-03,-0.06355
002786,银宝山新,2024,2025-04-29,2024年年度报告,http://www.cninfo.com.cn/new/disclosure/detail?stockCode=002786&announcementId=1223382867&orgId=9900023708&announcementTime=2025-04-29,2025-04-30,2025-07-29,0.13416
002788,鹭燕医药,2024,2025-04-22,2024年年度报告,http://www.cninfo.com.cn/new/disclosure/detail?stockCode=002788&announcementId=1223184662&orgId=9900023613&announcementTime=2025-04-22,2025-04-23,2025-07-22,0.10881
002789,*ST建艺,2024,2025-04-25,2024年年度报告,http://www.cninfo.com.cn/new/disclosure/detail?stockCode=002789&announcementId=1223285355&orgId=9900026451&announcementTime=2025-04-25,2025-04-28,2025-07-25,0.359924
002790,瑞尔特,2024,2025-04-22,2024年年度报告,http://www.cninfo.com.cn/new/disclosure/detail?stockCode=002790&announcementId=1223190696&orgId=9900024907&announcementTime=2025-04-22,2025-04-23,2025-07-22,0.079386
002791,坚朗五金,2024,2025-03-28,2024年年度报告,http://www.cninfo.com.cn/new/disclosure/detail?stockCode=002791&announcementId=1222927657&orgId=9900023709&announcementTime=2025-03-28,2025-03-31,2025-06-30,-0.06798
002792,通宇通讯,2024,2025-04-26,2024年年度报告,http://www.cninfo.com.cn/new/disclosure/detail?stockCode=002792&announcementId=1223331293&orgId=9900023217&announcementTime=2025-04-26,2025-04-28,2025-07-25,0.100498
002793,罗欣药业,2024,2025-04-22,2024年年度报告,http://www.cninfo.com.cn/new/disclosure/detail?stockCode=002793&announcementId=1223195736&orgId=9900026645&announcementTime=2025-04-22,2025-04-23,2025-07-22,0.205938
002796,世嘉科技,2024,2025-04-25,2024年年度报告,http://www.cninfo.com.cn/new/disclosure/detail?stockCode=002796&announcementId=1223270588&orgId=9900026564&announcementTime=2025-04-25,2025-04-28,2025-07-25,0.076644
002795,永和智控,2024,2025-04-29,2024年年度报告,http://www.cninfo.com.cn/new/disclosure/detail?stockCode=002795&announcementId=1223383675&orgId=9900026670&announcementTime=2025-04-29,2025-04-30,2025-07-29,0.121673
002797,第一创业,2024,2025-04-26,2024年年度报告,http://www.cninfo.com.cn/new/disclosure/detail?stockCode=002797&announcementId=1223309007&orgId=qsgn0000069&announcementTime=2025-04-26,2025-04-28,2025-07-25,0.11092
002798,帝欧水华,2024,2025-04-26,2024年年度报告,http://www.cninfo.com.cn/new/disclosure/detail?stockCode=002798&announcementId=1223332843&orgId=9900023663&announcementTime=2025-04-26,2025-04-28,2025-07-29,0.632619
002799,环球印务,2024,2025-04-25,2024年年度报告,http://www.cninfo.com.cn/new/disclosure/detail?stockCode=002799&announcementId=1223272871&orgId=9900023953&announcementTime=2025-04-25,2025-04-28,2025-07-25,0.170418
002800,天顺股份,2024,2025-04-18,2024年年度报告,http://www.cninfo.com.cn/new/disclosure/detail?stockCode=002800&announcementId=1223124522&orgId=9900026802&announcementTime=2025-04-18,2025-04-21,2025-07-18,0.203965
002801,微光股份,2024,2025-03-28,2024年年度报告,http://www.cninfo.com.cn/new/disclosure/detail?stockCode=002801&announcementId=1222922544&orgId=9900026210&announcementTime=2025-03-28,2025-03-31,2025-06-30,-0.148661
002802,洪汇新材,2024,2025-04-28,2024年年度报告,http://www.cninfo.com.cn/new/disclosure/detail?stockCode=002802&announcementId=1223301576&orgId=9900024761&announcementTime=2025-04-28,2025-04-29,2025-07-28,-0.075188
002803,吉宏股份,2024,2025-04-02,2024年年度报告,http://www.cninfo.com.cn/new/disclosure/detail?stockCode=002803&announcementId=1222983627&orgId=9900026644&announcementTime=2025-04-02,2025-04-03,2025-07-03,0.183333
002805,丰元股份,2024,2025-04-29,2024年年度报告,http://www.cninfo.com.cn/new/disclosure/detail?stockCode=002805&announcementId=1223364421&orgId=9900023727&announcementTime=2025-04-29,2025-04-30,2025-07-29,0.239547
002806,华锋股份,2024,2025-04-29,2024年年度报告,http://www.cninfo.com.cn/new/disclosure/detail?stockCode=002806&announcementId=1223366389&orgId=9900024944&announcementTime=2025-04-29,2025-04-30,2025-07-29,0.106736
002807,江阴银行,2024,2025-03-29,2024年年度报告,http://www.cninfo.com.cn/new/disclosure/detail?stockCode=002807&announcementId=1222944062&orgId=9900022947&announcementTime=2025-03-29,2025-03-31,2025-06-30,0.165663
002808,*ST恒久,2024,2025-04-24,2024年年度报告,http://www.cninfo.com.cn/new/disclosure/detail?stockCode=002808&announcementId=1223244492&orgId=9900010487&announcementTime=2025-04-24,2025-04-25,2025-07-24,0.644595
002809,红墙股份,2024,2025-04-28,2024年年度报告,http://www.cninfo.com.cn/new/disclosure/detail?stockCode=002809&announcementId=1223308375&orgId=9900026563&announcementTime=2025-04-28,2025-04-29,2025-07-28,0.079662
002810,山东赫达,2024,2025-04-26,2024年年度报告,http://www.cninfo.com.cn/new/disclosure/detail?stockCode=002810&announcementId=1223319309&orgId=9900026449&announcementTime=2025-04-26,2025-04-28,2025-07-25,0.185466
002811,郑中设计,2024,2025-04-22,2024年年度报告,http://www.cninfo.com.cn/new/disclosure/detail?stockCode=002811&announcementId=1223192978&orgId=9900026798&announcementTime=2025-04-22,2025-04-23,2025-07-22,0.206792
002813,路畅科技,2024,2025-03-25,2024年年度报告,http://www.cninfo.com.cn/new/disclosure/detail?stockCode=002813&announcementId=1222882193&orgId=9900026536&announcementTime=2025-03-25,2025-03-26,2025-06-25,0.037505
002812,恩捷股份,2024,2025-04-23,2024年年度报告,http://www.cninfo.com.cn/new/disclosure/detail?stockCode=002812&announcementId=1223220212&orgId=9900026450&announcementTime=2025-04-23,2025-04-24,2025-07-23,0.03858
002815,崇达技术,2024,2025-04-17,2024年年度报告,http://www.cninfo.com.cn/new/disclosure/detail?stockCode=002815&announcementId=1223109893&orgId=9900023139&announcementTime=2025-04-17,2025-04-18,2025-07-17,0.311316
002816,*ST和科,2024,2025-04-29,2024年年度报告,http://www.cninfo.com.cn/new/disclosure/detail?stockCode=002816&announcementId=1223379421&orgId=9900026779&announcementTime=2025-04-29,2025-04-30,2025-07-29,0.540517
002817,黄山胶囊,2024,2025-03-29,2024年年度报告,http://www.cninfo.com.cn/new/disclosure/detail?stockCode=002817&announcementId=1222940308&orgId=9900026805&announcementTime=2025-03-29,2025-03-31,2025-06-30,0.120961
002818,富森美,2024,2025-02-28,2024年年度报告,http://www.cninfo.com.cn/new/disclosure/detail?stockCode=002818&announcementId=1222662996&orgId=9900026774&announcementTime=2025-02-28,2025-03-03,2025-05-30,0.038973
002820,桂发祥,2024,2025-03-29,2024年年度报告,http://www.cninfo.com.cn/new/disclosure/detail?stockCode=002820&announcementId=1222943474&orgId=9900027320&announcementTime=2025-03-29,2025-03-31,2025-06-30,0.095165
002819,东方中科,2024,2025-04-28,2024年年度报告,http://www.cninfo.com.cn/new/disclosure/detail?stockCode=002819&announcementId=1223328587&orgId=9900024446&announcementTime=2025-04-28,2025-04-29,2025-07-28,0.17965
002821,凯莱英,2024,2025-03-29,2024年年度报告,http://www.cninfo.com.cn/new/disclosure/detail?stockCode=002821&announcementId=1222941173&orgId=9900026806&announcementTime=2025-03-29,2025-03-31,2025-06-30,0.124513
002822,ST中装,2024,2025-04-25,2024年年度报告,http://www.cninfo.com.cn/new/disclosure/detail?stockCode=002822&announcementId=1223286749&orgId=9900027671&announcementTime=2025-04-25,2025-04-28,2025-07-25,0.018923
002824,和胜股份,2024,2025-04-25,2024年年度报告,http://www.cninfo.com.cn/new/disclosure/detail?stockCode=002824&announcementId=1223267847&orgId=9900029032&announcementTime=2025-04-25,2025-04-28,2025-07-25,0.098868
002823,凯中精密,2024,2025-04-16,2024年年度报告,http://www.cninfo.com.cn/new/disclosure/detail?stockCode=002823&announcementId=1223101339&orgId=9900028776&announcementTime=2025-04-16,2025-04-17,2025-07-16,0.16234
002826,易明医药,2024,2025-04-25,2024年年度报告,http://www.cninfo.com.cn/new/disclosure/detail?stockCode=002826&announcementId=1223270858&orgId=9900032175&announcementTime=2025-04-25,2025-04-28,2025-08-01,1.09415
002825,纳尔股份,2024,2025-04-22,2024年年度报告,http://www.cninfo.com.cn/new/disclosure/detail?stockCode=002825&announcementId=1223194988&orgId=9900028910&announcementTime=2025-04-22,2025-04-23,2025-07-22,0.132587
002827,高争民爆,2024,2025-04-10,2024年年度报告,http://www.cninfo.com.cn/new/disclosure/detail?stockCode=002827&announcementId=1223044026&orgId=9900031912&announcementTime=2025-04-10,2025-04-11,2025-07-10,0.452321
002828,贝肯能源,2024,2025-04-18,2024年年度报告,http://www.cninfo.com.cn/new/disclosure/detail?stockCode=002828&announcementId=1223121503&orgId=9900028824&announcementTime=2025-04-18,2025-04-21,2025-07-25,0.269951
002829,星网宇达,2024,2025-04-28,2024年年度报告,http://www.cninfo.com.cn/new/disclosure/detail?stockCode=002829&announcementId=1223316273&orgId=9900028875&announcementTime=2025-04-28,2025-04-29,2025-07-28,0.348473
002830,名雕股份,2024,2025-04-26,2024年年度报告,http://www.cninfo.com.cn/new/disclosure/detail?stockCode=002830&announcementId=1223306561&orgId=9900023978&announcementTime=2025-04-26,2025-04-28,2025-07-25,0.278317
002832,比音勒芬,2024,2025-04-29,2024年年度报告,http://www.cninfo.com.cn/new/disclosure/detail?stockCode=002832&announcementId=1223374135&orgId=9900026776&announcementTime=2025-04-29,2025-04-30,2025-07-29,-0.005383
002831,裕同科技,2024,2025-04-29,2024年年度报告,http://www.cninfo.com.cn/new/disclosure/detail?stockCode=002831&announcementId=1223358570&orgId=9900029473&announcementTime=2025-04-29,2025-04-30,2025-07-29,0.183654
002835,同为股份,2024,2025-04-24,2024年年度报告,http://www.cninfo.com.cn/new/disclosure/detail?stockCode=002835&announcementId=1223235922&orgId=9900028957&announcementTime=2025-04-24,2025-04-25,2025-07-24,0.085985
002833,弘亚数控,2024,2025-04-24,2024年年度报告,http://www.cninfo.com.cn/new/disclosure/detail?stockCode=002833&announcementId=1223241517&orgId=9900029438&announcementTime=2025-04-24,2025-04-25,2025-07-24,0.00468
002836,新宏泽,2024,2025-04-26,2024年年度报告,http://www.cninfo.com.cn/new/disclosure/detail?stockCode=002836&announcementId=1223332152&orgId=GD030325&announcementTime=2025-04-26,2025-04-28,2025-07-25,0.21237
002837,英维克,2024,2025-04-22,2024年年度报告,http://www.cninfo.com.cn/new/disclosure/detail?stockCode=002837&announcementId=1223190847&orgId=9900029666&announcementTime=2025-04-22,2025-04-23,2025-07-22,0.318861
002838,道恩股份,2024,2025-03-12,2024年年度报告,http://www.cninfo.com.cn/new/disclosure/detail?stockCode=002838&announcementId=1222769023&orgId=9900022768&announcementTime=2025-03-12,2025-03-13,2025-06-12,0.358829
002839,张家港行,2024,2025-03-29,2024年年度报告,http://www.cninfo.com.cn/new/disclosure/detail?stockCode=002839&announcementId=1222945518&orgId=9900022943&announcementTime=2025-03-29,2025-03-31,2025-06-30,0.113744
002841,视源股份,2024,2025-04-24,2024年年度报告,http://www.cninfo.com.cn/new/disclosure/detail?stockCode=002841&announcementId=1223243954&orgId=9900029752&announcementTime=2025-04-24,2025-04-25,2025-07-24,0.113033
002840,华统股份,2024,2025-04-25,2024年年度报告,http://www.cninfo.com.cn/new/disclosure/detail?stockCode=002840&announcementId=1223266567&orgId=9900023469&announcementTime=2025-04-25,2025-04-28,2025-07-25,-0.000759
002842,翔鹭钨业,2024,2025-04-29,2024年年度报告,http://www.cninfo.com.cn/new/disclosure/detail?stockCode=002842&announcementId=1223379768&orgId=9900029049&announcementTime=2025-04-29,2025-04-30,2025-07-29,0.448478
002843,泰嘉股份,2024,2025-04-26,2024年年度报告,http://www.cninfo.com.cn/new/disclosure/detail?stockCode=002843&announcementId=1223316432&orgId=9900023212&announcementTime=2025-04-26,2025-04-28,2025-07-25,-0.043645
002846,英联股份,2024,2025-04-18,2024年年度报告,http://www.cninfo.com.cn/new/disclosure/detail?stockCode=002846&announcementId=1223126245&orgId=9900030302&announcementTime=2025-04-18,2025-04-21,2025-07-18,0.79483
002845,同兴达,2024,2025-04-25,2024年年度报告,http://www.cninfo.com.cn/new/disclosure/detail?stockCode=002845&announcementId=1223270618&orgId=9900029474&announcementTime=2025-04-25,2025-04-28,2025-07-25,0.075613
002847,盐津铺子,2024,2025-04-23,2024年年度报告,http://www.cninfo.com.cn/new/disclosure/detail?stockCode=002847&announcementId=1223213811&orgId=9900030301&announcementTime=2025-04-23,2025-04-24,2025-07-23,-0.127766
002848,*ST高斯,2024,2025-04-25,2024年年度报告,http://www.cninfo.com.cn/new/disclosure/detail?stockCode=002848&announcementId=1223287394&orgId=9900029751&announcementTime=2025-04-25,2025-04-28,2025-07-25,0.566265
002849,威星智能,2024,2025-04-29,2024年年度报告,http://www.cninfo.com.cn/new/disclosure/detail?stockCode=002849&announcementId=1223372435&orgId=9900033359&announcementTime=2025-04-29,2025-04-30,2025-07-29,-0.088464
002851,麦格米特,2024,2025-04-29,2024年年度报告,http://www.cninfo.com.cn/new/disclosure/detail?stockCode=002851&announcementId=1223367331&orgId=9900023251&announcementTime=2025-04-29,2025-04-30,2025-07-29,0.400847
002850,科达利,2024,2025-04-18,2024年年度报告,http://www.cninfo.com.cn/new/disclosure/detail?stockCode=002850&announcementId=1223126375&orgId=9900029916&announcementTime=2025-04-18,2025-04-21,2025-07-18,0.026373
002852,道道全,2024,2025-03-19,2024年年度报告,http://www.cninfo.com.cn/new/disclosure/detail?stockCode=002852&announcementId=1222833065&orgId=9900030528&announcementTime=2025-03-19,2025-03-20,2025-06-19,0.031823
002853,皮阿诺,2024,2025-04-29,2024年年度报告,http://www.cninfo.com.cn/new/disclosure/detail?stockCode=002853&announcementId=1223378924&orgId=9900030400&announcementTime=2025-04-29,2025-04-30,2025-07-29,-0.09935
002855,捷荣技术,2024,2025-04-24,2024年年度报告,http://www.cninfo.com.cn/new/disclosure/detail?stockCode=002855&announcementId=1223244011&orgId=9900030092&announcementTime=2025-04-24,2025-04-25,2025-07-24,0.122011
002856,美芝股份,2024,2025-04-29,2024年年度报告,http://www.cninfo.com.cn/new/disclosure/detail?stockCode=002856&announcementId=1223386265&orgId=9900028823&announcementTime=2025-04-29,2025-04-30,2025-07-29,0.268142
002857,三晖电气,2024,2025-04-16,2024年年度报告,http://www.cninfo.com.cn/new/disclosure/detail?stockCode=002857&announcementId=1223099045&orgId=9900029748&announcementTime=2025-04-16,2025-04-17,2025-07-16,0.796966
002858,力盛体育,2024,2025-04-24,2024年年度报告,http://www.cninfo.com.cn/new/disclosure/detail?stockCode=002858&announcementId=1223245046&orgId=9900029827&announcementTime=2025-04-24,2025-04-25,2025-07-24,0.238488
002859,洁美科技,2024,2025-04-15,2024年年度报告,http://www.cninfo.com.cn/new/disclosure/detail?stockCode=002859&announcementId=1223095077&orgId=9900030782&announcementTime=2025-04-15,2025-04-16,2025-07-15,0.168383
002860,星帅尔,2024,2025-04-09,2024年年度报告,http://www.cninfo.com.cn/new/disclosure/detail?stockCode=002860&announcementId=1223030932&orgId=9900023097&announcementTime=2025-04-09,2025-04-10,2025-07-09,0.406353
002861,瀛通通讯,2024,2025-04-25,2024年年度报告,http://www.cninfo.com.cn/new/disclosure/detail?stockCode=002861&announcementId=1223286228&orgId=9900029915&announcementTime=2025-04-25,2025-04-28,2025-07-25,0.206265
002862,实丰文化,2024,2025-04-15,2024年年度报告,http://www.cninfo.com.cn/new/disclosure/detail?stockCode=002862&announcementId=1223095995&orgId=9900030606&announcementTime=2025-04-15,2025-04-16,2025-07-15,0.075953
002863,今飞凯达,2024,2025-04-26,2024年年度报告,http://www.cninfo.com.cn/new/disclosure/detail?stockCode=002863&announcementId=1223313296&orgId=9900030825&announcementTime=2025-04-26,2025-04-28,2025-07-25,0.118149
002864,盘龙药业,2024,2025-04-25,2024年年度报告,http://www.cninfo.com.cn/new/disclosure/detail?stockCode=002864&announcementId=1223275446&orgId=9900034531&announcementTime=2025-04-25,2025-04-28,2025-07-25,0.114367
002865,钧达股份,2024,2025-03-18,2024年年度报告,http://www.cninfo.com.cn/new/disclosure/detail?stockCode=002865&announcementId=1222822868&orgId=9900029046&announcementTime=2025-03-18,2025-03-19,2025-06-18,-0.386485
002867,周大生,2024,2025-04-29,2024年年度报告,http://www.cninfo.com.cn/new/disclosure/detail?stockCode=002867&announcementId=1223370726&orgId=9900029978&announcementTime=2025-04-29,2025-04-30,2025-07-29,0.063852
002866,传艺科技,2024,2025-04-29,2024年年度报告,http://www.cninfo.com.cn/new/disclosure/detail?stockCode=002866&announcementId=1223360319&orgId=9900031481&announcementTime=2025-04-29,2025-04-30,2025-07-29,0.222264
002868,*ST绿康,2024,2025-04-29,2024年年度报告,http://www.cninfo.com.cn/new/disclosure/detail?stockCode=002868&announcementId=1223387263&orgId=9900030698&announcementTime=2025-04-29,2025-04-30,2025-07-29,0.497858
002869,金溢科技,2024,2025-04-22,2024年年度报告,http://www.cninfo.com.cn/new/disclosure/detail?stockCode=002869&announcementId=1223191242&orgId=9900030824&announcementTime=2025-04-22,2025-04-23,2025-07-22,-0.0289
002870,香山股份,2024,2025-03-28,2024年年度报告,http://www.cninfo.com.cn/new/disclosure/detail?stockCode=002870&announcementId=1222925376&orgId=9900030780&announcementTime=2025-03-28,2025-03-31,2025-06-30,-0.098796
002871,伟隆股份,2024,2025-04-26,2024年年度报告,http://www.cninfo.com.cn/new/disclosure/detail?stockCode=002871&announcementId=1223312308&orgId=9900030830&announcementTime=2025-04-26,2025-04-28,2025-07-25,0.14468
002873,新天药业,2024,2025-04-25,2024年年度报告,http://www.cninfo.com.cn/new/disclosure/detail?stockCode=002873&announcementId=1223286603&orgId=9900023814&announcementTime=2025-04-25,2025-04-28,2025-07-25,0.2516
002872,ST天圣,2024,2025-04-29,2024年年度报告,http://www.cninfo.com.cn/new/disclosure/detail?stockCode=002872&announcementId=1223373743&orgId=9900030826&announcementTime=2025-04-29,2025-04-30,2025-07-29,0.179054
002875,安奈儿,2024,2025-04-25,2024年年度报告,http://www.cninfo.com.cn/new/disclosure/detail?stockCode=002875&announcementId=1223277890&orgId=9900030588&announcementTime=2025-04-25,2025-04-28,2025-08-01,0.268519
002876,三利谱,2024,2025-04-02,2024年年度报告,http://www.cninfo.com.cn/new/disclosure/detail?stockCode=002876&announcementId=1222983888&orgId=9900030828&announcementTime=2025-04-02,2025-04-03,2025-07-03,-0.044851
002877,智能自控,2024,2025-04-28,2024年年度报告,http://www.cninfo.com.cn/new/disclosure/detail?stockCode=002877&announcementId=1223306082&orgId=9900031501&announcementTime=2025-04-28,2025-04-29,2025-07-28,0.145581
002878,元隆雅图,2024,2025-04-29,2024年年度报告,http://www.cninfo.com.cn/new/disclosure/detail?stockCode=002878&announcementId=1223376525&orgId=9900030663&announcementTime=2025-04-29,2025-04-30,2025-07-29,0.417767
002879,长缆科技,2024,2025-03-18,2024年年度报告,http://www.cninfo.com.cn/new/disclosure/detail?stockCode=002879&announcementId=1222822120&orgId=9900031441&announcementTime=2025-03-18,2025-03-19,2025-06-18,-0.2163
002880,卫光生物,2024,2025-04-23,2024年年度报告,http://www.cninfo.com.cn/new/disclosure/detail?stockCode=002880&announcementId=1223217442&orgId=9900031439&announcementTime=2025-04-23,2025-04-24,2025-07-23,0.043213
002881,美格智能,2024,2025-04-28,2024年年度报告,http://www.cninfo.com.cn/new/disclosure/detail?stockCode=002881&announcementId=1223323479&orgId=9900032572&announcementTime=2025-04-28,2025-04-29,2025-07-28,-0.015992
002882,金龙羽,2024,2025-04-03,2024年年度报告,http://www.cninfo.com.cn/new/disclosure/detail?stockCode=002882&announcementId=1222990566&orgId=9900030699&announcementTime=2025-04-03,2025-04-07,2025-07-04,1.16796
002883,中设股份,2024,2025-04-25,2024年年度报告,http://www.cninfo.com.cn/new/disclosure/detail?stockCode=002883&announcementId=1223264446&orgId=9900031776&announcementTime=2025-04-25,2025-04-28,2025-07-25,0.506417
002884,凌霄泵业,2024,2025-04-11,2024年年度报告,http://www.cninfo.com.cn/new/disclosure/detail?stockCode=002884&announcementId=1223056727&orgId=9900031445&announcementTime=2025-04-11,2025-04-14,2025-07-11,0.073556
002885,京泉华,2024,2025-04-26,2024年年度报告,http://www.cninfo.com.cn/new/disclosure/detail?stockCode=002885&announcementId=1223321386&orgId=9900032561&announcementTime=2025-04-26,2025-04-28,2025-07-25,0.139219
002886,沃特股份,2024,2025-04-25,2024年年度报告,http://www.cninfo.com.cn/new/disclosure/detail?stockCode=002886&announcementId=1223268409&orgId=9900031440&announcementTime=2025-04-25,2025-04-28,2025-07-25,0.047859
002887,绿茵生态,2024,2025-04-26,2024年年度报告,http://www.cninfo.com.cn/new/disclosure/detail?stockCode=002887&announcementId=1223312269&orgId=9900031819&announcementTime=2025-04-26,2025-04-28,2025-07-25,0.253416
002888,惠威科技,2024,2025-04-25,2024年年度报告,http://www.cninfo.com.cn/new/disclosure/detail?stockCode=002888&announcementId=1223285444&orgId=9900032420&announcementTime=2025-04-25,2025-04-28,2025-07-25,0.13969
002889,东方嘉盛,2024,2025-04-26,2024年年度报告,http://www.cninfo.com.cn/new/disclosure/detail?stockCode=002889&announcementId=1223329113&orgId=9900014832&announcementTime=2025-04-26,2025-04-28,2025-07-25,0.141076
002890,弘宇股份,2024,2025-04-17,2024年年度报告,http://www.cninfo.com.cn/new/disclosure/detail?stockCode=002890&announcementId=1223109941&orgId=9900031913&announcementTime=2025-04-17,2025-04-18,2025-07-17,0.208277
002891,中宠股份,2024,2025-04-24,2024年年度报告,http://www.cninfo.com.cn/new/disclosure/detail?stockCode=002891&announcementId=1223233414&orgId=9900032780&announcementTime=2025-04-24,2025-04-25,2025-07-24,0.004597
002892,科力尔,2024,2025-04-25,2024年年度报告,http://www.cninfo.com.cn/new/disclosure/detail?stockCode=002892&announcementId=1223272887&orgId=9900032990&announcementTime=2025-04-25,2025-04-28,2025-07-25,0.184178
002893,京能热力,2024,2025-04-26,2024年年度报告,http://www.cninfo.com.cn/new/disclosure/detail?stockCode=002893&announcementId=1223327390&orgId=GD116217&announcementTime=2025-04-26,2025-04-28,2025-07-25,0.046549
002895,川恒股份,2024,2025-04-10,2024年年度报告,http://www.cninfo.com.cn/new/disclosure/detail?stockCode=002895&announcementId=1223043965&orgId=9900032889&announcementTime=2025-04-10,2025-04-11,2025-07-10,0.054258
002896,中大力德,2024,2025-04-18,2024年年度报告,http://www.cninfo.com.cn/new/disclosure/detail?stockCode=002896&announcementId=1223126845&orgId=9900033209&announcementTime=2025-04-18,2025-04-21,2025-07-18,0.276642
002897,意华股份,2024,2025-04-25,2024年年度报告,http://www.cninfo.com.cn/new/disclosure/detail?stockCode=002897&announcementId=1223268069&orgId=9900032890&announcementTime=2025-04-25,2025-04-28,2025-07-25,-0.029043
002898,*ST赛隆,2024,2025-04-25,2024年年度报告,http://www.cninfo.com.cn/new/disclosure/detail?stockCode=002898&announcementId=1223272241&orgId=9900032573&announcementTime=2025-04-25,2025-04-28,2025-07-25,1.178886
002899,英派斯,2024,2025-04-28,2024年年度报告,http://www.cninfo.com.cn/new/disclosure/detail?stockCode=002899&announcementId=1223306367&orgId=9900033211&announcementTime=2025-04-28,2025-04-29,2025-07-28,0.139785
002900,哈三联,2024,2025-04-25,2024年年度报告,http://www.cninfo.com.cn/new/disclosure/detail?stockCode=002900&announcementId=1223267119&orgId=9900031438&announcementTime=2025-04-25,2025-04-28,2025-07-25,0.4613
002901,大博医疗,2024,2025-04-24,2024年年度报告,http://www.cninfo.com.cn/new/disclosure/detail?stockCode=002901&announcementId=1223238919&orgId=9900032888&announcementTime=2025-04-24,2025-04-25,2025-07-24,0.303738
002902,铭普光磁,2024,2025-04-22,2024年年度报告,http://www.cninfo.com.cn/new/disclosure/detail?stockCode=002902&announcementId=1223194248&orgId=9900030783&announcementTime=2025-04-22,2025-04-23,2025-07-22,0.232983
002903,宇环数控,2024,2025-04-09,2024年年度报告,http://www.cninfo.com.cn/new/disclosure/detail?stockCode=002903&announcementId=1223031728&orgId=9900033226&announcementTime=2025-04-09,2025-04-10,2025-07-09,0.058962
002905,金逸影视,2024,2025-04-15,2024年年度报告,http://www.cninfo.com.cn/new/disclosure/detail?stockCode=002905&announcementId=1223095551&orgId=9900023145&announcementTime=2025-04-15,2025-04-16,2025-07-15,0.213445
002906,华阳集团,2024,2025-03-29,2024年年度报告,http://www.cninfo.com.cn/new/disclosure/detail?stockCode=002906&announcementId=1222945028&orgId=9900030637&announcementTime=2025-03-29,2025-03-31,2025-06-30,-0.056067
002907,华森制药,2024,2025-04-25,2024年年度报告,http://www.cninfo.com.cn/new/disclosure/detail?stockCode=002907&announcementId=1223266336&orgId=9900033357&announcementTime=2025-04-25,2025-04-28,2025-07-25,0.241452
002908,德生科技,2024,2025-04-26,2024年年度报告,http://www.cninfo.com.cn/new/disclosure/detail?stockCode=002908&announcementId=1223332974&orgId=9900033187&announcementTime=2025-04-26,2025-04-28,2025-07-25,0.304461
002910,庄园牧场,2024,2025-04-25,2024年年度报告,http://www.cninfo.com.cn/new/disclosure/detail?stockCode=002910&announcementId=1223287010&orgId=9900025273&announcementTime=2025-04-25,2025-04-28,2025-07-25,0.196952
002909,集泰股份,2024,2025-03-29,2024年年度报告,http://www.cninfo.com.cn/new/disclosure/detail?stockCode=002909&announcementId=1222944863&orgId=9900031818&announcementTime=2025-03-29,2025-03-31,2025-06-30,0.066741
002911,佛燃能源,2024,2025-03-22,2024年年度报告,http://www.cninfo.com.cn/new/disclosure/detail?stockCode=002911&announcementId=1222866341&orgId=9900023979&announcementTime=2025-03-22,2025-03-24,2025-06-23,-0.050048
002912,中新赛克,2024,2025-03-28,2024年年度报告,http://www.cninfo.com.cn/new/disclosure/detail?stockCode=002912&announcementId=1222926924&orgId=9900033221&announcementTime=2025-03-28,2025-03-31,2025-06-30,-0.098932
002913,奥士康,2024,2025-04-25,2024年年度报告,http://www.cninfo.com.cn/new/disclosure/detail?stockCode=002913&announcementId=1223279323&orgId=9900033854&announcementTime=2025-04-25,2025-04-28,2025-07-25,0.487524
002915,中欣氟材,2024,2025-04-22,2024年年度报告,http://www.cninfo.com.cn/new/disclosure/detail?stockCode=002915&announcementId=1223197554&orgId=9900033856&announcementTime=2025-04-22,2025-04-23,2025-07-22,0.371131
002917,金奥博,2024,2025-04-26,2024年年度报告,http://www.cninfo.com.cn/new/disclosure/detail?stockCode=002917&announcementId=1223321104&orgId=9900034453&announcementTime=2025-04-26,2025-04-28,2025-07-25,0.152466
002916,深南电路,2024,2025-03-13,2024年年度报告,http://www.cninfo.com.cn/new/disclosure/detail?stockCode=002916&announcementId=1222778134&orgId=9900022488&announcementTime=2025-03-13,2025-03-14,2025-06-13,-0.019799
002919,名臣健康,2024,2025-04-29,2024年年度报告,http://www.cninfo.com.cn/new/disclosure/detail?stockCode=002919&announcementId=1223376513&orgId=9900033207&announcementTime=2025-04-29,2025-04-30,2025-07-29,0.101675
002918,蒙娜丽莎,2024,2025-04-18,2024年年度报告,http://www.cninfo.com.cn/new/disclosure/detail?stockCode=002918&announcementId=1223127298&orgId=9900033052&announcementTime=2025-04-18,2025-04-21,2025-07-18,0.010467
002921,联诚精密,2024,2025-04-26,2024年年度报告,http://www.cninfo.com.cn/new/disclosure/detail?stockCode=002921&announcementId=1223314656&orgId=9900033213&announcementTime=2025-04-26,2025-04-28,2025-07-25,0.255165
002920,德赛西威,2024,2025-03-15,2024年年度报告,http://www.cninfo.com.cn/new/disclosure/detail?stockCode=002920&announcementId=1222806371&orgId=9900032987&announcementTime=2025-03-15,2025-03-17,2025-06-16,-0.194609
002923,润都股份,2024,2025-04-29,2024年年度报告,http://www.cninfo.com.cn/new/disclosure/detail?stockCode=002923&announcementId=1223381594&orgId=9900025272&announcementTime=2025-04-29,2025-04-30,2025-07-29,0.15553
002922,伊戈尔,2024,2025-03-29,2024年年度报告,http://www.cninfo.com.cn/new/disclosure/detail?stockCode=002922&announcementId=1222946075&orgId=9900023654&announcementTime=2025-03-29,2025-03-31,2025-06-30,-0.12831
002926,华西证券,2024,2025-04-25,2024年年度报告,http://www.cninfo.com.cn/new/disclosure/detail?stockCode=002926&announcementId=1223280250&orgId=qsgn0000140&announcementTime=2025-04-25,2025-04-28,2025-07-25,0.270492
002925,盈趣科技,2024,2025-04-25,2024年年度报告,http://www.cninfo.com.cn/new/disclosure/detail?stockCode=002925&announcementId=1223270418&orgId=9900033915&announcementTime=2025-04-25,2025-04-28,2025-07-25,0.127871
002927,泰永长征,2024,2025-04-25,2024年年度报告,http://www.cninfo.com.cn/new/disclosure/detail?stockCode=002927&announcementId=1223273573&orgId=9900035338&announcementTime=2025-04-25,2025-04-28,2025-07-25,0.295261
002928,华夏航空,2024,2025-04-26,2024年年度报告,http://www.cninfo.com.cn/new/disclosure/detail?stockCode=002928&announcementId=1223306974&orgId=9900034642&announcementTime=2025-04-26,2025-04-28,2025-07-25,0.137521
002929,润建股份,2024,2025-04-26,2024年年度报告,http://www.cninfo.com.cn/new/disclosure/detail?stockCode=002929&announcementId=1223329406&orgId=gfbj0834571&announcementTime=2025-04-26,2025-04-28,2025-07-25,0.010714
002930,宏川智慧,2024,2025-04-28,2024年年度报告,http://www.cninfo.com.cn/new/disclosure/detail?stockCode=002930&announcementId=1223348255&orgId=gfbj0834337&announcementTime=2025-04-28,2025-04-29,2025-07-28,0.289033
002931,锋龙股份,2024,2025-04-29,2024年年度报告,http://www.cninfo.com.cn/new/disclosure/detail?stockCode=002931&announcementId=1223375409&orgId=9900035297&announcementTime=2025-04-29,2025-04-30,2025-07-29,-0.053457
002932,明德生物,2024,2025-04-25,2024年年度报告,http://www.cninfo.com.cn/new/disclosure/detail?stockCode=002932&announcementId=1223287123&orgId=gfbj0430591&announcementTime=2025-04-25,2025-04-28,2025-07-25,0.295678
002933,新兴装备,2024,2025-03-29,2024年年度报告,http://www.cninfo.com.cn/new/disclosure/detail?stockCode=002933&announcementId=1222944542&orgId=9900033914&announcementTime=2025-03-29,2025-03-31,2025-06-30,0.140659
002935,天奥电子,2024,2025-04-12,2024年年度报告,http://www.cninfo.com.cn/new/disclosure/detail?stockCode=002935&announcementId=1223068984&orgId=9900031437&announcementTime=2025-04-12,2025-04-14,2025-07-11,0.150265
002936,郑州银行,2024,2025-03-28,2024年年度报告,http://www.cninfo.com.cn/new/disclosure/detail?stockCode=002936&announcementId=1222927745&orgId=9900011028&announcementTime=2025-03-28,2025-03-31,2025-06-30,0.062271
002937,兴瑞科技,2024,2025-04-25,2024年年度报告,http://www.cninfo.com.cn/new/disclosure/detail?stockCode=002937&announcementId=1223268005&orgId=9900035540&announcementTime=2025-04-25,2025-04-28,2025-07-25,0.076923
002938,鹏鼎控股,2024,2025-04-09,2024年年度报告,http://www.cninfo.com.cn/new/disclosure/detail?stockCode=002938&announcementId=1223032925&orgId=9900036236&announcementTime=2025-04-09,2025-04-10,2025-07-09,0.385292
002939,长城证券,2024,2025-04-29,2024年年度报告,http://www.cninfo.com.cn/new/disclosure/detail?stockCode=002939&announcementId=1223373827&orgId=qsgn0000030&announcementTime=2025-04-29,2025-04-30,2025-07-29,0.17723
002940,昂利康,2024,2025-04-26,2024年年度报告,http://www.cninfo.com.cn/new/disclosure/detail?stockCode=002940&announcementId=1223313175&orgId=9900035538&announcementTime=2025-04-26,2025-04-28,2025-07-25,3.298052
002941,新疆交建,2024,2025-04-24,2024年年度报告,http://www.cninfo.com.cn/new/disclosure/detail?stockCode=002941&announcementId=1223238426&orgId=9900024967&announcementTime=2025-04-24,2025-04-25,2025-07-24,0.115318
002942,新农股份,2024,2025-04-23,2024年年度报告,http://www.cninfo.com.cn/new/disclosure/detail?stockCode=002942&announcementId=1223213044&orgId=gfbj0831868&announcementTime=2025-04-23,2025-04-24,2025-07-23,0.088879
002943,宇晶股份,2024,2025-04-25,2024年年度报告,http://www.cninfo.com.cn/new/disclosure/detail?stockCode=002943&announcementId=1223273974&orgId=gfbj0834124&announcementTime=2025-04-25,2025-04-28,2025-07-25,0.139977
002945,华林证券,2024,2025-03-29,2024年年度报告,http://www.cninfo.com.cn/new/disclosure/detail?stockCode=002945&announcementId=1222946837&orgId=qsgn0000869&announcementTime=2025-03-29,2025-03-31,2025-06-30,-0.061862
002946,新乳业,2024,2025-04-25,2024年年度报告,http://www.cninfo.com.cn/new/disclosure/detail?stockCode=002946&announcementId=1223271047&orgId=9900035998&announcementTime=2025-04-25,2025-04-28,2025-07-25,-0.022466
002947,恒铭达,2024,2025-03-29,2024年年度报告,http://www.cninfo.com.cn/new/disclosure/detail?stockCode=002947&announcementId=1222944803&orgId=9900035996&announcementTime=2025-03-29,2025-03-31,2025-06-30,-0.105989
002948,青岛银行,2024,2025-03-27,2024年年度报告,http://www.cninfo.com.cn/new/disclosure/detail?stockCode=002948&announcementId=1222910658&orgId=9900025494&announcementTime=2025-03-27,2025-03-28,2025-06-27,0.243945
002949,华阳国际,2024,2025-04-25,2024年年度报告,http://www.cninfo.com.cn/new/disclosure/detail?stockCode=002949&announcementId=1223265577&orgId=gfbj0836762&announcementTime=2025-04-25,2025-04-28,2025-07-25,0.088975
002950,奥美医疗,2024,2025-04-26,2024年年度报告,http://www.cninfo.com.cn/new/disclosure/detail?stockCode=002950&announcementId=1223326945&orgId=9900036281&announcementTime=2025-04-26,2025-04-28,2025-07-25,0.112635
002951,金时科技,2024,2025-04-28,2024年年度报告,http://www.cninfo.com.cn/new/disclosure/detail?stockCode=002951&announcementId=1223329977&orgId=9900036403&announcementTime=2025-04-28,2025-04-29,2025-07-29,1.261959
002952,亚世光电,2024,2025-04-25,2024年年度报告,http://www.cninfo.com.cn/new/disclosure/detail?stockCode=002952&announcementId=1223272361&orgId=gfbj0832840&announcementTime=2025-04-25,2025-04-28,2025-07-25,0.182918
002953,日丰股份,2024,2025-04-25,2024年年度报告,http://www.cninfo.com.cn/new/disclosure/detail?stockCode=002953&announcementId=1223270506&orgId=9900030006&announcementTime=2025-04-25,2025-04-28,2025-07-25,0.041928
002956,西麦食品,2024,2025-04-26,2024年年度报告,http://www.cninfo.com.cn/new/disclosure/detail?stockCode=002956&announcementId=1223311770&orgId=9900036485&announcementTime=2025-04-26,2025-04-28,2025-07-25,0.110956
002955,鸿合科技,2024,2025-04-26,2024年年度报告,http://www.cninfo.com.cn/new/disclosure/detail?stockCode=002955&announcementId=1223311626&orgId=9900037182&announcementTime=2025-04-26,2025-04-28,2025-07-31,0.169604
002957,科瑞技术,2024,2025-04-25,2024年年度报告,http://www.cninfo.com.cn/new/disclosure/detail?stockCode=002957&announcementId=1223273123&orgId=9900036562&announcementTime=2025-04-25,2025-04-28,2025-07-25,0.16291
002958,青农商行,2024,2025-04-25,2024年年度报告,http://www.cninfo.com.cn/new/disclosure/detail?stockCode=002958&announcementId=1223278983&orgId=9900031174&announcementTime=2025-04-25,2025-04-28,2025-07-25,0.171662
002959,小熊电器,2024,2025-04-09,2024年年度报告,http://www.cninfo.com.cn/new/disclosure/detail?stockCode=002959&announcementId=1223032188&orgId=9900037093&announcementTime=2025-04-09,2025-04-10,2025-07-09,0.119152
002960,青鸟消防,2024,2025-04-15,2024年年度报告,http://www.cninfo.com.cn/new/disclosure/detail?stockCode=002960&announcementId=1223096573&orgId=9900029804&announcementTime=2025-04-15,2025-04-16,2025-07-15,0.114009
002961,瑞达期货,2024,2025-04-23,2024年年度报告,http://www.cninfo.com.cn/new/disclosure/detail?stockCode=002961&announcementId=1223216519&orgId=9900030586&announcementTime=2025-04-23,2025-04-24,2025-07-23,0.461165
002962,五方光电,2024,2025-04-26,2024年年度报告,http://www.cninfo.com.cn/new/disclosure/detail?stockCode=002962&announcementId=1223306396&orgId=9900037010&announcementTime=2025-04-26,2025-04-28,2025-07-25,0.112465
002963,豪尔赛,2024,2025-04-11,2024年年度报告,http://www.cninfo.com.cn/new/disclosure/detail?stockCode=002963&announcementId=1223055465&orgId=9900037235&announcementTime=2025-04-11,2025-04-14,2025-07-11,0.273504
002965,祥鑫科技,2024,2025-04-23,2024年年度报告,http://www.cninfo.com.cn/new/disclosure/detail?stockCode=002965&announcementId=1223211885&orgId=9900030905&announcementTime=2025-04-23,2025-04-24,2025-07-23,-0.033882
002966,苏州银行,2024,2025-04-29,2024年年度报告,http://www.cninfo.com.cn/new/disclosure/detail?stockCode=002966&announcementId=1223374198&orgId=9900027389&announcementTime=2025-04-29,2025-04-30,2025-07-29,0.064659
002967,广电计量,2024,2025-03-28,2024年年度报告,http://www.cninfo.com.cn/new/disclosure/detail?stockCode=002967&announcementId=1222972760&orgId=gfbj0832462&announcementTime=2025-03-28,2025-03-31,2025-06-30,-0.157447
002968,新大正,2024,2025-04-29,2024年年度报告,http://www.cninfo.com.cn/new/disclosure/detail?stockCode=002968&announcementId=1223373034&orgId=gfbj0870776&announcementTime=2025-04-29,2025-04-30,2025-07-29,0.162277
002969,嘉美包装,2024,2025-04-25,2024年年度报告,http://www.cninfo.com.cn/new/disclosure/detail?stockCode=002969&announcementId=1223266397&orgId=9900037304&announcementTime=2025-04-25,2025-04-28,2025-07-25,0.10452
002970,锐明技术,2024,2025-04-25,2024年年度报告,http://www.cninfo.com.cn/new/disclosure/detail?stockCode=002970&announcementId=1223272763&orgId=9900033057&announcementTime=2025-04-25,2025-04-28,2025-07-25,-0.061852
002971,和远气体,2024,2025-04-25,2024年年度报告,http://www.cninfo.com.cn/new/disclosure/detail?stockCode=002971&announcementId=1223281190&orgId=9900037686&announcementTime=2025-04-25,2025-04-28,2025-07-25,0.491701
002972,科安达,2024,2025-03-28,2024年年度报告,http://www.cninfo.com.cn/new/disclosure/detail?stockCode=002972&announcementId=1222926405&orgId=9900030394&announcementTime=2025-03-28,2025-03-31,2025-06-30,0.128367
002973,侨银股份,2024,2025-04-29,2024年年度报告,http://www.cninfo.com.cn/new/disclosure/detail?stockCode=002973&announcementId=1223372501&orgId=9900037236&announcementTime=2025-04-29,2025-04-30,2025-07-29,0.343575
002976,瑞玛精密,2024,2025-04-25,2024年年度报告,http://www.cninfo.com.cn/new/disclosure/detail?stockCode=002976&announcementId=1223282812&orgId=9900038395&announcementTime=2025-04-25,2025-04-28,2025-07-25,0.25822
002975,博杰股份,2024,2025-04-26,2024年年度报告,http://www.cninfo.com.cn/new/disclosure/detail?stockCode=002975&announcementId=1223316465&orgId=9900038155&announcementTime=2025-04-26,2025-04-28,2025-07-25,0.367852
002977,天箭科技,2024,2025-04-23,2024年年度报告,http://www.cninfo.com.cn/new/disclosure/detail?stockCode=002977&announcementId=1223218349&orgId=9900037750&announcementTime=2025-04-23,2025-04-24,2025-07-23,0.323103
002978,安宁股份,2024,2025-03-14,2024年年度报告,http://www.cninfo.com.cn/new/disclosure/detail?stockCode=002978&announcementId=1222789664&orgId=9900034946&announcementTime=2025-03-14,2025-03-17,2025-06-16,-0.007505
002979,雷赛智能,2024,2025-04-25,2024年年度报告,http://www.cninfo.com.cn/new/disclosure/detail?stockCode=002979&announcementId=1223270439&orgId=9900023947&announcementTime=2025-04-25,2025-04-28,2025-07-25,-0.045892
002980,华盛昌,2024,2025-04-18,2024年年度报告,http://www.cninfo.com.cn/new/disclosure/detail?stockCode=002980&announcementId=1223124792&orgId=9900037842&announcementTime=2025-04-18,2025-04-21,2025-07-18,0.209328
002982,湘佳股份,2024,2025-04-19,2024年年度报告,http://www.cninfo.com.cn/new/disclosure/detail?stockCode=002982&announcementId=1223142535&orgId=gfbj0831102&announcementTime=2025-04-19,2025-04-21,2025-07-18,0.005879
002981,朝阳科技,2024,2025-04-08,2024年年度报告,http://www.cninfo.com.cn/new/disclosure/detail?stockCode=002981&announcementId=1223020876&orgId=9900035176&announcementTime=2025-04-08,2025-04-09,2025-07-08,0.582705
002983,芯瑞达,2024,2025-04-23,2024年年度报告,http://www.cninfo.com.cn/new/disclosure/detail?stockCode=002983&announcementId=1223219668&orgId=9900038397&announcementTime=2025-04-23,2025-04-24,2025-07-23,0.118215
002984,森麒麟,2024,2025-04-24,2024年年度报告,http://www.cninfo.com.cn/new/disclosure/detail?stockCode=002984&announcementId=1223241973&orgId=9900037009&announcementTime=2025-04-24,2025-04-25,2025-07-24,0.048763
002985,北摩高科,2024,2025-04-25,2024年年度报告,http://www.cninfo.com.cn/new/disclosure/detail?stockCode=002985&announcementId=1223280092&orgId=9900038313&announcementTime=2025-04-25,2025-04-28,2025-07-25,0.093909
002986,宇新股份,2024,2025-04-22,2024年年度报告,http://www.cninfo.com.cn/new/disclosure/detail?stockCode=002986&announcementId=1223193985&orgId=9900039828&announcementTime=2025-04-22,2025-04-23,2025-07-22,0.090271
002988,豪美新材,2024,2025-03-29,2024年年度报告,http://www.cninfo.com.cn/new/disclosure/detail?stockCode=002988&announcementId=1222945060&orgId=9900039755&announcementTime=2025-03-29,2025-03-31,2025-06-30,0.60369
002987,京北方,2024,2025-04-12,2024年年度报告,http://www.cninfo.com.cn/new/disclosure/detail?stockCode=002987&announcementId=1223070467&orgId=9900038942&announcementTime=2025-04-12,2025-04-14,2025-07-11,0.995779
002989,中天精装,2024,2025-04-29,2024年年度报告,http://www.cninfo.com.cn/new/disclosure/detail?stockCode=002989&announcementId=1223369014&orgId=9900034522&announcementTime=2025-04-29,2025-04-30,2025-07-29,0.164479
002990,盛视科技,2024,2025-04-12,2024年年度报告,http://www.cninfo.com.cn/new/disclosure/detail?stockCode=002990&announcementId=1223070667&orgId=9900039822&announcementTime=2025-04-12,2025-04-14,2025-07-11,0.12131
002991,甘源食品,2024,2025-04-19,2024年年度报告,http://www.cninfo.com.cn/new/disclosure/detail?stockCode=002991&announcementId=1223155852&orgId=9900039782&announcementTime=2025-04-19,2025-04-21,2025-07-18,-0.14382
002992,宝明科技,2024,2025-04-29,2024年年度报告,http://www.cninfo.com.cn/new/disclosure/detail?stockCode=002992&announcementId=1223381971&orgId=9900035527&announcementTime=2025-04-29,2025-04-30,2025-07-29,-0.0263
002993,奥海科技,2024,2025-04-22,2024年年度报告,http://www.cninfo.com.cn/new/disclosure/detail?stockCode=002993&announcementId=1223190551&orgId=9900038941&announcementTime=2025-04-22,2025-04-23,2025-07-22,0.193118
002996,顺博合金,2024,2025-04-25,2024年年度报告,http://www.cninfo.com.cn/new/disclosure/detail?stockCode=002996&announcementId=1223268966&orgId=gfbj0833081&announcementTime=2025-04-25,2025-04-28,2025-07-25,0.168527
002995,天地在线,2024,2025-04-19,2024年年度报告,http://www.cninfo.com.cn/new/disclosure/detail?stockCode=002995&announcementId=1223142648&orgId=9900034850&announcementTime=2025-04-19,2025-04-21,2025-07-18,0.181856
002997,瑞鹄模具,2024,2025-03-25,2024年年度报告,http://www.cninfo.com.cn/new/disclosure/detail?stockCode=002997&announcementId=1222881814&orgId=gfbj0837440&announcementTime=2025-03-25,2025-03-26,2025-06-25,-0.097854
002998,优彩资源,2024,2025-04-25,2024年年度报告,http://www.cninfo.com.cn/new/disclosure/detail?stockCode=002998&announcementId=1223269759&orgId=9900039845&announcementTime=2025-04-25,2025-04-28,2025-07-25,0.182197
002999,天禾股份,2024,2025-04-22,2024年年度报告,http://www.cninfo.com.cn/new/disclosure/detail?stockCode=002999&announcementId=1223191286&orgId=9900033717&announcementTime=2025-04-22,2025-04-23,2025-07-22,0.217245
003000,劲仔食品,2024,2025-03-25,2024年年度报告,http://www.cninfo.com.cn/new/disclosure/detail?stockCode=003000&announcementId=1222881481&orgId=9900039825&announcementTime=2025-03-25,2025-03-26,2025-06-25,0.119175
003001,中岩大地,2024,2025-04-18,2024年年度报告,http://www.cninfo.com.cn/new/disclosure/detail?stockCode=003001&announcementId=1223128217&orgId=gfbj0835524&announcementTime=2025-04-18,2025-04-21,2025-07-18,-0.014417
003002,壶化股份,2024,2025-04-25,2024年年度报告,http://www.cninfo.com.cn/new/disclosure/detail?stockCode=003002&announcementId=1223266655&orgId=9900030582&announcementTime=2025-04-25,2025-04-28,2025-07-25,0.073592
003003,天元股份,2024,2025-04-29,2024年年度报告,http://www.cninfo.com.cn/new/disclosure/detail?stockCode=003003&announcementId=1223378100&orgId=gfbj0836099&announcementTime=2025-04-29,2025-04-30,2025-07-29,0.020186
003004,*ST声迅,2024,2025-04-30,2024年年度报告,http://www.cninfo.com.cn/new/disclosure/detail?stockCode=003004&announcementId=1223415634&orgId=9900036362&announcementTime=2025-04-30,2025-05-06,2025-07-30,-0.066866
003005,竞业达,2024,2025-04-26,2024年年度报告,http://www.cninfo.com.cn/new/disclosure/detail?stockCode=003005&announcementId=1223320880&orgId=9900039784&announcementTime=2025-04-26,2025-04-28,2025-07-25,0.087096
003006,百亚股份,2024,2025-03-22,2024年年度报告,http://www.cninfo.com.cn/new/disclosure/detail?stockCode=003006&announcementId=1222870071&orgId=9900032173&announcementTime=2025-03-22,2025-03-24,2025-06-23,0.097328
003007,直真科技,2024,2025-04-25,2024年年度报告,http://www.cninfo.com.cn/new/disclosure/detail?stockCode=003007&announcementId=1223276571&orgId=9900039727&announcementTime=2025-04-25,2025-04-28,2025-07-25,0.460855
003008,开普检测,2024,2025-04-09,2024年年度报告,http://www.cninfo.com.cn/new/disclosure/detail?stockCode=003008&announcementId=1223031265&orgId=9900038903&announcementTime=2025-04-09,2025-04-10,2025-07-09,0.177099
003009,中天火箭,2024,2025-03-25,2024年年度报告,http://www.cninfo.com.cn/new/disclosure/detail?stockCode=003009&announcementId=1222881882&orgId=9900039724&announcementTime=2025-03-25,2025-03-26,2025-06-25,0.205004
003010,若羽臣,2024,2025-04-25,2024年年度报告,http://www.cninfo.com.cn/new/disclosure/detail?stockCode=003010&announcementId=1223269389&orgId=gfbj0834647&announcementTime=2025-04-25,2025-04-28,2025-07-25,0.435307
003011,海象新材,2024,2025-04-29,2024年年度报告,http://www.cninfo.com.cn/new/disclosure/detail?stockCode=003011&announcementId=1223357167&orgId=9900039851&announcementTime=2025-04-29,2025-04-30,2025-07-29,0.346794
003012,东鹏控股,2024,2025-04-19,2024年年度报告,http://www.cninfo.com.cn/new/disclosure/detail?stockCode=003012&announcementId=1223150769&orgId=9900035896&announcementTime=2025-04-19,2025-04-21,2025-07-18,-0.027616
003013,地铁设计,2024,2025-04-01,2024年年度报告,http://www.cninfo.com.cn/new/disclosure/detail?stockCode=003013&announcementId=1222973747&orgId=9900039775&announcementTime=2025-04-01,2025-04-02,2025-07-02,-0.066964
003015,日久光电,2024,2025-04-15,2024年年度报告,http://www.cninfo.com.cn/new/disclosure/detail?stockCode=003015&announcementId=1223091255&orgId=gfbj0835229&announcementTime=2025-04-15,2025-04-16,2025-07-15,0.247238
003016,欣贺股份,2024,2025-04-26,2024年年度报告,http://www.cninfo.com.cn/new/disclosure/detail?stockCode=003016&announcementId=1223307372&orgId=9900028775&announcementTime=2025-04-26,2025-04-28,2025-07-25,0.238037
003017,大洋生物,2024,2025-04-22,2024年年度报告,http://www.cninfo.com.cn/new/disclosure/detail?stockCode=003017&announcementId=1223188862&orgId=gfbj0837112&announcementTime=2025-04-22,2025-04-23,2025-07-22,0.249039
003018,金富科技,2024,2025-03-29,2024年年度报告,http://www.cninfo.com.cn/new/disclosure/detail?stockCode=003018&announcementId=1222945439&orgId=9900039757&announcementTime=2025-03-29,2025-03-31,2025-06-30,0.085292
003019,宸展光电,2024,2025-04-29,2024年年度报告,http://www.cninfo.com.cn/new/disclosure/detail?stockCode=003019&announcementId=1223363829&orgId=9900039765&announcementTime=2025-04-29,2025-04-30,2025-07-29,0.115394
003020,立方制药,2024,2025-04-22,2024年年度报告,http://www.cninfo.com.cn/new/disclosure/detail?stockCode=003020&announcementId=1223188937&orgId=9900030695&announcementTime=2025-04-22,2025-04-23,2025-07-22,-0.208131
003021,兆威机电,2024,2025-04-29,2024年年度报告,http://www.cninfo.com.cn/new/disclosure/detail?stockCode=003021&announcementId=1223375606&orgId=9900039718&announcementTime=2025-04-29,2025-04-30,2025-07-29,-0.078565
003023,彩虹集团,2024,2025-04-22,2024年年度报告,http://www.cninfo.com.cn/new/disclosure/detail?stockCode=003023&announcementId=1223187755&orgId=GD005978&announcementTime=2025-04-22,2025-04-23,2025-07-22,0.148163
003022,联泓新科,2024,2025-03-28,2024年年度报告,http://www.cninfo.com.cn/new/disclosure/detail?stockCode=003022&announcementId=1222928827&orgId=9900039749&announcementTime=2025-03-28,2025-03-31,2025-06-30,0.048347
003025,思进智能,2024,2025-04-26,2024年年度报告,http://www.cninfo.com.cn/new/disclosure/detail?stockCode=003025&announcementId=1223332123&orgId=9900030867&announcementTime=2025-04-26,2025-04-28,2025-07-25,0.025187
003026,中晶科技,2024,2025-04-29,2024年年度报告,http://www.cninfo.com.cn/new/disclosure/detail?stockCode=003026&announcementId=1223369982&orgId=gfbj0831214&announcementTime=2025-04-29,2025-04-30,2025-07-29,0.227611
003027,同兴科技,2024,2025-04-24,2024年年度报告,http://www.cninfo.com.cn/new/disclosure/detail?stockCode=003027&announcementId=1223245173&orgId=9900039712&announcementTime=2025-04-24,2025-04-25,2025-07-24,0.148076
003028,振邦智能,2024,2025-03-28,2024年年度报告,http://www.cninfo.com.cn/new/disclosure/detail?stockCode=003028&announcementId=1222922770&orgId=9900039781&announcementTime=2025-03-28,2025-03-31,2025-06-30,-0.14672
003029,吉大正元,2024,2025-04-26,2024年年度报告,http://www.cninfo.com.cn/new/disclosure/detail?stockCode=003029&announcementId=1223305145&orgId=9900039732&announcementTime=2025-04-26,2025-04-28,2025-07-25,0.305921
003031,中瓷电子,2024,2025-04-25,2024年年度报告,http://www.cninfo.com.cn/new/disclosure/detail?stockCode=003031&announcementId=1223269703&orgId=9900040654&announcementTime=2025-04-25,2025-04-28,2025-07-25,0.16507
003030,祖名股份,2024,2025-04-25,2024年年度报告,http://www.cninfo.com.cn/new/disclosure/detail?stockCode=003030&announcementId=1223271386&orgId=gfbj0836494&announcementTime=2025-04-25,2025-04-28,2025-07-25,0.104741
003032,*ST传智,2024,2025-04-22,2024年年度报告,http://www.cninfo.com.cn/new/disclosure/detail?stockCode=003032&announcementId=1223197724&orgId=gfbj0839976&announcementTime=2025-04-22,2025-04-23,2025-07-22,0.202555
003033,征和工业,2024,2025-03-27,2024年年度报告,http://www.cninfo.com.cn/new/disclosure/detail?stockCode=003033&announcementId=1222912011&orgId=9900033053&announcementTime=2025-03-27,2025-03-28,2025-06-27,-0.126692
003035,南网能源,2024,2025-03-29,2024年年度报告,http://www.cninfo.com.cn/new/disclosure/detail?stockCode=003035&announcementId=1222949541&orgId=nssc1000233&announcementTime=2025-03-29,2025-03-31,2025-06-30,0.086854
003036,泰坦股份,2024,2025-04-18,2024年年度报告,http://www.cninfo.com.cn/new/disclosure/detail?stockCode=003036&announcementId=1223121074&orgId=9900023478&announcementTime=2025-04-18,2025-04-21,2025-07-18,0.369615
003037,三和管桩,2024,2025-04-29,2024年年度报告,http://www.cninfo.com.cn/new/disclosure/detail?stockCode=003037&announcementId=1223358708&orgId=9900041435&announcementTime=2025-04-29,2025-04-30,2025-07-29,0.374648
003038,鑫铂股份,2024,2025-03-28,2024年年度报告,http://www.cninfo.com.cn/new/disclosure/detail?stockCode=003038&announcementId=1222922288&orgId=9900041546&announcementTime=2025-03-28,2025-03-31,2025-06-30,-0.092731
003039,顺控发展,2024,2025-04-21,2024年年度报告,http://www.cninfo.com.cn/new/disclosure/detail?stockCode=003039&announcementId=1223151504&orgId=gfbj0836242&announcementTime=2025-04-21,2025-04-22,2025-07-21,0.093999
003040,楚天龙,2024,2025-04-19,2024年年度报告,http://www.cninfo.com.cn/new/disclosure/detail?stockCode=003040&announcementId=1223143862&orgId=9900041451&announcementTime=2025-04-19,2025-04-21,2025-07-18,1.164782
003042,中农联合,2024,2025-04-26,2024年年度报告,http://www.cninfo.com.cn/new/disclosure/detail?stockCode=003042&announcementId=1223304044&orgId=gfbj0871103&announcementTime=2025-04-26,2025-04-28,2025-07-25,0.14497
003041,真爱美家,2024,2025-04-26,2024年年度报告,http://www.cninfo.com.cn/new/disclosure/detail?stockCode=003041&announcementId=1223318415&orgId=9900030776&announcementTime=2025-04-26,2025-04-28,2025-07-25,-0.019403
003043,华亚智能,2024,2025-04-29,2024年年度报告,http://www.cninfo.com.cn/new/disclosure/detail?stockCode=003043&announcementId=1223368366&orgId=9900037303&announcementTime=2025-04-29,2025-04-30,2025-07-29,0.130056
003816,中国广核,2024,2025-03-27,2024年年度报告,http://www.cninfo.com.cn/new/disclosure/detail?stockCode=003816&announcementId=1222913141&orgId=9900027002&announcementTime=2025-03-27,2025-03-28,2025-06-27,0.0
600000,浦发银行,2024,2025-03-29,上海浦东发展银行股份有限公司2024年年度报告,http://www.cninfo.com.cn/new/disclosure/detail?stockCode=600000&announcementId=1222948214&orgId=gssh0600000&announcementTime=2025-03-29,2025-03-31,2025-06-30,0.325703
600004,白云机场,2024,2025-04-30,广州白云国际机场股份有限公司2024年年度报告,http://www.cninfo.com.cn/new/disclosure/detail?stockCode=600004&announcementId=1223412147&orgId=gssh0600004&announcementTime=2025-04-30,2025-05-06,2025-07-30,0.068344
600006,东风股份,2024,2025-04-26,东风汽车股份有限公司2024年年度报告全文,http://www.cninfo.com.cn/new/disclosure/detail?stockCode=600006&announcementId=1223324200&orgId=gssh0600006&announcementTime=2025-04-26,2025-04-28,2025-07-25,0.052553
600007,中国国贸,2024,2025-04-01,中国国贸2024年年度报告,http://www.cninfo.com.cn/new/disclosure/detail?stockCode=600007&announcementId=1222974208&orgId=gssh0600007&announcementTime=2025-04-01,2025-04-02,2025-07-02,-0.061187
600008,首创环保,2024,2025-04-12,首创环保2024年年度报告,http://www.cninfo.com.cn/new/disclosure/detail?stockCode=600008&announcementId=1223071773&orgId=gssh0600008&announcementTime=2025-04-12,2025-04-14,2025-07-11,0.044985
600009,上海机场,2024,2025-04-29,上海机场2024年年度报告,http://www.cninfo.com.cn/new/disclosure/detail?stockCode=600009&announcementId=1223389433&orgId=gssh0600009&announcementTime=2025-04-29,2025-04-30,2025-07-29,0.015646
600010,包钢股份,2024,2025-04-19,包钢股份2024年年度报告,http://www.cninfo.com.cn/new/disclosure/detail?stockCode=600010&announcementId=1223154551&orgId=gssh0600010&announcementTime=2025-04-19,2025-04-21,2025-07-18,0.209146
600011,华能国际,2024,2025-03-26,华能国际2024年年度报告全文,http://www.cninfo.com.cn/new/disclosure/detail?stockCode=600011&announcementId=1222896784&orgId=gssh0600011&announcementTime=2025-03-26,2025-03-27,2025-06-26,0.044532
600012,皖通高速,2024,2025-03-31,皖通高速2024年年度报告,http://www.cninfo.com.cn/new/disclosure/detail?stockCode=600012&announcementId=1222961876&orgId=gssh0600012&announcementTime=2025-03-31,2025-04-01,2025-07-01,-0.018316
600015,华夏银行,2024,2025-04-18,华夏银行2024年年度报告,http://www.cninfo.com.cn/new/disclosure/detail?stockCode=600015&announcementId=1223129834&orgId=gssh0600015&announcementTime=2025-04-18,2025-04-21,2025-07-18,0.085739
600016,民生银行,2024,2025-03-29,中国民生银行2024年年度报告,http://www.cninfo.com.cn/new/disclosure/detail?stockCode=600016&announcementId=1222951325&orgId=gssh0600016&announcementTime=2025-03-29,2025-03-31,2025-06-30,0.202596
600017,日照港,2024,2025-03-28,日照港2024年年度报告,http://www.cninfo.com.cn/new/disclosure/detail?stockCode=600017&announcementId=1222922742&orgId=9900000981&announcementTime=2025-03-28,2025-03-31,2025-06-30,0.025783
600018,上港集团,2024,2025-04-01,上港集团2024年年度报告,http://www.cninfo.com.cn/new/disclosure/detail?stockCode=600018&announcementId=1222973300&orgId=9900001281&announcementTime=2025-04-01,2025-04-02,2025-07-02,0.010627
600019,宝钢股份,2024,2025-04-26,宝钢股份2024年年度报告,http://www.cninfo.com.cn/new/disclosure/detail?stockCode=600019&announcementId=1223329102&orgId=gssh0600019&announcementTime=2025-04-26,2025-04-28,2025-07-25,0.12742
600021,上海电力,2024,2025-04-01,上海电力股份有限公司2024年年度报告,http://www.cninfo.com.cn/new/disclosure/detail?stockCode=600021&announcementId=1222972845&orgId=gssh0600021&announcementTime=2025-04-01,2025-04-02,2025-07-02,-0.006126
600020,中原高速,2024,2025-03-29,河南中原高速公路股份有限公司2024年年度报告,http://www.cninfo.com.cn/new/disclosure/detail?stockCode=600020&announcementId=1222952051&orgId=gssh0600020&announcementTime=2025-03-29,2025-03-31,2025-06-30,0.083881
600023,浙能电力,2024,2025-04-29,2024年年度报告,http://www.cninfo.com.cn/new/disclosure/detail?stockCode=600023&announcementId=1223358285&orgId=9900027828&announcementTime=2025-04-29,2025-04-30,2025-07-29,0.033099
600022,山东钢铁,2024,2025-04-30,山东钢铁股份有限公司2024年年度报告,http://www.cninfo.com.cn/new/disclosure/detail?stockCode=600022&announcementId=1223412184&orgId=gssh0600022&announcementTime=2025-04-30,2025-05-06,2025-07-30,0.189155
600025,华能水电,2024,2025-04-25,2024年年度报告,http://www.cninfo.com.cn/new/disclosure/detail?stockCode=600025&announcementId=1223273611&orgId=9900030360&announcementTime=2025-04-25,2025-04-28,2025-07-25,0.009624
600026,中远海能,2024,2025-03-27,中远海能2024年年度报告,http://www.cninfo.com.cn/new/disclosure/detail?stockCode=600026&announcementId=1222911720&orgId=gssh0600026&announcementTime=2025-03-27,2025-03-28,2025-06-27,-0.097353
600027,华电国际,2024,2025-03-28,2024年年度报告,http://www.cninfo.com.cn/new/disclosure/detail?stockCode=600027&announcementId=1222927023&orgId=gssh0600027&announcementTime=2025-03-28,2025-03-31,2025-06-30,-0.015523
600028,中国石化,2024,2025-03-24,中国石化2024年年度报告,http://www.cninfo.com.cn/new/disclosure/detail?stockCode=600028&announcementId=1222873281&orgId=gssh0600028&announcementTime=2025-03-24,2025-03-25,2025-06-24,0.009944
600029,南方航空,2024,2025-03-27,南方航空2024年度报告,http://www.cninfo.com.cn/new/disclosure/detail?stockCode=600029&announcementId=1222912795&orgId=gssh0600029&announcementTime=2025-03-27,2025-03-28,2025-06-27,-0.019531
600030,中信证券,2024,2025-03-27,中信证券股份有限公司2024年年度报告,http://www.cninfo.com.cn/new/disclosure/detail?stockCode=600030&announcementId=1222912838&orgId=gssh0600030&announcementTime=2025-03-27,2025-03-28,2025-06-27,0.022256
600032,浙江新能,2024,2025-04-22,浙江新能2024年年度报告,http://www.cninfo.com.cn/new/disclosure/detail?stockCode=600032&announcementId=1223196297&orgId=9900041932&announcementTime=2025-04-22,2025-04-23,2025-07-22,0.0
600031,三一重工,2024,2025-04-18,三一重工股份有限公司2024年年度报告,http://www.cninfo.com.cn/new/disclosure/detail?stockCode=600031&announcementId=1223129214&orgId=gssh0600031&announcementTime=2025-04-18,2025-04-21,2025-07-18,0.01646
600033,福建高速,2024,2025-04-19,2024年年度报告,http://www.cninfo.com.cn/new/disclosure/detail?stockCode=600033&announcementId=1223148093&orgId=gssh0600033&announcementTime=2025-04-19,2025-04-21,2025-07-18,-0.058571
600035,楚天高速,2024,2025-04-25,湖北楚天智能交通股份有限公司2024年年度报告,http://www.cninfo.com.cn/new/disclosure/detail?stockCode=600035&announcementId=1223283432&orgId=gssh0600035&announcementTime=2025-04-25,2025-04-28,2025-07-25,0.051982
600036,招商银行,2024,2025-03-26,招商银行股份有限公司2024年度报告,http://www.cninfo.com.cn/new/disclosure/detail?stockCode=600036&announcementId=1222895154&orgId=gssh0600036&announcementTime=2025-03-26,2025-03-27,2025-06-26,0.120009
600037,歌华有线,2024,2025-04-25,歌华有线2024年年度报告,http://www.cninfo.com.cn/new/disclosure/detail?stockCode=600037&announcementId=1223273632&orgId=gssh0600037&announcementTime=2025-04-25,2025-04-28,2025-07-25,0.246377
600038,中直股份,2024,2025-03-29,中航直升机股份有限公司2024年年度报告,http://www.cninfo.com.cn/new/disclosure/detail?stockCode=600038&announcementId=1222950231&orgId=gssh0600038&announcementTime=2025-03-29,2025-03-31,2025-06-30,0.077371
600039,四川路桥,2024,2025-04-23,四川路桥2024年年度报告,http://www.cninfo.com.cn/new/disclosure/detail?stockCode=600039&announcementId=1223211675&orgId=gssh0600039&announcementTime=2025-04-23,2025-04-24,2025-07-23,0.097687
600048,保利发展,2024,2025-04-29,保利发展控股集团股份有限公司2024年年度报告,http://www.cninfo.com.cn/new/disclosure/detail?stockCode=600048&announcementId=1223382905&orgId=9900000161&announcementTime=2025-04-29,2025-04-30,2025-07-29,0.013219
600050,中国联通,2024,2025-03-19,中国联合网络通信股份有限公司2024年年度报告全文,http://www.cninfo.com.cn/new/disclosure/detail?stockCode=600050&announcementId=1222833552&orgId=gssh0600050&announcementTime=2025-03-19,2025-03-20,2025-06-19,-0.094175
600051,宁波联合,2024,2025-04-15,宁波联合2024年度报告,http://www.cninfo.com.cn/new/disclosure/detail?stockCode=600051&announcementId=1223096416&orgId=gssh0600051&announcementTime=2025-04-15,2025-04-16,2025-07-15,0.213511
600052,东望时代,2024,2025-04-29,浙江东望时代科技股份有限公司2024年年度报告,http://www.cninfo.com.cn/new/disclosure/detail?stockCode=600052&announcementId=1223382962&orgId=gssh0600052&announcementTime=2025-04-29,2025-04-30,2025-07-29,0.069376
600053,九鼎投资,2024,2025-04-25,九鼎投资2024年年度报告,http://www.cninfo.com.cn/new/disclosure/detail?stockCode=600053&announcementId=1223285789&orgId=gssh0600053&announcementTime=2025-04-25,2025-04-28,2025-07-25,0.192569
600054,黄山旅游,2024,2025-04-19,黄山旅游2024年年度报告,http://www.cninfo.com.cn/new/disclosure/detail?stockCode=600054&announcementId=1223151684&orgId=gssh0600054&announcementTime=2025-04-19,2025-04-21,2025-07-18,-0.004426
600055,万东医疗,2024,2025-03-22,万东医疗2024年年度报告,http://www.cninfo.com.cn/new/disclosure/detail?stockCode=600055&announcementId=1222870356&orgId=gssh0600055&announcementTime=2025-03-22,2025-03-24,2025-06-23,0.005218
600056,中国医药,2024,2025-04-26,2024年年度报告全文,http://www.cninfo.com.cn/new/disclosure/detail?stockCode=600056&announcementId=1223321732&orgId=gssh0600056&announcementTime=2025-04-26,2025-04-28,2025-07-25,0.083508
600057,厦门象屿,2024,2025-04-22,厦门象屿2024年年度报告,http://www.cninfo.com.cn/new/disclosure/detail?stockCode=600057&announcementId=1223192211&orgId=gssh0600057&announcementTime=2025-04-22,2025-04-23,2025-07-22,0.204276
600059,古越龙山,2024,2025-03-28,古越龙山2024年年度报告,http://www.cninfo.com.cn/new/disclosure/detail?stockCode=600059&announcementId=1222928697&orgId=gssh0600059&announcementTime=2025-03-28,2025-03-31,2025-06-30,0.298231
600058,五矿发展,2024,2025-03-29,五矿发展股份有限公司2024年年度报告,http://www.cninfo.com.cn/new/disclosure/detail?stockCode=600058&announcementId=1222951373&orgId=gssh0600058&announcementTime=2025-03-29,2025-03-31,2025-06-30,0.023915
600060,海信视像,2024,2025-03-31,海信视像2024年年度报告,http://www.cninfo.com.cn/new/disclosure/detail?stockCode=600060&announcementId=1222961923&orgId=gssh0600060&announcementTime=2025-03-31,2025-04-01,2025-07-01,-0.042009
600061,国投资本,2024,2025-03-29,国投资本2024年年度报告,http://www.cninfo.com.cn/new/disclosure/detail?stockCode=600061&announcementId=1222950250&orgId=gssh0600061&announcementTime=2025-03-29,2025-03-31,2025-06-30,0.038658
600063,皖维高新,2024,2025-03-20,皖维高新2024年年度报告,http://www.cninfo.com.cn/new/disclosure/detail?stockCode=600063&announcementId=1222846305&orgId=gssh0600063&announcementTime=2025-03-20,2025-03-21,2025-06-20,-0.035529
600062,华润双鹤,2024,2025-03-20,华润双鹤2024年年度报告,http://www.cninfo.com.cn/new/disclosure/detail?stockCode=600062&announcementId=1222845750&orgId=gssh0600062&announcementTime=2025-03-20,2025-03-21,2025-06-20,-0.034735
600064,南京高科,2024,2025-04-23,南京高科2024年年度报告,http://www.cninfo.com.cn/new/disclosure/detail?stockCode=600064&announcementId=1223212455&orgId=gssh0600064&announcementTime=2025-04-23,2025-04-24,2025-07-23,0.106365
600066,宇通客车,2024,2025-04-01,2024年年度报告,http://www.cninfo.com.cn/new/disclosure/detail?stockCode=600066&announcementId=1222974533&orgId=gssh0600066&announcementTime=2025-04-01,2025-04-02,2025-07-02,0.022309
600071,凤凰光学,2024,2025-04-22,凤凰光学股份有限公司2024年年度报告,http://www.cninfo.com.cn/new/disclosure/detail?stockCode=600071&announcementId=1223189219&orgId=gssh0600071&announcementTime=2025-04-22,2025-04-23,2025-07-22,0.119606
600067,冠城新材,2024,2025-04-26,冠城新材2024年年度报告,http://www.cninfo.com.cn/new/disclosure/detail?stockCode=600067&announcementId=1223316496&orgId=gssh0600067&announcementTime=2025-04-26,2025-04-28,2025-07-25,0.289863
600072,中船科技,2024,2025-04-30,中船科技股份有限公司2024年年度报告,http://www.cninfo.com.cn/new/disclosure/detail?stockCode=600072&announcementId=1223425593&orgId=gssh0600072&announcementTime=2025-04-30,2025-05-06,2025-07-30,0.1024
600073,光明肉业,2024,2025-03-29,光明肉业2024年年度报告全文,http://www.cninfo.com.cn/new/disclosure/detail?stockCode=600073&announcementId=1222952329&orgId=gssh0600073&announcementTime=2025-03-29,2025-03-31,2025-06-30,0.013541
600075,新疆天业,2024,2025-04-10,新疆天业股份有限公司2024年度报告,http://www.cninfo.com.cn/new/disclosure/detail?stockCode=600075&announcementId=1223042807&orgId=gssh0600075&announcementTime=2025-04-10,2025-04-11,2025-07-10,0.072652
600076,康欣新材,2024,2025-04-28,康欣新材2024年年度报告,http://www.cninfo.com.cn/new/disclosure/detail?stockCode=600076&announcementId=1223346586&orgId=gssh0600076&announcementTime=2025-04-28,2025-04-29,2025-07-28,0.205207
600078,澄星股份,2024,2025-03-29,江苏澄星磷化工股份有限公司2024年年度报告,http://www.cninfo.com.cn/new/disclosure/detail?stockCode=600078&announcementId=1222951964&orgId=gssh0600078&announcementTime=2025-03-29,2025-03-31,2025-06-30,0.025208
600079,ST人福,2024,2025-04-29,人福医药2024年年度报告,http://www.cninfo.com.cn/new/disclosure/detail?stockCode=600079&announcementId=1223357229&orgId=gssh0600079&announcementTime=2025-04-29,2025-04-30,2025-07-29,0.063053
600080,金花股份,2024,2025-04-25,金花企业（集团）股份有限公司2024年年度报告,http://www.cninfo.com.cn/new/disclosure/detail?stockCode=600080&announcementId=1223283457&orgId=gssh0600080&announcementTime=2025-04-25,2025-04-28,2025-07-25,0.080884
600081,东风科技,2024,2025-04-22,东风电子科技股份有限公司2024年年度报告,http://www.cninfo.com.cn/new/disclosure/detail?stockCode=600081&announcementId=1223196351&orgId=gssh0600081&announcementTime=2025-04-22,2025-04-23,2025-07-22,-0.016037
600084,中信尼雅,2024,2025-03-22,中信尼雅葡萄酒股份有限公司2024年年度报告,http://www.cninfo.com.cn/new/disclosure/detail?stockCode=600084&announcementId=1222869161&orgId=gssh0600084&announcementTime=2025-03-22,2025-03-24,2025-06-23,-0.068037
600082,海泰发展,2024,2025-04-30,天津海泰科技发展股份有限公司2024年年度报告全文,http://www.cninfo.com.cn/new/disclosure/detail?stockCode=600082&announcementId=1223425641&orgId=gssh0600082&announcementTime=2025-04-30,2025-05-06,2025-07-30,0.348229
600085,同仁堂,2024,2025-04-04,同仁堂 2024年年度报告,http://www.cninfo.com.cn/new/disclosure/detail?stockCode=600085&announcementId=1223004904&orgId=gssh0600085&announcementTime=2025-04-04,2025-04-07,2025-07-04,0.03353
600088,中视传媒,2024,2025-04-19,中视传媒股份有限公司2024年年度报告,http://www.cninfo.com.cn/new/disclosure/detail?stockCode=600088&announcementId=1223152701&orgId=gssh0600088&announcementTime=2025-04-19,2025-04-21,2025-07-18,-0.013504
600089,特变电工,2024,2025-04-22,特变电工股份有限公司2024年年度报告,http://www.cninfo.com.cn/new/disclosure/detail?stockCode=600089&announcementId=1223189910&orgId=gssh0600089&announcementTime=2025-04-22,2025-04-23,2025-07-22,0.260523
600094,大名城,2024,2025-04-26,大名城2024年年度报告,http://www.cninfo.com.cn/new/disclosure/detail?stockCode=600094&announcementId=1223317029&orgId=gssh0600094&announcementTime=2025-04-26,2025-04-28,2025-07-25,0.048387
600095,湘财股份,2024,2025-04-26,湘财股份2024年年度报告,http://www.cninfo.com.cn/new/disclosure/detail?stockCode=600095&announcementId=1223327984&orgId=gssh0600095&announcementTime=2025-04-26,2025-04-28,2025-07-25,0.367261
600096,云天化,2024,2025-03-25,云天化2024年年度报告,http://www.cninfo.com.cn/new/disclosure/detail?stockCode=600096&announcementId=1222880331&orgId=gssh0600096&announcementTime=2025-03-25,2025-03-26,2025-06-25,-0.013932
600097,开创国际,2024,2025-03-29,开创国际2024年年度报告,http://www.cninfo.com.cn/new/disclosure/detail?stockCode=600097&announcementId=1222947372&orgId=gssh0600097&announcementTime=2025-03-29,2025-03-31,2025-06-30,0.098555
600098,广州发展,2024,2025-04-09,广州发展集团股份有限公司2024年年度报告,http://www.cninfo.com.cn/new/disclosure/detail?stockCode=600098&announcementId=1223032810&orgId=gssh0600098&announcementTime=2025-04-09,2025-04-10,2025-07-09,0.126208
600099,林海股份,2024,2025-03-29,林海股份有限公司2024年年度报告,http://www.cninfo.com.cn/new/disclosure/detail?stockCode=600099&announcementId=1222942925&orgId=gssh0600099&announcementTime=2025-03-29,2025-03-31,2025-06-30,0.103753
600100,同方股份,2024,2025-04-29,同方股份有限公司2024年年度报告,http://www.cninfo.com.cn/new/disclosure/detail?stockCode=600100&announcementId=1223389449&orgId=gssh0600100&announcementTime=2025-04-29,2025-04-30,2025-07-29,0.111271
600101,明星电力,2024,2025-03-28,四川明星电力股份有限公司2024年年度报告,http://www.cninfo.com.cn/new/disclosure/detail?stockCode=600101&announcementId=1222927063&orgId=gssh0600101&announcementTime=2025-03-28,2025-03-31,2025-06-30,-0.037664
600103,青山纸业,2024,2025-04-15,2024年年度报告,http://www.cninfo.com.cn/new/disclosure/detail?stockCode=600103&announcementId=1223095227&orgId=gssh0600103&announcementTime=2025-04-15,2025-04-16,2025-07-15,0.107206
600104,上汽集团,2024,2025-04-30,上汽集团2024年年度报告,http://www.cninfo.com.cn/new/disclosure/detail?stockCode=600104&announcementId=1223418977&orgId=gssh0600104&announcementTime=2025-04-30,2025-05-06,2025-07-30,0.078047
600105,永鼎股份,2024,2025-04-22,永鼎股份2024年年度报告,http://www.cninfo.com.cn/new/disclosure/detail?stockCode=600105&announcementId=1223196413&orgId=gssh0600105&announcementTime=2025-04-22,2025-04-23,2025-07-22,0.444063
600106,重庆路桥,2024,2025-04-25,重庆路桥2024年年度报告,http://www.cninfo.com.cn/new/disclosure/detail?stockCode=600106&announcementId=1223273905&orgId=gssh0600106&announcementTime=2025-04-25,2025-04-28,2025-07-25,0.22989
600107,ST尔雅,2024,2025-04-30,2024年年度报告,http://www.cninfo.com.cn/new/disclosure/detail?stockCode=600107&announcementId=1223419004&orgId=gssh0600107&announcementTime=2025-04-30,2025-05-06,2025-07-30,0.28246
600109,国金证券,2024,2025-04-25,国金证券股份有限公司2024年年度报告,http://www.cninfo.com.cn/new/disclosure/detail?stockCode=600109&announcementId=1223273918&orgId=gssh0600109&announcementTime=2025-04-25,2025-04-28,2025-07-25,0.187099
600108,亚盛集团,2024,2025-04-26,亚盛集团2024年年度报告,http://www.cninfo.com.cn/new/disclosure/detail?stockCode=600108&announcementId=1223303565&orgId=gssh0600108&announcementTime=2025-04-26,2025-04-28,2025-07-25,0.066145
600110,诺德股份,2024,2025-04-22,诺德新材料股份有限公司2024年年度报告,http://www.cninfo.com.cn/new/disclosure/detail?stockCode=600110&announcementId=1223196446&orgId=gssh0600110&announcementTime=2025-04-22,2025-04-23,2025-07-22,0.639241
600111,北方稀土,2024,2025-04-19,北方稀土2024年度报告全文,http://www.cninfo.com.cn/new/disclosure/detail?stockCode=600111&announcementId=1223149085&orgId=gssh0600111&announcementTime=2025-04-19,2025-04-21,2025-07-18,0.410313
600113,浙江东日,2024,2025-03-08,浙江东日股份有限公司2024年年度报告,http://www.cninfo.com.cn/new/disclosure/detail?stockCode=600113&announcementId=1222744749&orgId=gssh0600113&announcementTime=2025-03-08,2025-03-10,2025-06-09,0.072788
600114,东睦股份,2024,2025-03-29,东睦新材料集团股份有限公司2024年年度报告,http://www.cninfo.com.cn/new/disclosure/detail?stockCode=600114&announcementId=1222942953&orgId=gssh0600114&announcementTime=2025-03-29,2025-03-31,2025-06-30,0.04261
600115,中国东航,2024,2025-03-29,中国东方航空股份有限公司2024年度报告,http://www.cninfo.com.cn/new/disclosure/detail?stockCode=600115&announcementId=1222948804&orgId=gssh0600115&announcementTime=2025-03-29,2025-03-31,2025-06-30,0.083333
600116,三峡水利,2024,2025-04-25,重庆三峡水利电力（集团）股份有限公司2024年年度报告,http://www.cninfo.com.cn/new/disclosure/detail?stockCode=600116&announcementId=1223283520&orgId=gssh0600116&announcementTime=2025-04-25,2025-04-28,2025-07-25,-0.067194
600117,西宁特钢,2024,2025-04-25,西宁特殊钢股份有限公司2024年年度报告,http://www.cninfo.com.cn/new/disclosure/detail?stockCode=600117&announcementId=1223273949&orgId=gssh0600117&announcementTime=2025-04-25,2025-04-28,2025-07-25,0.843034
600118,中国卫星,2024,2025-04-12,中国东方红卫星股份有限公司2024年年度报告,http://www.cninfo.com.cn/new/disclosure/detail?stockCode=600118&announcementId=1223068392&orgId=gssh0600118&announcementTime=2025-04-12,2025-04-14,2025-07-11,0.061251
600119,长江投资,2024,2025-04-29,长江投资：2024年年度报告（全文）,http://www.cninfo.com.cn/new/disclosure/detail?stockCode=600119&announcementId=1223373878&orgId=gssh0600119&announcementTime=2025-04-29,2025-04-30,2025-07-29,0.093972
600121,郑州煤电,2024,2025-03-29,郑州煤电股份有限公司2024年年度报告,http://www.cninfo.com.cn/new/disclosure/detail?stockCode=600121&announcementId=1222950905&orgId=gssh0600121&announcementTime=2025-03-29,2025-03-31,2025-06-30,-0.024525
600120,浙江东方,2024,2025-04-25,浙江东方金融控股集团股份有限公司2024年年度报告,http://www.cninfo.com.cn/new/disclosure/detail?stockCode=600120&announcementId=1223286681&orgId=gssh0600120&announcementTime=2025-04-25,2025-04-28,2025-07-25,0.074289
600123,兰花科创,2024,2025-04-29,兰花科创2024年度报告,http://www.cninfo.com.cn/new/disclosure/detail?stockCode=600123&announcementId=1223389480&orgId=gssh0600123&announcementTime=2025-04-29,2025-04-30,2025-07-29,0.035952
600125,铁龙物流,2024,2025-04-30,600125_铁龙物流_2024年_年度报告,http://www.cninfo.com.cn/new/disclosure/detail?stockCode=600125&announcementId=1223425663&orgId=gssh0600125&announcementTime=2025-04-30,2025-05-06,2025-07-30,0.048326
600126,杭钢股份,2024,2025-04-12,杭州钢铁股份有限公司2024年年度报告,http://www.cninfo.com.cn/new/disclosure/detail?stockCode=600126&announcementId=1223070385&orgId=gssh0600126&announcementTime=2025-04-12,2025-04-14,2025-07-11,-0.231588
600127,金健米业,2024,2025-03-29,金健米业2024年年度报告,http://www.cninfo.com.cn/new/disclosure/detail?stockCode=600127&announcementId=1222951727&orgId=gssh0600127&announcementTime=2025-03-29,2025-03-31,2025-06-30,0.056849
600129,太极集团,2024,2025-03-29,太极集团2024年年度报告,http://www.cninfo.com.cn/new/disclosure/detail?stockCode=600129&announcementId=1222950935&orgId=gssh0600129&announcementTime=2025-03-29,2025-03-31,2025-06-30,0.070996
600128,苏豪弘业,2024,2025-04-29,苏豪弘业2024年年度报告,http://www.cninfo.com.cn/new/disclosure/detail?stockCode=600128&announcementId=1223382996&orgId=gssh0600128&announcementTime=2025-04-29,2025-04-30,2025-07-29,0.125533
600130,*ST波导,2024,2025-04-29,波导股份2024年年度报告,http://www.cninfo.com.cn/new/disclosure/detail?stockCode=600130&announcementId=1223373957&orgId=gssh0600130&announcementTime=2025-04-29,2025-04-30,2025-07-29,0.379452
600131,国网信通,2024,2025-04-25,国网信息通信股份有限公司2024年年度报告,http://www.cninfo.com.cn/new/disclosure/detail?stockCode=600131&announcementId=1223274059&orgId=gssh0600131&announcementTime=2025-04-25,2025-04-28,2025-07-25,0.012242
600132,重庆啤酒,2024,2025-04-03,重庆啤酒股份有限公司2024年年度报告,http://www.cninfo.com.cn/new/disclosure/detail?stockCode=600132&announcementId=1222992538&orgId=gssh0600132&announcementTime=2025-04-03,2025-04-07,2025-07-04,-0.013527
600133,东湖高新,2024,2025-04-29,2024年年度报告,http://www.cninfo.com.cn/new/disclosure/detail?stockCode=600133&announcementId=1223373981&orgId=gssh0600133&announcementTime=2025-04-29,2025-04-30,2025-07-29,0.07519
600135,乐凯胶片,2024,2025-03-28,乐凯胶片股份有限公司2024年年度报告,http://www.cninfo.com.cn/new/disclosure/detail?stockCode=600135&announcementId=1222921610&orgId=gssh0600135&announcementTime=2025-03-28,2025-03-31,2025-06-30,0.131685
600136,ST明诚,2024,2025-03-29,武汉当代明诚文化体育集团股份有限公司2024年年度报告,http://www.cninfo.com.cn/new/disclosure/detail?stockCode=600136&announcementId=1222942491&orgId=gssh0600136&announcementTime=2025-03-29,2025-03-31,2025-06-30,-0.037523
600137,浪莎股份,2024,2025-04-29,浪莎股份2024年年度报告,http://www.cninfo.com.cn/new/disclosure/detail?stockCode=600137&announcementId=1223383022&orgId=gssh0600137&announcementTime=2025-04-29,2025-04-30,2025-07-29,0.339893
600138,中青旅,2024,2025-04-04,中青旅2024年年度报告,http://www.cninfo.com.cn/new/disclosure/detail?stockCode=600138&announcementId=1223006549&orgId=gssh0600138&announcementTime=2025-04-04,2025-04-07,2025-07-04,-0.000937
600141,兴发集团,2024,2025-04-01,湖北兴发化工集团股份有限公司2024年年度报告,http://www.cninfo.com.cn/new/disclosure/detail?stockCode=600141&announcementId=1222972652&orgId=gssh0600141&announcementTime=2025-04-01,2025-04-02,2025-07-02,0.005359
600143,金发科技,2024,2025-04-22,金发科技2024年年度报告,http://www.cninfo.com.cn/new/disclosure/detail?stockCode=600143&announcementId=1223192236&orgId=gssh0600143&announcementTime=2025-04-22,2025-04-23,2025-07-22,0.174211
600148,长春一东,2024,2025-04-19,长春一东2024年年度报告,http://www.cninfo.com.cn/new/disclosure/detail?stockCode=600148&announcementId=1223153914&orgId=gssh0600148&announcementTime=2025-04-19,2025-04-21,2025-07-18,0.293505
600149,廊坊发展,2024,2025-04-26,廊坊发展股份有限公司2024年年度报告全文,http://www.cninfo.com.cn/new/disclosure/detail?stockCode=600149&announcementId=1223325781&orgId=gssh0600149&announcementTime=2025-04-26,2025-04-28,2025-07-25,0.260597
600150,中国船舶,2024,2025-04-30,中国船舶2024年年度报告,http://www.cninfo.com.cn/new/disclosure/detail?stockCode=600150&announcementId=1223419094&orgId=gssh0600150&announcementTime=2025-04-30,2025-05-06,2025-07-30,0.195234
600151,航天机电,2024,2025-03-08,2024年年度报告,http://www.cninfo.com.cn/new/disclosure/detail?stockCode=600151&announcementId=1222744999&orgId=gssh0600151&announcementTime=2025-03-08,2025-03-10,2025-06-09,-0.081258
600152,维科技术,2024,2025-04-15,维科技术2024年年度报告,http://www.cninfo.com.cn/new/disclosure/detail?stockCode=600152&announcementId=1223097135&orgId=gssh0600152&announcementTime=2025-04-15,2025-04-16,2025-07-15,0.194262
600153,建发股份,2024,2025-04-15,建发股份2024年年度报告,http://www.cninfo.com.cn/new/disclosure/detail?stockCode=600153&announcementId=1223097205&orgId=gssh0600153&announcementTime=2025-04-15,2025-04-16,2025-07-15,0.087157
600155,华创云信,2024,2025-04-30,华创云信2024年年度报告,http://www.cninfo.com.cn/new/disclosure/detail?stockCode=600155&announcementId=1223419121&orgId=gssh0600155&announcementTime=2025-04-30,2025-05-06,2025-07-30,0.170259
600156,华升股份,2024,2025-04-10,华升股份2024年年度报告,http://www.cninfo.com.cn/new/disclosure/detail?stockCode=600156&announcementId=1223042545&orgId=gssh0600156&announcementTime=2025-04-10,2025-04-11,2025-07-24,0.412875
600158,中体产业,2024,2025-04-29,中体产业集团股份有限公司2024年年度报告,http://www.cninfo.com.cn/new/disclosure/detail?stockCode=600158&announcementId=1223383048&orgId=gssh0600158&announcementTime=2025-04-29,2025-04-30,2025-07-29,0.176846
600157,永泰能源,2024,2025-04-29,永泰能源集团股份有限公司2024年年度报告,http://www.cninfo.com.cn/new/disclosure/detail?stockCode=600157&announcementId=1223374035&orgId=gssh0600157&announcementTime=2025-04-29,2025-04-30,2025-07-29,0.097005
600160,巨化股份,2024,2025-04-25,巨化股份2024年年度报告,http://www.cninfo.com.cn/new/disclosure/detail?stockCode=600160&announcementId=1223274514&orgId=gssh0600160&announcementTime=2025-04-25,2025-04-28,2025-07-25,0.075447
600159,大龙地产,2024,2025-04-19,2024年年度报告,http://www.cninfo.com.cn/new/disclosure/detail?stockCode=600159&announcementId=1223146610&orgId=gssh0600159&announcementTime=2025-04-19,2025-04-21,2025-07-18,0.193548
600161,天坛生物,2024,2025-03-29,天坛生物2024年年度报告,http://www.cninfo.com.cn/new/disclosure/detail?stockCode=600161&announcementId=1222945087&orgId=gssh0600161&announcementTime=2025-03-29,2025-03-31,2025-06-30,-0.054372
600162,香江控股,2024,2025-04-19,香江控股2024年年度报告全文,http://www.cninfo.com.cn/new/disclosure/detail?stockCode=600162&announcementId=1223152729&orgId=gssh0600162&announcementTime=2025-04-19,2025-04-21,2025-07-18,-0.051238
600163,中闽能源,2024,2025-04-29,中闽能源2024年年度报告,http://www.cninfo.com.cn/new/disclosure/detail?stockCode=600163&announcementId=1223361039&orgId=gssh0600163&announcementTime=2025-04-29,2025-04-30,2025-07-29,-0.053014
600165,ST宁科,2024,2025-03-15,*ST宁科2024年年度报告,http://www.cninfo.com.cn/new/disclosure/detail?stockCode=600165&announcementId=1222822425&orgId=gssh0600165&announcementTime=2025-03-15,2025-03-17,2025-06-17,-0.008513
600167,联美控股,2024,2025-04-30,联美量子股份有限公司2024年年度报告,http://www.cninfo.com.cn/new/disclosure/detail?stockCode=600167&announcementId=1223419163&orgId=gssh0600167&announcementTime=2025-04-30,2025-05-06,2025-07-30,0.058095
600166,福田汽车,2024,2025-04-26,2024年年度报告,http://www.cninfo.com.cn/new/disclosure/detail?stockCode=600166&announcementId=1223327299&orgId=gssh0600166&announcementTime=2025-04-26,2025-04-28,2025-07-25,0.093351
600168,武汉控股,2024,2025-03-28,武汉三镇实业控股股份有限公司2024年年度报告（全文）,http://www.cninfo.com.cn/new/disclosure/detail?stockCode=600168&announcementId=1222926206&orgId=gssh0600168&announcementTime=2025-03-28,2025-03-31,2025-06-30,-0.014659
600169,ST太重,2024,2025-04-29,太原重工2024年年度报告,http://www.cninfo.com.cn/new/disclosure/detail?stockCode=600169&announcementId=1223389535&orgId=gssh0600169&announcementTime=2025-04-29,2025-04-30,2025-07-29,0.038171
600171,上海贝岭,2024,2025-04-01,上海贝岭2024年年度报告,http://www.cninfo.com.cn/new/disclosure/detail?stockCode=600171&announcementId=1222972211&orgId=gssh0600171&announcementTime=2025-04-01,2025-04-02,2025-07-02,0.00062
600170,上海建工,2024,2025-04-15,上海建工2024年年度报告,http://www.cninfo.com.cn/new/disclosure/detail?stockCode=600170&announcementId=1223093132&orgId=gssh0600170&announcementTime=2025-04-15,2025-04-16,2025-07-15,-0.035486
600172,黄河旋风,2024,2025-04-30,2024年年度报告,http://www.cninfo.com.cn/new/disclosure/detail?stockCode=600172&announcementId=1223419329&orgId=gssh0600172&announcementTime=2025-04-30,2025-05-06,2025-07-30,0.194332
600173,卧龙新能,2024,2025-04-10,卧龙资源集团股份有限公司2024年年度报告,http://www.cninfo.com.cn/new/disclosure/detail?stockCode=600173&announcementId=1223045196&orgId=gssh0600173&announcementTime=2025-04-10,2025-04-11,2025-07-10,-0.082305
600176,中国巨石,2024,2025-03-20,中国巨石2024年年度报告,http://www.cninfo.com.cn/new/disclosure/detail?stockCode=600176&announcementId=1222847583&orgId=gssh0600176&announcementTime=2025-03-20,2025-03-21,2025-06-20,-0.11496
600177,雅戈尔,2024,2025-04-24,雅戈尔时尚股份有限公司2024年年度报告,http://www.cninfo.com.cn/new/disclosure/detail?stockCode=600177&announcementId=1223242753&orgId=gssh0600177&announcementTime=2025-04-24,2025-04-25,2025-07-24,0.018091
600179,安通控股,2024,2025-03-25,2024年年度报告,http://www.cninfo.com.cn/new/disclosure/detail?stockCode=600179&announcementId=1222881758&orgId=gssh0600179&announcementTime=2025-03-25,2025-03-26,2025-06-25,-0.066667
600178,东安动力,2024,2025-04-08,哈尔滨东安汽车动力股份有限公司2024年年度报告,http://www.cninfo.com.cn/new/disclosure/detail?stockCode=600178&announcementId=1223022228&orgId=gssh0600178&announcementTime=2025-04-08,2025-04-09,2025-07-08,0.485575
600180,瑞茂通,2024,2025-04-29,瑞茂通2024年年度报告,http://www.cninfo.com.cn/new/disclosure/detail?stockCode=600180&announcementId=1223389577&orgId=gssh0600180&announcementTime=2025-04-29,2025-04-30,2025-07-29,0.074349
600182,S佳通,2024,2025-04-29,佳通轮胎股份有限公司2024年年度报告,http://www.cninfo.com.cn/new/disclosure/detail?stockCode=600182&announcementId=1223383099&orgId=gssh0600182&announcementTime=2025-04-29,2025-04-30,2025-07-29,0.138462
600184,光电股份,2024,2025-04-29,北方光电股份有限公司2024年年度报告,http://www.cninfo.com.cn/new/disclosure/detail?stockCode=600184&announcementId=1223383369&orgId=gssh0600184&announcementTime=2025-04-29,2025-04-30,2025-07-29,0.522545
600183,生益科技,2024,2025-03-29,生益科技2024年年度报告,http://www.cninfo.com.cn/new/disclosure/detail?stockCode=600183&announcementId=1222952338&orgId=gssh0600183&announcementTime=2025-03-29,2025-03-31,2025-06-30,0.11109
600185,珠免集团,2024,2025-04-29,2024年年度报告,http://www.cninfo.com.cn/new/disclosure/detail?stockCode=600185&announcementId=1223389594&orgId=gssh0600185&announcementTime=2025-04-29,2025-04-30,2025-07-29,-0.087095
600186,莲花控股,2024,2025-04-30,莲花控股股份有限公司2024年年度报告,http://www.cninfo.com.cn/new/disclosure/detail?stockCode=600186&announcementId=1223419342&orgId=gssh0600186&announcementTime=2025-04-30,2025-05-06,2025-07-30,-0.08573
600187,国中水务,2024,2025-04-30,2024年年度报告,http://www.cninfo.com.cn/new/disclosure/detail?stockCode=600187&announcementId=1223425685&orgId=gssh0600187&announcementTime=2025-04-30,2025-05-06,2025-07-30,0.020144
600188,兖矿能源,2024,2025-03-29,兖矿能源2024年年度报告全文,http://www.cninfo.com.cn/new/disclosure/detail?stockCode=600188&announcementId=1222952244&orgId=gssh0600188&announcementTime=2025-03-29,2025-03-31,2025-06-30,-0.058781
600189,泉阳泉,2024,2025-03-31,吉林泉阳泉股份有限公司《2024年年度报告》,http://www.cninfo.com.cn/new/disclosure/detail?stockCode=600189&announcementId=1222961939&orgId=gssh0600189&announcementTime=2025-03-31,2025-04-01,2025-07-01,0.063135
600191,华资实业,2024,2025-04-01,华资实业2024年年度报告,http://www.cninfo.com.cn/new/disclosure/detail?stockCode=600191&announcementId=1222972289&orgId=gssh0600191&announcementTime=2025-04-01,2025-04-02,2025-07-03,0.090217
600192,长城电工,2024,2025-04-15,长城电工2024年年度报告,http://www.cninfo.com.cn/new/disclosure/detail?stockCode=600192&announcementId=1223094175&orgId=gssh0600192&announcementTime=2025-04-15,2025-04-16,2025-07-15,0.470844
600193,*ST创兴,2024,2025-04-30,上海创兴资源开发股份有限公司2024年年度报告,http://www.cninfo.com.cn/new/disclosure/detail?stockCode=600193&announcementId=1223412293&orgId=gssh0600193&announcementTime=2025-04-30,2025-05-06,2025-07-30,0.353266
600195,中牧股份,2024,2025-04-12,中牧实业股份有限公司2024年年度报告,http://www.cninfo.com.cn/new/disclosure/detail?stockCode=600195&announcementId=1223072821&orgId=gssh0600195&announcementTime=2025-04-12,2025-04-14,2025-07-11,0.083406
600196,复星医药,2024,2025-03-26,复星医药2024年年度报告,http://www.cninfo.com.cn/new/disclosure/detail?stockCode=600196&announcementId=1222896994&orgId=gssh0600196&announcementTime=2025-03-26,2025-03-27,2025-06-26,0.004089
600197,伊力特,2024,2025-04-29,新疆伊力特实业股份有限公司2024年年度报告,http://www.cninfo.com.cn/new/disclosure/detail?stockCode=600197&announcementId=1223368119&orgId=gssh0600197&announcementTime=2025-04-29,2025-04-30,2025-07-29,0.046834
600198,大唐电信,2024,2025-04-25,大唐电信科技股份有限公司2024年年度报告,http://www.cninfo.com.cn/new/disclosure/detail?stockCode=600198&announcementId=1223283547&orgId=gssh0600198&announcementTime=2025-04-25,2025-04-28,2025-07-25,0.102113
600199,金种子酒,2024,2025-04-29,2024年年度报告,http://www.cninfo.com.cn/new/disclosure/detail?stockCode=600199&announcementId=1223383407&orgId=gssh0600199&announcementTime=2025-04-29,2025-04-30,2025-07-29,0.093255
600201,生物股份,2024,2025-04-25,金宇生物技术股份有限公司2024年年度报告,http://www.cninfo.com.cn/new/disclosure/detail?stockCode=600201&announcementId=1223274656&orgId=gssh0600201&announcementTime=2025-04-25,2025-04-28,2025-07-25,0.254002
600202,哈空调,2024,2025-04-29,哈尔滨空调股份有限公司2024年年度报告,http://www.cninfo.com.cn/new/disclosure/detail?stockCode=600202&announcementId=1223356443&orgId=gssh0600202&announcementTime=2025-04-29,2025-04-30,2025-07-29,0.153439
600203,福日电子,2024,2025-04-12,福建福日电子股份有限公司2024年年度报告,http://www.cninfo.com.cn/new/disclosure/detail?stockCode=600203&announcementId=1223071367&orgId=gssh0600203&announcementTime=2025-04-12,2025-04-14,2025-07-11,0.053908
600206,有研新材,2024,2025-04-30,有研新材料股份有限公司2024年年度报告,http://www.cninfo.com.cn/new/disclosure/detail?stockCode=600206&announcementId=1223408404&orgId=gssh0600206&announcementTime=2025-04-30,2025-05-06,2025-07-30,0.05911
600207,安彩高科,2024,2025-03-29,安彩高科2024年年度报告,http://www.cninfo.com.cn/new/disclosure/detail?stockCode=600207&announcementId=1222946189&orgId=gssh0600207&announcementTime=2025-03-29,2025-03-31,2025-06-30,0.147287
600208,衢州发展,2024,2025-04-30,2024年年度报告,http://www.cninfo.com.cn/new/disclosure/detail?stockCode=600208&announcementId=1223419424&orgId=gssh0600208&announcementTime=2025-04-30,2025-05-06,2025-08-13,0.68435
600210,紫江企业,2024,2025-03-28,上海紫江企业集团股份有限公司2024年年度报告,http://www.cninfo.com.cn/new/disclosure/detail?stockCode=600210&announcementId=1222923461&orgId=gssh0600210&announcementTime=2025-03-28,2025-03-31,2025-06-30,-0.011587
600211,西藏药业,2024,2025-03-15,西藏药业2024年年度报告,http://www.cninfo.com.cn/new/disclosure/detail?stockCode=600211&announcementId=1222805117&orgId=gssh0600211&announcementTime=2025-03-15,2025-03-17,2025-06-16,-0.002209
600212,绿能慧充,2024,2025-04-29,绿能慧充2024年年度报告,http://www.cninfo.com.cn/new/disclosure/detail?stockCode=600212&announcementId=1223368166&orgId=gssh0600212&announcementTime=2025-04-29,2025-04-30,2025-07-29,0.293675
600215,派斯林,2024,2025-04-30,派斯林2024年年度报告,http://www.cninfo.com.cn/new/disclosure/detail?stockCode=600215&announcementId=1223419458&orgId=gssh0600215&announcementTime=2025-04-30,2025-05-06,2025-07-30,-0.195663
600216,浙江医药,2024,2025-04-24,浙江医药2024年年度报告,http://www.cninfo.com.cn/new/disclosure/detail?stockCode=600216&announcementId=1223235537&orgId=gssh0600216&announcementTime=2025-04-24,2025-04-25,2025-07-24,0.12051
600217,中再资环,2024,2025-04-15,中再资环2024年年度报告,http://www.cninfo.com.cn/new/disclosure/detail?stockCode=600217&announcementId=1223096898&orgId=gssh0600217&announcementTime=2025-04-15,2025-04-16,2025-07-15,-0.058101
600218,全柴动力,2024,2025-03-29,全柴动力2024年度报告,http://www.cninfo.com.cn/new/disclosure/detail?stockCode=600218&announcementId=1222945622&orgId=gssh0600218&announcementTime=2025-03-29,2025-03-31,2025-06-30,0.01966
600219,南山铝业,2024,2025-03-25,山东南山铝业股份有限公司2024年度报告,http://www.cninfo.com.cn/new/disclosure/detail?stockCode=600219&announcementId=1222881062&orgId=gssh0600219&announcementTime=2025-03-25,2025-03-26,2025-06-25,-0.016938
600221,海航控股,2024,2025-04-30,海航控股：2024年年度报告,http://www.cninfo.com.cn/new/disclosure/detail?stockCode=600221&announcementId=1223419508&orgId=gssh0600221&announcementTime=2025-04-30,2025-05-06,2025-07-30,0.130435
600222,太龙药业,2024,2025-04-09,太龙药业2024年年度报告,http://www.cninfo.com.cn/new/disclosure/detail?stockCode=600222&announcementId=1223030601&orgId=gssh0600222&announcementTime=2025-04-09,2025-04-10,2025-07-09,0.193738
600226,亨通股份,2024,2025-04-22,浙江亨通控股股份有限公司2024年年度报告,http://www.cninfo.com.cn/new/disclosure/detail?stockCode=600226&announcementId=1223187981&orgId=gssh0600226&announcementTime=2025-04-22,2025-04-23,2025-07-22,-0.020586
600223,福瑞达,2024,2025-03-22,鲁商福瑞达医药股份有限公司2024年年度报告,http://www.cninfo.com.cn/new/disclosure/detail?stockCode=600223&announcementId=1222869758&orgId=gssh0600223&announcementTime=2025-03-22,2025-03-24,2025-06-23,0.091096
600227,赤天化,2024,2025-04-29,贵州赤天化股份有限公司2024年年度报告,http://www.cninfo.com.cn/new/disclosure/detail?stockCode=600227&announcementId=1223374076&orgId=gssh0600227&announcementTime=2025-04-29,2025-04-30,2025-07-29,0.165705
600228,*ST返利,2024,2025-04-25,返利网数字科技股份有限公司2024年年度报告,http://www.cninfo.com.cn/new/disclosure/detail?stockCode=600228&announcementId=1223283609&orgId=gssh0600228&announcementTime=2025-04-25,2025-04-28,2025-07-25,0.258713
600229,城市传媒,2024,2025-04-26,青岛城市传媒股份有限公司2024年年度报告,http://www.cninfo.com.cn/new/disclosure/detail?stockCode=600229&announcementId=1223320150&orgId=gssh0600229&announcementTime=2025-04-26,2025-04-28,2025-07-25,0.091985
600230,沧州大化,2024,2025-04-19,沧州大化股份有限公司2024年年度报告,http://www.cninfo.com.cn/new/disclosure/detail?stockCode=600230&announcementId=1223146627&orgId=gssh0600230&announcementTime=2025-04-19,2025-04-21,2025-07-18,0.421077
600232,金鹰股份,2024,2025-04-02,2024年年度报告,http://www.cninfo.com.cn/new/disclosure/detail?stockCode=600232&announcementId=1222984625&orgId=gssh0600232&announcementTime=2025-04-02,2025-04-03,2025-07-03,0.131787
600231,凌钢股份,2024,2025-04-01,凌源钢铁股份有限公司2024年年度报告,http://www.cninfo.com.cn/new/disclosure/detail?stockCode=600231&announcementId=1222977005&orgId=gssh0600231&announcementTime=2025-04-01,2025-04-02,2025-07-02,0.063602
600233,圆通速递,2024,2025-04-29,圆通速递股份有限公司2024年年度报告,http://www.cninfo.com.cn/new/disclosure/detail?stockCode=600233&announcementId=1223374217&orgId=gssh0600233&announcementTime=2025-04-29,2025-04-30,2025-07-29,0.193061
600234,科新发展,2024,2025-04-30,山西科新发展股份有限公司2024年年度报告,http://www.cninfo.com.cn/new/disclosure/detail?stockCode=600234&announcementId=1223412858&orgId=gssh0600234&announcementTime=2025-04-30,2025-05-06,2025-07-31,0.284504
600236,桂冠电力,2024,2025-04-25,广西桂冠电力股份有限公司2024年年度报告,http://www.cninfo.com.cn/new/disclosure/detail?stockCode=600236&announcementId=1223285481&orgId=gssh0600236&announcementTime=2025-04-25,2025-04-28,2025-07-25,0.021871
600235,民丰特纸,2024,2025-03-26,民丰特纸2024年年度报告,http://www.cninfo.com.cn/new/disclosure/detail?stockCode=600235&announcementId=1222894019&orgId=gssh0600235&announcementTime=2025-03-26,2025-03-27,2025-06-26,0.015262
600237,铜峰电子,2024,2025-03-18,铜峰电子2024年年度报告,http://www.cninfo.com.cn/new/disclosure/detail?stockCode=600237&announcementId=1222822191&orgId=gssh0600237&announcementTime=2025-03-18,2025-03-19,2025-06-18,-0.055609
600238,*ST椰岛,2024,2025-04-30,海南椰岛2024年年度报告,http://www.cninfo.com.cn/new/disclosure/detail?stockCode=600238&announcementId=1223425759&orgId=gssh0600238&announcementTime=2025-04-30,2025-05-06,2025-07-30,0.65111
600239,云南城投,2024,2025-04-22,云南城投置业股份有限公司2024年年度报告,http://www.cninfo.com.cn/new/disclosure/detail?stockCode=600239&announcementId=1223193048&orgId=gssh0600239&announcementTime=2025-04-22,2025-04-23,2025-07-22,-0.03491
600241,时代万恒,2024,2025-04-09,辽宁时代万恒股份有限公司2024年年度报告,http://www.cninfo.com.cn/new/disclosure/detail?stockCode=600241&announcementId=1223031057&orgId=gssh0600241&announcementTime=2025-04-09,2025-04-10,2025-07-09,0.399351
600243,*ST海华,2024,2025-04-22,青海华鼎2024年年度报告,http://www.cninfo.com.cn/new/disclosure/detail?stockCode=600243&announcementId=1223192291&orgId=gssh0600243&announcementTime=2025-04-22,2025-04-23,2025-07-22,0.368
600246,万通发展,2024,2025-04-30,2024年年度报告,http://www.cninfo.com.cn/new/disclosure/detail?stockCode=600246&announcementId=1223419698&orgId=gssh0600246&announcementTime=2025-04-30,2025-05-06,2025-07-30,0.267502
600248,陕建股份,2024,2025-04-30,陕西建工集团股份有限公司2024年年度报告,http://www.cninfo.com.cn/new/disclosure/detail?stockCode=600248&announcementId=1223419712&orgId=gssh0600248&announcementTime=2025-04-30,2025-05-06,2025-07-30,0.028898
600249,两面针,2024,2025-03-28,两面针2024年年度报告,http://www.cninfo.com.cn/new/disclosure/detail?stockCode=600249&announcementId=1222923818&orgId=gssh0600249&announcementTime=2025-03-28,2025-03-31,2025-06-30,0.102828
600250,南京商旅,2024,2025-04-29,南京商旅2024年年度报告,http://www.cninfo.com.cn/new/disclosure/detail?stockCode=600250&announcementId=1223361077&orgId=gssh0600250&announcementTime=2025-04-29,2025-04-30,2025-07-29,0.459616
600251,冠农股份,2024,2025-04-03,新疆冠农股份有限公司2024年年度报告,http://www.cninfo.com.cn/new/disclosure/detail?stockCode=600251&announcementId=1222993621&orgId=gssh0600251&announcementTime=2025-04-03,2025-04-07,2025-07-04,0.096927
600252,中恒集团,2024,2025-03-29,广西梧州中恒集团股份有限公司2024年年度报告,http://www.cninfo.com.cn/new/disclosure/detail?stockCode=600252&announcementId=1222952197&orgId=gssh0600252&announcementTime=2025-03-29,2025-03-31,2025-06-30,0.04545
600255,鑫科材料,2024,2025-03-29,鑫科材料2024年年度报告,http://www.cninfo.com.cn/new/disclosure/detail?stockCode=600255&announcementId=1222939080&orgId=gssh0600255&announcementTime=2025-03-29,2025-03-31,2025-06-30,-0.029072
600256,广汇能源,2024,2025-04-25,广汇能源股份有限公司2024年年度报告,http://www.cninfo.com.cn/new/disclosure/detail?stockCode=600256&announcementId=1223274790&orgId=gssh0600256&announcementTime=2025-04-25,2025-04-28,2025-07-25,0.086232
600257,大湖股份,2024,2025-04-09,大湖水殖股份有限公司2024年年度报告,http://www.cninfo.com.cn/new/disclosure/detail?stockCode=600257&announcementId=1223032740&orgId=gssh0600257&announcementTime=2025-04-09,2025-04-10,2025-07-09,0.099805
600258,首旅酒店,2024,2025-03-29,北京首旅酒店（集团）股份有限公司2024年年度报告,http://www.cninfo.com.cn/new/disclosure/detail?stockCode=600258&announcementId=1222945134&orgId=gssh0600258&announcementTime=2025-03-29,2025-03-31,2025-06-30,0.066549
600261,阳光照明,2024,2025-04-22,阳光照明2024年年度报告,http://www.cninfo.com.cn/new/disclosure/detail?stockCode=600261&announcementId=1223186550&orgId=gssh0600261&announcementTime=2025-04-22,2025-04-23,2025-07-22,0.156305
600259,中稀有色,2024,2025-03-29,广晟有色金属股份有限公司2024年年度报告,http://www.cninfo.com.cn/new/disclosure/detail?stockCode=600259&announcementId=1222952015&orgId=gssh0600259&announcementTime=2025-03-29,2025-03-31,2025-06-30,0.557757
600262,北方股份,2024,2025-04-22,内蒙古北方重型汽车股份有限公司2024年年度报告,http://www.cninfo.com.cn/new/disclosure/detail?stockCode=600262&announcementId=1223190918&orgId=gssh0600262&announcementTime=2025-04-22,2025-04-23,2025-07-22,0.400428
600265,ST景谷,2024,2025-04-29,2024年年度报告,http://www.cninfo.com.cn/new/disclosure/detail?stockCode=600265&announcementId=1223389620&orgId=gssh0600265&announcementTime=2025-04-29,2025-04-30,2025-07-29,0.179487
600266,城建发展,2024,2025-04-19,2024年年度报告,http://www.cninfo.com.cn/new/disclosure/detail?stockCode=600266&announcementId=1223155072&orgId=gssh0600266&announcementTime=2025-04-19,2025-04-21,2025-07-18,-0.042483
600267,海正药业,2024,2025-03-29,浙江海正药业股份有限公司2024年年度报告,http://www.cninfo.com.cn/new/disclosure/detail?stockCode=600267&announcementId=1222947413&orgId=gssh0600267&announcementTime=2025-03-29,2025-03-31,2025-06-30,0.063249
600268,国电南自,2024,2025-04-25,国电南自2024年年度报告,http://www.cninfo.com.cn/new/disclosure/detail?stockCode=600268&announcementId=1223274817&orgId=gssh0600268&announcementTime=2025-04-25,2025-04-28,2025-07-25,0.38717
600269,赣粤高速,2024,2025-03-25,赣粤高速2024年年度报告,http://www.cninfo.com.cn/new/disclosure/detail?stockCode=600269&announcementId=1222881765&orgId=gssh0600269&announcementTime=2025-03-25,2025-03-26,2025-06-25,0.028955
600271,航天信息,2024,2025-04-16,航天信息股份有限公司2024年年度报告,http://www.cninfo.com.cn/new/disclosure/detail?stockCode=600271&announcementId=1223103351&orgId=gssh0600271&announcementTime=2025-04-16,2025-04-17,2025-07-16,0.073989
600272,开开实业,2024,2025-04-30,2024年年度报告全文,http://www.cninfo.com.cn/new/disclosure/detail?stockCode=600272&announcementId=1223408433&orgId=gssh0600272&announcementTime=2025-04-30,2025-05-06,2025-07-30,0.081206
600273,嘉化能源,2024,2025-04-10,2024年年度报告,http://www.cninfo.com.cn/new/disclosure/detail?stockCode=600273&announcementId=1223046039&orgId=gssh0600273&announcementTime=2025-04-10,2025-04-11,2025-07-10,0.144248
600276,恒瑞医药,2024,2025-03-31,恒瑞医药2024年年度报告,http://www.cninfo.com.cn/new/disclosure/detail?stockCode=600276&announcementId=1222961962&orgId=gssh0600276&announcementTime=2025-03-31,2025-04-01,2025-07-01,0.07011
600278,东方创业,2024,2025-04-26,东方创业2024年年度报告,http://www.cninfo.com.cn/new/disclosure/detail?stockCode=600278&announcementId=1223323577&orgId=gssh0600278&announcementTime=2025-04-26,2025-04-28,2025-07-25,0.045082
600279,重庆港,2024,2025-04-22,重庆港2024年年度报告,http://www.cninfo.com.cn/new/disclosure/detail?stockCode=600279&announcementId=1223196505&orgId=gssh0600279&announcementTime=2025-04-22,2025-04-23,2025-07-22,0.076135
600280,中央商场,2024,2025-04-25,南京中央商场（集团）股份有限公司2024年年度报告,http://www.cninfo.com.cn/new/disclosure/detail?stockCode=600280&announcementId=1223274895&orgId=gssh0600280&announcementTime=2025-04-25,2025-04-28,2025-07-25,-0.011168
600281,华阳新材,2024,2025-04-26,山西华阳新材料股份有限公司2024年年度报告,http://www.cninfo.com.cn/new/disclosure/detail?stockCode=600281&announcementId=1223319374&orgId=gssh0600281&announcementTime=2025-04-26,2025-04-28,2025-07-25,1.084302
600282,南钢股份,2024,2025-03-20,南京钢铁股份有限公司2024年年度报告,http://www.cninfo.com.cn/new/disclosure/detail?stockCode=600282&announcementId=1222846547&orgId=gssh0600282&announcementTime=2025-03-20,2025-03-21,2025-06-20,-0.103935
600283,钱江水利,2024,2025-04-17,钱江水利开发股份有限公司2024年年度报告,http://www.cninfo.com.cn/new/disclosure/detail?stockCode=600283&announcementId=1223111712&orgId=gssh0600283&announcementTime=2025-04-17,2025-04-18,2025-07-17,0.040609
600284,浦东建设,2024,2025-03-29,浦东建设2024年年度报告,http://www.cninfo.com.cn/new/disclosure/detail?stockCode=600284&announcementId=1222945651&orgId=gssh0600284&announcementTime=2025-03-29,2025-03-31,2025-06-30,-0.001897
600285,羚锐制药,2024,2025-04-26,羚锐制药2024年年度报告,http://www.cninfo.com.cn/new/disclosure/detail?stockCode=600285&announcementId=1223304275&orgId=gssh0600285&announcementTime=2025-04-26,2025-04-28,2025-07-25,0.057175
600287,苏豪时尚,2024,2025-04-29,江苏舜天2024年年度报告全文,http://www.cninfo.com.cn/new/disclosure/detail?stockCode=600287&announcementId=1223383432&orgId=gssh0600287&announcementTime=2025-04-29,2025-04-30,2025-07-30,0.212368
600288,大恒科技,2024,2025-04-23,大恒新纪元科技股份有限公司2024年年度报告,http://www.cninfo.com.cn/new/disclosure/detail?stockCode=600288&announcementId=1223217287&orgId=gssh0600288&announcementTime=2025-04-23,2025-04-24,2025-07-23,0.268472
600292,电投水电,2024,2025-04-24,远达环保2024年年度报告全文,http://www.cninfo.com.cn/new/disclosure/detail?stockCode=600292&announcementId=1223239871&orgId=gssh0600292&announcementTime=2025-04-24,2025-04-25,2025-07-24,-0.039209
600289,ST信通,2024,2025-04-23,亿阳信通2024年年度报告,http://www.cninfo.com.cn/new/disclosure/detail?stockCode=600289&announcementId=1223220874&orgId=gssh0600289&announcementTime=2025-04-23,2025-04-24,2025-07-24,0.111061
600293,三峡新材,2024,2025-04-25,湖北三峡新型建材股份有限公司2024年年度报告,http://www.cninfo.com.cn/new/disclosure/detail?stockCode=600293&announcementId=1223275215&orgId=gssh0600293&announcementTime=2025-04-25,2025-04-28,2025-07-25,0.152128
600295,鄂尔多斯,2024,2025-04-15,内蒙古鄂尔多斯资源股份有限公司2024年年度报告,http://www.cninfo.com.cn/new/disclosure/detail?stockCode=600295&announcementId=1223092806&orgId=gssh0600295&announcementTime=2025-04-15,2025-04-16,2025-07-15,0.119693
600298,安琪酵母,2024,2025-04-10,安琪酵母股份有限公司2024年年度报告,http://www.cninfo.com.cn/new/disclosure/detail?stockCode=600298&announcementId=1223046779&orgId=gssh0600298&announcementTime=2025-04-10,2025-04-11,2025-07-10,0.02607
600299,安迪苏,2024,2025-02-28,安迪苏2024年年度报告,http://www.cninfo.com.cn/new/disclosure/detail?stockCode=600299&announcementId=1222663425&orgId=gssh0600299&announcementTime=2025-02-28,2025-03-03,2025-05-30,-0.051345
600300,维维股份,2024,2025-04-19,维维食品饮料股份有限公司2024年年度报告,http://www.cninfo.com.cn/new/disclosure/detail?stockCode=600300&announcementId=1223145739&orgId=gssh0600300&announcementTime=2025-04-19,2025-04-21,2025-07-18,-0.108525
600301,华锡有色,2024,2025-04-30,广西华锡有色金属股份有限公司2024年年度报告,http://www.cninfo.com.cn/new/disclosure/detail?stockCode=600301&announcementId=1223419758&orgId=gssh0600301&announcementTime=2025-04-30,2025-05-06,2025-07-30,0.185218
600302,标准股份,2024,2025-04-19,标准股份2024年年度报告全文,http://www.cninfo.com.cn/new/disclosure/detail?stockCode=600302&announcementId=1223157750&orgId=gssh0600302&announcementTime=2025-04-19,2025-04-21,2025-07-18,0.361053
600303,曙光股份,2024,2025-04-11,ST曙光2024年年度报告,http://www.cninfo.com.cn/new/disclosure/detail?stockCode=600303&announcementId=1223058592&orgId=gssh0600303&announcementTime=2025-04-11,2025-04-14,2025-07-14,0.034066
600305,恒顺醋业,2024,2025-04-22,江苏恒顺醋业股份有限公司2024年年度报告,http://www.cninfo.com.cn/new/disclosure/detail?stockCode=600305&announcementId=1223193060&orgId=gssh0600305&announcementTime=2025-04-22,2025-04-23,2025-07-22,-0.00223
600307,酒钢宏兴,2024,2025-04-30,酒钢宏兴2024年年度报告,http://www.cninfo.com.cn/new/disclosure/detail?stockCode=600307&announcementId=1223412908&orgId=gssh0600307&announcementTime=2025-04-30,2025-05-06,2025-07-30,0.368151
600308,华泰股份,2024,2025-04-19,华泰股份2024年年度报告,http://www.cninfo.com.cn/new/disclosure/detail?stockCode=600308&announcementId=1223144229&orgId=gssh0600308&announcementTime=2025-04-19,2025-04-21,2025-07-18,0.060639
600309,万华化学,2024,2025-04-15,万华化学2024年年度报告,http://www.cninfo.com.cn/new/disclosure/detail?stockCode=600309&announcementId=1223097325&orgId=gssh0600309&announcementTime=2025-04-15,2025-04-16,2025-07-15,-0.00919
600310,广西能源,2024,2025-03-28,广西能源股份有限公司2024年年度报告,http://www.cninfo.com.cn/new/disclosure/detail?stockCode=600310&announcementId=1222923839&orgId=gssh0600310&announcementTime=2025-03-28,2025-03-31,2025-06-30,-0.044585
600312,平高电气,2024,2025-04-11,河南平高电气股份有限公司2024年年度报告,http://www.cninfo.com.cn/new/disclosure/detail?stockCode=600312&announcementId=1223054837&orgId=gssh0600312&announcementTime=2025-04-11,2025-04-14,2025-07-11,-0.128567
600315,上海家化,2024,2025-04-25,上海家化2024年年度报告,http://www.cninfo.com.cn/new/disclosure/detail?stockCode=600315&announcementId=1223275297&orgId=gssh0600315&announcementTime=2025-04-25,2025-04-28,2025-07-25,0.026369
600313,农发种业,2024,2025-04-19,中农发种业集团股份有限公司2024年年度报告,http://www.cninfo.com.cn/new/disclosure/detail?stockCode=600313&announcementId=1223148730&orgId=gssh0600313&announcementTime=2025-04-19,2025-04-21,2025-07-18,-0.009633
600316,洪都航空,2024,2025-03-29,江西洪都航空工业股份有限公司2024年年度报告,http://www.cninfo.com.cn/new/disclosure/detail?stockCode=600316&announcementId=1222946218&orgId=gssh0600316&announcementTime=2025-03-29,2025-03-31,2025-06-30,0.077433
600318,新力金融,2024,2025-03-28,安徽新力金融股份有限公司2024年年度报告,http://www.cninfo.com.cn/new/disclosure/detail?stockCode=600318&announcementId=1222924117&orgId=gssh0600318&announcementTime=2025-03-28,2025-03-31,2025-06-30,0.008341
600319,亚星化学,2024,2025-04-26,潍坊亚星化学股份有限公司2024年年度报告,http://www.cninfo.com.cn/new/disclosure/detail?stockCode=600319&announcementId=1223314844&orgId=gssh0600319&announcementTime=2025-04-26,2025-04-28,2025-07-25,0.291457
600320,振华重工,2024,2025-03-28,振华重工2024年年度报告,http://www.cninfo.com.cn/new/disclosure/detail?stockCode=600320&announcementId=1222924968&orgId=gssh0600320&announcementTime=2025-03-28,2025-03-31,2025-06-30,-0.008494
600322,津投城开,2024,2025-04-30,津投城开2024年年度报告,http://www.cninfo.com.cn/new/disclosure/detail?stockCode=600322&announcementId=1223419809&orgId=gssh0600322&announcementTime=2025-04-30,2025-05-06,2025-07-30,0.276204
600325,华发股份,2024,2025-03-15,华发股份2024年年度报告,http://www.cninfo.com.cn/new/disclosure/detail?stockCode=600325&announcementId=1222807709&orgId=gssh0600325&announcementTime=2025-03-15,2025-03-17,2025-06-16,-0.117192
600323,瀚蓝环境,2024,2025-04-11,瀚蓝环境股份有限公司2024年年度报告,http://www.cninfo.com.cn/new/disclosure/detail?stockCode=600323&announcementId=1223057340&orgId=gssh0600323&announcementTime=2025-04-11,2025-04-14,2025-07-11,0.0699
600327,大东方,2024,2025-04-18,大东方2024年年度报告,http://www.cninfo.com.cn/new/disclosure/detail?stockCode=600327&announcementId=1223127508&orgId=gssh0600327&announcementTime=2025-04-18,2025-04-21,2025-07-18,0.035258
600326,西藏天路,2024,2025-04-10,西藏天路2024年年度报告,http://www.cninfo.com.cn/new/disclosure/detail?stockCode=600326&announcementId=1223047022&orgId=gssh0600326&announcementTime=2025-04-10,2025-04-11,2025-07-10,0.331362
600328,中盐化工,2024,2025-03-27,中盐化工2024年年度报告,http://www.cninfo.com.cn/new/disclosure/detail?stockCode=600328&announcementId=1222911748&orgId=gssh0600328&announcementTime=2025-03-27,2025-03-28,2025-06-27,0.009099
600329,达仁堂,2024,2025-03-31,达仁堂2024年年度报告,http://www.cninfo.com.cn/new/disclosure/detail?stockCode=600329&announcementId=1222962003&orgId=gssh0600329&announcementTime=2025-03-31,2025-04-01,2025-07-01,0.09972
600330,天通股份,2024,2025-04-18,天通股份2024年年度报告,http://www.cninfo.com.cn/new/disclosure/detail?stockCode=600330&announcementId=1223129859&orgId=gssh0600330&announcementTime=2025-04-18,2025-04-21,2025-07-18,0.18013
600331,宏达股份,2024,2025-03-29,宏达股份2024年年度报告,http://www.cninfo.com.cn/new/disclosure/detail?stockCode=600331&announcementId=1222945185&orgId=gssh0600331&announcementTime=2025-03-29,2025-03-31,2025-06-30,0.229577
600332,白云山,2024,2025-03-14,广州白云山医药集团股份有限公司2024年年度报告全文,http://www.cninfo.com.cn/new/disclosure/detail?stockCode=600332&announcementId=1222789516&orgId=gssh0600332&announcementTime=2025-03-14,2025-03-17,2025-06-16,-0.011989
600333,长春燃气,2024,2025-04-25,长春燃气2024年年度报告,http://www.cninfo.com.cn/new/disclosure/detail?stockCode=600333&announcementId=1223275348&orgId=gssh0600333&announcementTime=2025-04-25,2025-04-28,2025-07-25,0.113998
600335,国机汽车,2024,2025-04-25,国机汽车2024年年度报告,http://www.cninfo.com.cn/new/disclosure/detail?stockCode=600335&announcementId=1223275379&orgId=gssh0600335&announcementTime=2025-04-25,2025-04-28,2025-07-25,0.051018
600336,澳柯玛,2024,2025-04-30,澳柯玛2024年年度报告,http://www.cninfo.com.cn/new/disclosure/detail?stockCode=600336&announcementId=1223419830&orgId=gssh0600336&announcementTime=2025-04-30,2025-05-06,2025-07-30,0.052246
600337,美克家居,2024,2025-04-30,美克国际家居用品股份有限公司2024年年度报告,http://www.cninfo.com.cn/new/disclosure/detail?stockCode=600337&announcementId=1223412957&orgId=gssh0600337&announcementTime=2025-04-30,2025-05-06,2025-07-30,0.051967
600338,西藏珠峰,2024,2025-04-29,2024年年度报告,http://www.cninfo.com.cn/new/disclosure/detail?stockCode=600338&announcementId=1223383463&orgId=gssh0600338&announcementTime=2025-04-29,2025-04-30,2025-07-29,0.321611
600339,中油工程,2024,2025-04-15,中油工程2024年年度报告,http://www.cninfo.com.cn/new/disclosure/detail?stockCode=600339&announcementId=1223097243&orgId=gssh0600339&announcementTime=2025-04-15,2025-04-16,2025-07-15,0.060313
600343,航天动力,2024,2025-04-01,航天动力2024年年度报告,http://www.cninfo.com.cn/new/disclosure/detail?stockCode=600343&announcementId=1222976658&orgId=gssh0600343&announcementTime=2025-04-01,2025-04-02,2025-07-02,0.04423
600340,华夏幸福,2024,2025-04-30,华夏幸福2024年年度报告,http://www.cninfo.com.cn/new/disclosure/detail?stockCode=600340&announcementId=1223419859&orgId=gssh0600340&announcementTime=2025-04-30,2025-05-06,2025-07-30,-0.074703
600345,长江通信,2024,2025-04-30,长江通信2024年年度报告,http://www.cninfo.com.cn/new/disclosure/detail?stockCode=600345&announcementId=1223420075&orgId=gssh0600345&announcementTime=2025-04-30,2025-05-06,2025-07-30,0.135196
600346,恒力石化,2024,2025-04-17,恒力石化2024年年度报告,http://www.cninfo.com.cn/new/disclosure/detail?stockCode=600346&announcementId=1223111836&orgId=gssh0600346&announcementTime=2025-04-17,2025-04-18,2025-07-17,-0.055575
600348,华阳股份,2024,2025-04-26,山西华阳集团新能股份有限公司2024年年度报告,http://www.cninfo.com.cn/new/disclosure/detail?stockCode=600348&announcementId=1223325382&orgId=gssh0600348&announcementTime=2025-04-26,2025-04-28,2025-07-25,0.153016
600350,山东高速,2024,2025-04-04,山东高速股份有限公司2024年年度报告,http://www.cninfo.com.cn/new/disclosure/detail?stockCode=600350&announcementId=1223003402&orgId=gssh0600350&announcementTime=2025-04-04,2025-04-07,2025-07-04,0.00097
600351,亚宝药业,2024,2025-04-26,亚宝药业集团股份有限公司2024年年度报告,http://www.cninfo.com.cn/new/disclosure/detail?stockCode=600351&announcementId=1223320163&orgId=gssh0600351&announcementTime=2025-04-26,2025-04-28,2025-07-25,0.261413
600352,浙江龙盛,2024,2025-04-15,浙江龙盛2024年年度报告,http://www.cninfo.com.cn/new/disclosure/detail?stockCode=600352&announcementId=1223093600&orgId=gssh0600352&announcementTime=2025-04-15,2025-04-16,2025-07-15,0.082655
600354,敦煌种业,2024,2025-03-22,甘肃省敦煌种业集团股份有限公司2024年年度报告,http://www.cninfo.com.cn/new/disclosure/detail?stockCode=600354&announcementId=1222871589&orgId=gssh0600354&announcementTime=2025-03-22,2025-03-24,2025-06-23,0.078338
600353,旭光电子,2024,2025-03-15,旭光电子2024年年度报告,http://www.cninfo.com.cn/new/disclosure/detail?stockCode=600353&announcementId=1222807612&orgId=gssh0600353&announcementTime=2025-03-15,2025-03-17,2025-06-16,0.683014
600355,*ST精伦,2024,2025-04-26,精伦电子2024年年度报告,http://www.cninfo.com.cn/new/disclosure/detail?stockCode=600355&announcementId=1223324805&orgId=gssh0600355&announcementTime=2025-04-26,2025-04-29,2025-07-28,-0.021552
600356,恒丰纸业,2024,2025-04-29,恒丰纸业2024年年度报告,http://www.cninfo.com.cn/new/disclosure/detail?stockCode=600356&announcementId=1223374265&orgId=gssh0600356&announcementTime=2025-04-29,2025-04-30,2025-07-29,0.189665
600358,ST联合,2024,2025-03-29,国旅文化投资集团股份有限公司2024年年度报告,http://www.cninfo.com.cn/new/disclosure/detail?stockCode=600358&announcementId=1222945215&orgId=gssh0600358&announcementTime=2025-03-29,2025-03-31,2025-07-14,0.461115
600359,新农开发,2024,2025-02-28,2024年年度报告,http://www.cninfo.com.cn/new/disclosure/detail?stockCode=600359&announcementId=1222663331&orgId=gssh0600359&announcementTime=2025-02-28,2025-03-03,2025-05-30,0.088
600360,*ST华微,2024,2025-04-30,吉林华微电子股份有限公司2024年年度报告,http://www.cninfo.com.cn/new/disclosure/detail?stockCode=600360&announcementId=1223427884&orgId=gssh0600360&announcementTime=2025-04-30,2025-05-06,2025-08-06,0.393312
600361,创新新材,2024,2025-04-25,2024年年度报告,http://www.cninfo.com.cn/new/disclosure/detail?stockCode=600361&announcementId=1223286311&orgId=gssh0600361&announcementTime=2025-04-25,2025-04-28,2025-07-25,0.131025
600362,江西铜业,2024,2025-03-28,江西铜业股份有限公司2024年年度报告,http://www.cninfo.com.cn/new/disclosure/detail?stockCode=600362&announcementId=1222924572&orgId=gssh0600362&announcementTime=2025-03-28,2025-03-31,2025-06-30,0.009818
600363,联创光电,2024,2025-04-29,2024年年度报告,http://www.cninfo.com.cn/new/disclosure/detail?stockCode=600363&announcementId=1223383548&orgId=gssh0600363&announcementTime=2025-04-29,2025-04-30,2025-07-29,0.025703
600365,ST通葡,2024,2025-04-29,通化葡萄酒股份有限公司2024年年度报告,http://www.cninfo.com.cn/new/disclosure/detail?stockCode=600365&announcementId=1223389754&orgId=gssh0600365&announcementTime=2025-04-29,2025-04-30,2025-07-29,0.049492
600366,宁波韵升,2024,2025-04-30,宁波韵升2024年年度报告,http://www.cninfo.com.cn/new/disclosure/detail?stockCode=600366&announcementId=1223413014&orgId=gssh0600366&announcementTime=2025-04-30,2025-05-06,2025-07-30,0.60922
600367,红星发展,2024,2025-04-26,红星发展2024年年度报告,http://www.cninfo.com.cn/new/disclosure/detail?stockCode=600367&announcementId=1223321234&orgId=gssh0600367&announcementTime=2025-04-26,2025-04-28,2025-07-25,0.136658
600368,五洲交通,2024,2025-03-29,广西五洲交通股份有限公司2024年年度报告,http://www.cninfo.com.cn/new/disclosure/detail?stockCode=600368&announcementId=1222942981&orgId=gssh0600368&announcementTime=2025-03-29,2025-03-31,2025-06-30,0.002501
600370,三房巷,2024,2025-04-29,江苏三房巷聚材股份有限公司2024年年度报告,http://www.cninfo.com.cn/new/disclosure/detail?stockCode=600370&announcementId=1223374309&orgId=gssh0600370&announcementTime=2025-04-29,2025-04-30,2025-07-29,0.100075
600369,西南证券,2024,2025-04-26,西南证券股份有限公司2024年年度报告,http://www.cninfo.com.cn/new/disclosure/detail?stockCode=600369&announcementId=1223322405&orgId=gssh0600369&announcementTime=2025-04-26,2025-04-28,2025-07-25,0.13276
600372,中航机载,2024,2025-03-29,中航机载2024年年度报告,http://www.cninfo.com.cn/new/disclosure/detail?stockCode=600372&announcementId=1222952075&orgId=gssh0600372&announcementTime=2025-03-29,2025-03-31,2025-06-30,0.064461
600371,万向德农,2024,2025-04-22,万向德农股份有限公司2024年年度报告,http://www.cninfo.com.cn/new/disclosure/detail?stockCode=600371&announcementId=1223189265&orgId=gssh0600371&announcementTime=2025-04-22,2025-04-23,2025-07-22,-0.002472
600375,汉马科技,2024,2025-03-27,汉马科技集团股份有限公司2024年年度报告,http://www.cninfo.com.cn/new/disclosure/detail?stockCode=600375&announcementId=1222911373&orgId=gssh0600375&announcementTime=2025-03-27,2025-03-28,2025-06-30,0.183286
600373,中文传媒,2024,2025-04-19,中文传媒2024年年度报告,http://www.cninfo.com.cn/new/disclosure/detail?stockCode=600373&announcementId=1223156111&orgId=gssh0600373&announcementTime=2025-04-19,2025-04-21,2025-07-18,-0.06134
600376,首开股份,2024,2025-04-23,首开股份2024年年度报告,http://www.cninfo.com.cn/new/disclosure/detail?stockCode=600376&announcementId=1223218785&orgId=gssh0600376&announcementTime=2025-04-23,2025-04-24,2025-07-23,0.159722
600377,宁沪高速,2024,2025-03-27,2024年年度报告,http://www.cninfo.com.cn/new/disclosure/detail?stockCode=600377&announcementId=1222912237&orgId=gssh0600377&announcementTime=2025-03-27,2025-03-28,2025-06-27,0.059859
600378,昊华科技,2024,2025-04-30,昊华科技2024年年度报告,http://www.cninfo.com.cn/new/disclosure/detail?stockCode=600378&announcementId=1223425840&orgId=gssh0600378&announcementTime=2025-04-30,2025-05-06,2025-07-30,0.033357
600379,宝光股份,2024,2025-04-11,宝光股份2024年度报告,http://www.cninfo.com.cn/new/disclosure/detail?stockCode=600379&announcementId=1223057963&orgId=gssh0600379&announcementTime=2025-04-11,2025-04-14,2025-07-11,0.490788
600381,*ST春天,2024,2025-04-29,青海春天2024年年度报告,http://www.cninfo.com.cn/new/disclosure/detail?stockCode=600381&announcementId=1223383599&orgId=gssh0600381&announcementTime=2025-04-29,2025-04-30,2025-07-29,0.360759
600380,健康元,2024,2025-04-08,健康元药业集团股份有限公司2024年度报告,http://www.cninfo.com.cn/new/disclosure/detail?stockCode=600380&announcementId=1223021259&orgId=gssh0600380&announcementTime=2025-04-08,2025-04-09,2025-07-08,0.098485
600382,广东明珠,2024,2025-04-25,广东明珠集团股份有限公司2024年年度报告,http://www.cninfo.com.cn/new/disclosure/detail?stockCode=600382&announcementId=1223275437&orgId=gssh0600382&announcementTime=2025-04-25,2025-04-28,2025-07-25,0.256518
600383,金地集团,2024,2025-03-25,公司2024年年度报告,http://www.cninfo.com.cn/new/disclosure/detail?stockCode=600383&announcementId=1222881250&orgId=gssh0600383&announcementTime=2025-03-25,2025-03-26,2025-06-25,-0.179834
600388,龙净环保,2024,2025-03-22,2024年年度报告,http://www.cninfo.com.cn/new/disclosure/detail?stockCode=600388&announcementId=1222869547&orgId=gssh0600388&announcementTime=2025-03-22,2025-03-24,2025-06-23,-0.088649
600386,北巴传媒,2024,2025-03-28,北京巴士传媒股份有限公司2024年年度报告,http://www.cninfo.com.cn/new/disclosure/detail?stockCode=600386&announcementId=1222926468&orgId=gssh0600386&announcementTime=2025-03-28,2025-03-31,2025-06-30,0.008727
600390,五矿资本,2024,2025-04-25,五矿资本股份有限公司2024年年度报告,http://www.cninfo.com.cn/new/disclosure/detail?stockCode=600390&announcementId=1223285726&orgId=gssh0600390&announcementTime=2025-04-25,2025-04-28,2025-07-25,0.162155
600389,江山股份,2024,2025-04-22,江山股份2024年年度报告,http://www.cninfo.com.cn/new/disclosure/detail?stockCode=600389&announcementId=1223195293&orgId=gssh0600389&announcementTime=2025-04-22,2025-04-23,2025-07-22,0.392392
600392,盛和资源,2024,2025-04-23,盛和资源2024年年度报告,http://www.cninfo.com.cn/new/disclosure/detail?stockCode=600392&announcementId=1223217901&orgId=gssh0600392&announcementTime=2025-04-23,2025-04-24,2025-07-23,0.918649
600391,航发科技,2024,2025-04-01,中国航发航空科技股份有限公司2024年年度报告,http://www.cninfo.com.cn/new/disclosure/detail?stockCode=600391&announcementId=1222972714&orgId=gssh0600391&announcementTime=2025-04-01,2025-04-02,2025-07-02,0.316553
600395,盘江股份,2024,2025-04-26,盘江股份2024年年度报告,http://www.cninfo.com.cn/new/disclosure/detail?stockCode=600395&announcementId=1223316077&orgId=gssh0600395&announcementTime=2025-04-26,2025-04-28,2025-07-25,0.154394
600396,华电辽能,2024,2025-04-25,2024年年度报告,http://www.cninfo.com.cn/new/disclosure/detail?stockCode=600396&announcementId=1223275454&orgId=gssh0600396&announcementTime=2025-04-25,2025-04-28,2025-07-25,0.066728
600397,江钨装备,2024,2025-04-19,安源煤业2024年年度报告,http://www.cninfo.com.cn/new/disclosure/detail?stockCode=600397&announcementId=1223149801&orgId=gssh0600397&announcementTime=2025-04-19,2025-04-21,2025-07-18,0.226244
600398,海澜之家,2024,2025-04-30,海澜之家集团股份有限公司2024年年度报告,http://www.cninfo.com.cn/new/disclosure/detail?stockCode=600398&announcementId=1223413043&orgId=gssh0600398&announcementTime=2025-04-30,2025-05-06,2025-07-30,-0.145985
600399,抚顺特钢,2024,2025-04-12,抚顺特钢：2024年年度报告,http://www.cninfo.com.cn/new/disclosure/detail?stockCode=600399&announcementId=1223069387&orgId=gssh0600399&announcementTime=2025-04-12,2025-04-14,2025-07-11,0.080043
600400,红豆股份,2024,2025-04-30,红豆股份2024年年度报告,http://www.cninfo.com.cn/new/disclosure/detail?stockCode=600400&announcementId=1223413186&orgId=gssh0600400&announcementTime=2025-04-30,2025-05-06,2025-07-30,0.042209
600403,大有能源,2024,2025-04-03,河南大有能源股份有限公司2024年年度报告,http://www.cninfo.com.cn/new/disclosure/detail?stockCode=600403&announcementId=1222992613&orgId=gssh0600403&announcementTime=2025-04-03,2025-04-07,2025-07-04,0.103386
600405,动力源,2024,2025-04-23,2024年年度报告,http://www.cninfo.com.cn/new/disclosure/detail?stockCode=600405&announcementId=1223217935&orgId=gssh0600405&announcementTime=2025-04-23,2025-04-24,2025-07-23,0.298277
600406,国电南瑞,2024,2025-04-29,国电南瑞2024年年度报告,http://www.cninfo.com.cn/new/disclosure/detail?stockCode=600406&announcementId=1223374352&orgId=gssh0600406&announcementTime=2025-04-29,2025-04-30,2025-07-29,0.014237
600408,安泰集团,2024,2025-04-30,安泰集团2024年年度报告,http://www.cninfo.com.cn/new/disclosure/detail?stockCode=600408&announcementId=1223420124&orgId=gssh0600408&announcementTime=2025-04-30,2025-05-06,2025-07-30,0.406166
600409,三友化工,2024,2025-04-16,2024年年度报告,http://www.cninfo.com.cn/new/disclosure/detail?stockCode=600409&announcementId=1223098359&orgId=gssh0600409&announcementTime=2025-04-16,2025-04-17,2025-07-16,-0.011271
600410,华胜天成,2024,2025-04-26,2024年年度报告,http://www.cninfo.com.cn/new/disclosure/detail?stockCode=600410&announcementId=1223324852&orgId=gssh0600410&announcementTime=2025-04-26,2025-04-28,2025-07-25,0.314169
600415,小商品城,2024,2025-03-27,2024年年度报告,http://www.cninfo.com.cn/new/disclosure/detail?stockCode=600415&announcementId=1222910290&orgId=gssh0600415&announcementTime=2025-03-27,2025-03-28,2025-06-27,0.333996
600416,湘电股份,2024,2025-04-10,湘潭电机股份有限公司2024年年度报告,http://www.cninfo.com.cn/new/disclosure/detail?stockCode=600416&announcementId=1223046347&orgId=gssh0600416&announcementTime=2025-04-10,2025-04-11,2025-07-10,0.289105
600418,江淮汽车,2024,2025-03-29,江淮汽车2024年年度报告,http://www.cninfo.com.cn/new/disclosure/detail?stockCode=600418&announcementId=1222952026&orgId=gssh0600418&announcementTime=2025-03-29,2025-03-31,2025-06-30,0.135691
600419,天润乳业,2024,2025-04-18,新疆天润乳业股份有限公司2024年年度报告,http://www.cninfo.com.cn/new/disclosure/detail?stockCode=600419&announcementId=1223127883&orgId=gssh0600419&announcementTime=2025-04-18,2025-04-21,2025-07-18,-0.042617
600420,国药现代,2024,2025-03-28,2024年度报告,http://www.cninfo.com.cn/new/disclosure/detail?stockCode=600420&announcementId=1222925535&orgId=gssh0600420&announcementTime=2025-03-28,2025-03-31,2025-06-30,-0.018419
600422,昆药集团,2024,2025-03-12,昆药集团2024年年度报告,http://www.cninfo.com.cn/new/disclosure/detail?stockCode=600422&announcementId=1222769158&orgId=gssh0600422&announcementTime=2025-03-12,2025-03-13,2025-06-12,-0.122875
600421,*ST华嵘,2024,2025-04-26,华嵘控股2024年年度报告全文,http://www.cninfo.com.cn/new/disclosure/detail?stockCode=600421&announcementId=1223307114&orgId=gssh0600421&announcementTime=2025-04-26,2025-04-29,2025-07-28,0.296137
600423,柳化股份,2024,2025-03-21,柳化股份2024年年度报告,http://www.cninfo.com.cn/new/disclosure/detail?stockCode=600423&announcementId=1222857746&orgId=gssh0600423&announcementTime=2025-03-21,2025-03-24,2025-06-23,0.040134
600425,青松建化,2024,2025-03-15,青松建化2024年年度报告,http://www.cninfo.com.cn/new/disclosure/detail?stockCode=600425&announcementId=1222807713&orgId=gssh0600425&announcementTime=2025-03-15,2025-03-17,2025-06-16,-0.012955
600426,华鲁恒升,2024,2025-03-29,华鲁恒升2024年年度报告,http://www.cninfo.com.cn/new/disclosure/detail?stockCode=600426&announcementId=1222940908&orgId=gssh0600426&announcementTime=2025-03-29,2025-03-31,2025-06-30,0.005676
600428,中远海特,2024,2025-03-28,中远海运特种运输股份有限公司2024年年度报告,http://www.cninfo.com.cn/new/disclosure/detail?stockCode=600428&announcementId=1222928599&orgId=gssh0600428&announcementTime=2025-03-28,2025-03-31,2025-06-30,-0.067088
600429,三元股份,2024,2025-04-29,三元股份2024年年度报告,http://www.cninfo.com.cn/new/disclosure/detail?stockCode=600429&announcementId=1223389789&orgId=gssh0600429&announcementTime=2025-04-29,2025-04-30,2025-07-29,0.045181
600433,冠豪高新,2024,2025-03-11,冠豪高新2024年年度报告,http://www.cninfo.com.cn/new/disclosure/detail?stockCode=600433&announcementId=1222759057&orgId=gssh0600433&announcementTime=2025-03-11,2025-03-12,2025-06-11,-0.033005
600435,北方导航,2024,2025-04-25,北方导航2024年年度报告,http://www.cninfo.com.cn/new/disclosure/detail?stockCode=600435&announcementId=1223275983&orgId=gssh0600435&announcementTime=2025-04-25,2025-04-28,2025-07-25,0.450412
600438,通威股份,2024,2025-04-30,通威股份有限公司2024年年度报告,http://www.cninfo.com.cn/new/disclosure/detail?stockCode=600438&announcementId=1223425884&orgId=gssh0600438&announcementTime=2025-04-30,2025-05-06,2025-07-30,0.333975
600436,片仔癀,2024,2025-04-26,漳州片仔癀药业股份有限公司2024年年度报告,http://www.cninfo.com.cn/new/disclosure/detail?stockCode=600436&announcementId=1223319419&orgId=gssh0600436&announcementTime=2025-04-26,2025-04-28,2025-07-25,-0.00571
600444,国机通用,2024,2025-04-10,国机通用2024年年度报告,http://www.cninfo.com.cn/new/disclosure/detail?stockCode=600444&announcementId=1223043081&orgId=gssh0600444&announcementTime=2025-04-10,2025-04-11,2025-07-10,0.232477
600439,瑞贝卡,2024,2025-04-29,2024年年度报告,http://www.cninfo.com.cn/new/disclosure/detail?stockCode=600439&announcementId=1223392487&orgId=gssh0600439&announcementTime=2025-04-29,2025-04-30,2025-07-29,0.022056
600446,金证股份,2024,2025-04-19,金证股份2024年年度报告,http://www.cninfo.com.cn/new/disclosure/detail?stockCode=600446&announcementId=1223151079&orgId=gssh0600446&announcementTime=2025-04-19,2025-04-21,2025-07-18,0.250971
600448,华纺股份,2024,2025-04-22,华纺股份：2024年年度报告,http://www.cninfo.com.cn/new/disclosure/detail?stockCode=600448&announcementId=1223183571&orgId=gssh0600448&announcementTime=2025-04-22,2025-04-23,2025-07-22,0.254606
600449,宁夏建材,2024,2025-03-27,宁夏建材2024年年度报告,http://www.cninfo.com.cn/new/disclosure/detail?stockCode=600449&announcementId=1222910571&orgId=gssh0600449&announcementTime=2025-03-27,2025-03-28,2025-06-27,-0.10251
600452,涪陵电力,2024,2025-04-18,涪陵电力2024年年度报告全文,http://www.cninfo.com.cn/new/disclosure/detail?stockCode=600452&announcementId=1223129529&orgId=gssh0600452&announcementTime=2025-04-18,2025-04-21,2025-07-18,-0.001071
600455,博通股份,2024,2025-03-29,博通股份2024年年度报告,http://www.cninfo.com.cn/new/disclosure/detail?stockCode=600455&announcementId=1222946245&orgId=gssh0600455&announcementTime=2025-03-29,2025-03-31,2025-06-30,0.08705
600456,宝钛股份,2024,2025-03-28,宝鸡钛业股份有限公司2024年年度报告,http://www.cninfo.com.cn/new/disclosure/detail?stockCode=600456&announcementId=1222923490&orgId=gssh0600456&announcementTime=2025-03-28,2025-03-31,2025-06-30,-0.070113
600458,时代新材,2024,2025-04-30,2024年年度报告,http://www.cninfo.com.cn/new/disclosure/detail?stockCode=600458&announcementId=1223413242&orgId=gssh0600458&announcementTime=2025-04-30,2025-05-06,2025-07-30,0.131839
600459,贵研铂业,2024,2025-04-25,云南省贵金属新材料控股集团股份有限公司2024年年度报告,http://www.cninfo.com.cn/new/disclosure/detail?stockCode=600459&announcementId=1223276020&orgId=gssh0600459&announcementTime=2025-04-25,2025-04-28,2025-07-25,0.260478
600460,士兰微,2024,2025-04-19,杭州士兰微电子股份有限公司2024年年度报告,http://www.cninfo.com.cn/new/disclosure/detail?stockCode=600460&announcementId=1223158152&orgId=gssh0600460&announcementTime=2025-04-19,2025-04-21,2025-07-18,0.053822
600461,洪城环境,2024,2025-04-15,江西洪城环境股份有限公司2024年年度报告,http://www.cninfo.com.cn/new/disclosure/detail?stockCode=600461&announcementId=1223094412&orgId=gssh0600461&announcementTime=2025-04-15,2025-04-16,2025-07-15,-0.031506
600463,空港股份,2024,2025-04-29,空港股份2024年年度报告,http://www.cninfo.com.cn/new/disclosure/detail?stockCode=600463&announcementId=1223389816&orgId=gssh0600463&announcementTime=2025-04-29,2025-04-30,2025-07-29,0.323724
600467,好当家,2024,2025-04-24,好当家2024年年度报告,http://www.cninfo.com.cn/new/disclosure/detail?stockCode=600467&announcementId=1223238204&orgId=gssh0600467&announcementTime=2025-04-24,2025-04-25,2025-07-24,0.04681
600468,百利电气,2024,2025-04-19,天津百利特精电气股份有限公司2024年年度报告,http://www.cninfo.com.cn/new/disclosure/detail?stockCode=600468&announcementId=1223146668&orgId=gssh0600468&announcementTime=2025-04-19,2025-04-21,2025-07-18,0.60452
600469,风神股份,2024,2025-04-18,风神轮胎股份有限公司2024年度报告,http://www.cninfo.com.cn/new/disclosure/detail?stockCode=600469&announcementId=1223126062&orgId=gssh0600469&announcementTime=2025-04-18,2025-04-21,2025-07-18,0.09103
600470,六国化工,2024,2025-03-18,六国化工2024年度报告,http://www.cninfo.com.cn/new/disclosure/detail?stockCode=600470&announcementId=1222820109&orgId=gssh0600470&announcementTime=2025-03-18,2025-03-19,2025-06-18,0.0
600475,华光环能,2024,2025-04-29,无锡华光环保能源集团股份有限公司2024年年度报告,http://www.cninfo.com.cn/new/disclosure/detail?stockCode=600475&announcementId=1223374438&orgId=gssh0600475&announcementTime=2025-04-29,2025-04-30,2025-07-29,0.675557
600476,湘邮科技,2024,2025-04-29,湖南湘邮科技股份有限公司2024年年度报告,http://www.cninfo.com.cn/new/disclosure/detail?stockCode=600476&announcementId=1223374446&orgId=gssh0600476&announcementTime=2025-04-29,2025-04-30,2025-07-29,0.212581
600477,杭萧钢构,2024,2025-04-18,杭萧钢构2024年年度报告,http://www.cninfo.com.cn/new/disclosure/detail?stockCode=600477&announcementId=1223130986&orgId=gssh0600477&announcementTime=2025-04-18,2025-04-21,2025-07-18,0.046493
600478,科力远,2024,2025-04-29,科力远2024年年度报告,http://www.cninfo.com.cn/new/disclosure/detail?stockCode=600478&announcementId=1223389839&orgId=gssh0600478&announcementTime=2025-04-29,2025-04-30,2025-07-29,0.246377
600480,凌云股份,2024,2025-04-29,凌云股份2024年年度报告,http://www.cninfo.com.cn/new/disclosure/detail?stockCode=600480&announcementId=1223368243&orgId=gssh0600480&announcementTime=2025-04-29,2025-04-30,2025-07-29,-0.052239
600479,千金药业,2024,2025-04-29,千金药业2024年年度报告,http://www.cninfo.com.cn/new/disclosure/detail?stockCode=600479&announcementId=1223361164&orgId=gssh0600479&announcementTime=2025-04-29,2025-04-30,2025-07-29,0.102617
600481,双良节能,2024,2025-04-30,双良节能系统股份有限公司2024年年度报告,http://www.cninfo.com.cn/new/disclosure/detail?stockCode=600481&announcementId=1223420153&orgId=gssh0600481&announcementTime=2025-04-30,2025-05-06,2025-07-30,0.323568
600482,中国动力,2024,2025-04-26,中国船舶重工集团动力股份有限公司2024年年度报告,http://www.cninfo.com.cn/new/disclosure/detail?stockCode=600482&announcementId=1223312445&orgId=gssh0600482&announcementTime=2025-04-26,2025-04-28,2025-07-25,0.109853
600483,福能股份,2024,2025-04-25,福能股份2024年年度报告,http://www.cninfo.com.cn/new/disclosure/detail?stockCode=600483&announcementId=1223276173&orgId=gssh0600483&announcementTime=2025-04-25,2025-04-28,2025-07-25,0.002974
600486,扬农化工,2024,2025-03-25,2024年年度报告,http://www.cninfo.com.cn/new/disclosure/detail?stockCode=600486&announcementId=1222882421&orgId=gssh0600486&announcementTime=2025-03-25,2025-03-26,2025-06-25,0.062077
600487,亨通光电,2024,2025-04-25,亨通光电2024年年度报告,http://www.cninfo.com.cn/new/disclosure/detail?stockCode=600487&announcementId=1223276243&orgId=gssh0600487&announcementTime=2025-04-25,2025-04-28,2025-07-25,0.021092
600489,中金黄金,2024,2025-04-30,中金黄金股份有限公司2024年年度报告,http://www.cninfo.com.cn/new/disclosure/detail?stockCode=600489&announcementId=1223413290&orgId=gssh0600489&announcementTime=2025-04-30,2025-05-06,2025-07-30,0.087526
600488,津药药业,2024,2025-03-27,津药药业股份有限公司2024年年度报告,http://www.cninfo.com.cn/new/disclosure/detail?stockCode=600488&announcementId=1222912068&orgId=gssh0600488&announcementTime=2025-03-27,2025-03-28,2025-06-27,-0.014529
600490,鹏欣资源,2024,2025-04-26,2024年年度报告,http://www.cninfo.com.cn/new/disclosure/detail?stockCode=600490&announcementId=1223330737&orgId=gssh0600490&announcementTime=2025-04-26,2025-04-28,2025-07-25,-0.108531
600491,龙元建设,2024,2025-04-30,龙元建设2024年年度报告,http://www.cninfo.com.cn/new/disclosure/detail?stockCode=600491&announcementId=1223413348&orgId=gssh0600491&announcementTime=2025-04-30,2025-05-06,2025-07-30,-0.098555
600493,凤竹纺织,2024,2025-03-29,凤竹纺织2024年年度报告,http://www.cninfo.com.cn/new/disclosure/detail?stockCode=600493&announcementId=1222942504&orgId=gssh0600493&announcementTime=2025-03-29,2025-03-31,2025-06-30,0.234838
600495,晋西车轴,2024,2025-04-04,晋西车轴2024年年度报告,http://www.cninfo.com.cn/new/disclosure/detail?stockCode=600495&announcementId=1223006110&orgId=gssh0600495&announcementTime=2025-04-04,2025-04-07,2025-07-04,0.335977
600496,精工钢构,2024,2025-04-12,精工钢构2024年度报告,http://www.cninfo.com.cn/new/disclosure/detail?stockCode=600496&announcementId=1223071917&orgId=gssh0600496&announcementTime=2025-04-12,2025-04-14,2025-07-11,0.097265
600497,驰宏锌锗,2024,2025-03-28,驰宏锌锗2024年年度报告,http://www.cninfo.com.cn/new/disclosure/detail?stockCode=600497&announcementId=1222924612&orgId=gssh0600497&announcementTime=2025-03-28,2025-03-31,2025-06-30,-0.021022
600498,烽火通信,2024,2025-04-26,600498_烽火通信科技股份有限公司2024年年度报告,http://www.cninfo.com.cn/new/disclosure/detail?stockCode=600498&announcementId=1223328073&orgId=gssh0600498&announcementTime=2025-04-26,2025-04-28,2025-07-25,0.019364
600499,科达制造,2024,2025-03-27,科达制造股份有限公司2024年年度报告,http://www.cninfo.com.cn/new/disclosure/detail?stockCode=600499&announcementId=1222912267&orgId=gssh0600499&announcementTime=2025-03-27,2025-03-28,2025-06-27,0.161117
600500,中化国际,2024,2025-04-30,中化国际2024年年度报告,http://www.cninfo.com.cn/new/disclosure/detail?stockCode=600500&announcementId=1223413394&orgId=gssh0600500&announcementTime=2025-04-30,2025-05-06,2025-08-12,0.125464
600501,航天晨光,2024,2025-04-26,航天晨光股份有限公司2024年年度报告,http://www.cninfo.com.cn/new/disclosure/detail?stockCode=600501&announcementId=1223320998&orgId=gssh0600501&announcementTime=2025-04-26,2025-04-28,2025-07-25,0.091827
600502,安徽建工,2024,2025-03-29,安徽建工2024年年度报告,http://www.cninfo.com.cn/new/disclosure/detail?stockCode=600502&announcementId=1222949376&orgId=gssh0600502&announcementTime=2025-03-29,2025-03-31,2025-06-30,0.07877
600503,华丽家族,2024,2025-04-26,华丽家族股份有限公司2024年年度报告,http://www.cninfo.com.cn/new/disclosure/detail?stockCode=600503&announcementId=1223312098&orgId=gssh0600503&announcementTime=2025-04-26,2025-04-28,2025-07-25,0.059896
600505,西昌电力,2024,2025-04-18,2024年年度报告,http://www.cninfo.com.cn/new/disclosure/detail?stockCode=600505&announcementId=1223129563&orgId=gssh0600505&announcementTime=2025-04-18,2025-04-21,2025-07-18,0.201618
600506,统一股份,2024,2025-02-28,统一低碳科技（新疆）股份有限公司2024年年度报告,http://www.cninfo.com.cn/new/disclosure/detail?stockCode=600506&announcementId=1222673452&orgId=gssh0600506&announcementTime=2025-02-28,2025-03-03,2025-05-30,-0.089574
600507,方大特钢,2024,2025-03-15,方大特钢2024年年度报告,http://www.cninfo.com.cn/new/disclosure/detail?stockCode=600507&announcementId=1222806680&orgId=gssh0600507&announcementTime=2025-03-15,2025-03-17,2025-06-16,0.007276
600508,上海能源,2024,2025-03-22,上海能源2024年年度报告,http://www.cninfo.com.cn/new/disclosure/detail?stockCode=600508&announcementId=1222870470&orgId=gssh0600508&announcementTime=2025-03-22,2025-03-24,2025-06-23,-0.071202
600509,天富能源,2024,2025-04-26,新疆天富能源股份有限公司2024年年度报告全文,http://www.cninfo.com.cn/new/disclosure/detail?stockCode=600509&announcementId=1223310669&orgId=gssh0600509&announcementTime=2025-04-26,2025-04-28,2025-07-25,0.000692
600510,黑牡丹,2024,2025-04-22,黑牡丹2024年年度报告,http://www.cninfo.com.cn/new/disclosure/detail?stockCode=600510&announcementId=1223196618&orgId=gssh0600510&announcementTime=2025-04-22,2025-04-23,2025-07-22,-0.00514
600511,国药股份,2024,2025-03-20,国药股份2024年年度报告,http://www.cninfo.com.cn/new/disclosure/detail?stockCode=600511&announcementId=1222847076&orgId=gssh0600511&announcementTime=2025-03-20,2025-03-21,2025-06-20,-0.026642
600512,腾达建设,2024,2025-04-19,腾达建设2024年年度报告,http://www.cninfo.com.cn/new/disclosure/detail?stockCode=600512&announcementId=1223147377&orgId=gssh0600512&announcementTime=2025-04-19,2025-04-21,2025-07-18,0.073407
600513,联环药业,2024,2025-04-18,联环药业2024年年度报告,http://www.cninfo.com.cn/new/disclosure/detail?stockCode=600513&announcementId=1223127910&orgId=gssh0600513&announcementTime=2025-04-18,2025-04-21,2025-07-18,0.900437
600515,海南机场,2024,2025-04-15,海南机场设施股份有限公司2024年年度报告,http://www.cninfo.com.cn/new/disclosure/detail?stockCode=600515&announcementId=1223096443&orgId=gssh0600515&announcementTime=2025-04-15,2025-04-16,2025-07-15,-0.021649
600516,方大炭素,2024,2025-04-26,方大炭素2024年年度报告,http://www.cninfo.com.cn/new/disclosure/detail?stockCode=600516&announcementId=1223356213&orgId=gssh0600516&announcementTime=2025-04-26,2025-04-28,2025-07-25,0.046501
600517,国网英大,2024,2025-04-25,国网英大2024年年度报告,http://www.cninfo.com.cn/new/disclosure/detail?stockCode=600517&announcementId=1223276610&orgId=gssh0600517&announcementTime=2025-04-25,2025-04-28,2025-07-25,0.102068
600519,贵州茅台,2024,2025-04-03,贵州茅台2024年年度报告,http://www.cninfo.com.cn/new/disclosure/detail?stockCode=600519&announcementId=1222993920&orgId=gssh0600519&announcementTime=2025-04-03,2025-04-07,2025-07-04,-0.046002
600518,康美药业,2024,2025-04-19,康美药业2024年年度报告,http://www.cninfo.com.cn/new/disclosure/detail?stockCode=600518&announcementId=1223152764&orgId=gssh0600518&announcementTime=2025-04-19,2025-04-21,2025-07-18,0.050525
600521,华海药业,2024,2025-04-30,浙江华海药业股份有限公司2024年年度报告,http://www.cninfo.com.cn/new/disclosure/detail?stockCode=600521&announcementId=1223420208&orgId=gssh0600521&announcementTime=2025-04-30,2025-05-06,2025-07-30,0.592224
600520,三佳科技,2024,2025-04-29,三佳科技2024年年度报告,http://www.cninfo.com.cn/new/disclosure/detail?stockCode=600520&announcementId=1223374912&orgId=gssh0600520&announcementTime=2025-04-29,2025-04-30,2025-07-29,0.026575
600522,中天科技,2024,2025-04-25,江苏中天科技股份有限公司2024年年度报告,http://www.cninfo.com.cn/new/disclosure/detail?stockCode=600522&announcementId=1223276666&orgId=gssh0600522&announcementTime=2025-04-25,2025-04-28,2025-07-25,0.008302
600523,贵航股份,2024,2025-03-15,贵航股份2024年年度报告,http://www.cninfo.com.cn/new/disclosure/detail?stockCode=600523&announcementId=1222807960&orgId=gssh0600523&announcementTime=2025-03-15,2025-03-17,2025-06-16,0.058492
600525,ST长园,2024,2025-04-29,2024年年度报告,http://www.cninfo.com.cn/new/disclosure/detail?stockCode=600525&announcementId=1223389886&orgId=gssh0600525&announcementTime=2025-04-29,2025-04-30,2025-07-29,-0.072752
600526,菲达环保,2024,2025-04-22,浙江菲达环保科技股份有限公司2024年年度报告,http://www.cninfo.com.cn/new/disclosure/detail?stockCode=600526&announcementId=1223189916&orgId=gssh0600526&announcementTime=2025-04-22,2025-04-23,2025-07-22,0.074154
600527,江南高纤,2024,2025-04-22,江南高纤2024年年度报告,http://www.cninfo.com.cn/new/disclosure/detail?stockCode=600527&announcementId=1223187323&orgId=gssh0600527&announcementTime=2025-04-22,2025-04-23,2025-07-22,0.094213
600528,中铁工业,2024,2025-03-29,中铁工业2024年年度报告,http://www.cninfo.com.cn/new/disclosure/detail?stockCode=600528&announcementId=1222949411&orgId=gssh0600528&announcementTime=2025-03-29,2025-03-31,2025-06-30,-0.084394
600529,山东药玻,2024,2025-04-25,山东省药用玻璃股份有限公司2024年年度报告,http://www.cninfo.com.cn/new/disclosure/detail?stockCode=600529&announcementId=1223276741&orgId=gssh0600529&announcementTime=2025-04-25,2025-04-28,2025-07-25,0.070817
600530,交大昂立,2024,2025-04-29,2024年年度报告,http://www.cninfo.com.cn/new/disclosure/detail?stockCode=600530&announcementId=1223374925&orgId=gssh0600530&announcementTime=2025-04-29,2025-04-30,2025-07-29,0.903866
600531,豫光金铅,2024,2025-04-26,河南豫光金铅股份有限公司2024年年度报告,http://www.cninfo.com.cn/new/disclosure/detail?stockCode=600531&announcementId=1223314175&orgId=gssh0600531&announcementTime=2025-04-26,2025-04-28,2025-07-25,0.244173
600533,栖霞建设,2024,2025-04-30,栖霞建设2024年年度报告,http://www.cninfo.com.cn/new/disclosure/detail?stockCode=600533&announcementId=1223420265&orgId=gssh0600533&announcementTime=2025-04-30,2025-05-06,2025-07-30,0.244743
600536,中国软件,2024,2025-04-29,中国软件2024年年度报告,http://www.cninfo.com.cn/new/disclosure/detail?stockCode=600536&announcementId=1223389902&orgId=gssh0600536&announcementTime=2025-04-29,2025-04-30,2025-07-29,0.063
600535,天士力,2024,2025-02-25,天士力2024年年度报告,http://www.cninfo.com.cn/new/disclosure/detail?stockCode=600535&announcementId=1222626583&orgId=gssh0600535&announcementTime=2025-02-25,2025-02-26,2025-05-27,0.108934
600538,国发股份,2024,2025-04-22,国发股份2024年年度报告全文,http://www.cninfo.com.cn/new/disclosure/detail?stockCode=600538&announcementId=1223187341&orgId=gssh0600538&announcementTime=2025-04-22,2025-04-23,2025-07-22,0.204161
600537,亿晶光电,2024,2025-04-29,亿晶光电科技股份有限公司2024年年度报告,http://www.cninfo.com.cn/new/disclosure/detail?stockCode=600537&announcementId=1223383611&orgId=gssh0600537&announcementTime=2025-04-29,2025-04-30,2025-07-29,0.485294
600539,狮头股份,2024,2025-04-26,2024年年度报告,http://www.cninfo.com.cn/new/disclosure/detail?stockCode=600539&announcementId=1223312515&orgId=gssh0600539&announcementTime=2025-04-26,2025-04-28,2025-07-25,0.176334
600540,新赛股份,2024,2025-04-28,新疆赛里木现代农业股份有限公司2024年年度报告,http://www.cninfo.com.cn/new/disclosure/detail?stockCode=600540&announcementId=1223346634&orgId=gssh0600540&announcementTime=2025-04-28,2025-04-29,2025-07-28,0.164384
600543,莫高股份,2024,2025-04-29,莫高股份2024年年度报告,http://www.cninfo.com.cn/new/disclosure/detail?stockCode=600543&announcementId=1223363975&orgId=gssh0600543&announcementTime=2025-04-29,2025-04-30,2025-07-29,0.359932
600546,山煤国际,2024,2025-04-29,山煤国际2024年年度报告,http://www.cninfo.com.cn/new/disclosure/detail?stockCode=600546&announcementId=1223390014&orgId=gssh0600546&announcementTime=2025-04-29,2025-04-30,2025-07-29,0.124496
600545,卓郎智能,2024,2025-04-29,2024年年度报告,http://www.cninfo.com.cn/new/disclosure/detail?stockCode=600545&announcementId=1223390003&orgId=gssh0600545&announcementTime=2025-04-29,2025-04-30,2025-07-29,0.185484
600548,深高速,2024,2025-03-22,2024年年度报告,http://www.cninfo.com.cn/new/disclosure/detail?stockCode=600548&announcementId=1222868584&orgId=gssh0600548&announcementTime=2025-03-22,2025-03-24,2025-06-23,-0.083431
600547,山东黄金,2024,2025-03-28,山东黄金矿业股份有限公司2024年年度报告,http://www.cninfo.com.cn/new/disclosure/detail?stockCode=600547&announcementId=1222928636&orgId=gssh0600547&announcementTime=2025-03-28,2025-03-31,2025-06-30,0.199929
600549,厦门钨业,2024,2025-04-26,厦门钨业2024年年度报告,http://www.cninfo.com.cn/new/disclosure/detail?stockCode=600549&announcementId=1223318066&orgId=gssh0600549&announcementTime=2025-04-26,2025-04-28,2025-07-25,0.355195
600550,保变电气,2024,2025-04-11,保定天威保变电气股份有限公司2024年年度报告,http://www.cninfo.com.cn/new/disclosure/detail?stockCode=600550&announcementId=1223056375&orgId=gssh0600550&announcementTime=2025-04-11,2025-04-14,2025-07-11,0.050164
600551,时代出版,2024,2025-04-12,时代出版2024年年度报告全文,http://www.cninfo.com.cn/new/disclosure/detail?stockCode=600551&announcementId=1223069423&orgId=gssh0600551&announcementTime=2025-04-12,2025-04-14,2025-07-11,0.148047
600552,凯盛科技,2024,2025-03-28,凯盛科技股份有限公司2024年年度报告,http://www.cninfo.com.cn/new/disclosure/detail?stockCode=600552&announcementId=1222928726&orgId=gssh0600552&announcementTime=2025-03-28,2025-03-31,2025-06-30,-0.035516
600556,天下秀,2024,2025-04-23,天下秀数字科技（集团）股份有限公司2024年年度报告,http://www.cninfo.com.cn/new/disclosure/detail?stockCode=600556&announcementId=1223217325&orgId=gssh0600556&announcementTime=2025-04-23,2025-04-24,2025-07-23,0.08384
600557,康缘药业,2024,2025-04-03,江苏康缘药业股份有限公司2024年年度报告,http://www.cninfo.com.cn/new/disclosure/detail?stockCode=600557&announcementId=1222992648&orgId=gssh0600557&announcementTime=2025-04-03,2025-04-07,2025-07-04,0.186785
600559,老白干酒,2024,2025-04-26,河北衡水老白干酒业股份有限公司2024年年度报告,http://www.cninfo.com.cn/new/disclosure/detail?stockCode=600559&announcementId=1223311221&orgId=gssh0600559&announcementTime=2025-04-26,2025-04-28,2025-07-25,-0.01255
600558,大西洋,2024,2025-03-28,大西洋2024年年度报告,http://www.cninfo.com.cn/new/disclosure/detail?stockCode=600558&announcementId=1222922829&orgId=gssh0600558&announcementTime=2025-03-28,2025-03-31,2025-06-30,0.094579
600560,金自天正,2024,2025-03-28,北京金自天正智能控制股份有限公司2024年年度报告,http://www.cninfo.com.cn/new/disclosure/detail?stockCode=600560&announcementId=1222924144&orgId=gssh0600560&announcementTime=2025-03-28,2025-03-31,2025-06-30,0.014417
600561,江西长运,2024,2025-04-19,江西长运2024年年度报告,http://www.cninfo.com.cn/new/disclosure/detail?stockCode=600561&announcementId=1223145787&orgId=gssh0600561&announcementTime=2025-04-19,2025-04-21,2025-07-18,0.181644
600563,法拉电子,2024,2025-03-22,法拉电子2024年年度报告,http://www.cninfo.com.cn/new/disclosure/detail?stockCode=600563&announcementId=1222868211&orgId=gssh0600563&announcementTime=2025-03-22,2025-03-24,2025-06-23,-0.126905
600562,国睿科技,2024,2025-04-19,国睿科技股份有限公司2024年年度报告,http://www.cninfo.com.cn/new/disclosure/detail?stockCode=600562&announcementId=1223156461&orgId=gssh0600562&announcementTime=2025-04-19,2025-04-21,2025-07-18,0.687253
600566,济川药业,2024,2025-04-26,湖北济川药业股份有限公司2024年年度报告,http://www.cninfo.com.cn/new/disclosure/detail?stockCode=600566&announcementId=1223320773&orgId=gssh0600566&announcementTime=2025-04-26,2025-04-28,2025-07-28,0.157234
600567,山鹰国际,2024,2025-04-30,2024年年度报告,http://www.cninfo.com.cn/new/disclosure/detail?stockCode=600567&announcementId=1223413849&orgId=gssh0600567&announcementTime=2025-04-30,2025-05-06,2025-07-30,0.136236
600569,安阳钢铁,2024,2025-04-30,安阳钢铁股份有限公司2024年年度报告,http://www.cninfo.com.cn/new/disclosure/detail?stockCode=600569&announcementId=1223420542&orgId=gssh0600569&announcementTime=2025-04-30,2025-05-06,2025-07-30,0.374757
600568,ST中珠,2024,2025-04-19,中珠医疗控股股份有限公司2024年年度报告,http://www.cninfo.com.cn/new/disclosure/detail?stockCode=600568&announcementId=1223157151&orgId=gssh0600568&announcementTime=2025-04-19,2025-04-21,2025-07-18,0.224863
600571,信雅达,2024,2025-04-19,信雅达科技股份有限公司2024年年度报告,http://www.cninfo.com.cn/new/disclosure/detail?stockCode=600571&announcementId=1223145834&orgId=gssh0600571&announcementTime=2025-04-19,2025-04-21,2025-07-18,0.304268
600570,恒生电子,2024,2025-03-29,恒生电子股份有限公司2024年年度报告,http://www.cninfo.com.cn/new/disclosure/detail?stockCode=600570&announcementId=1222946269&orgId=gssh0600570&announcementTime=2025-03-29,2025-03-31,2025-06-30,0.207429
600572,康恩贝,2024,2025-04-25,年报全文,http://www.cninfo.com.cn/new/disclosure/detail?stockCode=600572&announcementId=1223284872&orgId=gssh0600572&announcementTime=2025-04-25,2025-04-28,2025-07-25,0.055216
600573,惠泉啤酒,2024,2025-04-16,福建省燕京惠泉啤酒股份有限公司2024年年度报告,http://www.cninfo.com.cn/new/disclosure/detail?stockCode=600573&announcementId=1223100958&orgId=gssh0600573&announcementTime=2025-04-16,2025-04-17,2025-07-16,0.12238
600576,祥源文旅,2024,2025-04-18,2024年年度报告,http://www.cninfo.com.cn/new/disclosure/detail?stockCode=600576&announcementId=1223130620&orgId=gssh0600576&announcementTime=2025-04-18,2025-04-21,2025-07-18,-0.21889
600575,淮河能源,2024,2025-03-28,淮河能源（集团）股份有限公司2024年年度报告,http://www.cninfo.com.cn/new/disclosure/detail?stockCode=600575&announcementId=1222927103&orgId=gssh0600575&announcementTime=2025-03-28,2025-03-31,2025-06-30,0.048078
600578,京能电力,2024,2025-04-26,京能电力：2024年年度报告,http://www.cninfo.com.cn/new/disclosure/detail?stockCode=600578&announcementId=1223304346&orgId=gssh0600578&announcementTime=2025-04-26,2025-04-28,2025-07-25,0.069703
600577,精达股份,2024,2025-03-25,精达股份2024年年度报告,http://www.cninfo.com.cn/new/disclosure/detail?stockCode=600577&announcementId=1222881322&orgId=gssh0600577&announcementTime=2025-03-25,2025-03-26,2025-06-25,-0.032638
600579,中化装备,2024,2025-04-30,中化装备科技（青岛）股份有限公司2024年年度报告,http://www.cninfo.com.cn/new/disclosure/detail?stockCode=600579&announcementId=1223426041&orgId=gssh0600579&announcementTime=2025-04-30,2025-05-06,2025-08-13,0.212735
600580,卧龙电驱,2024,2025-04-26,卧龙电驱2024年年度报告,http://www.cninfo.com.cn/new/disclosure/detail?stockCode=600580&announcementId=1223319716&orgId=gssh0600580&announcementTime=2025-04-26,2025-04-28,2025-07-25,0.191301
600581,八一钢铁,2024,2025-04-26,八一钢铁2024年年度报告,http://www.cninfo.com.cn/new/disclosure/detail?stockCode=600581&announcementId=1223318716&orgId=gssh0600581&announcementTime=2025-04-26,2025-04-28,2025-07-25,0.208991
600582,天地科技,2024,2025-03-21,天地科技2024年年度报告,http://www.cninfo.com.cn/new/disclosure/detail?stockCode=600582&announcementId=1222856657&orgId=gssh0600582&announcementTime=2025-03-21,2025-03-24,2025-06-23,-0.05072
600583,海油工程,2024,2025-03-18,海油工程2024年年度报告,http://www.cninfo.com.cn/new/disclosure/detail?stockCode=600583&announcementId=1222821781&orgId=gssh0600583&announcementTime=2025-03-18,2025-03-19,2025-06-18,0.007083
600584,长电科技,2024,2025-04-21,江苏长电科技股份有限公司2024年年度报告,http://www.cninfo.com.cn/new/disclosure/detail?stockCode=600584&announcementId=1223174786&orgId=gssh0600584&announcementTime=2025-04-21,2025-04-22,2025-07-21,0.031635
600586,金晶科技,2024,2025-04-19,金晶科技2024年度报告全文,http://www.cninfo.com.cn/new/disclosure/detail?stockCode=600586&announcementId=1223151732&orgId=gssh0600586&announcementTime=2025-04-19,2025-04-21,2025-07-18,0.039427
600585,海螺水泥,2024,2025-03-25,2024年度报告,http://www.cninfo.com.cn/new/disclosure/detail?stockCode=600585&announcementId=1222882790&orgId=gssh0600585&announcementTime=2025-03-25,2025-03-26,2025-06-25,-0.093551
600587,新华医疗,2024,2025-04-30,新华医疗2024年年度报告,http://www.cninfo.com.cn/new/disclosure/detail?stockCode=600587&announcementId=1223413874&orgId=gssh0600587&announcementTime=2025-04-30,2025-05-06,2025-07-30,0.156323
600588,用友网络,2024,2025-03-29,用友网络2024年年度报告,http://www.cninfo.com.cn/new/disclosure/detail?stockCode=600588&announcementId=1222946316&orgId=gssh0600588&announcementTime=2025-03-29,2025-03-31,2025-06-30,-0.097234
600589,大位科技,2024,2025-03-19,2024年年度报告,http://www.cninfo.com.cn/new/disclosure/detail?stockCode=600589&announcementId=1222835636&orgId=gssh0600589&announcementTime=2025-03-19,2025-03-20,2025-06-19,-0.182082
600590,泰豪科技,2024,2025-04-29,2024年年度报告,http://www.cninfo.com.cn/new/disclosure/detail?stockCode=600590&announcementId=1223374970&orgId=gssh0600590&announcementTime=2025-04-29,2025-04-30,2025-07-29,0.073601
600592,龙溪股份,2024,2025-04-30,龙溪股份2024年年度报告,http://www.cninfo.com.cn/new/disclosure/detail?stockCode=600592&announcementId=1223426115&orgId=gssh0600592&announcementTime=2025-04-30,2025-05-06,2025-07-30,-0.065898
600593,大连圣亚,2024,2025-04-25,公司2024年年度报告,http://www.cninfo.com.cn/new/disclosure/detail?stockCode=600593&announcementId=1223284908&orgId=gssh0600593&announcementTime=2025-04-25,2025-04-28,2025-08-01,0.031223
600594,益佰制药,2024,2025-04-26,贵州益佰制药股份有限公司2024年年度报告,http://www.cninfo.com.cn/new/disclosure/detail?stockCode=600594&announcementId=1223304414&orgId=gssh0600594&announcementTime=2025-04-26,2025-04-28,2025-07-25,0.214585
600595,中孚实业,2024,2025-04-16,河南中孚实业股份有限公司2024年年度报告,http://www.cninfo.com.cn/new/disclosure/detail?stockCode=600595&announcementId=1223101362&orgId=gssh0600595&announcementTime=2025-04-16,2025-04-17,2025-07-16,0.312616
600596,新安股份,2024,2025-04-30,新安股份2024年年度报告,http://www.cninfo.com.cn/new/disclosure/detail?stockCode=600596&announcementId=1223420565&orgId=gssh0600596&announcementTime=2025-04-30,2025-05-06,2025-07-30,0.403135
600597,光明乳业,2024,2025-04-30,光明乳业2024年年度报告,http://www.cninfo.com.cn/new/disclosure/detail?stockCode=600597&announcementId=1223413933&orgId=gssh0600597&announcementTime=2025-04-30,2025-05-06,2025-07-30,0.068411
600598,北大荒,2024,2025-03-29,黑龙江北大荒农业股份有限公司2024年年度报告,http://www.cninfo.com.cn/new/disclosure/detail?stockCode=600598&announcementId=1222948836&orgId=gssh0600598&announcementTime=2025-03-29,2025-03-31,2025-06-30,0.059299
600599,*ST熊猫,2024,2025-04-30,ST熊猫2024年年度报告全文,http://www.cninfo.com.cn/new/disclosure/detail?stockCode=600599&announcementId=1223420602&orgId=gssh0600599&announcementTime=2025-04-30,2025-05-06,2025-07-30,-0.114703
600600,青岛啤酒,2024,2025-03-31,青岛啤酒股份有限公司2024年年度报告,http://www.cninfo.com.cn/new/disclosure/detail?stockCode=600600&announcementId=1222962014&orgId=gssh0600600&announcementTime=2025-03-31,2025-04-01,2025-07-01,-0.06414
600602,云赛智联,2024,2025-03-27,云赛智联2024年年度报告,http://www.cninfo.com.cn/new/disclosure/detail?stockCode=600602&announcementId=1222911565&orgId=gssh0600602&announcementTime=2025-03-27,2025-03-28,2025-06-27,-0.118142
600601,方正科技,2024,2025-03-29,方正科技2024年年度报告,http://www.cninfo.com.cn/new/disclosure/detail?stockCode=600601&announcementId=1222946366&orgId=gssh0600601&announcementTime=2025-03-29,2025-03-31,2025-06-30,0.053254
600604,市北高新,2024,2025-04-12,市北高新2024年年度报告,http://www.cninfo.com.cn/new/disclosure/detail?stockCode=600604&announcementId=1223069636&orgId=gssh0600604&announcementTime=2025-04-12,2025-04-14,2025-07-11,0.24261
600603,广汇物流,2024,2025-04-25,广汇物流股份有限公司2024年年度报告,http://www.cninfo.com.cn/new/disclosure/detail?stockCode=600603&announcementId=1223285517&orgId=gssh0600603&announcementTime=2025-04-25,2025-04-28,2025-07-25,0.076394
600606,绿地控股,2024,2025-04-29,绿地控股2024年年度报告,http://www.cninfo.com.cn/new/disclosure/detail?stockCode=600606&announcementId=1223390055&orgId=gssh0600606&announcementTime=2025-04-29,2025-04-30,2025-07-29,0.173415
600605,汇通能源,2024,2025-03-08,2024年年度报告,http://www.cninfo.com.cn/new/disclosure/detail?stockCode=600605&announcementId=1222744690&orgId=gssh0600605&announcementTime=2025-03-08,2025-03-10,2025-06-09,0.037242
600608,*ST沪科,2024,2025-04-29,ST沪科2024年年度报告,http://www.cninfo.com.cn/new/disclosure/detail?stockCode=600608&announcementId=1223383763&orgId=gssh0600608&announcementTime=2025-04-29,2025-04-30,2025-07-29,0.299023
600609,金杯汽车,2024,2025-04-03,金杯汽车2024年年度报告,http://www.cninfo.com.cn/new/disclosure/detail?stockCode=600609&announcementId=1222992696&orgId=gssh0600609&announcementTime=2025-04-03,2025-04-07,2025-07-04,0.015354
600610,中毅达,2024,2025-03-22,中毅达：2024年年度报告,http://www.cninfo.com.cn/new/disclosure/detail?stockCode=600610&announcementId=1222866749&orgId=gssh0600610&announcementTime=2025-03-22,2025-03-24,2025-06-23,1.168746
600611,大众交通,2024,2025-03-29,大众交通（集团）股份有限公司2024年年度报告,http://www.cninfo.com.cn/new/disclosure/detail?stockCode=600611&announcementId=1222950303&orgId=gssh0600611&announcementTime=2025-03-29,2025-03-31,2025-06-30,-0.020472
600612,老凤祥,2024,2025-04-29,老凤祥股份有限公司2024年年度报告全文,http://www.cninfo.com.cn/new/disclosure/detail?stockCode=600612&announcementId=1223368310&orgId=gssh0600612&announcementTime=2025-04-29,2025-04-30,2025-07-29,0.019026
600613,神奇制药,2024,2025-04-26,神奇制药：2024年年度报告,http://www.cninfo.com.cn/new/disclosure/detail?stockCode=600613&announcementId=1223307763&orgId=gssh0600613&announcementTime=2025-04-26,2025-04-28,2025-07-25,0.142278
600615,鑫源智造,2024,2025-03-29,重庆丰华（集团）股份有限公司2024年年度报告,http://www.cninfo.com.cn/new/disclosure/detail?stockCode=600615&announcementId=1222943736&orgId=gssh0600615&announcementTime=2025-03-29,2025-03-31,2025-06-30,0.094114
600616,金枫酒业,2024,2025-03-29,金枫酒业2024年年报全文,http://www.cninfo.com.cn/new/disclosure/detail?stockCode=600616&announcementId=1222952111&orgId=gssh0600616&announcementTime=2025-03-29,2025-03-31,2025-06-30,0.071967
600617,国新能源,2024,2025-04-15,山西省国新能源股份有限公司2024年年度报告,http://www.cninfo.com.cn/new/disclosure/detail?stockCode=600617&announcementId=1223095368&orgId=gssh0600617&announcementTime=2025-04-15,2025-04-16,2025-07-15,0.2112
600618,氯碱化工,2024,2025-04-15,氯碱化工2024年年度报告,http://www.cninfo.com.cn/new/disclosure/detail?stockCode=600618&announcementId=1223093383&orgId=gssh0600618&announcementTime=2025-04-15,2025-04-16,2025-07-15,0.104823
600619,海立股份,2024,2025-04-30,海立股份2024年年度报告,http://www.cninfo.com.cn/new/disclosure/detail?stockCode=600619&announcementId=1223406446&orgId=gssh0600619&announcementTime=2025-04-30,2025-05-06,2025-07-30,0.395557
600620,天宸股份,2024,2025-04-26,上海市天宸股份有限公司2024年年度报告,http://www.cninfo.com.cn/new/disclosure/detail?stockCode=600620&announcementId=1223299908&orgId=gssh0600620&announcementTime=2025-04-26,2025-04-28,2025-07-25,0.283095
600621,华鑫股份,2024,2025-03-31,华鑫股份2024年年度报告,http://www.cninfo.com.cn/new/disclosure/detail?stockCode=600621&announcementId=1222962039&orgId=gssh0600621&announcementTime=2025-03-31,2025-04-01,2025-07-01,0.081273
600622,光大嘉宝,2024,2025-04-30,光大嘉宝股份有限公司2024年年度报告,http://www.cninfo.com.cn/new/disclosure/detail?stockCode=600622&announcementId=1223426168&orgId=gssh0600622&announcementTime=2025-04-30,2025-05-06,2025-07-30,0.118279
600623,华谊集团,2024,2025-04-22,2024年年度报告,http://www.cninfo.com.cn/new/disclosure/detail?stockCode=600623&announcementId=1223189968&orgId=gssh0600623&announcementTime=2025-04-22,2025-04-23,2025-07-22,0.293354
600624,ST复华,2024,2025-04-30,上海复旦复华科技股份有限公司2024年年度报告,http://www.cninfo.com.cn/new/disclosure/detail?stockCode=600624&announcementId=1223426175&orgId=gssh0600624&announcementTime=2025-04-30,2025-05-06,2025-07-30,0.145166
600626,申达股份,2024,2025-04-29,申达股份2024年年度报告,http://www.cninfo.com.cn/new/disclosure/detail?stockCode=600626&announcementId=1223375014&orgId=gssh0600626&announcementTime=2025-04-29,2025-04-30,2025-07-29,0.231939
600628,新世界,2024,2025-04-12,新世界2024年年度报告,http://www.cninfo.com.cn/new/disclosure/detail?stockCode=600628&announcementId=1223073292&orgId=gssh0600628&announcementTime=2025-04-12,2025-04-14,2025-07-11,-0.014458
600629,华建集团,2024,2025-03-31,华东建筑集团股份有限公司2024年年度报告,http://www.cninfo.com.cn/new/disclosure/detail?stockCode=600629&announcementId=1222962081&orgId=gssh0600629&announcementTime=2025-03-31,2025-04-01,2025-07-01,0.08909
600630,龙头股份,2024,2025-04-29,龙头股份2024年年度报告全文,http://www.cninfo.com.cn/new/disclosure/detail?stockCode=600630&announcementId=1223368533&orgId=gssh0600630&announcementTime=2025-04-29,2025-04-30,2025-07-29,0.088085
600633,浙数文化,2024,2025-03-29,浙数文化2024年年度报告,http://www.cninfo.com.cn/new/disclosure/detail?stockCode=600633&announcementId=1222951394&orgId=gssh0600633&announcementTime=2025-03-29,2025-03-31,2025-06-30,0.058606
600635,大众公用,2024,2025-03-29,上海大众公用事业（集团）股份有限公司2024年年度报告,http://www.cninfo.com.cn/new/disclosure/detail?stockCode=600635&announcementId=1222940940&orgId=gssh0600635&announcementTime=2025-03-29,2025-03-31,2025-06-30,0.020939
600636,*ST国化,2024,2025-04-26,国新文化控股股份有限公司2024年年度报告,http://www.cninfo.com.cn/new/disclosure/detail?stockCode=600636&announcementId=1223308468&orgId=gssh0600636&announcementTime=2025-04-26,2025-04-29,2025-07-28,0.333525
600637,东方明珠,2024,2025-04-19,东方明珠2024年年度报告,http://www.cninfo.com.cn/new/disclosure/detail?stockCode=600637&announcementId=1223144577&orgId=gssh0600637&announcementTime=2025-04-19,2025-04-21,2025-07-18,0.05774
600638,新黄浦,2024,2025-04-30,新黄浦2024年年度报告,http://www.cninfo.com.cn/new/disclosure/detail?stockCode=600638&announcementId=1223413984&orgId=gssh0600638&announcementTime=2025-04-30,2025-05-06,2025-07-30,0.146606
600639,浦东金桥,2024,2025-04-15,浦东金桥2024年年度报告,http://www.cninfo.com.cn/new/disclosure/detail?stockCode=600639&announcementId=1223095385&orgId=gssh0600639&announcementTime=2025-04-15,2025-04-16,2025-07-15,0.010305
600640,国脉文化,2024,2025-04-26,新国脉数字文化股份有限公司2024年年度报告,http://www.cninfo.com.cn/new/disclosure/detail?stockCode=600640&announcementId=1223310753&orgId=gssh0600640&announcementTime=2025-04-26,2025-04-28,2025-07-25,0.14691
600641,先导基电,2024,2025-04-26,上海万业企业股份有限公司2024年年度报告,http://www.cninfo.com.cn/new/disclosure/detail?stockCode=600641&announcementId=1223325940&orgId=gssh0600641&announcementTime=2025-04-26,2025-04-28,2025-07-25,0.016631
600642,申能股份,2024,2025-04-30,申能股份有限公司2024年度报告,http://www.cninfo.com.cn/new/disclosure/detail?stockCode=600642&announcementId=1223420631&orgId=gssh0600642&announcementTime=2025-04-30,2025-05-06,2025-07-30,-0.027492
600643,爱建集团,2024,2025-04-30,爱建集团2024年年度报告,http://www.cninfo.com.cn/new/disclosure/detail?stockCode=600643&announcementId=1223420668&orgId=gssh0600643&announcementTime=2025-04-30,2025-05-06,2025-07-30,0.365854
600644,乐山电力,2024,2025-04-18,乐山电力股份有限公司2024年年度报告全文,http://www.cninfo.com.cn/new/disclosure/detail?stockCode=600644&announcementId=1223130651&orgId=gssh0600644&announcementTime=2025-04-18,2025-04-21,2025-07-18,0.466346
600645,中源协和,2024,2025-04-25,中源协和细胞基因工程股份有限公司2024年年度报告,http://www.cninfo.com.cn/new/disclosure/detail?stockCode=600645&announcementId=1223286575&orgId=gssh0600645&announcementTime=2025-04-25,2025-04-28,2025-07-25,0.246981
600648,外高桥,2024,2025-04-25,2024年年度报告,http://www.cninfo.com.cn/new/disclosure/detail?stockCode=600648&announcementId=1223283699&orgId=gssh0600648&announcementTime=2025-04-25,2025-04-28,2025-07-25,-0.011312
600649,城投控股,2024,2025-03-29,上海城投控股股份有限公司2024年年度报告,http://www.cninfo.com.cn/new/disclosure/detail?stockCode=600649&announcementId=1222949865&orgId=gssh0600649&announcementTime=2025-03-29,2025-03-31,2025-06-30,-0.038229
600653,申华控股,2024,2025-03-29,申华控股2024年度报告,http://www.cninfo.com.cn/new/disclosure/detail?stockCode=600653&announcementId=1222951421&orgId=gssh0600653&announcementTime=2025-03-29,2025-03-31,2025-06-30,-0.091787
600651,飞乐音响,2024,2025-03-28,飞乐音响2024年年度报告,http://www.cninfo.com.cn/new/disclosure/detail?stockCode=600651&announcementId=1222927838&orgId=gssh0600651&announcementTime=2025-03-28,2025-03-31,2025-06-30,0.06383
600654,中安科,2024,2025-04-19,2024年年度报告,http://www.cninfo.com.cn/new/disclosure/detail?stockCode=600654&announcementId=1223158178&orgId=gssh0600654&announcementTime=2025-04-19,2025-04-21,2025-07-18,0.045296
600655,豫园股份,2024,2025-03-25,上海豫园旅游商城（集团）股份有限公司2024年年度报告,http://www.cninfo.com.cn/new/disclosure/detail?stockCode=600655&announcementId=1222881098&orgId=gssh0600655&announcementTime=2025-03-25,2025-03-26,2025-06-25,-0.012844
600658,电子城,2024,2025-04-26,电子城 2024年年度报告,http://www.cninfo.com.cn/new/disclosure/detail?stockCode=600658&announcementId=1223318757&orgId=gssh0600658&announcementTime=2025-04-26,2025-04-28,2025-07-25,0.178874
600657,信达地产,2024,2025-04-12,信达地产2024年年度报告,http://www.cninfo.com.cn/new/disclosure/detail?stockCode=600657&announcementId=1223073009&orgId=gssh0600657&announcementTime=2025-04-12,2025-04-14,2025-07-11,-0.013935
600660,福耀玻璃,2024,2025-03-19,福耀玻璃2024年年度报告,http://www.cninfo.com.cn/new/disclosure/detail?stockCode=600660&announcementId=1222834034&orgId=gssh0600660&announcementTime=2025-03-19,2025-03-20,2025-06-19,0.021117
600661,昂立教育,2024,2025-04-29,昂立教育2024年年度报告,http://www.cninfo.com.cn/new/disclosure/detail?stockCode=600661&announcementId=1223390091&orgId=gssh0600661&announcementTime=2025-04-29,2025-04-30,2025-07-29,0.114789
600663,陆家嘴,2024,2025-04-23,2024年年度报告,http://www.cninfo.com.cn/new/disclosure/detail?stockCode=600663&announcementId=1223218010&orgId=gssh0600663&announcementTime=2025-04-23,2025-04-24,2025-07-23,0.0483
600662,外服控股,2024,2025-04-18,外服控股2024年年度报告,http://www.cninfo.com.cn/new/disclosure/detail?stockCode=600662&announcementId=1223122288&orgId=gssh0600662&announcementTime=2025-04-18,2025-04-21,2025-07-18,0.047345
600664,哈药股份,2024,2025-04-26,哈药集团股份有限公司2024年年度报告,http://www.cninfo.com.cn/new/disclosure/detail?stockCode=600664&announcementId=1223325599&orgId=gssh0600664&announcementTime=2025-04-26,2025-04-28,2025-07-25,0.05862
600665,天地源,2024,2025-04-30,天地源股份有限公司2024年年度报告,http://www.cninfo.com.cn/new/disclosure/detail?stockCode=600665&announcementId=1223426241&orgId=gssh0600665&announcementTime=2025-04-30,2025-05-06,2025-07-30,0.158117
600666,奥瑞德,2024,2025-04-19,奥瑞德2024年年度报告,http://www.cninfo.com.cn/new/disclosure/detail?stockCode=600666&announcementId=1223198274&orgId=gssh0600666&announcementTime=2025-04-19,2025-04-21,2025-07-18,0.320211
600667,太极实业,2024,2025-04-26,2024年年度报告,http://www.cninfo.com.cn/new/disclosure/detail?stockCode=600667&announcementId=1223317604&orgId=gssh0600667&announcementTime=2025-04-26,2025-04-28,2025-07-25,0.06509
600668,尖峰集团,2024,2025-04-22,尖峰集团2024年年度报告,http://www.cninfo.com.cn/new/disclosure/detail?stockCode=600668&announcementId=1223185327&orgId=gssh0600668&announcementTime=2025-04-22,2025-04-23,2025-07-22,0.319213
600671,天目药业,2024,2025-04-01,杭州天目山药业股份有限公司2024年度报告,http://www.cninfo.com.cn/new/disclosure/detail?stockCode=600671&announcementId=1222974631&orgId=gssh0600671&announcementTime=2025-04-01,2025-04-02,2025-07-03,0.2098
600674,川投能源,2024,2025-04-12,四川川投能源股份有限公司2024年年度报告,http://www.cninfo.com.cn/new/disclosure/detail?stockCode=600674&announcementId=1223072843&orgId=gssh0600674&announcementTime=2025-04-12,2025-04-14,2025-07-11,-0.03241
600673,东阳光,2024,2025-04-10,东阳光2024年年度报告,http://www.cninfo.com.cn/new/disclosure/detail?stockCode=600673&announcementId=1223046913&orgId=gssh0600673&announcementTime=2025-04-10,2025-04-11,2025-07-10,0.44421
600676,交运股份,2024,2025-04-02,上海交运集团股份有限公司2024年年度报告,http://www.cninfo.com.cn/new/disclosure/detail?stockCode=600676&announcementId=1222982203&orgId=gssh0600676&announcementTime=2025-04-02,2025-04-03,2025-07-03,0.175585
600675,中华企业,2024,2025-04-17,中华企业股份有限公司2024年年度报告,http://www.cninfo.com.cn/new/disclosure/detail?stockCode=600675&announcementId=1223113350&orgId=gssh0600675&announcementTime=2025-04-17,2025-04-18,2025-07-17,0.079369
600678,四川金顶,2024,2025-04-26,四川金顶（集团）股份有限公司2024年年报-全文,http://www.cninfo.com.cn/new/disclosure/detail?stockCode=600678&announcementId=1223325424&orgId=gssh0600678&announcementTime=2025-04-26,2025-04-28,2025-07-25,0.401675
600679,上海凤凰,2024,2025-04-30,上海凤凰2024年年度报告,http://www.cninfo.com.cn/new/disclosure/detail?stockCode=600679&announcementId=1223426277&orgId=gssh0600679&announcementTime=2025-04-30,2025-05-06,2025-07-30,0.055862
600681,百川能源,2024,2025-04-23,百川能源2024年年度报告,http://www.cninfo.com.cn/new/disclosure/detail?stockCode=600681&announcementId=1223214631&orgId=gssh0600681&announcementTime=2025-04-23,2025-04-24,2025-07-23,0.116788
600682,南京新百,2024,2025-04-30,南京新百2024年年度报告,http://www.cninfo.com.cn/new/disclosure/detail?stockCode=600682&announcementId=1223420682&orgId=gssh0600682&announcementTime=2025-04-30,2025-05-06,2025-07-30,0.166159
600683,京投发展,2024,2025-04-01,京投发展股份有限公司2024年年度报告,http://www.cninfo.com.cn/new/disclosure/detail?stockCode=600683&announcementId=1222975591&orgId=gssh0600683&announcementTime=2025-04-01,2025-04-02,2025-07-02,0.026375
600684,珠江股份,2024,2025-04-02,2024年年度报告,http://www.cninfo.com.cn/new/disclosure/detail?stockCode=600684&announcementId=1222984643&orgId=gssh0600684&announcementTime=2025-04-02,2025-04-03,2025-07-03,0.247789
600685,中船防务,2024,2025-03-29,中船防务2024年年度报告,http://www.cninfo.com.cn/new/disclosure/detail?stockCode=600685&announcementId=1222947463&orgId=gssh0600685&announcementTime=2025-03-29,2025-03-31,2025-06-30,0.166076
600686,金龙汽车,2024,2025-04-26,金龙汽车2024年年度报告,http://www.cninfo.com.cn/new/disclosure/detail?stockCode=600686&announcementId=1223327464&orgId=gssh0600686&announcementTime=2025-04-26,2025-04-28,2025-07-25,-0.021976
600688,上海石化,2024,2025-03-20,上海石化2024年年度报告,http://www.cninfo.com.cn/new/disclosure/detail?stockCode=600688&announcementId=1222846824&orgId=gssh0600688&announcementTime=2025-03-20,2025-03-21,2025-06-20,-0.123338
600689,上海三毛,2024,2025-04-16,上海三毛企业（集团）股份有限公司2024年年度报告,http://www.cninfo.com.cn/new/disclosure/detail?stockCode=600689&announcementId=1223098381&orgId=gssh0600689&announcementTime=2025-04-16,2025-04-17,2025-07-16,0.14152
600690,海尔智家,2024,2025-03-28,海尔智家股份有限公司2024年年度报告,http://www.cninfo.com.cn/new/disclosure/detail?stockCode=600690&announcementId=1222926246&orgId=gssh0600690&announcementTime=2025-03-28,2025-03-31,2025-06-30,-0.082224
600691,潞化科技,2024,2025-04-19,阳煤化工股份有限公司2024年年度报告,http://www.cninfo.com.cn/new/disclosure/detail?stockCode=600691&announcementId=1223141907&orgId=gssh0600691&announcementTime=2025-04-19,2025-04-21,2025-07-18,0.285479
600692,亚通股份,2024,2025-04-11,亚通股份2024年年度报告,http://www.cninfo.com.cn/new/disclosure/detail?stockCode=600692&announcementId=1223058648&orgId=gssh0600692&announcementTime=2025-04-11,2025-04-14,2025-07-11,0.039968
600693,东百集团,2024,2025-04-12,东百集团2024年年度报告,http://www.cninfo.com.cn/new/disclosure/detail?stockCode=600693&announcementId=1223073201&orgId=gssh0600693&announcementTime=2025-04-12,2025-04-14,2025-07-11,-0.126614
600694,大商股份,2024,2025-04-26,大商股份有限公司2024年年度报告,http://www.cninfo.com.cn/new/disclosure/detail?stockCode=600694&announcementId=1223300954&orgId=gssh0600694&announcementTime=2025-04-26,2025-04-28,2025-07-25,-0.148917
600696,*ST岩石,2024,2025-04-22,2024年年度报告,http://www.cninfo.com.cn/new/disclosure/detail?stockCode=600696&announcementId=1223190013&orgId=gssh0600696&announcementTime=2025-04-22,2025-04-23,2025-07-22,-0.221173
600697,欧亚集团,2024,2025-04-17,长春欧亚集团股份有限公司2024年年度报告,http://www.cninfo.com.cn/new/disclosure/detail?stockCode=600697&announcementId=1223112600&orgId=gssh0600697&announcementTime=2025-04-17,2025-04-18,2025-07-17,-0.109115
600698,湖南天雁,2024,2025-04-26,湖南天雁机械股份有限公司2024年年度报告,http://www.cninfo.com.cn/new/disclosure/detail?stockCode=600698&announcementId=1223322426&orgId=gssh0600698&announcementTime=2025-04-26,2025-04-28,2025-07-25,0.867763
600699,均胜电子,2024,2025-03-28,均胜电子2024年年度报告,http://www.cninfo.com.cn/new/disclosure/detail?stockCode=600699&announcementId=1222927138&orgId=gssh0600699&announcementTime=2025-03-28,2025-03-31,2025-06-30,-0.033901
600702,舍得酒业,2024,2025-03-22,舍得酒业2024年年度报告,http://www.cninfo.com.cn/new/disclosure/detail?stockCode=600702&announcementId=1222869176&orgId=gssh0600702&announcementTime=2025-03-22,2025-03-24,2025-06-23,-0.147737
600703,三安光电,2024,2025-04-26,三安光电股份有限公司2024年年度报告,http://www.cninfo.com.cn/new/disclosure/detail?stockCode=600703&announcementId=1223310101&orgId=gssh0600703&announcementTime=2025-04-26,2025-04-28,2025-07-25,0.054187
600704,物产中大,2024,2025-04-29,物产中大2024年年度报告,http://www.cninfo.com.cn/new/disclosure/detail?stockCode=600704&announcementId=1223375082&orgId=gssh0600704&announcementTime=2025-04-29,2025-04-30,2025-07-29,0.127076
600706,曲江文旅,2024,2025-04-29,曲江文旅2024年年度报告,http://www.cninfo.com.cn/new/disclosure/detail?stockCode=600706&announcementId=1223390115&orgId=gssh0600706&announcementTime=2025-04-29,2025-04-30,2025-07-29,0.16877
600707,彩虹股份,2024,2025-04-18,彩虹股份2024年年度报告,http://www.cninfo.com.cn/new/disclosure/detail?stockCode=600707&announcementId=1223131046&orgId=gssh0600707&announcementTime=2025-04-18,2025-04-21,2025-07-18,-0.096291
600708,光明地产,2024,2025-04-29,光明地产2024年年度报告,http://www.cninfo.com.cn/new/disclosure/detail?stockCode=600708&announcementId=1223390154&orgId=gssh0600708&announcementTime=2025-04-29,2025-04-30,2025-07-29,0.152959
600710,苏美达,2024,2025-04-12,2024年年度报告,http://www.cninfo.com.cn/new/disclosure/detail?stockCode=600710&announcementId=1223093837&orgId=gssh0600710&announcementTime=2025-04-12,2025-04-14,2025-07-11,0.152645
600711,盛屯矿业,2024,2025-03-25,盛屯矿业集团股份有限公司2024年年度报告,http://www.cninfo.com.cn/new/disclosure/detail?stockCode=600711&announcementId=1222882027&orgId=gssh0600711&announcementTime=2025-03-25,2025-03-26,2025-06-25,-0.007616
600712,南宁百货,2024,2025-03-28,南宁百货大楼股份有限公司2024年年度报告,http://www.cninfo.com.cn/new/disclosure/detail?stockCode=600712&announcementId=1222929930&orgId=gssh0600712&announcementTime=2025-03-28,2025-03-31,2025-06-30,0.100778
600713,南京医药,2024,2025-04-10,南京医药2024年年度报告全文,http://www.cninfo.com.cn/new/disclosure/detail?stockCode=600713&announcementId=1223041398&orgId=gssh0600713&announcementTime=2025-04-10,2025-04-11,2025-07-10,0.14036
600714,金瑞矿业,2024,2025-04-11,青海金瑞矿业发展股份有限公司2024年年度报告,http://www.cninfo.com.cn/new/disclosure/detail?stockCode=600714&announcementId=1223053375&orgId=gssh0600714&announcementTime=2025-04-11,2025-04-14,2025-07-11,0.226499
600716,凤凰股份,2024,2025-03-29,凤凰股份2024年年度报告,http://www.cninfo.com.cn/new/disclosure/detail?stockCode=600716&announcementId=1222947478&orgId=gssh0600716&announcementTime=2025-03-29,2025-03-31,2025-06-30,0.152344
600715,文投控股,2024,2025-04-10,文投控股股份有限公司2024年年度报告,http://www.cninfo.com.cn/new/disclosure/detail?stockCode=600715&announcementId=1223045016&orgId=gssh0600715&announcementTime=2025-04-10,2025-04-11,2025-07-11,0.129412
600717,天津港,2024,2025-03-22,天津港股份有限公司2024年年度报告,http://www.cninfo.com.cn/new/disclosure/detail?stockCode=600717&announcementId=1222868231&orgId=gssh0600717&announcementTime=2025-03-22,2025-03-24,2025-06-23,-0.020407
600718,东软集团,2024,2025-04-29,东软集团2024年年度报告,http://www.cninfo.com.cn/new/disclosure/detail?stockCode=600718&announcementId=1223383841&orgId=gssh0600718&announcementTime=2025-04-29,2025-04-30,2025-07-29,0.029525
600719,大连热电,2024,2025-03-14,大连热电股份有限公司2024年年度报告,http://www.cninfo.com.cn/new/disclosure/detail?stockCode=600719&announcementId=1222788160&orgId=gssh0600719&announcementTime=2025-03-14,2025-03-17,2025-06-16,-0.019431
600720,中交设计,2024,2025-03-28,中交设计咨询集团股份有限公司2024年年度报告,http://www.cninfo.com.cn/new/disclosure/detail?stockCode=600720&announcementId=1222929278&orgId=gssh0600720&announcementTime=2025-03-28,2025-03-31,2025-06-30,-0.092709
600721,百花医药,2024,2025-03-12,新疆百花村医药集团股份有限公司2024年年度报告,http://www.cninfo.com.cn/new/disclosure/detail?stockCode=600721&announcementId=1222769761&orgId=gssh0600721&announcementTime=2025-03-12,2025-03-13,2025-06-12,0.164779
600722,金牛化工,2024,2025-04-12,金牛化工2024年年度报告,http://www.cninfo.com.cn/new/disclosure/detail?stockCode=600722&announcementId=1223071203&orgId=gssh0600722&announcementTime=2025-04-12,2025-04-14,2025-07-11,0.259092
600724,宁波富达,2024,2025-03-28,宁波富达2024年年度报告,http://www.cninfo.com.cn/new/disclosure/detail?stockCode=600724&announcementId=1222924995&orgId=gssh0600724&announcementTime=2025-03-28,2025-03-31,2025-06-30,-0.048394
600725,云维股份,2024,2025-04-12,云维股份2024年年度报告,http://www.cninfo.com.cn/new/disclosure/detail?stockCode=600725&announcementId=1223069662&orgId=gssh0600725&announcementTime=2025-04-12,2025-04-14,2025-07-11,0.09127
600726,华电能源,2024,2025-04-25,华电能源2024年年度报告,http://www.cninfo.com.cn/new/disclosure/detail?stockCode=600726&announcementId=1223285550&orgId=gssh0600726&announcementTime=2025-04-25,2025-04-28,2025-07-25,-0.029866
600727,鲁北化工,2024,2025-03-20,鲁北化工2024年年度报告,http://www.cninfo.com.cn/new/disclosure/detail?stockCode=600727&announcementId=1222857570&orgId=gssh0600727&announcementTime=2025-03-20,2025-03-21,2025-06-20,0.010492
600728,佳都科技,2024,2025-04-11,佳都科技2024年年度报告,http://www.cninfo.com.cn/new/disclosure/detail?stockCode=600728&announcementId=1223058860&orgId=gssh0600728&announcementTime=2025-04-11,2025-04-14,2025-07-11,0.203885
600729,重庆百货,2024,2025-04-19,重庆百货大楼股份有限公司2024年年度报告,http://www.cninfo.com.cn/new/disclosure/detail?stockCode=600729&announcementId=1223152819&orgId=gssh0600729&announcementTime=2025-04-19,2025-04-21,2025-07-18,-0.10975
600730,中国高科,2024,2025-03-19,中国高科2024年年度报告,http://www.cninfo.com.cn/new/disclosure/detail?stockCode=600730&announcementId=1222834827&orgId=gssh0600730&announcementTime=2025-03-19,2025-03-20,2025-06-19,-0.100361
600731,湖南海利,2024,2025-04-29,湖南海利2024年年度报告,http://www.cninfo.com.cn/new/disclosure/detail?stockCode=600731&announcementId=1223361276&orgId=gssh0600731&announcementTime=2025-04-29,2025-04-30,2025-07-29,0.27321
600732,爱旭股份,2024,2025-04-30,2024年年度报告,http://www.cninfo.com.cn/new/disclosure/detail?stockCode=600732&announcementId=1223420859&orgId=gssh0600732&announcementTime=2025-04-30,2025-05-06,2025-07-30,0.398998
600733,北汽蓝谷,2024,2025-04-29,2024年年度报告,http://www.cninfo.com.cn/new/disclosure/detail?stockCode=600733&announcementId=1223383884&orgId=gssh0600733&announcementTime=2025-04-29,2025-04-30,2025-07-29,0.146476
600735,ST新华锦,2024,2025-04-30,新华锦2024年年度报告,http://www.cninfo.com.cn/new/disclosure/detail?stockCode=600735&announcementId=1223414210&orgId=gssh0600735&announcementTime=2025-04-30,2025-05-06,2025-07-30,0.406154
600734,实达集团,2024,2025-04-16,福建实达集团股份有限公司2024年年度报告,http://www.cninfo.com.cn/new/disclosure/detail?stockCode=600734&announcementId=1223103586&orgId=gssh0600734&announcementTime=2025-04-16,2025-04-17,2025-07-16,0.092447
600736,苏州高新,2024,2025-04-26,苏州高新2024年年度报告,http://www.cninfo.com.cn/new/disclosure/detail?stockCode=600736&announcementId=1223317086&orgId=gssh0600736&announcementTime=2025-04-26,2025-04-28,2025-07-25,0.046793
600737,中粮糖业,2024,2025-04-25,中粮糖业控股股份有限公司2024年年度报告,http://www.cninfo.com.cn/new/disclosure/detail?stockCode=600737&announcementId=1223276825&orgId=gssh0600737&announcementTime=2025-04-25,2025-04-28,2025-07-25,0.074662
600739,辽宁成大,2024,2025-04-26,辽宁成大股份有限公司2024年年度报告,http://www.cninfo.com.cn/new/disclosure/detail?stockCode=600739&announcementId=1223321245&orgId=gssh0600739&announcementTime=2025-04-26,2025-04-28,2025-07-25,0.251563
600740,山西焦化,2024,2025-04-25,山西焦化股份有限公司2024年年度报告,http://www.cninfo.com.cn/new/disclosure/detail?stockCode=600740&announcementId=1223276957&orgId=gssh0600740&announcementTime=2025-04-25,2025-04-28,2025-07-25,0.19015
600738,丽尚国潮,2024,2025-04-30,丽尚国潮2024年年度报告,http://www.cninfo.com.cn/new/disclosure/detail?stockCode=600738&announcementId=1223414273&orgId=gssh0600738&announcementTime=2025-04-30,2025-05-06,2025-07-30,0.117647
600741,华域汽车,2024,2025-04-29,华域汽车2024年年度报告,http://www.cninfo.com.cn/new/disclosure/detail?stockCode=600741&announcementId=1223375149&orgId=gssh0600741&announcementTime=2025-04-29,2025-04-30,2025-07-29,0.116218
600742,富维股份,2024,2025-04-10,2024年年度报告,http://www.cninfo.com.cn/new/disclosure/detail?stockCode=600742&announcementId=1223046220&orgId=gssh0600742&announcementTime=2025-04-10,2025-04-11,2025-07-10,0.182762
600743,华远控股,2024,2025-04-30,华远地产2024年年度报告,http://www.cninfo.com.cn/new/disclosure/detail?stockCode=600743&announcementId=1223414289&orgId=gssh0600743&announcementTime=2025-04-30,2025-05-06,2025-07-30,0.124411
600744,华银电力,2024,2025-04-24,大唐华银电力股份有限公司2024年年度报告,http://www.cninfo.com.cn/new/disclosure/detail?stockCode=600744&announcementId=1223247647&orgId=gssh0600744&announcementTime=2025-04-24,2025-04-25,2025-07-24,0.738082
600746,江苏索普,2024,2025-04-16,江苏索普2024年年度报告,http://www.cninfo.com.cn/new/disclosure/detail?stockCode=600746&announcementId=1223100665&orgId=gssh0600746&announcementTime=2025-04-16,2025-04-17,2025-07-16,-0.131524
600745,闻泰科技,2024,2025-04-26,2024年年度报告,http://www.cninfo.com.cn/new/disclosure/detail?stockCode=600745&announcementId=1223328102&orgId=gssh0600745&announcementTime=2025-04-26,2025-04-28,2025-07-25,0.115024
600748,上实发展,2024,2025-03-22,上实发展2024年年度报告,http://www.cninfo.com.cn/new/disclosure/detail?stockCode=600748&announcementId=1222865914&orgId=gssh0600748&announcementTime=2025-03-22,2025-03-24,2025-06-23,-0.101621
600749,西藏旅游,2024,2025-04-16,西藏旅游2024年年度报告,http://www.cninfo.com.cn/new/disclosure/detail?stockCode=600749&announcementId=1223104188&orgId=gssh0600749&announcementTime=2025-04-16,2025-04-17,2025-07-16,0.002443
600750,华润江中,2024,2025-03-20,江中药业2024年年度报告,http://www.cninfo.com.cn/new/disclosure/detail?stockCode=600750&announcementId=1222846901&orgId=gssh0600750&announcementTime=2025-03-20,2025-03-21,2025-06-20,0.006868
600751,海航科技,2024,2025-04-29,海航科技股份有限公司2024年年度报告,http://www.cninfo.com.cn/new/disclosure/detail?stockCode=600751&announcementId=1223383936&orgId=gssh0600751&announcementTime=2025-04-29,2025-04-30,2025-07-29,0.376055
600753,*ST海钦,2024,2025-04-26,庚星股份2024年年度报告,http://www.cninfo.com.cn/new/disclosure/detail?stockCode=600753&announcementId=1223327065&orgId=gssh0600753&announcementTime=2025-04-26,2025-04-29,2025-07-28,0.408329
600754,锦江酒店,2024,2025-04-02,锦江酒店年报,http://www.cninfo.com.cn/new/disclosure/detail?stockCode=600754&announcementId=1222985191&orgId=gssh0600754&announcementTime=2025-04-02,2025-04-03,2025-07-03,-0.143448
600755,厦门国贸,2024,2025-04-23,厦门国贸集团股份有限公司2024年年度报告,http://www.cninfo.com.cn/new/disclosure/detail?stockCode=600755&announcementId=1223218043&orgId=gssh0600755&announcementTime=2025-04-23,2025-04-24,2025-07-23,0.054524
600756,浪潮软件,2024,2025-03-29,浪潮软件2024年年度报告全文,http://www.cninfo.com.cn/new/disclosure/detail?stockCode=600756&announcementId=1222947511&orgId=gssh0600756&announcementTime=2025-03-29,2025-03-31,2025-06-30,-0.039132
600757,长江传媒,2024,2025-04-11,长江传媒2024年年度报告,http://www.cninfo.com.cn/new/disclosure/detail?stockCode=600757&announcementId=1223057246&orgId=gssh0600757&announcementTime=2025-04-11,2025-04-14,2025-07-11,0.118561
600758,辽宁能源,2024,2025-04-25,辽宁能源2024年年度报告,http://www.cninfo.com.cn/new/disclosure/detail?stockCode=600758&announcementId=1223287260&orgId=gssh0600758&announcementTime=2025-04-25,2025-04-28,2025-07-25,0.11396
600759,洲际油气,2024,2025-04-25,洲际油气股份有限公司2024年年度报告,http://www.cninfo.com.cn/new/disclosure/detail?stockCode=600759&announcementId=1223286631&orgId=gssh0600759&announcementTime=2025-04-25,2025-04-28,2025-07-25,0.160981
600760,中航沈飞,2024,2025-04-01,中航沈飞股份有限公司2024年年度报告,http://www.cninfo.com.cn/new/disclosure/detail?stockCode=600760&announcementId=1222973339&orgId=gssh0600760&announcementTime=2025-04-01,2025-04-02,2025-07-02,0.280745
600761,安徽合力,2024,2025-04-07,安徽合力股份有限公司2024年年度报告,http://www.cninfo.com.cn/new/disclosure/detail?stockCode=600761&announcementId=1223013265&orgId=gssh0600761&announcementTime=2025-04-07,2025-04-08,2025-07-07,0.148682
600763,通策医疗,2024,2025-04-26,通策医疗股份有限公司2024年年度报告,http://www.cninfo.com.cn/new/disclosure/detail?stockCode=600763&announcementId=1223313625&orgId=gssh0600763&announcementTime=2025-04-26,2025-04-28,2025-07-25,0.141019
600764,中国海防,2024,2025-04-30,中国海防2024年年度报告,http://www.cninfo.com.cn/new/disclosure/detail?stockCode=600764&announcementId=1223414350&orgId=gssh0600764&announcementTime=2025-04-30,2025-05-06,2025-07-30,0.275797
600765,中航重机,2024,2025-03-31,2024年年度报告,http://www.cninfo.com.cn/new/disclosure/detail?stockCode=600765&announcementId=1222962752&orgId=gssh0600765&announcementTime=2025-03-31,2025-04-01,2025-07-01,0.057761
600768,宁波富邦,2024,2025-04-29,宁波富邦2024年年度报告,http://www.cninfo.com.cn/new/disclosure/detail?stockCode=600768&announcementId=1223364064&orgId=gssh0600768&announcementTime=2025-04-29,2025-04-30,2025-07-29,0.265925
600769,祥龙电业,2024,2025-03-20,武汉祥龙电业股份有限公司2024年年度报告,http://www.cninfo.com.cn/new/disclosure/detail?stockCode=600769&announcementId=1222846355&orgId=gssh0600769&announcementTime=2025-03-20,2025-03-21,2025-06-20,0.020275
600770,综艺股份,2024,2025-04-19,综艺股份2024年年度报告,http://www.cninfo.com.cn/new/disclosure/detail?stockCode=600770&announcementId=1223156803&orgId=gssh0600770&announcementTime=2025-04-19,2025-04-21,2025-07-18,0.409951
600771,广誉远,2024,2025-04-25,广誉远中药股份有限公司2024年年度报告,http://www.cninfo.com.cn/new/disclosure/detail?stockCode=600771&announcementId=1223283714&orgId=gssh0600771&announcementTime=2025-04-25,2025-04-28,2025-07-25,0.097901
600773,西藏城投,2024,2025-04-26,西藏城市发展投资股份有限公司2024年年度报告,http://www.cninfo.com.cn/new/disclosure/detail?stockCode=600773&announcementId=1223320781&orgId=gssh0600773&announcementTime=2025-04-26,2025-04-28,2025-07-25,0.248856
600775,南京熊猫,2024,2025-03-28,南京熊猫2024年年度报告,http://www.cninfo.com.cn/new/disclosure/detail?stockCode=600775&announcementId=1222922864&orgId=gssh0600775&announcementTime=2025-03-28,2025-03-31,2025-06-30,0.102688
600774,汉商集团,2024,2025-04-30,汉商集团2024年年度报告,http://www.cninfo.com.cn/new/disclosure/detail?stockCode=600774&announcementId=1223426349&orgId=gssh0600774&announcementTime=2025-04-30,2025-05-06,2025-07-30,0.170463
600776,东方通信,2024,2025-04-29,东方通信股份有限公司2024年年度报告,http://www.cninfo.com.cn/new/disclosure/detail?stockCode=600776&announcementId=1223375178&orgId=gssh0600776&announcementTime=2025-04-29,2025-04-30,2025-07-29,0.115148
600777,*ST新潮,2024,2025-07-05,2024年年度报告,http://www.cninfo.com.cn/new/disclosure/detail?stockCode=600777&announcementId=1224085717&orgId=gssh0600777&announcementTime=2025-07-05,2025-07-08,2025-09-30,0.071179
600778,友好集团,2024,2025-04-25,友好集团2024年年度报告,http://www.cninfo.com.cn/new/disclosure/detail?stockCode=600778&announcementId=1223283725&orgId=gssh0600778&announcementTime=2025-04-25,2025-04-28,2025-07-25,0.045228
600779,水井坊,2024,2025-04-30,水井坊2024年年度报告,http://www.cninfo.com.cn/new/disclosure/detail?stockCode=600779&announcementId=1223414387&orgId=gssh0600779&announcementTime=2025-04-30,2025-05-06,2025-07-30,-0.078681
600780,通宝能源,2024,2025-04-25,山西通宝能源股份有限公司2024年年度报告,http://www.cninfo.com.cn/new/disclosure/detail?stockCode=600780&announcementId=1223276997&orgId=gssh0600780&announcementTime=2025-04-25,2025-04-28,2025-07-25,0.014668
600783,鲁信创投,2024,2025-04-30,鲁信创投2024年年度报告,http://www.cninfo.com.cn/new/disclosure/detail?stockCode=600783&announcementId=1223414513&orgId=gssh0600783&announcementTime=2025-04-30,2025-05-06,2025-07-30,0.099868
600782,新钢股份,2024,2025-04-22,新钢股份2024年年度报告,http://www.cninfo.com.cn/new/disclosure/detail?stockCode=600782&announcementId=1223197485&orgId=gssh0600782&announcementTime=2025-04-22,2025-04-23,2025-07-22,0.142151
600785,新华百货,2024,2025-03-21,银川新华百货商业集团股份有限公司2024年年度报告,http://www.cninfo.com.cn/new/disclosure/detail?stockCode=600785&announcementId=1222858036&orgId=gssh0600785&announcementTime=2025-03-21,2025-03-24,2025-06-23,-0.081081
600784,鲁银投资,2024,2025-04-25,鲁银投资2024年年度报告,http://www.cninfo.com.cn/new/disclosure/detail?stockCode=600784&announcementId=1223277183&orgId=gssh0600784&announcementTime=2025-04-25,2025-04-28,2025-07-25,0.111111
600787,中储股份,2024,2025-04-19,中储发展股份有限公司2024年年度报告,http://www.cninfo.com.cn/new/disclosure/detail?stockCode=600787&announcementId=1223152855&orgId=gssh0600787&announcementTime=2025-04-19,2025-04-21,2025-07-18,-0.018743
600789,鲁抗医药,2024,2025-03-22,鲁抗医药2024年年度报告,http://www.cninfo.com.cn/new/disclosure/detail?stockCode=600789&announcementId=1222868331&orgId=gssh0600789&announcementTime=2025-03-22,2025-03-24,2025-06-23,0.060462
600790,轻纺城,2024,2025-04-18,轻纺城2024年年度报告,http://www.cninfo.com.cn/new/disclosure/detail?stockCode=600790&announcementId=1223124151&orgId=gssh0600790&announcementTime=2025-04-18,2025-04-21,2025-07-18,0.145842
600791,京能置业,2024,2025-04-30,京能置业股份有限公司2024年年度报告,http://www.cninfo.com.cn/new/disclosure/detail?stockCode=600791&announcementId=1223420947&orgId=gssh0600791&announcementTime=2025-04-30,2025-05-06,2025-07-30,0.195833
600792,云煤能源,2024,2025-04-15,云南煤业能源股份有限公司2024年年度报告,http://www.cninfo.com.cn/new/disclosure/detail?stockCode=600792&announcementId=1223094893&orgId=gssh0600792&announcementTime=2025-04-15,2025-04-16,2025-07-15,0.201412
600793,宜宾纸业,2024,2025-04-30,2024年年度报告,http://www.cninfo.com.cn/new/disclosure/detail?stockCode=600793&announcementId=1223420996&orgId=gssh0600793&announcementTime=2025-04-30,2025-05-06,2025-07-30,0.053559
600794,保税科技,2024,2025-03-18,保税科技2024年年度报告,http://www.cninfo.com.cn/new/disclosure/detail?stockCode=600794&announcementId=1222819805&orgId=gssh0600794&announcementTime=2025-03-18,2025-03-19,2025-06-18,0.293516
600795,国电电力,2024,2025-04-16,国电电力2024年年度报告,http://www.cninfo.com.cn/new/disclosure/detail?stockCode=600795&announcementId=1223099977&orgId=gssh0600795&announcementTime=2025-04-16,2025-04-17,2025-07-16,0.036346
600797,浙大网新,2024,2025-04-23,浙大网新科技股份有限公司2024年年度报告,http://www.cninfo.com.cn/new/disclosure/detail?stockCode=600797&announcementId=1223212161&orgId=gssh0600797&announcementTime=2025-04-23,2025-04-24,2025-07-23,-0.065686
600796,钱江生化,2024,2025-04-19,钱江生化2024年年度报告,http://www.cninfo.com.cn/new/disclosure/detail?stockCode=600796&announcementId=1223142873&orgId=gssh0600796&announcementTime=2025-04-19,2025-04-21,2025-07-18,0.111714
600800,渤海化学,2024,2025-04-23,天津渤海化学股份有限公司2024年年度报告,http://www.cninfo.com.cn/new/disclosure/detail?stockCode=600800&announcementId=1223216569&orgId=gssh0600800&announcementTime=2025-04-23,2025-04-24,2025-07-23,0.408588
600798,宁波海运,2024,2025-04-28,宁波海运股份有限公司2024年年度报告,http://www.cninfo.com.cn/new/disclosure/detail?stockCode=600798&announcementId=1223346691&orgId=gssh0600798&announcementTime=2025-04-28,2025-04-29,2025-07-28,0.450041
600802,福建水泥,2024,2025-04-22,福建水泥股份有限公司2024年年度报告,http://www.cninfo.com.cn/new/disclosure/detail?stockCode=600802&announcementId=1223197818&orgId=gssh0600802&announcementTime=2025-04-22,2025-04-23,2025-07-22,0.367716
600801,华新建材,2024,2025-03-27,2024年年度报告,http://www.cninfo.com.cn/new/disclosure/detail?stockCode=600801&announcementId=1222912425&orgId=gssh0600801&announcementTime=2025-03-27,2025-03-28,2025-06-27,-0.081452
600803,新奥股份,2024,2025-03-27,新奥股份2024年年度报告,http://www.cninfo.com.cn/new/disclosure/detail?stockCode=600803&announcementId=1222909079&orgId=gssh0600803&announcementTime=2025-03-27,2025-03-28,2025-06-27,-0.060348
600805,悦达投资,2024,2025-03-29,悦达投资2024年年度报告,http://www.cninfo.com.cn/new/disclosure/detail?stockCode=600805&announcementId=1222944369&orgId=gssh0600805&announcementTime=2025-03-29,2025-03-31,2025-06-30,0.070199
600807,济高发展,2024,2025-04-30,济高发展2024年年度报告,http://www.cninfo.com.cn/new/disclosure/detail?stockCode=600807&announcementId=1223421111&orgId=gssh0600807&announcementTime=2025-04-30,2025-05-06,2025-07-30,0.23253
600808,马钢股份,2024,2025-03-29,马鞍山钢铁股份有限公司2024年年度报告,http://www.cninfo.com.cn/new/disclosure/detail?stockCode=600808&announcementId=1222948856&orgId=gssh0600808&announcementTime=2025-03-29,2025-03-31,2025-06-30,0.084894
600809,山西汾酒,2024,2025-04-30,2024年年度报告,http://www.cninfo.com.cn/new/disclosure/detail?stockCode=600809&announcementId=1223414537&orgId=gssh0600809&announcementTime=2025-04-30,2025-05-06,2025-07-30,-0.085326
600810,神马股份,2024,2025-03-20,神马股份2024年年度报告,http://www.cninfo.com.cn/new/disclosure/detail?stockCode=600810&announcementId=1222847795&orgId=gssh0600810&announcementTime=2025-03-20,2025-03-21,2025-06-20,0.016627
600814,杭州解百,2024,2025-03-28,杭州解百集团股份有限公司2024年年度报告,http://www.cninfo.com.cn/new/disclosure/detail?stockCode=600814&announcementId=1222923040&orgId=gssh0600814&announcementTime=2025-03-28,2025-03-31,2025-06-30,-0.003835
600812,华北制药,2024,2025-03-28,2024年年度报告,http://www.cninfo.com.cn/new/disclosure/detail?stockCode=600812&announcementId=1222928749&orgId=gssh0600812&announcementTime=2025-03-28,2025-03-31,2025-06-30,-0.015767
600815,厦工股份,2024,2025-04-18,厦工股份2024年年度报告,http://www.cninfo.com.cn/new/disclosure/detail?stockCode=600815&announcementId=1223128443&orgId=gssh0600815&announcementTime=2025-04-18,2025-04-21,2025-07-18,0.073961
600816,建元信托,2024,2025-02-28,2024年年度报告,http://www.cninfo.com.cn/new/disclosure/detail?stockCode=600816&announcementId=1222663037&orgId=gssh0600816&announcementTime=2025-02-28,2025-03-03,2025-05-30,-0.127078
600817,宇通重工,2024,2025-04-09,2024年年度报告,http://www.cninfo.com.cn/new/disclosure/detail?stockCode=600817&announcementId=1223031602&orgId=gssh0600817&announcementTime=2025-04-09,2025-04-10,2025-07-09,0.138107
600818,中路股份,2024,2025-04-18,2024年年度报告,http://www.cninfo.com.cn/new/disclosure/detail?stockCode=600818&announcementId=1223127135&orgId=gssh0600818&announcementTime=2025-04-18,2025-04-21,2025-07-18,0.178521
600819,耀皮玻璃,2024,2025-03-29,耀皮玻璃2024年年度报告全文,http://www.cninfo.com.cn/new/disclosure/detail?stockCode=600819&announcementId=1222944655&orgId=gssh0600819&announcementTime=2025-03-29,2025-03-31,2025-06-30,0.116833
600820,隧道股份,2024,2025-04-26,上海隧道工程股份有限公司2024年年度报告,http://www.cninfo.com.cn/new/disclosure/detail?stockCode=600820&announcementId=1223303630&orgId=gssh0600820&announcementTime=2025-04-26,2025-04-28,2025-07-25,0.107696
600821,金开新能,2024,2025-04-10,2024年年度报告,http://www.cninfo.com.cn/new/disclosure/detail?stockCode=600821&announcementId=1223045833&orgId=gssh0600821&announcementTime=2025-04-10,2025-04-11,2025-07-10,0.051302
600824,益民集团,2024,2025-04-29,益民集团2024年年度报告,http://www.cninfo.com.cn/new/disclosure/detail?stockCode=600824&announcementId=1223358338&orgId=gssh0600824&announcementTime=2025-04-29,2025-04-30,2025-07-29,0.021396
600822,上海物贸,2024,2025-04-16,600822_2024年_年度报告_合并报告,http://www.cninfo.com.cn/new/disclosure/detail?stockCode=600822&announcementId=1223099994&orgId=gssh0600822&announcementTime=2025-04-16,2025-04-17,2025-07-16,0.579968
600825,新华传媒,2024,2025-04-25,2024年年度报告,http://www.cninfo.com.cn/new/disclosure/detail?stockCode=600825&announcementId=1223283758&orgId=gssh0600825&announcementTime=2025-04-25,2025-04-28,2025-07-25,0.292033
600826,兰生股份,2024,2025-04-12,东浩兰生会展集团股份有限公司2024年年度报告,http://www.cninfo.com.cn/new/disclosure/detail?stockCode=600826&announcementId=1223072938&orgId=gssh0600826&announcementTime=2025-04-12,2025-04-14,2025-07-11,0.180347
600827,百联股份,2024,2025-04-15,百联股份2024年年度报告,http://www.cninfo.com.cn/new/disclosure/detail?stockCode=600827&announcementId=1223097059&orgId=gssh0600827&announcementTime=2025-04-15,2025-04-16,2025-07-15,-0.074058
600828,茂业商业,2024,2025-03-27,茂业商业股份有限公司2024年年度报告,http://www.cninfo.com.cn/new/disclosure/detail?stockCode=600828&announcementId=1222913586&orgId=gssh0600828&announcementTime=2025-03-27,2025-03-28,2025-06-27,0.178048
600829,人民同泰,2024,2025-04-12,2024年年度报告,http://www.cninfo.com.cn/new/disclosure/detail?stockCode=600829&announcementId=1223071221&orgId=gssh0600829&announcementTime=2025-04-12,2025-04-14,2025-07-11,0.042734
600830,香溢融通,2024,2025-03-08,香溢融通控股集团股份有限公司2024年年度报告,http://www.cninfo.com.cn/new/disclosure/detail?stockCode=600830&announcementId=1222744366&orgId=gssh0600830&announcementTime=2025-03-08,2025-03-10,2025-06-09,0.043372
600833,第一医药,2024,2025-04-09,上海第一医药股份有限公司2024年年度报告,http://www.cninfo.com.cn/new/disclosure/detail?stockCode=600833&announcementId=1223029876&orgId=gssh0600833&announcementTime=2025-04-09,2025-04-10,2025-07-09,0.06676
600831,广电网络,2024,2025-04-25,广电网络2024年年度报告,http://www.cninfo.com.cn/new/disclosure/detail?stockCode=600831&announcementId=1223285687&orgId=gssh0600831&announcementTime=2025-04-25,2025-04-28,2025-07-25,0.488616
600834,申通地铁,2024,2025-03-28,申通地铁2024年年度报告,http://www.cninfo.com.cn/new/disclosure/detail?stockCode=600834&announcementId=1222924167&orgId=gssh0600834&announcementTime=2025-03-28,2025-03-31,2025-06-30,0.14551
600835,上海机电,2024,2025-03-22,上海机电2024年年度报告,http://www.cninfo.com.cn/new/disclosure/detail?stockCode=600835&announcementId=1222865964&orgId=gssh0600835&announcementTime=2025-03-22,2025-03-24,2025-06-23,-0.14976
600839,四川长虹,2024,2025-04-26,四川长虹2024年年度报告,http://www.cninfo.com.cn/new/disclosure/detail?stockCode=600839&announcementId=1223330465&orgId=gssh0600839&announcementTime=2025-04-26,2025-04-28,2025-07-25,0.013001
600838,上海九百,2024,2025-03-28,上海九百2024年年度报告,http://www.cninfo.com.cn/new/disclosure/detail?stockCode=600838&announcementId=1222922393&orgId=gssh0600838&announcementTime=2025-03-28,2025-03-31,2025-06-30,-0.013333
600841,动力新科,2024,2025-04-26,动力新科2024年年度报告,http://www.cninfo.com.cn/new/disclosure/detail?stockCode=600841&announcementId=1223329365&orgId=gssh0600841&announcementTime=2025-04-26,2025-04-28,2025-07-25,0.316103
600843,上工申贝,2024,2025-04-29,上工申贝（集团）股份有限公司2024年年度报告,http://www.cninfo.com.cn/new/disclosure/detail?stockCode=600843&announcementId=1223358373&orgId=gssh0600843&announcementTime=2025-04-29,2025-04-30,2025-07-29,0.063809
600844,金煤科技,2024,2025-04-11,2024年年度报告,http://www.cninfo.com.cn/new/disclosure/detail?stockCode=600844&announcementId=1223054867&orgId=gssh0600844&announcementTime=2025-04-11,2025-04-14,2025-07-11,0.211032
600845,宝信软件,2024,2025-04-01,2024年度报告全文,http://www.cninfo.com.cn/new/disclosure/detail?stockCode=600845&announcementId=1222971488&orgId=gssh0600845&announcementTime=2025-04-01,2025-04-02,2025-07-02,-0.179001
600846,同济科技,2024,2025-04-26,同济科技2024年年度报告,http://www.cninfo.com.cn/new/disclosure/detail?stockCode=600846&announcementId=1223330930&orgId=gssh0600846&announcementTime=2025-04-26,2025-04-28,2025-07-25,0.259339
600847,万里股份,2024,2025-04-30,万里股份2024年年度报告,http://www.cninfo.com.cn/new/disclosure/detail?stockCode=600847&announcementId=1223426405&orgId=gssh0600847&announcementTime=2025-04-30,2025-05-06,2025-07-30,0.189205
600848,上海临港,2024,2025-04-12,2024年年度报告,http://www.cninfo.com.cn/new/disclosure/detail?stockCode=600848&announcementId=1223073233&orgId=gssh0600848&announcementTime=2025-04-12,2025-04-14,2025-07-11,-0.008633
600850,电科数字,2024,2025-04-15,中电科数字技术股份有限公司2024年年度报告,http://www.cninfo.com.cn/new/disclosure/detail?stockCode=600850&announcementId=1223092827&orgId=gssh0600850&announcementTime=2025-04-15,2025-04-16,2025-07-15,0.050538
600851,海欣股份,2024,2025-04-19,上海海欣集团股份有限公司2024年年度报告,http://www.cninfo.com.cn/new/disclosure/detail?stockCode=600851&announcementId=1223143626&orgId=gssh0600851&announcementTime=2025-04-19,2025-04-21,2025-07-18,0.173803
600853,龙建股份,2024,2025-03-29,龙建股份2024年年度报告全文,http://www.cninfo.com.cn/new/disclosure/detail?stockCode=600853&announcementId=1222948260&orgId=gssh0600853&announcementTime=2025-03-29,2025-03-31,2025-06-30,-0.055921
600855,航天长峰,2024,2025-04-29,北京航天长峰股份有限公司2024年年度报告,http://www.cninfo.com.cn/new/disclosure/detail?stockCode=600855&announcementId=1223364118&orgId=gssh0600855&announcementTime=2025-04-29,2025-04-30,2025-07-29,0.352941
600854,春兰股份,2024,2025-04-19,春兰股份2024年年度报告,http://www.cninfo.com.cn/new/disclosure/detail?stockCode=600854&announcementId=1223154565&orgId=gssh0600854&announcementTime=2025-04-19,2025-04-21,2025-07-18,0.236761
600858,银座股份,2024,2025-03-26,银座股份2024年年度报告,http://www.cninfo.com.cn/new/disclosure/detail?stockCode=600858&announcementId=1222895783&orgId=gssh0600858&announcementTime=2025-03-26,2025-03-27,2025-06-26,0.277515
600857,宁波中百,2024,2025-04-15,宁波中百股份有限公司2024年年度报告,http://www.cninfo.com.cn/new/disclosure/detail?stockCode=600857&announcementId=1223096144&orgId=gssh0600857&announcementTime=2025-04-15,2025-04-16,2025-07-15,0.183379
600859,王府井,2024,2025-04-26,王府井2024年年度报告,http://www.cninfo.com.cn/new/disclosure/detail?stockCode=600859&announcementId=1223313058&orgId=gssh0600859&announcementTime=2025-04-26,2025-04-28,2025-07-25,-0.011382
600860,京城股份,2024,2025-03-29,京城股份2024年年度报告,http://www.cninfo.com.cn/new/disclosure/detail?stockCode=600860&announcementId=1222952260&orgId=gssh0600860&announcementTime=2025-03-29,2025-03-31,2025-06-30,-0.109773
600861,北京人力,2024,2025-04-26,北京人力2024年年度报告,http://www.cninfo.com.cn/new/disclosure/detail?stockCode=600861&announcementId=1223310795&orgId=gssh0600861&announcementTime=2025-04-26,2025-04-28,2025-07-25,-0.009099
600862,中航高科,2024,2025-03-15,中航高科2024年年度报告,http://www.cninfo.com.cn/new/disclosure/detail?stockCode=600862&announcementId=1222806817&orgId=gssh0600862&announcementTime=2025-03-15,2025-03-17,2025-06-16,-0.11357
600863,内蒙华电,2024,2025-04-25,内蒙古蒙电华能热电股份有限公司2024年年度报告,http://www.cninfo.com.cn/new/disclosure/detail?stockCode=600863&announcementId=1223277222&orgId=gssh0600863&announcementTime=2025-04-25,2025-04-28,2025-07-25,0.08154
600864,哈投股份,2024,2025-04-25,哈投股份2024年年度报告,http://www.cninfo.com.cn/new/disclosure/detail?stockCode=600864&announcementId=1223277239&orgId=gssh0600864&announcementTime=2025-04-25,2025-04-28,2025-07-25,0.207137
600865,百大集团,2024,2025-04-19,百大集团股份有限公司2024年年度报告,http://www.cninfo.com.cn/new/disclosure/detail?stockCode=600865&announcementId=1223146695&orgId=gssh0600865&announcementTime=2025-04-19,2025-04-21,2025-07-18,-0.160007
600866,星湖科技,2024,2025-04-22,2024年年度报告,http://www.cninfo.com.cn/new/disclosure/detail?stockCode=600866&announcementId=1223197170&orgId=gssh0600866&announcementTime=2025-04-22,2025-04-23,2025-07-22,0.074723
600867,通化东宝,2024,2025-04-30,通化东宝2024年年度报告,http://www.cninfo.com.cn/new/disclosure/detail?stockCode=600867&announcementId=1223414636&orgId=gssh0600867&announcementTime=2025-04-30,2025-05-06,2025-07-30,0.19386
600868,梅雁吉祥,2024,2025-04-29,广东梅雁吉祥水电股份有限公司2024年年度报告,http://www.cninfo.com.cn/new/disclosure/detail?stockCode=600868&announcementId=1223384106&orgId=gssh0600868&announcementTime=2025-04-29,2025-04-30,2025-07-29,-0.044439
600869,远东股份,2024,2025-04-26,2024年年度报告,http://www.cninfo.com.cn/new/disclosure/detail?stockCode=600869&announcementId=1223312588&orgId=gssh0600869&announcementTime=2025-04-26,2025-04-28,2025-07-25,0.164891
600871,石化油服,2024,2025-03-19,石化油服2024年度报告全文,http://www.cninfo.com.cn/new/disclosure/detail?stockCode=600871&announcementId=1222834508&orgId=gssh0600871&announcementTime=2025-03-19,2025-03-20,2025-06-19,0.0625
600872,中炬高新,2024,2025-04-09,中炬高新2024年年度报告,http://www.cninfo.com.cn/new/disclosure/detail?stockCode=600872&announcementId=1223033026&orgId=gssh0600872&announcementTime=2025-04-09,2025-04-10,2025-07-09,-0.107656
600874,创业环保,2024,2025-03-22,创业环保2024年年度报告全文,http://www.cninfo.com.cn/new/disclosure/detail?stockCode=600874&announcementId=1222871761&orgId=gssh0600874&announcementTime=2025-03-22,2025-03-24,2025-06-23,0.011754
600873,梅花生物,2024,2025-03-18,梅花生物2024年年度报告,http://www.cninfo.com.cn/new/disclosure/detail?stockCode=600873&announcementId=1222822807&orgId=gssh0600873&announcementTime=2025-03-18,2025-03-19,2025-06-18,0.097011
600876,凯盛新能,2024,2025-03-29,凯盛新能2024年年度报告,http://www.cninfo.com.cn/new/disclosure/detail?stockCode=600876&announcementId=1222951458&orgId=gssh0600876&announcementTime=2025-03-29,2025-03-31,2025-06-30,0.087428
600875,东方电气,2024,2025-04-30,2024年年度报告,http://www.cninfo.com.cn/new/disclosure/detail?stockCode=600875&announcementId=1223414665&orgId=gssh0600875&announcementTime=2025-04-30,2025-05-06,2025-07-30,0.328358
600877,电科芯片,2024,2025-04-25,中电科芯片技术股份有限公司2024年年度报告,http://www.cninfo.com.cn/new/disclosure/detail?stockCode=600877&announcementId=1223277265&orgId=gssh0600877&announcementTime=2025-04-25,2025-04-28,2025-07-25,0.068314
600879,航天电子,2024,2025-03-27,航天时代电子技术股份有限公司2024年年度报告,http://www.cninfo.com.cn/new/disclosure/detail?stockCode=600879&announcementId=1222911579&orgId=gssh0600879&announcementTime=2025-03-27,2025-03-28,2025-06-27,0.07146
600881,亚泰集团,2024,2025-04-29,吉林亚泰（集团）股份有限公司2024年年度报告,http://www.cninfo.com.cn/new/disclosure/detail?stockCode=600881&announcementId=1223390306&orgId=gssh0600881&announcementTime=2025-04-29,2025-04-30,2025-07-29,0.196209
600880,博瑞传播,2024,2025-04-26,博瑞传播2024年年度报告,http://www.cninfo.com.cn/new/disclosure/detail?stockCode=600880&announcementId=1223313114&orgId=gssh0600880&announcementTime=2025-04-26,2025-04-28,2025-07-25,0.233784
600882,妙可蓝多,2024,2025-03-22,2024年年度报告,http://www.cninfo.com.cn/new/disclosure/detail?stockCode=600882&announcementId=1222870860&orgId=gssh0600882&announcementTime=2025-03-22,2025-03-24,2025-06-23,0.521484
600883,博闻科技,2024,2025-04-22,云南博闻科技实业股份有限公司2024年年度报告,http://www.cninfo.com.cn/new/disclosure/detail?stockCode=600883&announcementId=1223189294&orgId=gssh0600883&announcementTime=2025-04-22,2025-04-23,2025-07-22,0.125379
600884,杉杉股份,2024,2025-04-26,杉杉股份2024年年度报告,http://www.cninfo.com.cn/new/disclosure/detail?stockCode=600884&announcementId=1223329717&orgId=gssh0600884&announcementTime=2025-04-26,2025-04-28,2025-07-25,0.497094
600885,宏发股份,2024,2025-03-29,宏发股份：2024年年度报告,http://www.cninfo.com.cn/new/disclosure/detail?stockCode=600885&announcementId=1222939948&orgId=gssh0600885&announcementTime=2025-03-29,2025-03-31,2025-06-30,-0.123144
600886,国投电力,2024,2025-04-30,国投电力控股股份有限公司2024年年度报告,http://www.cninfo.com.cn/new/disclosure/detail?stockCode=600886&announcementId=1223414927&orgId=gssh0600886&announcementTime=2025-04-30,2025-05-06,2025-07-30,0.058591
600887,伊利股份,2024,2025-04-30,内蒙古伊利实业集团股份有限公司2024年年度报告,http://www.cninfo.com.cn/new/disclosure/detail?stockCode=600887&announcementId=1223421123&orgId=gssh0600887&announcementTime=2025-04-30,2025-05-06,2025-07-30,-0.028954
600888,新疆众和,2024,2025-03-25,新疆众和股份有限公司2024年年度报告,http://www.cninfo.com.cn/new/disclosure/detail?stockCode=600888&announcementId=1222882673&orgId=gssh0600888&announcementTime=2025-03-25,2025-03-26,2025-06-25,-0.052727
600889,南京化纤,2024,2025-04-25,600889_南京化纤_2024年_年度报告,http://www.cninfo.com.cn/new/disclosure/detail?stockCode=600889&announcementId=1223277296&orgId=gssh0600889&announcementTime=2025-04-25,2025-04-28,2025-07-25,-0.056767
600892,*ST大晟,2024,2025-04-30,2024年年度报告,http://www.cninfo.com.cn/new/disclosure/detail?stockCode=600892&announcementId=1223426407&orgId=gssh0600892&announcementTime=2025-04-30,2025-05-06,2025-07-30,0.236927
600893,航发动力,2024,2025-04-02,中国航发动力股份有限公司2024年年度报告,http://www.cninfo.com.cn/new/disclosure/detail?stockCode=600893&announcementId=1222984263&orgId=gssh0600893&announcementTime=2025-04-02,2025-04-03,2025-07-03,0.147099
600894,广日股份,2024,2025-04-09,广州广日股份有限公司2024年年度报告,http://www.cninfo.com.cn/new/disclosure/detail?stockCode=600894&announcementId=1223030329&orgId=gssh0600894&announcementTime=2025-04-09,2025-04-10,2025-07-09,-0.056811
600895,张江高科,2024,2025-03-29,2024年年度报告,http://www.cninfo.com.cn/new/disclosure/detail?stockCode=600895&announcementId=1222946501&orgId=gssh0600895&announcementTime=2025-03-29,2025-03-31,2025-06-30,0.029664
600897,厦门空港,2024,2025-04-30,厦门空港2024年年度报告,http://www.cninfo.com.cn/new/disclosure/detail?stockCode=600897&announcementId=1223415047&orgId=gssh0600897&announcementTime=2025-04-30,2025-05-06,2025-07-30,0.076703
600900,长江电力,2024,2025-04-30,长江电力2024年年度报告,http://www.cninfo.com.cn/new/disclosure/detail?stockCode=600900&announcementId=1223421172&orgId=gssh0600900&announcementTime=2025-04-30,2025-05-06,2025-07-30,-0.007995
600901,江苏金租,2024,2025-04-26,江苏金租：2024年年度报告,http://www.cninfo.com.cn/new/disclosure/detail?stockCode=600901&announcementId=1223316139&orgId=9900017208&announcementTime=2025-04-26,2025-04-28,2025-07-25,0.161568
600903,贵州燃气,2024,2025-04-26,贵州燃气集团股份有限公司2024年年度报告,http://www.cninfo.com.cn/new/disclosure/detail?stockCode=600903&announcementId=1223308511&orgId=GD150574&announcementTime=2025-04-26,2025-04-28,2025-07-25,-0.004916
600905,三峡能源,2024,2025-04-30,2024年年度报告,http://www.cninfo.com.cn/new/disclosure/detail?stockCode=600905&announcementId=1223415078&orgId=9900016549&announcementTime=2025-04-30,2025-05-06,2025-07-30,0.024719
600908,无锡银行,2024,2025-03-29,2024年年度报告,http://www.cninfo.com.cn/new/disclosure/detail?stockCode=600908&announcementId=1222945256&orgId=9900024953&announcementTime=2025-03-29,2025-03-31,2025-06-30,0.096862
600906,财达证券,2024,2025-04-26,财达证券股份有限公司2024年年度报告,http://www.cninfo.com.cn/new/disclosure/detail?stockCode=600906&announcementId=1223323093&orgId=qsgn0000647&announcementTime=2025-04-26,2025-04-28,2025-07-25,0.139881
600909,华安证券,2024,2025-03-28,华安证券股份有限公司2024年年度报告,http://www.cninfo.com.cn/new/disclosure/detail?stockCode=600909&announcementId=1222925540&orgId=qsgn0000505&announcementTime=2025-03-28,2025-03-31,2025-06-30,0.043601
600916,中国黄金,2024,2025-04-30,中国黄金集团黄金珠宝股份有限公司2024年年度报告,http://www.cninfo.com.cn/new/disclosure/detail?stockCode=600916&announcementId=1223421224&orgId=9900039719&announcementTime=2025-04-30,2025-05-06,2025-07-30,0.041712
600917,重庆燃气,2024,2025-04-24,重庆燃气2024年年度报告,http://www.cninfo.com.cn/new/disclosure/detail?stockCode=600917&announcementId=1223238673&orgId=9900029304&announcementTime=2025-04-24,2025-04-25,2025-07-24,0.062208
600918,中泰证券,2024,2025-03-22,中泰证券股份有限公司2024年年度报告,http://www.cninfo.com.cn/new/disclosure/detail?stockCode=600918&announcementId=1222869959&orgId=qsgn0000702&announcementTime=2025-03-22,2025-03-24,2025-06-23,-0.025836
600919,江苏银行,2024,2025-04-19,江苏银行2024年年度报告,http://www.cninfo.com.cn/new/disclosure/detail?stockCode=600919&announcementId=1223143257&orgId=9900006248&announcementTime=2025-04-19,2025-04-21,2025-07-18,0.212834
600925,苏能股份,2024,2025-04-25,江苏徐矿能源股份有限公司2024年年度报告,http://www.cninfo.com.cn/new/disclosure/detail?stockCode=600925&announcementId=1223283793&orgId=9900051620&announcementTime=2025-04-25,2025-04-28,2025-07-25,0.072491
600926,杭州银行,2024,2025-04-12,杭州银行2024年年度报告,http://www.cninfo.com.cn/new/disclosure/detail?stockCode=600926&announcementId=1223072706&orgId=9900006251&announcementTime=2025-04-12,2025-04-14,2025-07-11,0.184413
600927,永安期货,2024,2025-04-24,永安期货股份有限公司2024年年度报告,http://www.cninfo.com.cn/new/disclosure/detail?stockCode=600927&announcementId=1223244823&orgId=gfbj0833840&announcementTime=2025-04-24,2025-04-25,2025-07-24,0.363417
600928,西安银行,2024,2025-04-30,西安银行股份有限公司2024年年度报告,http://www.cninfo.com.cn/new/disclosure/detail?stockCode=600928&announcementId=1223421242&orgId=9900027168&announcementTime=2025-04-30,2025-05-06,2025-07-30,0.145199
600933,爱柯迪,2024,2025-03-31,2024年年度报告,http://www.cninfo.com.cn/new/disclosure/detail?stockCode=600933&announcementId=1222962093&orgId=gfbj0834393&announcementTime=2025-03-31,2025-04-01,2025-07-01,-0.017094
600929,雪天盐业,2024,2025-04-15,2024年年度报告,http://www.cninfo.com.cn/new/disclosure/detail?stockCode=600929&announcementId=1223096740&orgId=9900033912&announcementTime=2025-04-15,2025-04-16,2025-07-15,0.029982
600936,北投科技,2024,2025-04-29,广西广电2024年年度报告,http://www.cninfo.com.cn/new/disclosure/detail?stockCode=600936&announcementId=1223384119&orgId=9900026796&announcementTime=2025-04-29,2025-04-30,2025-07-29,0.040984
600935,华塑股份,2024,2025-04-12,安徽华塑股份有限公司2024年年度报告,http://www.cninfo.com.cn/new/disclosure/detail?stockCode=600935&announcementId=1223068047&orgId=gfbj0872452&announcementTime=2025-04-12,2025-04-14,2025-07-11,0.080508
600938,中国海油,2024,2025-03-28,中国海洋石油有限公司2024年年度报告,http://www.cninfo.com.cn/new/disclosure/detail?stockCode=600938&announcementId=1222929636&orgId=gshk0000883&announcementTime=2025-03-28,2025-03-31,2025-06-30,0.012322
600939,重庆建工,2024,2025-04-30,重庆建工2024年年度报告,http://www.cninfo.com.cn/new/disclosure/detail?stockCode=600939&announcementId=1223415125&orgId=9900006064&announcementTime=2025-04-30,2025-05-06,2025-07-30,0.28972
600941,中国移动,2024,2025-03-21,中国移动：2024年年度报告,http://www.cninfo.com.cn/new/disclosure/detail?stockCode=600941&announcementId=1222856315&orgId=gshk0000941&announcementTime=2025-03-21,2025-03-24,2025-06-23,0.075636
600955,维远股份,2024,2025-04-17,利华益维远化学股份有限公司2024年年度报告,http://www.cninfo.com.cn/new/disclosure/detail?stockCode=600955&announcementId=1223111224&orgId=nssc1000398&announcementTime=2025-04-17,2025-04-18,2025-07-17,-0.0318
600956,新天绿能,2024,2025-03-26,新天绿能2024年年度报告,http://www.cninfo.com.cn/new/disclosure/detail?stockCode=600956&announcementId=1222896462&orgId=9900015548&announcementTime=2025-03-26,2025-03-27,2025-06-26,0.067925
600958,东方证券,2024,2025-03-29,东方证券股份有限公司2024年年度报告,http://www.cninfo.com.cn/new/disclosure/detail?stockCode=600958&announcementId=1222948888&orgId=qsgn0000065&announcementTime=2025-03-29,2025-03-31,2025-06-30,0.007582
600959,江苏有线,2024,2025-04-10,江苏有线2024年年度报告,http://www.cninfo.com.cn/new/disclosure/detail?stockCode=600959&announcementId=1223045404&orgId=9900023742&announcementTime=2025-04-10,2025-04-11,2025-07-10,0.088496
600960,渤海汽车,2024,2025-04-25,渤海汽车2024年年度报告,http://www.cninfo.com.cn/new/disclosure/detail?stockCode=600960&announcementId=1223277345&orgId=gssh0600960&announcementTime=2025-04-25,2025-04-28,2025-08-08,0.361783
600961,株冶集团,2024,2025-04-11,株冶集团2024年年度报告,http://www.cninfo.com.cn/new/disclosure/detail?stockCode=600961&announcementId=1223057777&orgId=gssh0600961&announcementTime=2025-04-11,2025-04-14,2025-07-11,0.22791
600962,国投中鲁,2024,2025-03-29,国投中鲁2024年年度报告,http://www.cninfo.com.cn/new/disclosure/detail?stockCode=600962&announcementId=1222946537&orgId=gssh0600962&announcementTime=2025-03-29,2025-03-31,2025-07-14,0.674419
600963,岳阳林纸,2024,2025-03-12,岳阳林纸股份有限公司2024年年度报告,http://www.cninfo.com.cn/new/disclosure/detail?stockCode=600963&announcementId=1222776591&orgId=gssh0600963&announcementTime=2025-03-12,2025-03-13,2025-06-12,-0.105127
600966,博汇纸业,2024,2025-04-30,2024年年度报告,http://www.cninfo.com.cn/new/disclosure/detail?stockCode=600966&announcementId=1223406499&orgId=gssh0600966&announcementTime=2025-04-30,2025-05-06,2025-07-30,0.180169
600965,福成股份,2024,2025-03-22,福成股份：2024年年度报告,http://www.cninfo.com.cn/new/disclosure/detail?stockCode=600965&announcementId=1222868625&orgId=gssh0600965&announcementTime=2025-03-22,2025-03-24,2025-06-23,-0.022727
600967,内蒙一机,2024,2025-04-26,内蒙古第一机械集团股份有限公司2024年年度报告,http://www.cninfo.com.cn/new/disclosure/detail?stockCode=600967&announcementId=1223320518&orgId=gssh0600967&announcementTime=2025-04-26,2025-04-28,2025-07-25,0.739418
600968,海油发展,2024,2025-04-10,2024年年度报告,http://www.cninfo.com.cn/new/disclosure/detail?stockCode=600968&announcementId=1223047052&orgId=9900033231&announcementTime=2025-04-10,2025-04-11,2025-07-10,0.126168
600969,郴电国际,2024,2025-04-26,郴电国际2024年年度报告全文,http://www.cninfo.com.cn/new/disclosure/detail?stockCode=600969&announcementId=1223304469&orgId=gssh0600969&announcementTime=2025-04-26,2025-04-28,2025-07-25,-0.096317
600970,中材国际,2024,2025-03-26,中国中材国际工程股份有限公司2024年年度报告,http://www.cninfo.com.cn/new/disclosure/detail?stockCode=600970&announcementId=1222896862&orgId=gssh0600970&announcementTime=2025-03-26,2025-03-27,2025-06-26,-0.096696
600971,恒源煤电,2024,2025-03-29,恒源煤电2024年年度报告,http://www.cninfo.com.cn/new/disclosure/detail?stockCode=600971&announcementId=1222947562&orgId=gssh0600971&announcementTime=2025-03-29,2025-03-31,2025-06-30,-0.182932
600973,宝胜股份,2024,2025-03-15,宝胜股份：2024年年度报告,http://www.cninfo.com.cn/new/disclosure/detail?stockCode=600973&announcementId=1222806852&orgId=gssh0600973&announcementTime=2025-03-15,2025-03-17,2025-06-16,0.013735
600976,健民集团,2024,2025-03-22,健民集团2024年年度报告,http://www.cninfo.com.cn/new/disclosure/detail?stockCode=600976&announcementId=1222867640&orgId=gssh0600976&announcementTime=2025-03-22,2025-03-24,2025-06-23,-0.045244
600975,新五丰,2024,2025-03-29,湖南新五丰股份有限公司2024年年度报告,http://www.cninfo.com.cn/new/disclosure/detail?stockCode=600975&announcementId=1222950354&orgId=gssh0600975&announcementTime=2025-03-29,2025-03-31,2025-06-30,-0.016226
600979,广安爱众,2024,2025-04-30,四川广安爱众股份有限公司2024年年度报告,http://www.cninfo.com.cn/new/disclosure/detail?stockCode=600979&announcementId=1223426507&orgId=gssh0600979&announcementTime=2025-04-30,2025-05-06,2025-07-30,-0.127672
600977,中国电影,2024,2025-04-19,中国电影2024年年度报告,http://www.cninfo.com.cn/new/disclosure/detail?stockCode=600977&announcementId=1223155089&orgId=9900024673&announcementTime=2025-04-19,2025-04-21,2025-07-18,0.117596
600980,北矿科技,2024,2025-04-01,北矿科技2024年年度报告,http://www.cninfo.com.cn/new/disclosure/detail?stockCode=600980&announcementId=1222973053&orgId=gssh0600980&announcementTime=2025-04-01,2025-04-02,2025-07-02,0.331511
600981,苏豪汇鸿,2024,2025-04-29,2024年年度报告,http://www.cninfo.com.cn/new/disclosure/detail?stockCode=600981&announcementId=1223390315&orgId=gssh0600981&announcementTime=2025-04-29,2025-04-30,2025-07-29,0.217877
600982,宁波能源,2024,2025-04-22,宁波能源2024年年度报告,http://www.cninfo.com.cn/new/disclosure/detail?stockCode=600982&announcementId=1223196690&orgId=gssh0600982&announcementTime=2025-04-22,2025-04-23,2025-07-22,0.088584
600983,惠而浦,2024,2025-04-25,惠而浦2024年年度报告,http://www.cninfo.com.cn/new/disclosure/detail?stockCode=600983&announcementId=1223277535&orgId=gssh0600983&announcementTime=2025-04-25,2025-04-28,2025-07-25,0.034295
600984,建设机械,2024,2025-04-18,建设机械2024年年度报告,http://www.cninfo.com.cn/new/disclosure/detail?stockCode=600984&announcementId=1223128689&orgId=gssh0600984&announcementTime=2025-04-18,2025-04-21,2025-07-18,-0.035461
600985,淮北矿业,2024,2025-03-28,淮北矿业控股股份有限公司2024年年度报告,http://www.cninfo.com.cn/new/disclosure/detail?stockCode=600985&announcementId=1222927459&orgId=gssh0600985&announcementTime=2025-03-28,2025-03-31,2025-06-30,-0.085664
600986,浙文互联,2024,2025-04-12,浙文互联2024年年度报告,http://www.cninfo.com.cn/new/disclosure/detail?stockCode=600986&announcementId=1223073065&orgId=gssh0600986&announcementTime=2025-04-12,2025-04-14,2025-07-11,0.152997
600987,航民股份,2024,2025-03-29,航民股份2024年年度报告,http://www.cninfo.com.cn/new/disclosure/detail?stockCode=600987&announcementId=1222941776&orgId=gssh0600987&announcementTime=2025-03-29,2025-03-31,2025-06-30,0.029701
600988,赤峰黄金,2024,2025-03-29,赤峰黄金2024年年度报告,http://www.cninfo.com.cn/new/disclosure/detail?stockCode=600988&announcementId=1222946558&orgId=gssh0600988&announcementTime=2025-03-29,2025-03-31,2025-06-30,0.151765
600989,宝丰能源,2024,2025-03-12,宁夏宝丰能源集团股份有限公司2024年年度报告,http://www.cninfo.com.cn/new/disclosure/detail?stockCode=600989&announcementId=1222769512&orgId=9900019573&announcementTime=2025-03-12,2025-03-13,2025-06-12,-0.029728
600990,四创电子,2024,2025-04-30,四创电子2024年年度报告,http://www.cninfo.com.cn/new/disclosure/detail?stockCode=600990&announcementId=1223421441&orgId=gssh0600990&announcementTime=2025-04-30,2025-05-06,2025-07-30,0.460418
600992,贵绳股份,2024,2025-03-29,贵州钢绳股份有限公司2024年年度报告,http://www.cninfo.com.cn/new/disclosure/detail?stockCode=600992&announcementId=1222952407&orgId=gssh0600992&announcementTime=2025-03-29,2025-03-31,2025-06-30,0.046794
600993,马应龙,2024,2025-04-03,马应龙2024年年度报告,http://www.cninfo.com.cn/new/disclosure/detail?stockCode=600993&announcementId=1222992788&orgId=gssh0600993&announcementTime=2025-04-03,2025-04-07,2025-07-04,0.096228
600995,南网储能,2024,2025-03-29,南方电网储能股份有限公司2024年年度报告,http://www.cninfo.com.cn/new/disclosure/detail?stockCode=600995&announcementId=1222947646&orgId=gssh0600995&announcementTime=2025-03-29,2025-03-31,2025-06-30,0.021811
600996,贵广网络,2024,2025-04-26,2024年年度报告,http://www.cninfo.com.cn/new/disclosure/detail?stockCode=600996&announcementId=1223318152&orgId=9900030438&announcementTime=2025-04-26,2025-04-28,2025-07-25,0.01979
600997,开滦股份,2024,2025-03-29,600997_开滦股份_2024年_年度报告,http://www.cninfo.com.cn/new/disclosure/detail?stockCode=600997&announcementId=1222946623&orgId=gssh0600997&announcementTime=2025-03-29,2025-03-31,2025-06-30,-0.105522
600999,招商证券,2024,2025-03-28,招商证券股份有限公司2024年年度报告,http://www.cninfo.com.cn/new/disclosure/detail?stockCode=600999&announcementId=1222929494&orgId=qsgn0000118&announcementTime=2025-03-28,2025-03-31,2025-06-30,-0.015441
600998,九州通,2024,2025-04-29,九州通2024年年度报告,http://www.cninfo.com.cn/new/disclosure/detail?stockCode=600998&announcementId=1223384161&orgId=9900015627&announcementTime=2025-04-29,2025-04-30,2025-07-29,0.072936
601000,唐山港,2024,2025-03-29,唐山港集团股份有限公司2024年年度报告,http://www.cninfo.com.cn/new/disclosure/detail?stockCode=601000&announcementId=1222939780&orgId=9900013088&announcementTime=2025-03-29,2025-03-31,2025-06-30,-0.073957
601001,晋控煤业,2024,2025-04-26,晋能控股山西煤业股份有限公司2024年年度报告,http://www.cninfo.com.cn/new/disclosure/detail?stockCode=601001&announcementId=1223305486&orgId=gssh0601001&announcementTime=2025-04-26,2025-04-28,2025-07-25,0.331071
601002,晋亿实业,2024,2025-03-18,晋亿实业股份有限公司2024年年度报告,http://www.cninfo.com.cn/new/disclosure/detail?stockCode=601002&announcementId=1222821362&orgId=9900002005&announcementTime=2025-03-18,2025-03-19,2025-06-18,-0.020797
601003,柳钢股份,2024,2025-04-29,柳钢股份2024年年度报告,http://www.cninfo.com.cn/new/disclosure/detail?stockCode=601003&announcementId=1223384221&orgId=9900002182&announcementTime=2025-04-29,2025-04-30,2025-07-29,1.104825
601005,重庆钢铁,2024,2025-03-29,2024年年度报告,http://www.cninfo.com.cn/new/disclosure/detail?stockCode=601005&announcementId=1222951512&orgId=9900002184&announcementTime=2025-03-29,2025-03-31,2025-06-30,-0.043165
601007,金陵饭店,2024,2025-03-29,金陵饭店股份有限公司2024年年度报告,http://www.cninfo.com.cn/new/disclosure/detail?stockCode=601007&announcementId=1222940967&orgId=9900002481&announcementTime=2025-03-29,2025-03-31,2025-06-30,0.106936
601008,连云港,2024,2025-03-28,江苏连云港港口股份有限公司2024年年度报告,http://www.cninfo.com.cn/new/disclosure/detail?stockCode=601008&announcementId=1222923860&orgId=9900002722&announcementTime=2025-03-28,2025-03-31,2025-06-30,0.758359
601009,南京银行,2024,2025-04-22,南京银行股份有限公司2024年年度报告,http://www.cninfo.com.cn/new/disclosure/detail?stockCode=601009&announcementId=1223197865&orgId=9900003284&announcementTime=2025-04-22,2025-04-23,2025-07-22,0.142214
601010,文峰股份,2024,2025-04-30,文峰股份2024年年度报告,http://www.cninfo.com.cn/new/disclosure/detail?stockCode=601010&announcementId=1223421459&orgId=9900019963&announcementTime=2025-04-30,2025-05-06,2025-07-30,-0.07405
601012,隆基绿能,2024,2025-04-30,2024年年度报告,http://www.cninfo.com.cn/new/disclosure/detail?stockCode=601012&announcementId=1223421477&orgId=9900022338&announcementTime=2025-04-30,2025-05-06,2025-07-30,0.105251
601011,宝泰隆,2024,2025-04-26,宝泰隆新材料股份有限公司2024年年度报告,http://www.cninfo.com.cn/new/disclosure/detail?stockCode=601011&announcementId=1223306809&orgId=9900018407&announcementTime=2025-04-26,2025-04-28,2025-07-25,0.195652
601016,节能风电,2024,2025-03-28,中节能风力发电股份有限公司2024年年度报告,http://www.cninfo.com.cn/new/disclosure/detail?stockCode=601016&announcementId=1222921982&orgId=9900029306&announcementTime=2025-03-28,2025-03-31,2025-06-30,0.002621
601015,陕西黑猫,2024,2025-04-18,陕西黑猫：2024年年度报告,http://www.cninfo.com.cn/new/disclosure/detail?stockCode=601015&announcementId=1223130121&orgId=9900022940&announcementTime=2025-04-18,2025-04-21,2025-07-18,0.217697
601018,宁波港,2024,2025-03-28,宁波舟山港股份有限公司2024年年度报告,http://www.cninfo.com.cn/new/disclosure/detail?stockCode=601018&announcementId=1222928492&orgId=9900010907&announcementTime=2025-03-28,2025-03-31,2025-06-30,0.011952
601019,山东出版,2024,2025-04-10,山东出版2024年年度报告,http://www.cninfo.com.cn/new/disclosure/detail?stockCode=601019&announcementId=1223047110&orgId=9900031730&announcementTime=2025-04-10,2025-04-11,2025-07-10,-0.033774
601021,春秋航空,2024,2025-04-30,春秋航空2024年年度报告,http://www.cninfo.com.cn/new/disclosure/detail?stockCode=601021&announcementId=1223415192&orgId=9900023129&announcementTime=2025-04-30,2025-05-06,2025-07-30,-0.002484
601020,华钰矿业,2024,2025-04-29,西藏华钰矿业股份有限公司2024年年度报告,http://www.cninfo.com.cn/new/disclosure/detail?stockCode=601020&announcementId=1223384265&orgId=9900029826&announcementTime=2025-04-29,2025-04-30,2025-07-29,0.138995
601033,永兴股份,2024,2025-03-29,永兴股份2024年年度报告,http://www.cninfo.com.cn/new/disclosure/detail?stockCode=601033&announcementId=1222943765&orgId=9900056832&announcementTime=2025-03-29,2025-03-31,2025-06-30,0.084876
601022,宁波远洋,2024,2025-03-26,宁波远洋运输股份有限公司2024年年度报告,http://www.cninfo.com.cn/new/disclosure/detail?stockCode=601022&announcementId=1222895166&orgId=9900051994&announcementTime=2025-03-26,2025-03-27,2025-06-26,0.189032
601058,赛轮轮胎,2024,2025-04-29,赛轮轮胎2024年年度报告,http://www.cninfo.com.cn/new/disclosure/detail?stockCode=601058&announcementId=1223390356&orgId=9900009410&announcementTime=2025-04-29,2025-04-30,2025-07-29,0.079778
601038,一拖股份,2024,2025-03-28,一拖股份2024年年度报告,http://www.cninfo.com.cn/new/disclosure/detail?stockCode=601038&announcementId=1222923068&orgId=gshk0000038&announcementTime=2025-03-28,2025-03-31,2025-06-30,-0.044329
601059,信达证券,2024,2025-03-26,信达证券股份有限公司2024年年度报告,http://www.cninfo.com.cn/new/disclosure/detail?stockCode=601059&announcementId=1222895192&orgId=9900003683&announcementTime=2025-03-26,2025-03-27,2025-06-26,0.038323
601061,中信金属,2024,2025-03-27,中信金属股份有限公司2024年年度报告,http://www.cninfo.com.cn/new/disclosure/detail?stockCode=601061&announcementId=1222912936&orgId=GD192514&announcementTime=2025-03-27,2025-03-28,2025-06-27,0.035891
601065,江盐集团,2024,2025-04-29,2024年年度报告,http://www.cninfo.com.cn/new/disclosure/detail?stockCode=601065&announcementId=1223384285&orgId=9900046968&announcementTime=2025-04-29,2025-04-30,2025-07-29,0.066511
601066,中信建投,2024,2025-03-28,中信建投证券股份有限公司2024年年度报告,http://www.cninfo.com.cn/new/disclosure/detail?stockCode=601066&announcementId=1222927482&orgId=qsgn0000884&announcementTime=2025-03-28,2025-03-31,2025-06-30,-0.010189
601068,中铝国际,2024,2025-03-29,中铝国际工程股份有限公司2024年年度报告,http://www.cninfo.com.cn/new/disclosure/detail?stockCode=601068&announcementId=1222951523&orgId=GD066180&announcementTime=2025-03-29,2025-03-31,2025-06-30,0.004376
601069,西部黄金,2024,2025-04-02,西部黄金股份有限公司2024年年度报告,http://www.cninfo.com.cn/new/disclosure/detail?stockCode=601069&announcementId=1222983253&orgId=9900023646&announcementTime=2025-04-02,2025-04-03,2025-07-03,0.272727
601083,锦江航运,2024,2025-04-01,锦江航运2024年年度报告,http://www.cninfo.com.cn/new/disclosure/detail?stockCode=601083&announcementId=1222973594&orgId=9900057394&announcementTime=2025-04-01,2025-04-02,2025-07-02,0.187438
601077,渝农商行,2024,2025-03-26,重庆农村商业银行股份有限公司2024年年度报告,http://www.cninfo.com.cn/new/disclosure/detail?stockCode=601077&announcementId=1222896108&orgId=9900016867&announcementTime=2025-03-26,2025-03-27,2025-06-26,0.253286
601086,国芳集团,2024,2025-04-12,国芳集团：2024年年度报告,http://www.cninfo.com.cn/new/disclosure/detail?stockCode=601086&announcementId=1223073313&orgId=9900027668&announcementTime=2025-04-12,2025-04-14,2025-07-11,0.341717
601088,中国神华,2024,2025-03-22,中国神华2024年度报告,http://www.cninfo.com.cn/new/disclosure/detail?stockCode=601088&announcementId=1222870380&orgId=9900003701&announcementTime=2025-03-22,2025-03-24,2025-06-23,0.079983
601089,福元医药,2024,2025-04-01,北京福元医药股份有限公司2024年年度报告,http://www.cninfo.com.cn/new/disclosure/detail?stockCode=601089&announcementId=1222972306&orgId=9900047301&announcementTime=2025-04-01,2025-04-02,2025-07-02,0.084565
601096,宏盛华源,2024,2025-04-11,宏盛华源2024年年度报告,http://www.cninfo.com.cn/new/disclosure/detail?stockCode=601096&announcementId=1223058980&orgId=9900052305&announcementTime=2025-04-11,2025-04-14,2025-07-11,0.065375
601098,中南传媒,2024,2025-04-26,中南传媒2024年年度报告,http://www.cninfo.com.cn/new/disclosure/detail?stockCode=601098&announcementId=1223317748&orgId=9900015470&announcementTime=2025-04-26,2025-04-28,2025-07-25,-0.04383
601099,太平洋,2024,2025-04-26,太平洋证券股份有限公司2024年年度报告,http://www.cninfo.com.cn/new/disclosure/detail?stockCode=601099&announcementId=1223307986&orgId=9900004122&announcementTime=2025-04-26,2025-04-28,2025-07-25,0.141063
601100,恒立液压,2024,2025-04-29,江苏恒立液压股份有限公司2024年年度报告,http://www.cninfo.com.cn/new/disclosure/detail?stockCode=601100&announcementId=1223384610&orgId=9900021530&announcementTime=2025-04-29,2025-04-30,2025-07-29,0.040216
601101,昊华能源,2024,2025-04-29,北京昊华能源股份有限公司2024年年度报告,http://www.cninfo.com.cn/new/disclosure/detail?stockCode=601101&announcementId=1223390391&orgId=9900010887&announcementTime=2025-04-29,2025-04-30,2025-07-29,0.149718
601106,中国一重,2024,2025-04-30,年报全文,http://www.cninfo.com.cn/new/disclosure/detail?stockCode=601106&announcementId=1223415420&orgId=9900010530&announcementTime=2025-04-30,2025-05-06,2025-07-30,0.137931
601107,四川成渝,2024,2025-03-29,四川成渝2024年年度报告,http://www.cninfo.com.cn/new/disclosure/detail?stockCode=601107&announcementId=1222952136&orgId=9900007387&announcementTime=2025-03-29,2025-03-31,2025-06-30,0.205263
601108,财通证券,2024,2025-04-26,2024年年度报告,http://www.cninfo.com.cn/new/disclosure/detail?stockCode=601108&announcementId=1223320210&orgId=qsgn0000808&announcementTime=2025-04-26,2025-04-28,2025-07-25,0.138249
601113,华鼎股份,2024,2025-04-10,义乌华鼎锦纶股份有限公司2024年年度报告,http://www.cninfo.com.cn/new/disclosure/detail?stockCode=601113&announcementId=1223043641&orgId=9900019412&announcementTime=2025-04-10,2025-04-11,2025-07-10,0.067985
601111,中国国航,2024,2025-03-28,中国国际航空股份有限公司2024年度报告,http://www.cninfo.com.cn/new/disclosure/detail?stockCode=601111&announcementId=1222927869&orgId=9900000441&announcementTime=2025-03-28,2025-03-31,2025-06-30,0.082734
601116,三江购物,2024,2025-04-26,三江购物2024年年度报告,http://www.cninfo.com.cn/new/disclosure/detail?stockCode=601116&announcementId=1223307264&orgId=9900018284&announcementTime=2025-04-26,2025-04-28,2025-07-25,0.085881
601117,中国化学,2024,2025-04-30,中国化学2024年年度报告,http://www.cninfo.com.cn/new/disclosure/detail?stockCode=601117&announcementId=1223421525&orgId=9900009949&announcementTime=2025-04-30,2025-05-06,2025-07-30,0.080913
601121,宝地矿业,2024,2025-03-29,新疆宝地矿业股份有限公司2024年年度报告,http://www.cninfo.com.cn/new/disclosure/detail?stockCode=601121&announcementId=1222943070&orgId=9900030900&announcementTime=2025-03-29,2025-03-31,2025-06-30,-0.00607
601118,海南橡胶,2024,2025-04-26,2024年年度报告,http://www.cninfo.com.cn/new/disclosure/detail?stockCode=601118&announcementId=1223325262&orgId=9900005902&announcementTime=2025-04-26,2025-04-28,2025-07-25,0.13125
601126,四方股份,2024,2025-03-31,四方股份2024年年度报告,http://www.cninfo.com.cn/new/disclosure/detail?stockCode=601126&announcementId=1222962147&orgId=9900016847&announcementTime=2025-03-31,2025-04-01,2025-07-01,0.0
601127,赛力斯,2024,2025-04-01,2024年年度报告,http://www.cninfo.com.cn/new/disclosure/detail?stockCode=601127&announcementId=1222976168&orgId=9900024265&announcementTime=2025-04-01,2025-04-02,2025-07-02,0.076395
601128,常熟银行,2024,2025-03-28,江苏常熟农村商业银行股份有限公司2024年年度报告,http://www.cninfo.com.cn/new/disclosure/detail?stockCode=601128&announcementId=1222926499&orgId=9900023084&announcementTime=2025-03-28,2025-03-31,2025-06-30,0.196635
601133,柏诚股份,2024,2025-04-22,2024年年度报告,http://www.cninfo.com.cn/new/disclosure/detail?stockCode=601133&announcementId=1223192324&orgId=9900053230&announcementTime=2025-04-22,2025-04-23,2025-07-22,0.169946
601136,首创证券,2024,2025-04-12,2024年年度报告,http://www.cninfo.com.cn/new/disclosure/detail?stockCode=601136&announcementId=1223071824&orgId=qsgn0000516&announcementTime=2025-04-12,2025-04-14,2025-07-11,-0.005837
601137,博威合金,2024,2025-04-15,博威合金2024年年度报告,http://www.cninfo.com.cn/new/disclosure/detail?stockCode=601137&announcementId=1223092371&orgId=9900017432&announcementTime=2025-04-15,2025-04-16,2025-07-15,0.080593
601138,工业富联,2024,2025-04-30,富士康工业互联网股份有限公司2024年年度报告,http://www.cninfo.com.cn/new/disclosure/detail?stockCode=601138&announcementId=1223421561&orgId=9900036731&announcementTime=2025-04-30,2025-05-06,2025-07-30,0.817968
601139,深圳燃气,2024,2025-04-25,深圳燃气2024年年度报告,http://www.cninfo.com.cn/new/disclosure/detail?stockCode=601139&announcementId=1223283829&orgId=9900009513&announcementTime=2025-04-25,2025-04-28,2025-07-25,0.038438
601156,东航物流,2024,2025-04-17,东航物流2024年年度报告,http://www.cninfo.com.cn/new/disclosure/detail?stockCode=601156&announcementId=1223112624&orgId=9900039947&announcementTime=2025-04-17,2025-04-18,2025-07-17,0.110119
601155,新城控股,2024,2025-03-29,新城控股2024年年度报告,http://www.cninfo.com.cn/new/disclosure/detail?stockCode=601155&announcementId=1222941295&orgId=GD012027&announcementTime=2025-03-29,2025-03-31,2025-06-30,0.068744
601162,天风证券,2024,2025-04-30,天风证券股份有限公司2024年年度报告,http://www.cninfo.com.cn/new/disclosure/detail?stockCode=601162&announcementId=1223421580&orgId=qsgn0000533&announcementTime=2025-04-30,2025-05-06,2025-07-30,0.309577
601158,重庆水务,2024,2025-04-02,重庆水务集团股份有限公司2024年年度报告,http://www.cninfo.com.cn/new/disclosure/detail?stockCode=601158&announcementId=1222982864&orgId=9900011267&announcementTime=2025-04-02,2025-04-03,2025-07-03,-0.014874
601163,三角轮胎,2024,2025-04-26,三角轮胎2024年年度报告,http://www.cninfo.com.cn/new/disclosure/detail?stockCode=601163&announcementId=1223306446&orgId=9900022035&announcementTime=2025-04-26,2025-04-28,2025-07-25,0.058824
601166,兴业银行,2024,2025-03-28,兴业银行2024年年度报告,http://www.cninfo.com.cn/new/disclosure/detail?stockCode=601166&announcementId=1222927176&orgId=9900002081&announcementTime=2025-03-28,2025-03-31,2025-06-30,0.133065
601168,西部矿业,2024,2025-04-12,西部矿业2024年年度报告,http://www.cninfo.com.cn/new/disclosure/detail?stockCode=601168&announcementId=1223071030&orgId=9900003262&announcementTime=2025-04-12,2025-04-14,2025-07-11,0.124762
601169,北京银行,2024,2025-04-15,北京银行股份有限公司2024年年度报告,http://www.cninfo.com.cn/new/disclosure/detail?stockCode=601169&announcementId=1223096760&orgId=9900003642&announcementTime=2025-04-15,2025-04-16,2025-07-15,0.18057
601177,杭齿前进,2024,2025-04-17,2024年年度报告,http://www.cninfo.com.cn/new/disclosure/detail?stockCode=601177&announcementId=1223107747&orgId=9900014907&announcementTime=2025-04-17,2025-04-18,2025-07-17,0.124352
601179,中国西电,2024,2025-04-15,中国西电2024年年度报告,http://www.cninfo.com.cn/new/disclosure/detail?stockCode=601179&announcementId=1223094946&orgId=9900010350&announcementTime=2025-04-15,2025-04-16,2025-07-15,0.012262
601186,中国铁建,2024,2025-03-29,中国铁建2024年年度报告,http://www.cninfo.com.cn/new/disclosure/detail?stockCode=601186&announcementId=1222941013&orgId=9900004347&announcementTime=2025-03-29,2025-03-31,2025-06-30,-0.018933
601187,厦门银行,2024,2025-04-29,厦门银行股份有限公司2024年年度报告,http://www.cninfo.com.cn/new/disclosure/detail?stockCode=601187&announcementId=1223384645&orgId=9900012128&announcementTime=2025-04-29,2025-04-30,2025-07-29,0.213592
601188,龙江交通,2024,2025-03-29,龙江交通2024年年度报告,http://www.cninfo.com.cn/new/disclosure/detail?stockCode=601188&announcementId=1222948281&orgId=9900011628&announcementTime=2025-03-29,2025-03-31,2025-06-30,0.053241
601198,东兴证券,2024,2025-04-04,东兴证券股份有限公司2024年年度报告,http://www.cninfo.com.cn/new/disclosure/detail?stockCode=601198&announcementId=1223004192&orgId=9900008427&announcementTime=2025-04-04,2025-04-07,2025-07-04,0.015335
601199,江南水务,2024,2025-04-25,江南水务2024年年度报告,http://www.cninfo.com.cn/new/disclosure/detail?stockCode=601199&announcementId=1223277635&orgId=9900018832&announcementTime=2025-04-25,2025-04-28,2025-07-25,0.082847
601200,上海环境,2024,2025-03-28,上海环境集团股份有限公司2024年年度报告,http://www.cninfo.com.cn/new/disclosure/detail?stockCode=601200&announcementId=1222928775&orgId=9900034899&announcementTime=2025-03-28,2025-03-31,2025-06-30,-0.009723
601208,东材科技,2024,2025-04-25,四川东材科技集团股份有限公司2024年年度报告,http://www.cninfo.com.cn/new/disclosure/detail?stockCode=601208&announcementId=1223283844&orgId=9900019705&announcementTime=2025-04-25,2025-04-28,2025-07-25,0.820662
601211,国泰海通,2024,2025-03-29,国泰君安证券股份有限公司2024年年度报告,http://www.cninfo.com.cn/new/disclosure/detail?stockCode=601211&announcementId=1222949883&orgId=qsgn0000116&announcementTime=2025-03-29,2025-03-31,2025-06-30,0.09965
601212,白银有色,2024,2025-04-30,白银有色集团股份有限公司2024年年度报告,http://www.cninfo.com.cn/new/disclosure/detail?stockCode=601212&announcementId=1223421624&orgId=9900027220&announcementTime=2025-04-30,2025-05-06,2025-07-30,0.208791
601216,君正集团,2024,2025-04-26,君正集团2024年年度报告,http://www.cninfo.com.cn/new/disclosure/detail?stockCode=601216&announcementId=1223306248&orgId=9900017867&announcementTime=2025-04-26,2025-04-28,2025-07-25,0.072222
601218,吉鑫科技,2024,2025-04-18,江苏吉鑫风能科技股份有限公司2024年年度报告,http://www.cninfo.com.cn/new/disclosure/detail?stockCode=601218&announcementId=1223130681&orgId=9900019427&announcementTime=2025-04-18,2025-04-21,2025-07-18,0.419178
601222,林洋能源,2024,2025-04-26,江苏林洋能源股份有限公司2024年年度报告,http://www.cninfo.com.cn/new/disclosure/detail?stockCode=601222&announcementId=1223326755&orgId=9900021223&announcementTime=2025-04-26,2025-04-28,2025-07-25,-0.006583
601225,陕西煤业,2024,2025-04-26,年报全文,http://www.cninfo.com.cn/new/disclosure/detail?stockCode=601225&announcementId=1223301988&orgId=9900023204&announcementTime=2025-04-26,2025-04-28,2025-07-25,0.098446
601226,华电科工,2024,2025-04-25,华电科工：2024年年度报告,http://www.cninfo.com.cn/new/disclosure/detail?stockCode=601226&announcementId=1223284922&orgId=9900023782&announcementTime=2025-04-25,2025-04-28,2025-07-25,0.078868
601228,广州港,2024,2025-04-09,广州港股份有限公司2024年年度报告,http://www.cninfo.com.cn/new/disclosure/detail?stockCode=601228&announcementId=1223032003&orgId=9900029141&announcementTime=2025-04-09,2025-04-10,2025-07-09,0.02
601229,上海银行,2024,2025-04-25,上海银行2024年度报告,http://www.cninfo.com.cn/new/disclosure/detail?stockCode=601229&announcementId=1223286930&orgId=9900010207&announcementTime=2025-04-25,2025-04-28,2025-07-25,0.015005
601233,桐昆股份,2024,2025-04-26,桐昆股份2024年年度报告,http://www.cninfo.com.cn/new/disclosure/detail?stockCode=601233&announcementId=1223304488&orgId=9900019547&announcementTime=2025-04-26,2025-04-28,2025-07-25,0.181361
601231,环旭电子,2024,2025-04-01,2024年年度报告,http://www.cninfo.com.cn/new/disclosure/detail?stockCode=601231&announcementId=1222972338&orgId=9900022058&announcementTime=2025-04-01,2025-04-02,2025-07-02,-0.111139
601236,红塔证券,2024,2025-03-29,红塔证券股份有限公司2024年年度报告,http://www.cninfo.com.cn/new/disclosure/detail?stockCode=601236&announcementId=1222941042&orgId=qsgn0000641&announcementTime=2025-03-29,2025-03-31,2025-06-30,0.073718
601238,广汽集团,2024,2025-03-29,广汽集团2024年年度报告全文,http://www.cninfo.com.cn/new/disclosure/detail?stockCode=601238&announcementId=1222952284&orgId=9900006006&announcementTime=2025-03-29,2025-03-31,2025-06-30,-0.120936
601288,农业银行,2024,2025-03-29,农业银行2024年度报告,http://www.cninfo.com.cn/new/disclosure/detail?stockCode=601288&announcementId=1222943086&orgId=jjxt0000020&announcementTime=2025-03-29,2025-03-31,2025-06-30,0.146078
601279,英利汽车,2024,2025-03-29,长春英利汽车工业股份有限公司2024年年度报告,http://www.cninfo.com.cn/new/disclosure/detail?stockCode=601279&announcementId=1222945681&orgId=9900039777&announcementTime=2025-03-29,2025-03-31,2025-06-30,0.069149
601298,青岛港,2024,2025-03-29,青岛港国际股份有限公司2024年年度报告,http://www.cninfo.com.cn/new/disclosure/detail?stockCode=601298&announcementId=1222947708&orgId=GD025907&announcementTime=2025-03-29,2025-03-31,2025-06-30,-0.085854
601311,骆驼股份,2024,2025-04-19,骆驼股份2024年年度报告,http://www.cninfo.com.cn/new/disclosure/detail?stockCode=601311&announcementId=1223145871&orgId=9900019962&announcementTime=2025-04-19,2025-04-21,2025-07-18,0.192292
601318,中国平安,2024,2025-03-20,中国平安2024年年度报告,http://www.cninfo.com.cn/new/disclosure/detail?stockCode=601318&announcementId=1222847447&orgId=9900002221&announcementTime=2025-03-20,2025-03-21,2025-06-20,0.044661
601319,中国人保,2024,2025-03-28,中国人保2024年年度报告,http://www.cninfo.com.cn/new/disclosure/detail?stockCode=601319&announcementId=1222927515&orgId=9900024684&announcementTime=2025-03-28,2025-03-31,2025-06-30,0.280657
601328,交通银行,2024,2025-03-22,交通银行2024年度报告,http://www.cninfo.com.cn/new/disclosure/detail?stockCode=601328&announcementId=1222869580&orgId=9900002841&announcementTime=2025-03-22,2025-03-24,2025-06-23,0.141489
601326,秦港股份,2024,2025-03-29,秦皇岛港股份有限公司2024年年度报告,http://www.cninfo.com.cn/new/disclosure/detail?stockCode=601326&announcementId=1222950381&orgId=9900023004&announcementTime=2025-03-29,2025-03-31,2025-06-30,-0.022959
601330,绿色动力,2024,2025-03-29,2024年年度报告,http://www.cninfo.com.cn/new/disclosure/detail?stockCode=601330&announcementId=1222945707&orgId=9900028847&announcementTime=2025-03-29,2025-03-31,2025-06-30,0.17033
601336,新华保险,2024,2025-03-28,新华保险2024年年度报告,http://www.cninfo.com.cn/new/disclosure/detail?stockCode=601336&announcementId=1222924627&orgId=GD040482&announcementTime=2025-03-28,2025-03-31,2025-06-30,0.131615
601333,广深铁路,2024,2025-03-28,广深铁路2024年年度报告,http://www.cninfo.com.cn/new/disclosure/detail?stockCode=601333&announcementId=1222924196&orgId=9900001741&announcementTime=2025-03-28,2025-03-31,2025-06-30,-0.01737
601339,百隆东方,2024,2025-04-16,百隆东方2024年年度报告,http://www.cninfo.com.cn/new/disclosure/detail?stockCode=601339&announcementId=1223099224&orgId=9900022783&announcementTime=2025-04-16,2025-04-17,2025-07-16,0.074578
601360,三六零,2024,2025-04-26,三六零安全科技股份有限公司2024年年度报告,http://www.cninfo.com.cn/new/disclosure/detail?stockCode=601360&announcementId=1223325025&orgId=9900021962&announcementTime=2025-04-26,2025-04-28,2025-07-25,0.113833
601366,利群股份,2024,2025-04-25,利群商业集团股份有限公司2024年年度报告,http://www.cninfo.com.cn/new/disclosure/detail?stockCode=601366&announcementId=1223283907&orgId=9900028735&announcementTime=2025-04-25,2025-04-28,2025-07-25,-0.007299
601368,绿城水务,2024,2025-03-27,广西绿城水务股份有限公司2024年年度报告,http://www.cninfo.com.cn/new/disclosure/detail?stockCode=601368&announcementId=1222911074&orgId=9900023964&announcementTime=2025-03-27,2025-03-28,2025-06-27,0.009091
601369,陕鼓动力,2024,2025-04-18,西安陕鼓动力股份有限公司2024年年度报告全文,http://www.cninfo.com.cn/new/disclosure/detail?stockCode=601369&announcementId=1223123581&orgId=9900012093&announcementTime=2025-04-18,2025-04-21,2025-07-18,0.065676
601375,中原证券,2024,2025-03-29,中原证券股份有限公司2024年年度报告,http://www.cninfo.com.cn/new/disclosure/detail?stockCode=601375&announcementId=1222951559&orgId=qsgn0000802&announcementTime=2025-03-29,2025-03-31,2025-06-30,0.013857
601377,兴业证券,2024,2025-04-26,兴业证券2024年年度报告,http://www.cninfo.com.cn/new/disclosure/detail?stockCode=601377&announcementId=1223305502&orgId=qsgn0000076&announcementTime=2025-04-26,2025-04-28,2025-07-25,0.160348
601388,怡球资源,2024,2025-04-26,怡球资源2024年年度报告,http://www.cninfo.com.cn/new/disclosure/detail?stockCode=601388&announcementId=1223318991&orgId=9900022404&announcementTime=2025-04-26,2025-04-28,2025-07-25,0.122754
601390,中国中铁,2024,2025-03-29,中国中铁2024年年度报告,http://www.cninfo.com.cn/new/disclosure/detail?stockCode=601390&announcementId=1222946654&orgId=9900003904&announcementTime=2025-03-29,2025-03-31,2025-06-30,-0.019255
601398,工商银行,2024,2025-03-29,工商银行2024年度报告,http://www.cninfo.com.cn/new/disclosure/detail?stockCode=601398&announcementId=1222948914&orgId=jjxt0000019&announcementTime=2025-03-29,2025-03-31,2025-06-30,0.102781
601399,国机重装,2024,2025-04-23,国机重装2024年年度报告,http://www.cninfo.com.cn/new/disclosure/detail?stockCode=601399&announcementId=1223213236&orgId=9900010450&announcementTime=2025-04-23,2025-04-24,2025-07-23,0.400685
601456,国联民生,2024,2025-03-27,国联民生证券股份有限公司2024年年度报告,http://www.cninfo.com.cn/new/disclosure/detail?stockCode=601456&announcementId=1222912089&orgId=qsgn0000343&announcementTime=2025-03-27,2025-03-28,2025-06-27,-0.011927
601512,中新集团,2024,2025-04-22,中新集团2024年年度报告,http://www.cninfo.com.cn/new/disclosure/detail?stockCode=601512&announcementId=1223193142&orgId=9900022946&announcementTime=2025-04-22,2025-04-23,2025-07-22,0.093787
601500,通用股份,2024,2025-04-30,江苏通用科技股份有限公司2024年年度报告,http://www.cninfo.com.cn/new/disclosure/detail?stockCode=601500&announcementId=1223415504&orgId=9900026535&announcementTime=2025-04-30,2025-05-06,2025-07-30,0.034711
601518,吉林高速,2024,2025-04-11,吉林高速公路股份有限公司2024年年度报告,http://www.cninfo.com.cn/new/disclosure/detail?stockCode=601518&announcementId=1223057366&orgId=9900011627&announcementTime=2025-04-11,2025-04-14,2025-07-11,0.027897
601515,衢州东峰,2024,2025-04-22,东峰集团2024年年度报告,http://www.cninfo.com.cn/new/disclosure/detail?stockCode=601515&announcementId=1223195365&orgId=9900022063&announcementTime=2025-04-22,2025-04-23,2025-07-22,0.032158
601519,大智慧,2024,2025-04-12,2024年年度报告,http://www.cninfo.com.cn/new/disclosure/detail?stockCode=601519&announcementId=1223069690&orgId=9900017431&announcementTime=2025-04-12,2025-04-14,2025-07-11,0.801643
601528,瑞丰银行,2024,2025-03-28,浙江绍兴瑞丰农村商业银行股份有限公司2024年年度报告,http://www.cninfo.com.cn/new/disclosure/detail?stockCode=601528&announcementId=1222926532&orgId=9900032315&announcementTime=2025-03-28,2025-03-31,2025-06-30,0.119363
601555,东吴证券,2024,2025-04-26,东吴证券股份有限公司2024年年度报告,http://www.cninfo.com.cn/new/disclosure/detail?stockCode=601555&announcementId=1223304655&orgId=qsgn0000325&announcementTime=2025-04-26,2025-04-28,2025-07-25,0.349817
601566,九牧王,2024,2025-04-25,九牧王2024年年度报告,http://www.cninfo.com.cn/new/disclosure/detail?stockCode=601566&announcementId=1223277678&orgId=9900019841&announcementTime=2025-04-25,2025-04-28,2025-07-25,0.009507
601567,三星医疗,2024,2025-04-25,三星医疗2024年年度报告,http://www.cninfo.com.cn/new/disclosure/detail?stockCode=601567&announcementId=1223277704&orgId=9900020091&announcementTime=2025-04-25,2025-04-28,2025-07-25,-0.118281
601568,北元集团,2024,2025-04-24,陕西北元化工集团股份有限公司2024年年度报告,http://www.cninfo.com.cn/new/disclosure/detail?stockCode=601568&announcementId=1223235579&orgId=9900039743&announcementTime=2025-04-24,2025-04-25,2025-07-24,0.091892
601577,长沙银行,2024,2025-04-26,长沙银行股份有限公司2024年年度报告全文,http://www.cninfo.com.cn/new/disclosure/detail?stockCode=601577&announcementId=1223314416&orgId=9900021960&announcementTime=2025-04-26,2025-04-28,2025-07-25,0.132155
601588,北辰实业,2024,2025-03-27,北辰实业2024年年报,http://www.cninfo.com.cn/new/disclosure/detail?stockCode=601588&announcementId=1222913261&orgId=9900000921&announcementTime=2025-03-27,2025-03-28,2025-06-27,-0.02193
601579,会稽山,2024,2025-04-02,会稽山绍兴酒股份有限公司2024年年度报告,http://www.cninfo.com.cn/new/disclosure/detail?stockCode=601579&announcementId=1222984012&orgId=9900023219&announcementTime=2025-04-02,2025-04-03,2025-07-03,0.681269
601595,上海电影,2024,2025-04-22,2024年年度报告,http://www.cninfo.com.cn/new/disclosure/detail?stockCode=601595&announcementId=1223190029&orgId=9900024674&announcementTime=2025-04-22,2025-04-23,2025-07-22,0.091597
601598,中国外运,2024,2025-03-26,2024年年度报告,http://www.cninfo.com.cn/new/disclosure/detail?stockCode=601598&announcementId=1222895896&orgId=gshk0000598&announcementTime=2025-03-26,2025-03-27,2025-06-26,-0.062319
601600,中国铝业,2024,2025-03-27,中国铝业2024年年度报告全文,http://www.cninfo.com.cn/new/disclosure/detail?stockCode=601600&announcementId=1222910000&orgId=9900002901&announcementTime=2025-03-27,2025-03-28,2025-06-27,-0.064677
601599,浙文影业,2024,2025-04-12,2024年年度报告,http://www.cninfo.com.cn/new/disclosure/detail?stockCode=601599&announcementId=1223070412&orgId=9900019840&announcementTime=2025-04-12,2025-04-14,2025-07-11,0.144144
601606,长城军工,2024,2025-04-26,安徽长城军工股份有限公司2024年年度报告,http://www.cninfo.com.cn/new/disclosure/detail?stockCode=601606&announcementId=1223308542&orgId=9900027664&announcementTime=2025-04-26,2025-04-28,2025-07-25,1.452561
601601,中国太保,2024,2025-03-27,中国太保2024年年度报告,http://www.cninfo.com.cn/new/disclosure/detail?stockCode=601601&announcementId=1222910802&orgId=9900004003&announcementTime=2025-03-27,2025-03-28,2025-06-27,0.147547
601607,上海医药,2024,2025-03-28,上海医药集团股份有限公司2024 年年度报告,http://www.cninfo.com.cn/new/disclosure/detail?stockCode=601607&announcementId=1222927545&orgId=gssh0600849&announcementTime=2025-03-28,2025-03-31,2025-06-30,-0.06092
601608,中信重工,2024,2025-03-15,中信重工2024年年度报告,http://www.cninfo.com.cn/new/disclosure/detail?stockCode=601608&announcementId=1222807429&orgId=9900022870&announcementTime=2025-03-15,2025-03-17,2025-06-16,-0.07537
601611,中国核建,2024,2025-04-30,中国核建2024年年度报告,http://www.cninfo.com.cn/new/disclosure/detail?stockCode=601611&announcementId=1223426571&orgId=9900028774&announcementTime=2025-04-30,2025-05-06,2025-07-30,0.107104
601609,金田股份,2024,2025-04-15,金田股份2024年年度报告,http://www.cninfo.com.cn/new/disclosure/detail?stockCode=601609&announcementId=1223092595&orgId=9900023721&announcementTime=2025-04-15,2025-04-16,2025-07-15,0.462025
601615,明阳智能,2024,2025-04-26,明阳智慧能源集团股份公司2024年年度报告,http://www.cninfo.com.cn/new/disclosure/detail?stockCode=601615&announcementId=1223322777&orgId=9900036760&announcementTime=2025-04-26,2025-04-28,2025-07-25,0.147059
601616,广电电气,2024,2025-03-27,上海广电电气（集团）股份有限公司2024年年度报告,http://www.cninfo.com.cn/new/disclosure/detail?stockCode=601616&announcementId=1222909188&orgId=9900017667&announcementTime=2025-03-27,2025-03-28,2025-06-27,-0.161484
601618,中国中冶,2024,2025-03-29,中国中冶2024年年度报告,http://www.cninfo.com.cn/new/disclosure/detail?stockCode=601618&announcementId=1222951596&orgId=9900008087&announcementTime=2025-03-29,2025-03-31,2025-06-30,-0.038071
601619,嘉泽新能,2024,2025-03-26,嘉泽新能源股份有限公司2024年年度报告,http://www.cninfo.com.cn/new/disclosure/detail?stockCode=601619&announcementId=1222896498&orgId=9900031909&announcementTime=2025-03-26,2025-03-27,2025-06-26,-0.060748
601628,中国人寿,2024,2025-03-27,中国人寿2024年年度报告,http://www.cninfo.com.cn/new/disclosure/detail?stockCode=601628&announcementId=1222910598&orgId=9900001881&announcementTime=2025-03-27,2025-03-28,2025-06-27,0.082075
601633,长城汽车,2024,2025-03-29,长城汽车股份有限公司2024年年度报告,http://www.cninfo.com.cn/new/disclosure/detail?stockCode=601633&announcementId=1222951898&orgId=gshk0002333&announcementTime=2025-03-29,2025-03-31,2025-06-30,-0.193047
601636,旗滨集团,2024,2025-04-25,旗滨集团2024年年度报告,http://www.cninfo.com.cn/new/disclosure/detail?stockCode=601636&announcementId=1223283955&orgId=9900021239&announcementTime=2025-04-25,2025-04-28,2025-07-25,0.207685
601658,邮储银行,2024,2025-03-28,中国邮政储蓄银行股份有限公司2024年年度报告,http://www.cninfo.com.cn/new/disclosure/detail?stockCode=601658&announcementId=1222927886&orgId=9900005091&announcementTime=2025-03-28,2025-03-31,2025-06-30,0.062774
601665,齐鲁银行,2024,2025-04-26,齐鲁银行股份有限公司2024年年度报告,http://www.cninfo.com.cn/new/disclosure/detail?stockCode=601665&announcementId=1223315119&orgId=9900010908&announcementTime=2025-04-26,2025-04-28,2025-07-25,-0.011749
601666,平煤股份,2024,2025-03-21,平煤股份2024年年度报告,http://www.cninfo.com.cn/new/disclosure/detail?stockCode=601666&announcementId=1222858540&orgId=9900001301&announcementTime=2025-03-21,2025-03-24,2025-06-23,-0.120722
601668,中国建筑,2024,2025-04-16,中国建筑股份有限公司2024年年度报告,http://www.cninfo.com.cn/new/disclosure/detail?stockCode=601668&announcementId=1223102350&orgId=9900005970&announcementTime=2025-04-16,2025-04-17,2025-07-16,0.119935
601669,中国电建,2024,2025-04-28,中国电力建设股份有限公司2024年年度报告,http://www.cninfo.com.cn/new/disclosure/detail?stockCode=601669&announcementId=1223346745&orgId=9900019726&announcementTime=2025-04-28,2025-04-29,2025-07-28,0.497623
601678,滨化股份,2024,2025-04-30,滨化股份2024年年度报告,http://www.cninfo.com.cn/new/disclosure/detail?stockCode=601678&announcementId=1223409460&orgId=9900010667&announcementTime=2025-04-30,2025-05-06,2025-07-30,0.099362
601677,明泰铝业,2024,2025-04-23,明泰铝业2024年年度报告,http://www.cninfo.com.cn/new/disclosure/detail?stockCode=601677&announcementId=1223214703&orgId=9900021432&announcementTime=2025-04-23,2025-04-24,2025-07-23,0.072091
601688,华泰证券,2024,2025-03-29,华泰证券股份有限公司2024年年度报告,http://www.cninfo.com.cn/new/disclosure/detail?stockCode=601688&announcementId=1222949445&orgId=qsgn0000161&announcementTime=2025-03-29,2025-03-31,2025-06-30,0.023256
601686,友发集团,2024,2025-04-25,友发集团：2024年年度报告,http://www.cninfo.com.cn/new/disclosure/detail?stockCode=601686&announcementId=1223277982&orgId=9900039715&announcementTime=2025-04-25,2025-04-28,2025-07-25,0.179365
601689,拓普集团,2024,2025-04-24,拓普集团2024年年度报告,http://www.cninfo.com.cn/new/disclosure/detail?stockCode=601689&announcementId=1223245414&orgId=9900023677&announcementTime=2025-04-24,2025-04-25,2025-07-24,-0.034456
601696,中银证券,2024,2025-04-30,2024年年度报告,http://www.cninfo.com.cn/new/disclosure/detail?stockCode=601696&announcementId=1223421823&orgId=qsgn0000638&announcementTime=2025-04-30,2025-05-06,2025-07-30,0.622156
601698,中国卫通,2024,2025-04-02,中国卫通2024年年度报告,http://www.cninfo.com.cn/new/disclosure/detail?stockCode=601698&announcementId=1222982245&orgId=9900036546&announcementTime=2025-04-02,2025-04-03,2025-07-03,0.099433
601699,潞安环能,2024,2025-04-29,潞安环能2024年年度报告,http://www.cninfo.com.cn/new/disclosure/detail?stockCode=601699&announcementId=1223390418&orgId=9900000721&announcementTime=2025-04-29,2025-04-30,2025-07-29,0.376244
601700,风范股份,2024,2025-04-29,常熟风范电力设备股份有限公司2024年度报告,http://www.cninfo.com.cn/new/disclosure/detail?stockCode=601700&announcementId=1223384681&orgId=9900017119&announcementTime=2025-04-29,2025-04-30,2025-07-29,0.175969
601702,华峰铝业,2024,2025-04-19,上海华峰铝业股份有限公司2024年年度报告,http://www.cninfo.com.cn/new/disclosure/detail?stockCode=601702&announcementId=1223150491&orgId=9900038468&announcementTime=2025-04-19,2025-04-21,2025-07-18,0.002976
601717,中创智领,2024,2025-03-29,郑州煤矿机械集团股份有限公司2024年年度报告,http://www.cninfo.com.cn/new/disclosure/detail?stockCode=601717&announcementId=1222950393&orgId=9900013667&announcementTime=2025-03-29,2025-03-31,2025-06-30,0.063499
601718,际华集团,2024,2025-04-28,际华集团2024年年度报告,http://www.cninfo.com.cn/new/disclosure/detail?stockCode=601718&announcementId=1223346796&orgId=9900013870&announcementTime=2025-04-28,2025-04-29,2025-07-28,0.56701
601728,中国电信,2024,2025-03-26,中国电信股份有限公司2024年年度报告,http://www.cninfo.com.cn/new/disclosure/detail?stockCode=601728&announcementId=1222894586&orgId=gshk0000728&announcementTime=2025-03-26,2025-03-27,2025-06-26,0.033445
601727,上海电气,2024,2025-03-29,上海电气2024年年度报告,http://www.cninfo.com.cn/new/disclosure/detail?stockCode=601727&announcementId=1222949461&orgId=9900005766&announcementTime=2025-03-29,2025-03-31,2025-06-30,-0.049494
601777,千里科技,2024,2025-04-19,重庆千里科技股份有限公司2024年年度报告,http://www.cninfo.com.cn/new/disclosure/detail?stockCode=601777&announcementId=1223151127&orgId=9900016000&announcementTime=2025-04-19,2025-04-21,2025-07-18,0.036923
601766,中国中车,2024,2025-03-29,中国中车2024年年度报告,http://www.cninfo.com.cn/new/disclosure/detail?stockCode=601766&announcementId=1222949477&orgId=9900005127&announcementTime=2025-03-29,2025-03-31,2025-06-30,-0.031373
601788,光大证券,2024,2025-03-28,光大证券股份有限公司2024年年度报告,http://www.cninfo.com.cn/new/disclosure/detail?stockCode=601788&announcementId=1222930041&orgId=qsgn0000085&announcementTime=2025-03-28,2025-03-31,2025-06-30,0.045619
601778,晶科科技,2024,2025-04-18,2024年年度报告,http://www.cninfo.com.cn/new/disclosure/detail?stockCode=601778&announcementId=1223129896&orgId=9900038390&announcementTime=2025-04-18,2025-04-21,2025-07-18,0.277154
601798,蓝科高新,2024,2025-04-19,甘肃蓝科石化高新装备股份有限公司2024年年度报告,http://www.cninfo.com.cn/new/disclosure/detail?stockCode=601798&announcementId=1223155627&orgId=9900020287&announcementTime=2025-04-19,2025-04-21,2025-07-18,0.171691
601789,宁波建工,2024,2025-04-22,宁波建工2024年年度报告,http://www.cninfo.com.cn/new/disclosure/detail?stockCode=601789&announcementId=1223186121&orgId=9900021256&announcementTime=2025-04-22,2025-04-23,2025-07-22,0.113567
601800,中国交建,2024,2025-03-28,中国交建2024年年度报告,http://www.cninfo.com.cn/new/disclosure/detail?stockCode=601800&announcementId=1223403703&orgId=gshk0001800&announcementTime=2025-03-28,2025-03-31,2025-06-30,-0.041979
601799,星宇股份,2024,2025-03-20,星宇股份2024年年度报告全文,http://www.cninfo.com.cn/new/disclosure/detail?stockCode=601799&announcementId=1222846861&orgId=9900017668&announcementTime=2025-03-20,2025-03-21,2025-06-20,-0.063021
601801,皖新传媒,2024,2025-04-12,皖新传媒2024年年度报告,http://www.cninfo.com.cn/new/disclosure/detail?stockCode=601801&announcementId=1223072661&orgId=9900010089&announcementTime=2025-04-12,2025-04-14,2025-07-11,0.061844
601808,中海油服,2024,2025-03-26,中海油服2024年年度报告,http://www.cninfo.com.cn/new/disclosure/detail?stockCode=601808&announcementId=1222896234&orgId=9900003692&announcementTime=2025-03-26,2025-03-27,2025-06-26,-0.074875
601811,新华文轩,2024,2025-03-28,新华文轩2024年年度报告,http://www.cninfo.com.cn/new/disclosure/detail?stockCode=601811&announcementId=1222933654&orgId=gshk0000811&announcementTime=2025-03-28,2025-03-31,2025-06-30,-0.065123
601816,京沪高铁,2024,2025-04-30,京沪高速铁路股份有限公司2024年年度报告,http://www.cninfo.com.cn/new/disclosure/detail?stockCode=601816&announcementId=1223415927&orgId=9900041360&announcementTime=2025-04-30,2025-05-06,2025-07-30,-0.045752
601825,沪农商行,2024,2025-04-25,上海农商银行股份有限公司2024年年度报告,http://www.cninfo.com.cn/new/disclosure/detail?stockCode=601825&announcementId=1223285577&orgId=9900010687&announcementTime=2025-04-25,2025-04-28,2025-07-25,0.10613
601818,光大银行,2024,2025-03-29,中国光大银行股份有限公司2024年年度报告,http://www.cninfo.com.cn/new/disclosure/detail?stockCode=601818&announcementId=1222947763&orgId=9900006246&announcementTime=2025-03-29,2025-03-31,2025-06-30,0.089096
601828,美凯龙,2024,2025-03-28,2024年年度报告,http://www.cninfo.com.cn/new/disclosure/detail?stockCode=601828&announcementId=1222927561&orgId=9900024118&announcementTime=2025-03-28,2025-03-31,2025-06-30,-0.038356
601827,三峰环境,2024,2025-03-29,2024年年度报告,http://www.cninfo.com.cn/new/disclosure/detail?stockCode=601827&announcementId=1222948927&orgId=9900038387&announcementTime=2025-03-29,2025-03-31,2025-06-30,-0.013757
601838,成都银行,2024,2025-04-29,成都银行股份有限公司2024年年度报告,http://www.cninfo.com.cn/new/disclosure/detail?stockCode=601838&announcementId=1223384734&orgId=9900021318&announcementTime=2025-04-29,2025-04-30,2025-07-29,0.132762
601857,中国石油,2024,2025-03-31,中国石油天然气股份有限公司2024年度报告,http://www.cninfo.com.cn/new/disclosure/detail?stockCode=601857&announcementId=1222962164&orgId=9900003825&announcementTime=2025-03-31,2025-04-01,2025-07-01,0.076868
601858,中国科传,2024,2025-04-29,中国科技出版传媒股份有限公司2024年年度报告,http://www.cninfo.com.cn/new/disclosure/detail?stockCode=601858&announcementId=1223384815&orgId=9900023751&announcementTime=2025-04-29,2025-04-30,2025-07-29,0.096682
601860,紫金银行,2024,2025-04-25,江苏紫金农村商业银行股份有限公司2024年年度报告,http://www.cninfo.com.cn/new/disclosure/detail?stockCode=601860&announcementId=1223278035&orgId=9900031760&announcementTime=2025-04-25,2025-04-28,2025-07-25,0.138138
601865,福莱特,2024,2025-03-28,福莱特玻璃集团股份有限公司2024年年度报告,http://www.cninfo.com.cn/new/disclosure/detail?stockCode=601865&announcementId=1222924227&orgId=9900031502&announcementTime=2025-03-28,2025-03-31,2025-06-30,-0.173779
601866,中远海发,2024,2025-03-29,中远海发2024年年度报告,http://www.cninfo.com.cn/new/disclosure/detail?stockCode=601866&announcementId=1222948308&orgId=9900003962&announcementTime=2025-03-29,2025-03-31,2025-06-30,0.038328
601868,中国能建,2024,2025-03-29,中国能源建设股份有限公司2024年年度报告,http://www.cninfo.com.cn/new/disclosure/detail?stockCode=601868&announcementId=1222951618&orgId=9900031628&announcementTime=2025-03-29,2025-03-31,2025-06-30,-0.021097
601872,招商轮船,2024,2025-03-28,招商轮船2024年年度报告,http://www.cninfo.com.cn/new/disclosure/detail?stockCode=601872&announcementId=1222929334&orgId=9900001441&announcementTime=2025-03-28,2025-03-31,2025-06-30,0.0
601869,长飞光纤,2024,2025-03-29,长飞光纤光缆股份有限公司2024年年度报告,http://www.cninfo.com.cn/new/disclosure/detail?stockCode=601869&announcementId=1222951657&orgId=GD100544&announcementTime=2025-03-29,2025-03-31,2025-06-30,0.204471
601877,正泰电器,2024,2025-04-30,正泰电器2024年年度报告,http://www.cninfo.com.cn/new/disclosure/detail?stockCode=601877&announcementId=1223409484&orgId=9900010254&announcementTime=2025-04-30,2025-05-06,2025-07-30,0.066239
601878,浙商证券,2024,2025-04-11,浙商证券股份有限公司2024年年度报告,http://www.cninfo.com.cn/new/disclosure/detail?stockCode=601878&announcementId=1223057398&orgId=qsgn0000203&announcementTime=2025-04-11,2025-04-14,2025-07-11,0.059126
601880,辽港股份,2024,2025-03-28,辽宁港口股份有限公司2024年年度报告全文,http://www.cninfo.com.cn/new/disclosure/detail?stockCode=601880&announcementId=1222925850&orgId=gshk0002880&announcementTime=2025-03-28,2025-03-31,2025-06-30,-0.007126
601881,中国银河,2024,2025-03-29,中国银河：2024年度报告,http://www.cninfo.com.cn/new/disclosure/detail?stockCode=601881&announcementId=1222942530&orgId=qsgn0000512&announcementTime=2025-03-29,2025-03-31,2025-06-30,0.009615
601882,海天精工,2024,2025-03-25,宁波海天精工股份有限公司2024年年度报告,http://www.cninfo.com.cn/new/disclosure/detail?stockCode=601882&announcementId=1222881136&orgId=9900024758&announcementTime=2025-03-25,2025-03-26,2025-06-25,-0.151404
601886,江河集团,2024,2025-03-20,江河集团2024年年度报告全文,http://www.cninfo.com.cn/new/disclosure/detail?stockCode=601886&announcementId=1222844929&orgId=9900021258&announcementTime=2025-03-20,2025-03-21,2025-06-20,-0.095436
601888,中国中免,2024,2025-03-29,中国旅游集团中免股份有限公司2024年年度报告,http://www.cninfo.com.cn/new/disclosure/detail?stockCode=601888&announcementId=1222944381&orgId=9900008313&announcementTime=2025-03-29,2025-03-31,2025-06-30,0.017108
601890,亚星锚链,2024,2025-04-29,亚星锚链2024年年度报告,http://www.cninfo.com.cn/new/disclosure/detail?stockCode=601890&announcementId=1223375897&orgId=9900016571&announcementTime=2025-04-29,2025-04-30,2025-07-29,0.231767
601899,紫金矿业,2024,2025-03-22,紫金矿业集团股份有限公司2024年年报报告,http://www.cninfo.com.cn/new/disclosure/detail?stockCode=601899&announcementId=1222870413&orgId=9900004143&announcementTime=2025-03-22,2025-03-24,2025-06-23,0.063298
601898,中煤能源,2024,2025-03-22,中国中煤能源股份有限公司2024年年度报告,http://www.cninfo.com.cn/new/disclosure/detail?stockCode=601898&announcementId=1222868868&orgId=9900004221&announcementTime=2025-03-22,2025-03-24,2025-06-23,0.086512
601900,南方传媒,2024,2025-04-26,南方传媒2024年年度报告,http://www.cninfo.com.cn/new/disclosure/detail?stockCode=601900&announcementId=1223328820&orgId=9900024439&announcementTime=2025-04-26,2025-04-28,2025-07-25,-0.07056
601901,方正证券,2024,2025-03-29,2024年年度报告,http://www.cninfo.com.cn/new/disclosure/detail?stockCode=601901&announcementId=1222947770&orgId=9900021222&announcementTime=2025-03-29,2025-03-31,2025-06-30,-0.004768
601908,京运通,2024,2025-04-29,2024年年度报告,http://www.cninfo.com.cn/new/disclosure/detail?stockCode=601908&announcementId=1223384853&orgId=9900021379&announcementTime=2025-04-29,2025-04-30,2025-07-29,0.642857
601916,浙商银行,2024,2025-03-29,浙商银行股份有限公司2024年度报告,http://www.cninfo.com.cn/new/disclosure/detail?stockCode=601916&announcementId=1222947811&orgId=9900007207&announcementTime=2025-03-29,2025-03-31,2025-06-30,0.196429
601918,新集能源,2024,2025-03-22,新集能源2024年年度报告全文,http://www.cninfo.com.cn/new/disclosure/detail?stockCode=601918&announcementId=1222866043&orgId=9900003914&announcementTime=2025-03-22,2025-03-24,2025-06-23,-0.075771
601921,浙版传媒,2024,2025-04-25,浙江出版传媒股份有限公司2024年年度报告,http://www.cninfo.com.cn/new/disclosure/detail?stockCode=601921&announcementId=1223294177&orgId=9900041882&announcementTime=2025-04-25,2025-04-28,2025-07-25,0.099315
601919,中远海控,2024,2025-03-22,中远海控2024年年度报告,http://www.cninfo.com.cn/new/disclosure/detail?stockCode=601919&announcementId=1222870528&orgId=9900003201&announcementTime=2025-03-22,2025-03-24,2025-06-23,0.122084
601928,凤凰传媒,2024,2025-04-22,凤凰传媒2024年年度报告,http://www.cninfo.com.cn/new/disclosure/detail?stockCode=601928&announcementId=1223196693&orgId=9900021782&announcementTime=2025-04-22,2025-04-23,2025-07-22,-0.019481
601929,吉视传媒,2024,2025-03-15,吉视传媒股份有限公司2024年年度报告,http://www.cninfo.com.cn/new/disclosure/detail?stockCode=601929&announcementId=1222807817&orgId=9900022073&announcementTime=2025-03-15,2025-03-17,2025-06-16,-0.12743
601933,永辉超市,2024,2025-04-26,永辉超市股份有限公司2024年年度报告,http://www.cninfo.com.cn/new/disclosure/detail?stockCode=601933&announcementId=1223319424&orgId=9900016367&announcementTime=2025-04-26,2025-04-28,2025-07-25,-0.086511
601939,建设银行,2024,2025-03-29,建设银行2024年年度报告,http://www.cninfo.com.cn/new/disclosure/detail?stockCode=601939&announcementId=1222940501&orgId=9900003682&announcementTime=2025-03-29,2025-03-31,2025-06-30,0.124451
601949,中国出版,2024,2025-04-26,中国出版传媒股份有限公司2024年年度报告,http://www.cninfo.com.cn/new/disclosure/detail?stockCode=601949&announcementId=1223327597&orgId=9900031902&announcementTime=2025-04-26,2025-04-28,2025-07-25,0.06516
601952,苏垦农发,2024,2025-04-23,苏垦农发2024年年度报告,http://www.cninfo.com.cn/new/disclosure/detail?stockCode=601952&announcementId=1223215981&orgId=9900030581&announcementTime=2025-04-23,2025-04-24,2025-07-23,-0.002582
601956,东贝集团,2024,2025-04-11,湖北东贝机电集团股份有限公司2024年年度报告,http://www.cninfo.com.cn/new/disclosure/detail?stockCode=601956&announcementId=1223055397&orgId=GD008131&announcementTime=2025-04-11,2025-04-14,2025-07-11,0.464217
601958,金钼股份,2024,2025-04-03,金钼股份2024年年度报告,http://www.cninfo.com.cn/new/disclosure/detail?stockCode=601958&announcementId=1222992853&orgId=9900004461&announcementTime=2025-04-03,2025-04-07,2025-07-04,0.111678
601963,重庆银行,2024,2025-03-22,2024年度报告,http://www.cninfo.com.cn/new/disclosure/detail?stockCode=601963&announcementId=1222868927&orgId=9900006641&announcementTime=2025-03-22,2025-03-24,2025-06-23,0.211025
601965,中国汽研,2024,2025-04-26,中国汽研2024年年度报告,http://www.cninfo.com.cn/new/disclosure/detail?stockCode=601965&announcementId=1223305545&orgId=9900022752&announcementTime=2025-04-26,2025-04-28,2025-07-25,0.064427
601966,玲珑轮胎,2024,2025-04-25,山东玲珑轮胎股份有限公司2024年年度报告,http://www.cninfo.com.cn/new/disclosure/detail?stockCode=601966&announcementId=1223285950&orgId=9900023113&announcementTime=2025-04-25,2025-04-28,2025-07-25,0.064264
601968,宝钢包装,2024,2025-04-24,2024年年度报告,http://www.cninfo.com.cn/new/disclosure/detail?stockCode=601968&announcementId=1223236026&orgId=9900024535&announcementTime=2025-04-24,2025-04-25,2025-07-24,0.151874
601969,海南矿业,2024,2025-03-26,海南矿业股份有限公司2024年年度报告,http://www.cninfo.com.cn/new/disclosure/detail?stockCode=601969&announcementId=1222896344&orgId=9900023250&announcementTime=2025-03-26,2025-03-27,2025-06-26,-0.009223
601975,招商南油,2024,2025-03-25,招商局南京油运股份有限公司2024年年度报告,http://www.cninfo.com.cn/new/disclosure/detail?stockCode=601975&announcementId=1222880917&orgId=gssh0600087&announcementTime=2025-03-25,2025-03-26,2025-06-25,-0.036184
601985,中国核电,2024,2025-04-29,中国核能电力股份有限公司2024年年度报告,http://www.cninfo.com.cn/new/disclosure/detail?stockCode=601985&announcementId=1223364592&orgId=9900022188&announcementTime=2025-04-29,2025-04-30,2025-07-29,0.008905
601988,中国银行,2024,2025-03-27,H股公告-2024年年度报告,http://www.cninfo.com.cn/new/disclosure/detail?stockCode=601988&announcementId=1222911381&orgId=jjxt0000028&announcementTime=2025-03-27,2025-03-28,2025-06-27,0.033503
601990,南京证券,2024,2025-03-22,南京证券股份有限公司2024年年度报告,http://www.cninfo.com.cn/new/disclosure/detail?stockCode=601990&announcementId=1222866049&orgId=qsgn0000240&announcementTime=2025-03-22,2025-03-24,2025-06-23,-0.068203
601991,大唐发电,2024,2025-03-26,大唐发电2024年年度报告,http://www.cninfo.com.cn/new/disclosure/detail?stockCode=601991&announcementId=1222897026&orgId=9900001601&announcementTime=2025-03-26,2025-03-27,2025-06-26,0.113861
601992,金隅集团,2024,2025-03-29,北京金隅集团股份有限公司2024年年度报告,http://www.cninfo.com.cn/new/disclosure/detail?stockCode=601992&announcementId=1222952393&orgId=9900006630&announcementTime=2025-03-29,2025-03-31,2025-06-30,-0.072816
601995,中金公司,2024,2025-03-29,中金公司2024年年度报告,http://www.cninfo.com.cn/new/disclosure/detail?stockCode=601995&announcementId=1222948339&orgId=qsgn0000421&announcementTime=2025-03-29,2025-03-31,2025-06-30,0.014566
601996,丰林集团,2024,2025-04-12,广西丰林木业集团股份有限公司2024年年度报告,http://www.cninfo.com.cn/new/disclosure/detail?stockCode=601996&announcementId=1223073258&orgId=9900021478&announcementTime=2025-04-12,2025-04-14,2025-07-11,0.174767
601997,贵阳银行,2024,2025-04-29,贵阳银行股份有限公司2024年年度报告,http://www.cninfo.com.cn/new/disclosure/detail?stockCode=601997&announcementId=1223385076&orgId=9900022955&announcementTime=2025-04-29,2025-04-30,2025-07-29,0.153641
601998,中信银行,2024,2025-03-27,中信银行股份有限公司2024年年度报告,http://www.cninfo.com.cn/new/disclosure/detail?stockCode=601998&announcementId=1222911392&orgId=9900002721&announcementTime=2025-03-27,2025-03-28,2025-06-27,0.166783
603000,人民网,2024,2025-04-26,人民网股份有限公司2024年年度报告,http://www.cninfo.com.cn/new/disclosure/detail?stockCode=603000&announcementId=1223299894&orgId=9900022477&announcementTime=2025-04-26,2025-04-28,2025-07-25,0.042495
601999,出版传媒,2024,2025-04-10,出版传媒2024年年度报告,http://www.cninfo.com.cn/new/disclosure/detail?stockCode=601999&announcementId=1223046815&orgId=9900003948&announcementTime=2025-04-10,2025-04-11,2025-07-10,0.154506
603001,奥康国际,2024,2025-04-16,2024年年度报告,http://www.cninfo.com.cn/new/disclosure/detail?stockCode=603001&announcementId=1223101202&orgId=9900022510&announcementTime=2025-04-16,2025-04-17,2025-07-16,0.610687
603002,宏昌电子,2024,2025-04-24,宏昌电子2024年年度报告,http://www.cninfo.com.cn/new/disclosure/detail?stockCode=603002&announcementId=1223236070&orgId=9900022649&announcementTime=2025-04-24,2025-04-25,2025-07-24,0.202519
603004,鼎龙科技,2024,2025-04-29,2024年年度报告,http://www.cninfo.com.cn/new/disclosure/detail?stockCode=603004&announcementId=1223375988&orgId=9900048374&announcementTime=2025-04-29,2025-04-30,2025-07-29,0.156328
603005,晶方科技,2024,2025-04-19,晶方科技2024年年度报告,http://www.cninfo.com.cn/new/disclosure/detail?stockCode=603005&announcementId=1223157814&orgId=9900022989&announcementTime=2025-04-19,2025-04-21,2025-07-18,0.062458
603007,*ST花王,2024,2025-04-30,2024年年度报告,http://www.cninfo.com.cn/new/disclosure/detail?stockCode=603007&announcementId=1223426622&orgId=9900026537&announcementTime=2025-04-30,2025-05-06,2025-07-30,0.077863
603006,联明股份,2024,2025-04-25,2024年年度报告,http://www.cninfo.com.cn/new/disclosure/detail?stockCode=603006&announcementId=1223278110&orgId=9900023816&announcementTime=2025-04-25,2025-04-28,2025-07-25,0.272588
603009,北特科技,2024,2025-02-28,北特科技2024年年度报告,http://www.cninfo.com.cn/new/disclosure/detail?stockCode=603009&announcementId=1222661481&orgId=9900022982&announcementTime=2025-02-28,2025-03-03,2025-05-30,-0.075481
603008,喜临门,2024,2025-04-25,喜临门家具股份有限公司2024年年度报告,http://www.cninfo.com.cn/new/disclosure/detail?stockCode=603008&announcementId=1223278165&orgId=9900023007&announcementTime=2025-04-25,2025-04-28,2025-07-25,0.045368
603010,万盛股份,2024,2025-03-25,浙江万盛股份有限公司2024年年度报告,http://www.cninfo.com.cn/new/disclosure/detail?stockCode=603010&announcementId=1222880125&orgId=9900022964&announcementTime=2025-03-25,2025-03-26,2025-06-25,-0.035693
603011,合锻智能,2024,2025-04-29,合肥合锻智能制造股份有限公司2024年年度报告,http://www.cninfo.com.cn/new/disclosure/detail?stockCode=603011&announcementId=1223364660&orgId=9900023764&announcementTime=2025-04-29,2025-04-30,2025-07-29,0.62874
603012,创力集团,2024,2025-04-26,创力集团2024年年度报告,http://www.cninfo.com.cn/new/disclosure/detail?stockCode=603012&announcementId=1223309357&orgId=9900023710&announcementTime=2025-04-26,2025-04-28,2025-07-25,0.127946
603013,亚普股份,2024,2025-04-04,亚普汽车部件股份有限公司2024年年度报告,http://www.cninfo.com.cn/new/disclosure/detail?stockCode=603013&announcementId=1223003826&orgId=9900023758&announcementTime=2025-04-04,2025-04-07,2025-07-04,0.21027
603015,弘讯科技,2024,2025-04-23,2024年年度报告全文,http://www.cninfo.com.cn/new/disclosure/detail?stockCode=603015&announcementId=1223213283&orgId=9900023700&announcementTime=2025-04-23,2025-04-24,2025-07-23,0.043059
603016,新宏泰,2024,2025-04-25,2024年年度报告,http://www.cninfo.com.cn/new/disclosure/detail?stockCode=603016&announcementId=1223278296&orgId=9900024938&announcementTime=2025-04-25,2025-04-28,2025-07-25,0.074502
603017,中衡设计,2024,2025-04-22,2024年年度报告,http://www.cninfo.com.cn/new/disclosure/detail?stockCode=603017&announcementId=1223197888&orgId=9900023640&announcementTime=2025-04-22,2025-04-23,2025-07-22,0.195098
603018,华设集团,2024,2025-04-10,公司2024年度报告全文,http://www.cninfo.com.cn/new/disclosure/detail?stockCode=603018&announcementId=1223046860&orgId=9900023176&announcementTime=2025-04-10,2025-04-11,2025-07-10,0.11398
603019,中科曙光,2024,2025-03-05,中科曙光2024年年度报告,http://www.cninfo.com.cn/new/disclosure/detail?stockCode=603019&announcementId=1222707755&orgId=9900023134&announcementTime=2025-03-05,2025-03-06,2025-06-19,-0.062015
603020,爱普股份,2024,2025-04-25,爱普香料集团股份有限公司2024年年度报告,http://www.cninfo.com.cn/new/disclosure/detail?stockCode=603020&announcementId=1223404094&orgId=9900023123&announcementTime=2025-04-25,2025-04-28,2025-07-25,0.096824
603022,新通联,2024,2025-04-25,新通联2024年年度报告,http://www.cninfo.com.cn/new/disclosure/detail?stockCode=603022&announcementId=1223278407&orgId=9900023675&announcementTime=2025-04-25,2025-04-28,2025-07-25,0.221308
603021,ST华鹏,2024,2025-04-22,山东华鹏2024年年度报告,http://www.cninfo.com.cn/new/disclosure/detail?stockCode=603021&announcementId=1223196753&orgId=9900023482&announcementTime=2025-04-22,2025-04-23,2025-07-22,-0.025026
603025,大豪科技,2024,2025-03-21,北京大豪科技股份有限公司2024年年度报告,http://www.cninfo.com.cn/new/disclosure/detail?stockCode=603025&announcementId=1222857260&orgId=9900023457&announcementTime=2025-03-21,2025-03-24,2025-06-23,-0.079576
603023,威帝股份,2024,2025-04-29,哈尔滨威帝电子股份有限公司2024年年度报告,http://www.cninfo.com.cn/new/disclosure/detail?stockCode=603023&announcementId=1223390460&orgId=9900023114&announcementTime=2025-04-29,2025-04-30,2025-07-30,0.163525
603026,石大胜华,2024,2025-04-11,石大胜华2024年年度报告,http://www.cninfo.com.cn/new/disclosure/detail?stockCode=603026&announcementId=1223058924&orgId=9900022966&announcementTime=2025-04-11,2025-04-14,2025-07-11,0.080022
603027,千禾味业,2024,2025-04-16,千禾味业2024年年度报告全文,http://www.cninfo.com.cn/new/disclosure/detail?stockCode=603027&announcementId=1223103749&orgId=9900024904&announcementTime=2025-04-16,2025-04-17,2025-07-16,0.005923
603028,赛福天,2024,2025-04-25,2024年年度报告,http://www.cninfo.com.cn/new/disclosure/detail?stockCode=603028&announcementId=1223278445&orgId=9900024903&announcementTime=2025-04-25,2025-04-28,2025-07-25,0.231395
603029,天鹅股份,2024,2025-04-10,山东天鹅棉业机械股份有限公司2024年年度报告,http://www.cninfo.com.cn/new/disclosure/detail?stockCode=603029&announcementId=1223043328&orgId=9900024504&announcementTime=2025-04-10,2025-04-11,2025-07-10,0.023937
603030,全筑股份,2024,2025-04-26,全筑股份2024年年度报告,http://www.cninfo.com.cn/new/disclosure/detail?stockCode=603030&announcementId=1223356214&orgId=9900023461&announcementTime=2025-04-26,2025-04-28,2025-07-25,0.261139
603031,安孚科技,2024,2025-03-22,安徽安孚电池科技股份有限公司2024年年度报告,http://www.cninfo.com.cn/new/disclosure/detail?stockCode=603031&announcementId=1222870114&orgId=9900024937&announcementTime=2025-03-22,2025-03-24,2025-06-23,-0.073495
603032,德新科技,2024,2025-04-29,德力西新能源科技股份有限公司2024年年度报告,http://www.cninfo.com.cn/new/disclosure/detail?stockCode=603032&announcementId=1223390567&orgId=9900030090&announcementTime=2025-04-29,2025-04-30,2025-07-29,0.406504
603033,三维股份,2024,2025-04-29,三维控股集团股份有限公司2024年年度报告,http://www.cninfo.com.cn/new/disclosure/detail?stockCode=603033&announcementId=1223364721&orgId=9900026790&announcementTime=2025-04-29,2025-04-30,2025-07-29,0.0
603035,常熟汽饰,2024,2025-04-19,江苏常熟汽饰集团股份有限公司2024年年度报告（全文）,http://www.cninfo.com.cn/new/disclosure/detail?stockCode=603035&announcementId=1223143655&orgId=9900029042&announcementTime=2025-04-19,2025-04-21,2025-07-18,0.065899
603036,如通股份,2024,2025-04-15,如通股份2024年年度报告,http://www.cninfo.com.cn/new/disclosure/detail?stockCode=603036&announcementId=1223091610&orgId=9900026788&announcementTime=2025-04-15,2025-04-16,2025-07-15,0.250836
603037,凯众股份,2024,2025-04-29,2024年年度报告,http://www.cninfo.com.cn/new/disclosure/detail?stockCode=603037&announcementId=1223385106&orgId=9900029866&announcementTime=2025-04-29,2025-04-30,2025-07-29,0.084773
603038,华立股份,2024,2025-04-25,2024年年度报告,http://www.cninfo.com.cn/new/disclosure/detail?stockCode=603038&announcementId=1223284969&orgId=9900024798&announcementTime=2025-04-25,2025-04-28,2025-07-25,0.077433
603039,泛微网络,2024,2025-03-28,泛微网络2024年年度报告,http://www.cninfo.com.cn/new/disclosure/detail?stockCode=603039&announcementId=1222929358&orgId=9900029865&announcementTime=2025-03-28,2025-03-31,2025-06-30,-0.122671
603040,新坐标,2024,2025-04-29,新坐标2024年年度报告,http://www.cninfo.com.cn/new/disclosure/detail?stockCode=603040&announcementId=1223364816&orgId=9900029981&announcementTime=2025-04-29,2025-04-30,2025-07-29,0.602709
603041,美思德,2024,2025-04-26,2024年年度报告,http://www.cninfo.com.cn/new/disclosure/detail?stockCode=603041&announcementId=1223318216&orgId=9900030661&announcementTime=2025-04-26,2025-04-28,2025-07-25,0.14795
603042,华脉科技,2024,2025-04-19,2024年年度报告,http://www.cninfo.com.cn/new/disclosure/detail?stockCode=603042&announcementId=1223149823&orgId=9900031495&announcementTime=2025-04-19,2025-04-21,2025-07-18,0.174468
603043,广州酒家,2024,2025-03-28,广州酒家：2024年年度报告,http://www.cninfo.com.cn/new/disclosure/detail?stockCode=603043&announcementId=1222925572&orgId=9900023009&announcementTime=2025-03-28,2025-03-31,2025-06-30,0.009693
603045,福达合金,2024,2025-04-26,2024年年度报告,http://www.cninfo.com.cn/new/disclosure/detail?stockCode=603045&announcementId=1223310856&orgId=9900023670&announcementTime=2025-04-26,2025-04-28,2025-07-25,0.197782
603048,浙江黎明,2024,2025-04-26,2024年年度报告,http://www.cninfo.com.cn/new/disclosure/detail?stockCode=603048&announcementId=1223325149&orgId=9900047835&announcementTime=2025-04-26,2025-04-28,2025-07-25,0.168106
603050,科林电气,2024,2025-02-25,科林电气 2024年年度报告,http://www.cninfo.com.cn/new/disclosure/detail?stockCode=603050&announcementId=1222627863&orgId=9900023860&announcementTime=2025-02-25,2025-02-26,2025-05-27,0.072252
603051,鹿山新材,2024,2025-04-28,广州鹿山新材料股份有限公司2024年年度报告,http://www.cninfo.com.cn/new/disclosure/detail?stockCode=603051&announcementId=1223346811&orgId=9900022812&announcementTime=2025-04-28,2025-04-29,2025-07-28,0.234794
603052,可川科技,2024,2025-04-30,2024年年度报告,http://www.cninfo.com.cn/new/disclosure/detail?stockCode=603052&announcementId=1223421978&orgId=9900039839&announcementTime=2025-04-30,2025-05-06,2025-07-30,0.101302
603055,台华新材,2024,2025-04-11,浙江台华新材料集团股份有限公司2024年年度报告,http://www.cninfo.com.cn/new/disclosure/detail?stockCode=603055&announcementId=1223057859&orgId=9900024946&announcementTime=2025-04-11,2025-04-14,2025-07-11,-0.017675
603053,成都燃气,2024,2025-04-19,成都燃气2024年年度报告,http://www.cninfo.com.cn/new/disclosure/detail?stockCode=603053&announcementId=1223143692&orgId=9900037233&announcementTime=2025-04-19,2025-04-21,2025-07-18,0.029439
603057,紫燕食品,2024,2025-04-18,紫燕食品2024年年度报告,http://www.cninfo.com.cn/new/disclosure/detail?stockCode=603057&announcementId=1223130733&orgId=nssc1000798&announcementTime=2025-04-18,2025-04-21,2025-07-18,-0.110176
603056,德邦股份,2024,2025-04-25,德邦物流股份有限公司2024年年度报告,http://www.cninfo.com.cn/new/disclosure/detail?stockCode=603056&announcementId=1223278489&orgId=DR0000021&announcementTime=2025-04-25,2025-04-28,2025-07-25,0.216429
603058,永吉股份,2024,2025-03-28,贵州永吉印务股份有限公司2024年年度报告,http://www.cninfo.com.cn/new/disclosure/detail?stockCode=603058&announcementId=1222927936&orgId=9900030781&announcementTime=2025-03-28,2025-03-31,2025-06-30,0.078782
603059,倍加洁,2024,2025-04-30,倍加洁集团股份有限公司2024年年度报告,http://www.cninfo.com.cn/new/disclosure/detail?stockCode=603059&announcementId=1223416041&orgId=9900034525&announcementTime=2025-04-30,2025-05-06,2025-07-30,0.282411
603060,国检集团,2024,2025-04-22,国检集团2024年年度报告,http://www.cninfo.com.cn/new/disclosure/detail?stockCode=603060&announcementId=1223196846&orgId=9900026560&announcementTime=2025-04-22,2025-04-23,2025-07-22,0.062383
603061,金海通,2024,2025-03-19,2024年年度报告,http://www.cninfo.com.cn/new/disclosure/detail?stockCode=603061&announcementId=1222835057&orgId=9900048113&announcementTime=2025-03-19,2025-03-20,2025-06-19,-0.024557
603063,禾望电气,2024,2025-03-14,深圳市禾望电气股份有限公司2024年年度报告,http://www.cninfo.com.cn/new/disclosure/detail?stockCode=603063&announcementId=1222790054&orgId=9900031488&announcementTime=2025-03-14,2025-03-17,2025-06-16,-0.076614
603062,麦加芯彩,2024,2025-03-25,2024年年度报告,http://www.cninfo.com.cn/new/disclosure/detail?stockCode=603062&announcementId=1222882239&orgId=9900056874&announcementTime=2025-03-25,2025-03-26,2025-06-25,0.01432
603065,宿迁联盛,2024,2025-04-29,宿迁联盛2024年年度报告,http://www.cninfo.com.cn/new/disclosure/detail?stockCode=603065&announcementId=1223365185&orgId=9900051383&announcementTime=2025-04-29,2025-04-30,2025-07-29,-0.048338
603066,音飞储存,2024,2025-04-26,音飞储存2024年年度报告,http://www.cninfo.com.cn/new/disclosure/detail?stockCode=603066&announcementId=1223308586&orgId=9900023471&announcementTime=2025-04-26,2025-04-28,2025-07-25,0.133276
603067,振华股份,2024,2025-04-28,振华股份2024年年度报告,http://www.cninfo.com.cn/new/disclosure/detail?stockCode=603067&announcementId=1223346842&orgId=9900024048&announcementTime=2025-04-28,2025-04-29,2025-07-28,-0.134592
603068,博通集成,2024,2025-04-29,博通集成2024年年度报告,http://www.cninfo.com.cn/new/disclosure/detail?stockCode=603068&announcementId=1223390602&orgId=9900036059&announcementTime=2025-04-29,2025-04-30,2025-07-29,0.06416
603070,万控智造,2024,2025-04-26,万控智造：2024年年度报告,http://www.cninfo.com.cn/new/disclosure/detail?stockCode=603070&announcementId=1223304692&orgId=nssc1000483&announcementTime=2025-04-26,2025-04-28,2025-07-25,0.146893
603069,海汽集团,2024,2025-04-29,海汽集团2024年年度报告,http://www.cninfo.com.cn/new/disclosure/detail?stockCode=603069&announcementId=1223390639&orgId=9900024949&announcementTime=2025-04-29,2025-04-30,2025-07-29,0.238095
603071,物产环能,2024,2025-04-22,浙江物产环保能源股份有限公司2024年年度报告,http://www.cninfo.com.cn/new/disclosure/detail?stockCode=603071&announcementId=1223188051&orgId=9900046526&announcementTime=2025-04-22,2025-04-23,2025-07-22,0.187728
603072,天和磁材,2024,2025-04-26,2024年年度报告,http://www.cninfo.com.cn/new/disclosure/detail?stockCode=603072&announcementId=1223324264&orgId=9900041650&announcementTime=2025-04-26,2025-04-28,2025-07-25,0.16988
603073,彩蝶实业,2024,2025-04-29,浙江彩蝶实业股份有限公司2024年年度报告,http://www.cninfo.com.cn/new/disclosure/detail?stockCode=603073&announcementId=1223368630&orgId=nssc1000544&announcementTime=2025-04-29,2025-04-30,2025-07-29,0.177013
603075,热威股份,2024,2025-04-09,2024年年度报告,http://www.cninfo.com.cn/new/disclosure/detail?stockCode=603075&announcementId=1223032392&orgId=nssc1000638&announcementTime=2025-04-09,2025-04-10,2025-07-09,0.159201
603076,乐惠国际,2024,2025-04-25,公司2024年年度报告,http://www.cninfo.com.cn/new/disclosure/detail?stockCode=603076&announcementId=1223278667&orgId=9900032992&announcementTime=2025-04-25,2025-04-28,2025-07-25,0.250225
603077,和邦生物,2024,2025-04-29,和邦生物2024年年度报告,http://www.cninfo.com.cn/new/disclosure/detail?stockCode=603077&announcementId=1223365226&orgId=9900023244&announcementTime=2025-04-29,2025-04-30,2025-07-29,0.153688
603078,江化微,2024,2025-03-22,江阴江化微电子材料股份有限公司2024年年度报告,http://www.cninfo.com.cn/new/disclosure/detail?stockCode=603078&announcementId=1222869366&orgId=9900030584&announcementTime=2025-03-22,2025-03-24,2025-06-23,0.035447
603079,圣达生物,2024,2025-04-28,浙江圣达生物药业股份有限公司2024年年度报告,http://www.cninfo.com.cn/new/disclosure/detail?stockCode=603079&announcementId=1223346876&orgId=9900031480&announcementTime=2025-04-28,2025-04-29,2025-07-28,0.110392
603080,新疆火炬,2024,2025-04-25,新疆火炬2024年年度报告,http://www.cninfo.com.cn/new/disclosure/detail?stockCode=603080&announcementId=1223278696&orgId=gfbj0832099&announcementTime=2025-04-25,2025-04-28,2025-07-25,0.130719
603081,大丰实业,2024,2025-04-29,浙江大丰实业股份有限公司2024年年度报告,http://www.cninfo.com.cn/new/disclosure/detail?stockCode=603081&announcementId=1223385152&orgId=9900030818&announcementTime=2025-04-29,2025-04-30,2025-07-29,0.130048
603082,北自科技,2024,2025-04-22,2024年年度报告,http://www.cninfo.com.cn/new/disclosure/detail?stockCode=603082&announcementId=1223193188&orgId=9900053997&announcementTime=2025-04-22,2025-04-23,2025-07-22,0.063641
603083,剑桥科技,2024,2025-04-08,2024年年度报告,http://www.cninfo.com.cn/new/disclosure/detail?stockCode=603083&announcementId=1223020234&orgId=9900033004&announcementTime=2025-04-08,2025-04-09,2025-07-08,0.579817
603085,天成自控,2024,2025-04-29,天成自控2024年年度报告,http://www.cninfo.com.cn/new/disclosure/detail?stockCode=603085&announcementId=1223376056&orgId=9900024678&announcementTime=2025-04-29,2025-04-30,2025-07-29,0.026261
603086,先达股份,2024,2025-04-23,2024年年度报告,http://www.cninfo.com.cn/new/disclosure/detail?stockCode=603086&announcementId=1223214757&orgId=9900029747&announcementTime=2025-04-23,2025-04-24,2025-07-23,0.244809
603087,甘李药业,2024,2025-04-25,2024年年度报告,http://www.cninfo.com.cn/new/disclosure/detail?stockCode=603087&announcementId=1223278708&orgId=9900026770&announcementTime=2025-04-25,2025-04-28,2025-07-25,0.190336
603088,宁波精达,2024,2025-04-03,宁波精达2024年年度报告,http://www.cninfo.com.cn/new/disclosure/detail?stockCode=603088&announcementId=1222989886&orgId=9900023174&announcementTime=2025-04-03,2025-04-07,2025-07-04,-0.158329
603089,正裕工业,2024,2025-04-23,2024年年度报告,http://www.cninfo.com.cn/new/disclosure/detail?stockCode=603089&announcementId=1223213664&orgId=9900023726&announcementTime=2025-04-23,2025-04-24,2025-07-23,0.460632
603090,宏盛股份,2024,2025-03-29,宏盛股份2024年年度报告,http://www.cninfo.com.cn/new/disclosure/detail?stockCode=603090&announcementId=1222939269&orgId=9900026803&announcementTime=2025-03-29,2025-03-31,2025-06-30,0.041568
603091,众鑫股份,2024,2025-04-12,2024年年度报告,http://www.cninfo.com.cn/new/disclosure/detail?stockCode=603091&announcementId=1223071525&orgId=9900056873&announcementTime=2025-04-12,2025-04-14,2025-07-11,0.496146
603093,南华期货,2024,2025-03-11,南华期货股份有限公司2024年年度报告,http://www.cninfo.com.cn/new/disclosure/detail?stockCode=603093&announcementId=1222760325&orgId=9900031483&announcementTime=2025-03-11,2025-03-12,2025-06-11,0.701939
603095,越剑智能,2024,2025-04-12,2024年年度报告,http://www.cninfo.com.cn/new/disclosure/detail?stockCode=603095&announcementId=1223068650&orgId=9900039808&announcementTime=2025-04-12,2025-04-14,2025-07-11,0.011142
603096,新经典,2024,2025-04-23,新经典2024年年度报告,http://www.cninfo.com.cn/new/disclosure/detail?stockCode=603096&announcementId=1223217368&orgId=9900030604&announcementTime=2025-04-23,2025-04-24,2025-07-23,0.079625
603097,江苏华辰,2024,2025-04-29,江苏华辰2024年年度报告,http://www.cninfo.com.cn/new/disclosure/detail?stockCode=603097&announcementId=1223361750&orgId=9900048064&announcementTime=2025-04-29,2025-04-30,2025-07-29,0.034467
603098,森特股份,2024,2025-04-23,森特股份2024年年度报告,http://www.cninfo.com.cn/new/disclosure/detail?stockCode=603098&announcementId=1223215418&orgId=9900029044&announcementTime=2025-04-23,2025-04-24,2025-07-23,0.085191
603099,长白山,2024,2025-04-25,长白山旅游股份有限公司2024年年度报告,http://www.cninfo.com.cn/new/disclosure/detail?stockCode=603099&announcementId=1223278765&orgId=9900022933&announcementTime=2025-04-25,2025-04-28,2025-07-25,0.150737
603100,川仪股份,2024,2025-04-25,川仪股份2024年年度报告,http://www.cninfo.com.cn/new/disclosure/detail?stockCode=603100&announcementId=1223278798&orgId=9900022948&announcementTime=2025-04-25,2025-04-28,2025-07-25,-0.044444
603101,汇嘉时代,2024,2025-04-04,2024年年度报告,http://www.cninfo.com.cn/new/disclosure/detail?stockCode=603101&announcementId=1223006870&orgId=9900026787&announcementTime=2025-04-04,2025-04-07,2025-07-04,0.11049
603102,百合股份,2024,2025-04-15,威海百合生物技术股份有限公司2024年年度报告,http://www.cninfo.com.cn/new/disclosure/detail?stockCode=603102&announcementId=1223095881&orgId=9900039756&announcementTime=2025-04-15,2025-04-16,2025-07-15,0.091158
603103,横店影视,2024,2025-03-07,横店影视股份有限公司2024年年度报告,http://www.cninfo.com.cn/new/disclosure/detail?stockCode=603103&announcementId=1222733437&orgId=9900033195&announcementTime=2025-03-07,2025-03-10,2025-06-09,0.232777
603105,芯能科技,2024,2025-04-25,浙江芯能光伏科技股份有限公司2024年年度报告,http://www.cninfo.com.cn/new/disclosure/detail?stockCode=603105&announcementId=1223278867&orgId=gfbj0833677&announcementTime=2025-04-25,2025-04-28,2025-07-25,0.048
603106,恒银科技,2024,2025-04-25,恒银金融科技股份有限公司2024年年度报告,http://www.cninfo.com.cn/new/disclosure/detail?stockCode=603106&announcementId=1223283969&orgId=9900032781&announcementTime=2025-04-25,2025-04-28,2025-07-25,0.378451
603107,上海汽配,2024,2025-04-22,上海汽车空调配件股份有限公司2024年年度报告,http://www.cninfo.com.cn/new/disclosure/detail?stockCode=603107&announcementId=1223185359&orgId=nssc1000420&announcementTime=2025-04-22,2025-04-23,2025-07-22,0.045598
603108,润达医疗,2024,2025-04-26,2024年年度报告,http://www.cninfo.com.cn/new/disclosure/detail?stockCode=603108&announcementId=1223303683&orgId=9900023738&announcementTime=2025-04-26,2025-04-28,2025-07-25,0.180007
603109,神驰机电,2024,2025-04-18,2024年年度报告,http://www.cninfo.com.cn/new/disclosure/detail?stockCode=603109&announcementId=1223121336&orgId=9900034528&announcementTime=2025-04-18,2025-04-21,2025-07-18,0.617401
603110,东方材料,2024,2025-04-26,新东方新材料股份有限公司2024年年度报告全文,http://www.cninfo.com.cn/new/disclosure/detail?stockCode=603110&announcementId=1223314903&orgId=9900031774&announcementTime=2025-04-26,2025-04-28,2025-07-25,-0.009174
603111,康尼机电,2024,2025-04-29,康尼机电2024年年度报告,http://www.cninfo.com.cn/new/disclosure/detail?stockCode=603111&announcementId=1223376108&orgId=9900022961&announcementTime=2025-04-29,2025-04-30,2025-07-29,0.065612
603112,华翔股份,2024,2025-04-18,2024年年度报告,http://www.cninfo.com.cn/new/disclosure/detail?stockCode=603112&announcementId=1223126598&orgId=9900039758&announcementTime=2025-04-18,2025-04-21,2025-07-18,0.182456
603113,金能科技,2024,2025-03-22,金能科技股份有限公司2024 年年度报告,http://www.cninfo.com.cn/new/disclosure/detail?stockCode=603113&announcementId=1222871762&orgId=9900024626&announcementTime=2025-03-22,2025-03-24,2025-06-23,0.098675
603115,海星股份,2024,2025-04-18,2024年年度报告,http://www.cninfo.com.cn/new/disclosure/detail?stockCode=603115&announcementId=1223126654&orgId=9900036552&announcementTime=2025-04-18,2025-04-21,2025-07-18,0.580685
603116,红蜻蜓,2024,2025-04-29,2024年年度报告,http://www.cninfo.com.cn/new/disclosure/detail?stockCode=603116&announcementId=1223376126&orgId=9900023735&announcementTime=2025-04-29,2025-04-30,2025-07-29,0.398754
603117,万林物流,2024,2025-04-29,江苏万林现代物流股份有限公司2024年年度报告,http://www.cninfo.com.cn/new/disclosure/detail?stockCode=603117&announcementId=1223385182&orgId=9900023716&announcementTime=2025-04-29,2025-04-30,2025-07-29,-0.028698
603118,共进股份,2024,2025-04-29,2024年年度报告,http://www.cninfo.com.cn/new/disclosure/detail?stockCode=603118&announcementId=1223376901&orgId=9900023687&announcementTime=2025-04-29,2025-04-30,2025-07-29,0.278414
603119,浙江荣泰,2024,2025-04-30,浙江荣泰电工器材股份有限公司2024年年度报告,http://www.cninfo.com.cn/new/disclosure/detail?stockCode=603119&announcementId=1223406527&orgId=9900053442&announcementTime=2025-04-30,2025-05-06,2025-07-30,0.116853
603121,华培动力,2024,2025-04-25,华培动力2024年年度报告,http://www.cninfo.com.cn/new/disclosure/detail?stockCode=603121&announcementId=1223279029&orgId=9900035554&announcementTime=2025-04-25,2025-04-28,2025-07-25,0.015492
603122,合富中国,2024,2025-03-12,合富中国2024年年度报告,http://www.cninfo.com.cn/new/disclosure/detail?stockCode=603122&announcementId=1222769702&orgId=nssc1000089&announcementTime=2025-03-12,2025-03-13,2025-06-12,-0.076326
603123,翠微股份,2024,2025-04-30,翠微股份2024年年度报告,http://www.cninfo.com.cn/new/disclosure/detail?stockCode=603123&announcementId=1223409617&orgId=9900022511&announcementTime=2025-04-30,2025-05-06,2025-07-30,0.560372
603124,江南新材,2024,2025-04-29,2024年年度报告,http://www.cninfo.com.cn/new/disclosure/detail?stockCode=603124&announcementId=1223365281&orgId=9900048190&announcementTime=2025-04-29,2025-04-30,2025-07-29,0.302488
603125,常青科技,2024,2025-04-12,2024年年度报告,http://www.cninfo.com.cn/new/disclosure/detail?stockCode=603125&announcementId=1223072727&orgId=9900048108&announcementTime=2025-04-12,2025-04-14,2025-07-11,0.231059
603126,中材节能,2024,2025-04-02,中材节能股份有限公司2024年年度报告,http://www.cninfo.com.cn/new/disclosure/detail?stockCode=603126&announcementId=1222984438&orgId=9900023209&announcementTime=2025-04-02,2025-04-03,2025-07-03,0.0
603127,昭衍新药,2024,2025-03-29,昭衍新药2024年年度报告,http://www.cninfo.com.cn/new/disclosure/detail?stockCode=603127&announcementId=1222952405&orgId=9900030771&announcementTime=2025-03-29,2025-03-31,2025-06-30,0.011069
603128,华贸物流,2024,2025-04-18,港中旅华贸国际物流股份有限公司2024年年度报告,http://www.cninfo.com.cn/new/disclosure/detail?stockCode=603128&announcementId=1223130350&orgId=9900022718&announcementTime=2025-04-18,2025-04-21,2025-07-18,-0.085601
603129,春风动力,2024,2025-04-16,春风动力2024年年度报告,http://www.cninfo.com.cn/new/disclosure/detail?stockCode=603129&announcementId=1223102372&orgId=9900032725&announcementTime=2025-04-16,2025-04-17,2025-07-16,0.592415
603130,云中马,2024,2025-04-22,浙江云中马股份有限公司2024年年度报告,http://www.cninfo.com.cn/new/disclosure/detail?stockCode=603130&announcementId=1223189307&orgId=9900048363&announcementTime=2025-04-22,2025-04-23,2025-07-22,0.391597
603131,上海沪工,2024,2025-04-25,2024年年度报告,http://www.cninfo.com.cn/new/disclosure/detail?stockCode=603131&announcementId=1223279065&orgId=9900023707&announcementTime=2025-04-25,2025-04-28,2025-07-25,0.078931
603132,金徽股份,2024,2025-03-11,金徽股份2024年年度报告,http://www.cninfo.com.cn/new/disclosure/detail?stockCode=603132&announcementId=1222758862&orgId=9900051476&announcementTime=2025-03-11,2025-03-12,2025-06-11,0.034796
603135,中重科技,2024,2025-04-29,中重科技2024年年度报告,http://www.cninfo.com.cn/new/disclosure/detail?stockCode=603135&announcementId=1223361807&orgId=9900052304&announcementTime=2025-04-29,2025-04-30,2025-07-29,0.120307
603136,天目湖,2024,2025-04-21,江苏天目湖旅游股份有限公司2024年年度报告,http://www.cninfo.com.cn/new/disclosure/detail?stockCode=603136&announcementId=1223174815&orgId=9900032263&announcementTime=2025-04-21,2025-04-22,2025-07-21,0.021548
603137,恒尚节能,2024,2025-04-26,恒尚节能：2024年年度报告,http://www.cninfo.com.cn/new/disclosure/detail?stockCode=603137&announcementId=1223313395&orgId=9900048389&announcementTime=2025-04-26,2025-04-28,2025-07-25,0.211073
603138,海量数据,2024,2025-04-18,海量数据2024年年度报告,http://www.cninfo.com.cn/new/disclosure/detail?stockCode=603138&announcementId=1223124167&orgId=9900030534&announcementTime=2025-04-18,2025-04-21,2025-07-18,0.193867
603139,康惠股份,2024,2025-04-29,康惠制药2024年年度报告,http://www.cninfo.com.cn/new/disclosure/detail?stockCode=603139&announcementId=1223357736&orgId=9900030778&announcementTime=2025-04-29,2025-04-30,2025-07-29,0.178013
603150,万朗磁塑,2024,2025-04-25,万朗磁塑2024年年度报告,http://www.cninfo.com.cn/new/disclosure/detail?stockCode=603150&announcementId=1223284992&orgId=9900035337&announcementTime=2025-04-25,2025-04-28,2025-07-25,0.149239
603151,邦基科技,2024,2025-04-22,山东邦基科技股份有限公司2024年年度报告全文,http://www.cninfo.com.cn/new/disclosure/detail?stockCode=603151&announcementId=1223188635&orgId=9900052705&announcementTime=2025-04-22,2025-04-23,2025-08-01,0.888244
603153,上海建科,2024,2025-04-26,上海建科咨询集团股份有限公司2024年年度报告,http://www.cninfo.com.cn/new/disclosure/detail?stockCode=603153&announcementId=1223314569&orgId=9900047762&announcementTime=2025-04-26,2025-04-28,2025-07-25,0.04566
603155,新亚强,2024,2025-03-31,2024年年报报告,http://www.cninfo.com.cn/new/disclosure/detail?stockCode=603155&announcementId=1222962191&orgId=gfbj0835550&announcementTime=2025-03-31,2025-04-01,2025-07-01,0.316484
603156,养元饮品,2024,2025-04-26,养元饮品2024年年度报告,http://www.cninfo.com.cn/new/disclosure/detail?stockCode=603156&announcementId=1223303724&orgId=9900023988&announcementTime=2025-04-26,2025-04-28,2025-07-25,-0.097258
603158,腾龙股份,2024,2025-04-26,腾龙股份2024年年度报告,http://www.cninfo.com.cn/new/disclosure/detail?stockCode=603158&announcementId=1223301115&orgId=9900023476&announcementTime=2025-04-26,2025-04-28,2025-07-25,0.021969
603160,汇顶科技,2024,2025-03-21,2024年年度报告,http://www.cninfo.com.cn/new/disclosure/detail?stockCode=603160&announcementId=1222858307&orgId=9900027319&announcementTime=2025-03-21,2025-03-24,2025-06-23,-0.097714
603159,上海亚虹,2024,2025-04-25,上海亚虹模具股份有限公司2024年年度报告,http://www.cninfo.com.cn/new/disclosure/detail?stockCode=603159&announcementId=1223279104&orgId=9900026562&announcementTime=2025-04-25,2025-04-28,2025-07-25,0.389213
603162,海通发展,2024,2025-03-20,福建海通发展股份有限公司2024年年度报告,http://www.cninfo.com.cn/new/disclosure/detail?stockCode=603162&announcementId=1222846115&orgId=gfbj0833362&announcementTime=2025-03-20,2025-03-21,2025-06-20,-0.087907
603161,科华控股,2024,2025-04-16,科华控股股份有限公司2024年年度报告,http://www.cninfo.com.cn/new/disclosure/detail?stockCode=603161&announcementId=1223101915&orgId=gfbj0831263&announcementTime=2025-04-16,2025-04-17,2025-07-16,0.20485
603163,圣晖集成,2024,2025-03-29,圣晖集成2024年年度报告,http://www.cninfo.com.cn/new/disclosure/detail?stockCode=603163&announcementId=1222945761&orgId=9900052777&announcementTime=2025-03-29,2025-03-31,2025-06-30,0.174877
603165,荣晟环保,2024,2025-03-26,浙江荣晟环保纸业股份有限公司2024年年度报告,http://www.cninfo.com.cn/new/disclosure/detail?stockCode=603165&announcementId=1222894446&orgId=9900030004&announcementTime=2025-03-26,2025-03-27,2025-06-26,-0.091491
603167,渤海轮渡,2024,2025-04-03,渤海轮渡集团股份有限公司2024年年度报告,http://www.cninfo.com.cn/new/disclosure/detail?stockCode=603167&announcementId=1222992929&orgId=9900023205&announcementTime=2025-04-03,2025-04-07,2025-07-04,0.361331
603166,福达股份,2024,2025-03-27,福达股份2024年年度报告,http://www.cninfo.com.cn/new/disclosure/detail?stockCode=603166&announcementId=1222913649&orgId=9900023112&announcementTime=2025-03-27,2025-03-28,2025-06-27,0.099502
603169,兰石重装,2024,2025-03-29,兰石重装2024年年度报告,http://www.cninfo.com.cn/new/disclosure/detail?stockCode=603169&announcementId=1222949901&orgId=9900023006&announcementTime=2025-03-29,2025-03-31,2025-06-30,0.193669
603168,莎普爱思,2024,2025-04-30,莎普爱思2024年年度报告,http://www.cninfo.com.cn/new/disclosure/detail?stockCode=603168&announcementId=1223422120&orgId=9900023242&announcementTime=2025-04-30,2025-05-06,2025-07-30,0.220945
603170,宝立食品,2024,2025-04-26,2024年年度报告,http://www.cninfo.com.cn/new/disclosure/detail?stockCode=603170&announcementId=1223307776&orgId=9900047410&announcementTime=2025-04-26,2025-04-28,2025-07-25,-0.048694
603171,税友股份,2024,2025-04-18,2024年年度报告,http://www.cninfo.com.cn/new/disclosure/detail?stockCode=603171&announcementId=1223124217&orgId=9900041900&announcementTime=2025-04-18,2025-04-21,2025-07-18,0.046652
603173,福斯达,2024,2025-04-22,2024年年度报告,http://www.cninfo.com.cn/new/disclosure/detail?stockCode=603173&announcementId=1223189324&orgId=nssc1000390&announcementTime=2025-04-22,2025-04-23,2025-07-22,0.523529
603172,万丰股份,2024,2025-04-29,浙江万丰化工股份有限公司2024年年度报告,http://www.cninfo.com.cn/new/disclosure/detail?stockCode=603172&announcementId=1223361876&orgId=nssc1000266&announcementTime=2025-04-29,2025-04-30,2025-07-29,0.169262
603176,汇通集团,2024,2025-04-29,汇通集团2024年年度报告,http://www.cninfo.com.cn/new/disclosure/detail?stockCode=603176&announcementId=1223365312&orgId=nssc1000792&announcementTime=2025-04-29,2025-04-30,2025-07-29,0.651416
603177,德创环保,2024,2025-04-29,603177：德创环保2024年年度报告,http://www.cninfo.com.cn/new/disclosure/detail?stockCode=603177&announcementId=1223376978&orgId=9900029825&announcementTime=2025-04-29,2025-04-30,2025-07-29,0.227735
603178,圣龙股份,2024,2025-04-29,圣龙股份2024年年度报告,http://www.cninfo.com.cn/new/disclosure/detail?stockCode=603178&announcementId=1223390669&orgId=9900030583&announcementTime=2025-04-29,2025-04-30,2025-07-29,0.063112
603179,新泉股份,2024,2025-04-29,江苏新泉汽车饰件股份有限公司2024年年度报告,http://www.cninfo.com.cn/new/disclosure/detail?stockCode=603179&announcementId=1223365371&orgId=9900030577&announcementTime=2025-04-29,2025-04-30,2025-07-29,0.052967
603181,皇马科技,2024,2025-04-18,皇马科技2024年年度报告,http://www.cninfo.com.cn/new/disclosure/detail?stockCode=603181&announcementId=1223124567&orgId=9900033001&announcementTime=2025-04-18,2025-04-21,2025-07-18,0.141001
603180,金牌家居,2024,2025-04-29,金牌家居2024年年度报告,http://www.cninfo.com.cn/new/disclosure/detail?stockCode=603180&announcementId=1223385230&orgId=9900030658&announcementTime=2025-04-29,2025-04-30,2025-07-29,0.145614
603182,嘉华股份,2024,2025-04-16,嘉华股份2024年年度报告,http://www.cninfo.com.cn/new/disclosure/detail?stockCode=603182&announcementId=1223099734&orgId=gfbj0838891&announcementTime=2025-04-16,2025-04-17,2025-07-16,0.121033
603183,建研院,2024,2025-04-16,2024年年度报告,http://www.cninfo.com.cn/new/disclosure/detail?stockCode=603183&announcementId=1223100680&orgId=9900033006&announcementTime=2025-04-16,2025-04-17,2025-07-16,0.149841
603186,华正新材,2024,2025-03-18,浙江华正新材料股份有限公司2024年年度报告,http://www.cninfo.com.cn/new/disclosure/detail?stockCode=603186&announcementId=1222821549&orgId=9900023472&announcementTime=2025-03-18,2025-03-19,2025-06-18,-0.051827
603185,弘元绿能,2024,2025-04-30,2024年年度报告,http://www.cninfo.com.cn/new/disclosure/detail?stockCode=603185&announcementId=1223422199&orgId=9900022495&announcementTime=2025-04-30,2025-05-06,2025-07-30,0.417414
603187,海容冷链,2024,2025-04-25,2024年年度报告,http://www.cninfo.com.cn/new/disclosure/detail?stockCode=603187&announcementId=1223279172&orgId=gfbj0830822&announcementTime=2025-04-25,2025-04-28,2025-07-25,0.155297
603188,亚邦股份,2024,2025-04-30,亚邦股份2024年年度报告,http://www.cninfo.com.cn/new/disclosure/detail?stockCode=603188&announcementId=1223426667&orgId=9900029308&announcementTime=2025-04-30,2025-05-06,2025-07-30,0.115385
603190,亚通精工,2024,2025-04-29,2024年年度报告,http://www.cninfo.com.cn/new/disclosure/detail?stockCode=603190&announcementId=1223368684&orgId=nssc1000524&announcementTime=2025-04-29,2025-04-30,2025-07-29,0.161744
603189,网达软件,2024,2025-04-15,网达软件2024年年度报告,http://www.cninfo.com.cn/new/disclosure/detail?stockCode=603189&announcementId=1223093669&orgId=9900026063&announcementTime=2025-04-15,2025-04-16,2025-07-15,0.088526
603192,汇得科技,2024,2025-04-22,汇得科技2024年年度报告,http://www.cninfo.com.cn/new/disclosure/detail?stockCode=603192&announcementId=1223190083&orgId=9900035551&announcementTime=2025-04-22,2025-04-23,2025-07-22,0.286073
603191,望变电气,2024,2025-04-26,2024年年度报告,http://www.cninfo.com.cn/new/disclosure/detail?stockCode=603191&announcementId=1223310166&orgId=gfbj0832960&announcementTime=2025-04-26,2025-04-28,2025-07-25,0.348936
603193,润本股份,2024,2025-04-25,2024年年度报告,http://www.cninfo.com.cn/new/disclosure/detail?stockCode=603193&announcementId=1223279214&orgId=9900048636&announcementTime=2025-04-25,2025-04-28,2025-07-25,-0.033167
603194,中力股份,2024,2025-04-25,浙江中力机械股份有限公司2024年年度报告,http://www.cninfo.com.cn/new/disclosure/detail?stockCode=603194&announcementId=1223279427&orgId=9900056200&announcementTime=2025-04-25,2025-04-28,2025-07-25,0.2376
603195,公牛集团,2024,2025-04-25,公牛集团股份有限公司2024年年度报告,http://www.cninfo.com.cn/new/disclosure/detail?stockCode=603195&announcementId=1223284030&orgId=9900037723&announcementTime=2025-04-25,2025-04-28,2025-07-25,-0.032191
603196,日播时尚,2024,2025-02-26,日播时尚2024年年度报告,http://www.cninfo.com.cn/new/disclosure/detail?stockCode=603196&announcementId=1222637762&orgId=9900031491&announcementTime=2025-02-26,2025-02-27,2025-05-28,0.063211
603197,保隆科技,2024,2025-04-30,保隆科技2024年年度报告,http://www.cninfo.com.cn/new/disclosure/detail?stockCode=603197&announcementId=1223422247&orgId=9900023976&announcementTime=2025-04-30,2025-05-06,2025-07-30,0.04918
603198,迎驾贡酒,2024,2025-04-29,安徽迎驾贡酒股份有限公司2024年年度报告,http://www.cninfo.com.cn/new/disclosure/detail?stockCode=603198&announcementId=1223377012&orgId=9900023736&announcementTime=2025-04-29,2025-04-30,2025-07-29,-0.006921
603199,九华旅游,2024,2025-03-19,九华旅游2024年年度报告,http://www.cninfo.com.cn/new/disclosure/detail?stockCode=603199&announcementId=1222835210&orgId=9900030172&announcementTime=2025-03-19,2025-03-20,2025-06-19,0.005932
603200,上海洗霸,2024,2025-04-29,上海洗霸科技股份有限公司2024年年度报告,http://www.cninfo.com.cn/new/disclosure/detail?stockCode=603200&announcementId=1223377024&orgId=9900030775&announcementTime=2025-04-29,2025-04-30,2025-07-29,0.784565
603201,常润股份,2024,2025-04-29,常熟通润汽车零部件股份有限公司2024年年度报告,http://www.cninfo.com.cn/new/disclosure/detail?stockCode=603201&announcementId=1223392498&orgId=9900051404&announcementTime=2025-04-29,2025-04-30,2025-07-29,0.204861
603203,快克智能,2024,2025-04-29,快克智能2024年年度报告,http://www.cninfo.com.cn/new/disclosure/detail?stockCode=603203&announcementId=1223403806&orgId=9900029518&announcementTime=2025-04-29,2025-04-30,2025-07-29,0.162199
603205,健尔康,2024,2025-04-23,健尔康医疗科技股份有限公司2024年年度报告,http://www.cninfo.com.cn/new/disclosure/detail?stockCode=603205&announcementId=1223218809&orgId=9900048063&announcementTime=2025-04-23,2025-04-24,2025-07-23,-0.035714
603206,嘉环科技,2024,2025-04-25,2024年年度报告,http://www.cninfo.com.cn/new/disclosure/detail?stockCode=603206&announcementId=1223284063&orgId=9900046627&announcementTime=2025-04-25,2025-04-28,2025-07-25,0.079103
603207,小方制药,2024,2025-04-30,小方制药2024年年度报告,http://www.cninfo.com.cn/new/disclosure/detail?stockCode=603207&announcementId=1223416123&orgId=9900056294&announcementTime=2025-04-30,2025-05-06,2025-07-30,0.37223
603208,江山欧派,2024,2025-04-30,江山欧派2024年年度报告,http://www.cninfo.com.cn/new/disclosure/detail?stockCode=603208&announcementId=1223406562&orgId=9900030087&announcementTime=2025-04-30,2025-05-06,2025-07-30,0.074417
603209,兴通股份,2024,2025-03-25,兴通海运股份有限公司2024年年度报告,http://www.cninfo.com.cn/new/disclosure/detail?stockCode=603209&announcementId=1222882679&orgId=9900046958&announcementTime=2025-03-25,2025-03-26,2025-06-25,-0.022964
603211,晋拓股份,2024,2025-04-25,2024年年度报告,http://www.cninfo.com.cn/new/disclosure/detail?stockCode=603211&announcementId=1223279467&orgId=9900046957&announcementTime=2025-04-25,2025-04-28,2025-07-25,0.101846
603212,赛伍技术,2024,2025-04-30,2024年年度报告,http://www.cninfo.com.cn/new/disclosure/detail?stockCode=603212&announcementId=1223422278&orgId=9900036558&announcementTime=2025-04-30,2025-05-06,2025-07-30,0.231092
603213,镇洋发展,2024,2025-04-18,浙江镇洋发展股份有限公司2024年年度报告,http://www.cninfo.com.cn/new/disclosure/detail?stockCode=603213&announcementId=1223122311&orgId=nssc1000627&announcementTime=2025-04-18,2025-04-21,2025-07-18,0.534219
603215,比依股份,2024,2025-04-25,浙江比依电器股份有限公司2024年年度报告,http://www.cninfo.com.cn/new/disclosure/detail?stockCode=603215&announcementId=1223284073&orgId=nssc1000801&announcementTime=2025-04-25,2025-04-28,2025-07-25,0.284658
603214,爱婴室,2024,2025-04-03,2024年年度报告,http://www.cninfo.com.cn/new/disclosure/detail?stockCode=603214&announcementId=1222993024&orgId=9900023309&announcementTime=2025-04-03,2025-04-07,2025-07-04,-0.0117
603216,梦天家居,2024,2025-04-29,梦天家居2024年年度报告,http://www.cninfo.com.cn/new/disclosure/detail?stockCode=603216&announcementId=1223377074&orgId=nssc1000205&announcementTime=2025-04-29,2025-04-30,2025-07-29,0.080999
603217,元利科技,2024,2025-04-25,2024年年度报告,http://www.cninfo.com.cn/new/disclosure/detail?stockCode=603217&announcementId=1223279510&orgId=9900030368&announcementTime=2025-04-25,2025-04-28,2025-07-25,0.149159
603218,日月股份,2024,2025-04-29,日月重工股份有限公司2024年年度报告,http://www.cninfo.com.cn/new/disclosure/detail?stockCode=603218&announcementId=1223390701&orgId=9900029743&announcementTime=2025-04-29,2025-04-30,2025-07-29,0.071458
603219,富佳股份,2024,2025-04-26,宁波富佳实业股份有限公司2024年年度报告,http://www.cninfo.com.cn/new/disclosure/detail?stockCode=603219&announcementId=1223313939&orgId=9900041674&announcementTime=2025-04-26,2025-04-28,2025-07-25,0.091253
603220,中贝通信,2024,2025-04-25,2024年年度报告,http://www.cninfo.com.cn/new/disclosure/detail?stockCode=603220&announcementId=1223284223&orgId=9900035549&announcementTime=2025-04-25,2025-04-28,2025-07-25,0.004188
603222,济民健康,2024,2025-04-29,济民健康管理股份有限公司2024年年度报告,http://www.cninfo.com.cn/new/disclosure/detail?stockCode=603222&announcementId=1223368738&orgId=9900023635&announcementTime=2025-04-29,2025-04-30,2025-07-29,0.19917
603221,爱丽家居,2024,2025-04-29,爱丽家居科技股份有限公司2024年年度报告,http://www.cninfo.com.cn/new/disclosure/detail?stockCode=603221&announcementId=1223361925&orgId=9900038307&announcementTime=2025-04-29,2025-04-30,2025-07-29,0.075799
603225,新凤鸣,2024,2025-04-25,新凤鸣集团股份有限公司2024年年度报告全文,http://www.cninfo.com.cn/new/disclosure/detail?stockCode=603225&announcementId=1223279527&orgId=9900023641&announcementTime=2025-04-25,2025-04-28,2025-07-25,0.166233
603223,恒通股份,2024,2025-03-18,恒通物流股份有限公司2024年年度报告,http://www.cninfo.com.cn/new/disclosure/detail?stockCode=603223&announcementId=1222821581&orgId=9900024369&announcementTime=2025-03-18,2025-03-19,2025-06-18,0.074606
603226,菲林格尔,2024,2025-04-30,2024年年度报告,http://www.cninfo.com.cn/new/disclosure/detail?stockCode=603226&announcementId=1223422303&orgId=9900031772&announcementTime=2025-04-30,2025-05-06,2025-08-05,1.913356
603227,雪峰科技,2024,2025-04-17,新疆雪峰科技（集团）股份有限公司2024年年度报告,http://www.cninfo.com.cn/new/disclosure/detail?stockCode=603227&announcementId=1223111003&orgId=9900024503&announcementTime=2025-04-17,2025-04-18,2025-07-17,-0.144501
603228,景旺电子,2024,2025-04-29,深圳市景旺电子股份有限公司2024年年度报告,http://www.cninfo.com.cn/new/disclosure/detail?stockCode=603228&announcementId=1223377812&orgId=9900029802&announcementTime=2025-04-29,2025-04-30,2025-07-29,1.539526
603229,奥翔药业,2024,2025-04-30,奥翔药业2024年年度报告,http://www.cninfo.com.cn/new/disclosure/detail?stockCode=603229&announcementId=1223406889&orgId=9900030694&announcementTime=2025-04-30,2025-05-06,2025-07-30,0.332895
603230,内蒙新华,2024,2025-04-11,内蒙古新华发行集团股份有限公司2024年年度报告,http://www.cninfo.com.cn/new/disclosure/detail?stockCode=603230&announcementId=1223057581&orgId=9900041654&announcementTime=2025-04-11,2025-04-14,2025-07-11,0.142068
603231,索宝蛋白,2024,2025-04-25,2024年年度报告,http://www.cninfo.com.cn/new/disclosure/detail?stockCode=603231&announcementId=1223279582&orgId=nssc1000418&announcementTime=2025-04-25,2025-04-28,2025-07-25,0.065371
603232,格尔软件,2024,2025-04-26,格尔软件股份有限公司2024年年度报告,http://www.cninfo.com.cn/new/disclosure/detail?stockCode=603232&announcementId=1223305623&orgId=9900033857&announcementTime=2025-04-26,2025-04-28,2025-07-25,0.322724
603233,大参林,2024,2025-04-26,大参林医药集团股份有限公司2024年年度报告,http://www.cninfo.com.cn/new/disclosure/detail?stockCode=603233&announcementId=1223325451&orgId=9900031701&announcementTime=2025-04-26,2025-04-28,2025-07-25,0.012433
603235,天新药业,2024,2025-04-26,2024年年度报告,http://www.cninfo.com.cn/new/disclosure/detail?stockCode=603235&announcementId=1223299736&orgId=9900048166&announcementTime=2025-04-26,2025-04-28,2025-07-25,0.044017
603236,移远通信,2024,2025-04-24,2024年年度报告,http://www.cninfo.com.cn/new/disclosure/detail?stockCode=603236&announcementId=1223241739&orgId=gfbj0836430&announcementTime=2025-04-24,2025-04-25,2025-07-24,0.170268
603237,五芳斋,2024,2025-04-16,浙江五芳斋实业股份有限公司2024年年度报告,http://www.cninfo.com.cn/new/disclosure/detail?stockCode=603237&announcementId=1223102222&orgId=9900041915&announcementTime=2025-04-16,2025-04-17,2025-07-16,-0.092948
603238,诺邦股份,2024,2025-04-25,诺邦股份2024年年度报告,http://www.cninfo.com.cn/new/disclosure/detail?stockCode=603238&announcementId=1223285047&orgId=9900030370&announcementTime=2025-04-25,2025-04-28,2025-07-25,0.225194
603239,浙江仙通,2024,2025-04-18,浙江仙通-2024年度报告,http://www.cninfo.com.cn/new/disclosure/detail?stockCode=603239&announcementId=1223129263&orgId=9900029048&announcementTime=2025-04-18,2025-04-21,2025-07-18,0.303901
603255,鼎际得,2024,2025-04-29,辽宁鼎际得石化股份有限公司2024年年度报告,http://www.cninfo.com.cn/new/disclosure/detail?stockCode=603255&announcementId=1223392527&orgId=9900046841&announcementTime=2025-04-29,2025-04-30,2025-07-29,0.243089
603256,宏和科技,2024,2025-04-29,宏和科技2024年年度报告,http://www.cninfo.com.cn/new/disclosure/detail?stockCode=603256&announcementId=1223369070&orgId=9900035335&announcementTime=2025-04-29,2025-04-30,2025-07-29,1.480987
603257,中国瑞林,2024,2025-04-24,中国瑞林工程技术股份有限公司2024年年度报告,http://www.cninfo.com.cn/new/disclosure/detail?stockCode=603257&announcementId=1223243392&orgId=9900041620&announcementTime=2025-04-24,2025-04-25,2025-07-24,0.15483
603258,电魂网络,2024,2025-04-26,2024年年度报告,http://www.cninfo.com.cn/new/disclosure/detail?stockCode=603258&announcementId=1223308671&orgId=9900028871&announcementTime=2025-04-26,2025-04-28,2025-07-25,0.169286
603259,药明康德,2024,2025-03-18,2024年年度报告,http://www.cninfo.com.cn/new/disclosure/detail?stockCode=603259&announcementId=1222822835&orgId=9900035584&announcementTime=2025-03-18,2025-03-19,2025-06-18,-0.036812
603261,*ST立航,2024,2025-04-26,成都立航科技股份有限公司2024年年度报告,http://www.cninfo.com.cn/new/disclosure/detail?stockCode=603261&announcementId=1223314320&orgId=9900039859&announcementTime=2025-04-26,2025-04-29,2025-07-28,0.333764
603260,合盛硅业,2024,2025-04-24,合盛硅业2024年年度报告,http://www.cninfo.com.cn/new/disclosure/detail?stockCode=603260&announcementId=1223239280&orgId=9900031901&announcementTime=2025-04-24,2025-04-25,2025-07-24,0.041319
603266,天龙股份,2024,2025-04-26,2024年年度报告,http://www.cninfo.com.cn/new/disclosure/detail?stockCode=603266&announcementId=1223308824&orgId=9900026565&announcementTime=2025-04-26,2025-04-28,2025-07-25,0.16387
603267,鸿远电子,2024,2025-03-28,鸿远电子2024年年度报告,http://www.cninfo.com.cn/new/disclosure/detail?stockCode=603267&announcementId=1222925022&orgId=9900035340&announcementTime=2025-03-28,2025-03-31,2025-06-30,-0.052494
603268,*ST松发,2024,2025-04-28,松发股份：2024年年度报告,http://www.cninfo.com.cn/new/disclosure/detail?stockCode=603268&announcementId=1223346934&orgId=9900023730&announcementTime=2025-04-28,2025-04-29,2025-07-28,0.412691
603269,海鸥股份,2024,2025-04-29,江苏海鸥冷却塔股份有限公司2024年年度报告,http://www.cninfo.com.cn/new/disclosure/detail?stockCode=603269&announcementId=1223369103&orgId=9900030693&announcementTime=2025-04-29,2025-04-30,2025-07-29,0.24655
603271,永杰新材,2024,2025-04-24,2024年年度报告,http://www.cninfo.com.cn/new/disclosure/detail?stockCode=603271&announcementId=1223244842&orgId=9900023650&announcementTime=2025-04-24,2025-04-25,2025-07-24,-0.012698
603270,金帝股份,2024,2025-04-29,山东金帝精密机械科技股份有限公司2024年年度报告,http://www.cninfo.com.cn/new/disclosure/detail?stockCode=603270&announcementId=1223369139&orgId=9900049007&announcementTime=2025-04-29,2025-04-30,2025-07-29,0.124897
603272,联翔股份,2024,2025-04-29,2024年年度报告,http://www.cninfo.com.cn/new/disclosure/detail?stockCode=603272&announcementId=1223385569&orgId=nssc1000337&announcementTime=2025-04-29,2025-04-30,2025-07-29,0.144893
603273,天元智能,2024,2025-04-29,2024年年度报告,http://www.cninfo.com.cn/new/disclosure/detail?stockCode=603273&announcementId=1223390740&orgId=gfbj0837134&announcementTime=2025-04-29,2025-04-30,2025-07-29,0.119117
603275,众辰科技,2024,2025-04-23,2024年年度报告,http://www.cninfo.com.cn/new/disclosure/detail?stockCode=603275&announcementId=1223219905&orgId=9900047327&announcementTime=2025-04-23,2025-04-24,2025-07-23,0.678884
603276,恒兴新材,2024,2025-04-29,2024年年度报告,http://www.cninfo.com.cn/new/disclosure/detail?stockCode=603276&announcementId=1223361990&orgId=9900047855&announcementTime=2025-04-29,2025-04-30,2025-07-29,0.371687
603277,银都股份,2024,2025-04-29,银都餐饮设备股份有限公司2024年年度报告,http://www.cninfo.com.cn/new/disclosure/detail?stockCode=603277&announcementId=1223357778&orgId=gfbj0832772&announcementTime=2025-04-29,2025-04-30,2025-07-29,0.163418
603278,大业股份,2024,2025-04-29,大业股份2024年年度报告,http://www.cninfo.com.cn/new/disclosure/detail?stockCode=603278&announcementId=1223377881&orgId=9900024931&announcementTime=2025-04-29,2025-04-30,2025-07-29,0.106509
603279,景津装备,2024,2025-04-23,景津装备股份有限公司2024年年度报告,http://www.cninfo.com.cn/new/disclosure/detail?stockCode=603279&announcementId=1223210492&orgId=gfbj0832899&announcementTime=2025-04-23,2025-04-24,2025-07-23,-0.008314
603280,南方路机,2024,2025-04-25,南方路机2024年年度报告,http://www.cninfo.com.cn/new/disclosure/detail?stockCode=603280&announcementId=1223286017&orgId=nssc1000815&announcementTime=2025-04-25,2025-04-28,2025-07-25,0.384452
603281,江瀚新材,2024,2025-04-29,2024年年度报告,http://www.cninfo.com.cn/new/disclosure/detail?stockCode=603281&announcementId=1223385591&orgId=9900052001&announcementTime=2025-04-29,2025-04-30,2025-07-29,0.163289
603282,亚光股份,2024,2025-04-30,亚光股份：公司2024年年度报告全文,http://www.cninfo.com.cn/new/disclosure/detail?stockCode=603282&announcementId=1223422399&orgId=gfbj0870791&announcementTime=2025-04-30,2025-05-06,2025-07-30,0.266496
603285,键邦股份,2024,2025-04-26,2024年年度报告,http://www.cninfo.com.cn/new/disclosure/detail?stockCode=603285&announcementId=1223313990&orgId=9900053438&announcementTime=2025-04-26,2025-04-28,2025-07-25,0.14729
603283,赛腾股份,2024,2025-04-30,苏州赛腾精密电子股份有限公司2024年年度报告,http://www.cninfo.com.cn/new/disclosure/detail?stockCode=603283&announcementId=1223410191&orgId=9900033060&announcementTime=2025-04-30,2025-05-06,2025-07-30,0.11402
603286,日盈电子,2024,2025-03-29,2024年年度报告,http://www.cninfo.com.cn/new/disclosure/detail?stockCode=603286&announcementId=1222940540&orgId=9900031811&announcementTime=2025-03-29,2025-03-31,2025-06-30,-0.029712
603288,海天味业,2024,2025-04-03,海天味业2024年年度报告,http://www.cninfo.com.cn/new/disclosure/detail?stockCode=603288&announcementId=1222994233&orgId=9900023228&announcementTime=2025-04-03,2025-04-07,2025-07-04,0.008425
603290,斯达半导,2024,2025-04-26,2024年年度报告,http://www.cninfo.com.cn/new/disclosure/detail?stockCode=603290&announcementId=1223325294&orgId=9900023794&announcementTime=2025-04-26,2025-04-28,2025-07-25,0.067728
603289,泰瑞机器,2024,2025-04-26,2024年年度报告,http://www.cninfo.com.cn/new/disclosure/detail?stockCode=603289&announcementId=1223304757&orgId=9900031734&announcementTime=2025-04-26,2025-04-28,2025-07-25,0.201304
603291,联合水务,2024,2025-04-25,2024年年度报告,http://www.cninfo.com.cn/new/disclosure/detail?stockCode=603291&announcementId=1223279626&orgId=9900047645&announcementTime=2025-04-25,2025-04-28,2025-07-25,0.111012
603296,华勤技术,2024,2025-04-24,华勤技术2024年年度报告,http://www.cninfo.com.cn/new/disclosure/detail?stockCode=603296&announcementId=1223242323&orgId=9900047877&announcementTime=2025-04-24,2025-04-25,2025-07-24,0.295239
603297,永新光学,2024,2025-04-26,宁波永新光学股份有限公司2024年年度报告,http://www.cninfo.com.cn/new/disclosure/detail?stockCode=603297&announcementId=1223331241&orgId=9900035546&announcementTime=2025-04-26,2025-04-28,2025-07-25,0.044377
603298,杭叉集团,2024,2025-04-18,杭叉集团：2024年年度报告,http://www.cninfo.com.cn/new/disclosure/detail?stockCode=603298&announcementId=1223129293&orgId=9900029596&announcementTime=2025-04-18,2025-04-21,2025-07-18,0.236612
603300,海南华铁,2024,2025-04-22,浙江海控南科华铁数智科技股份有限公司2024年年度报告,http://www.cninfo.com.cn/new/disclosure/detail?stockCode=603300&announcementId=1223197893&orgId=9900023468&announcementTime=2025-04-22,2025-04-23,2025-07-22,0.099915
603299,苏盐井神,2024,2025-04-29,江苏苏盐井神股份有限公司2024年年度报告,http://www.cninfo.com.cn/new/disclosure/detail?stockCode=603299&announcementId=1223390939&orgId=9900024627&announcementTime=2025-04-29,2025-04-30,2025-07-29,0.105169
603301,振德医疗,2024,2025-04-26,振德医疗2024年年度报告,http://www.cninfo.com.cn/new/disclosure/detail?stockCode=603301&announcementId=1223317788&orgId=9900035299&announcementTime=2025-04-26,2025-04-28,2025-07-25,0.163891
603305,旭升集团,2024,2025-04-25,宁波旭升集团股份有限公司2024年年度报告,http://www.cninfo.com.cn/new/disclosure/detail?stockCode=603305&announcementId=1223279642&orgId=9900032571&announcementTime=2025-04-25,2025-04-28,2025-07-25,0.111877
603303,得邦照明,2024,2025-03-08,横店集团得邦照明股份有限公司2024年年度报告,http://www.cninfo.com.cn/new/disclosure/detail?stockCode=603303&announcementId=1222743498&orgId=9900029979&announcementTime=2025-03-08,2025-03-10,2025-06-09,-0.001655
603306,华懋科技,2024,2025-04-29,华懋科技2024年年度报告,http://www.cninfo.com.cn/new/disclosure/detail?stockCode=603306&announcementId=1223377908&orgId=9900029307&announcementTime=2025-04-29,2025-04-30,2025-08-12,0.404541
603307,扬州金泉,2024,2025-04-26,2024年年度报告,http://www.cninfo.com.cn/new/disclosure/detail?stockCode=603307&announcementId=1223325983&orgId=9900046649&announcementTime=2025-04-26,2025-04-28,2025-07-25,0.139616
603308,应流股份,2024,2025-04-01,应流股份2024年年度报告,http://www.cninfo.com.cn/new/disclosure/detail?stockCode=603308&announcementId=1222970861&orgId=9900023247&announcementTime=2025-04-01,2025-04-02,2025-07-02,0.226585
603309,维力医疗,2024,2025-04-25,维力医疗2024年年度报告,http://www.cninfo.com.cn/new/disclosure/detail?stockCode=603309&announcementId=1223279831&orgId=9900023697&announcementTime=2025-04-25,2025-04-28,2025-07-25,0.276277
603310,巍华新材,2024,2025-04-29,2024年年度报告,http://www.cninfo.com.cn/new/disclosure/detail?stockCode=603310&announcementId=1223377960&orgId=9900053185&announcementTime=2025-04-29,2025-04-30,2025-07-29,0.069674
603311,金海高科,2024,2025-04-23,金海高科2024年年度报告,http://www.cninfo.com.cn/new/disclosure/detail?stockCode=603311&announcementId=1223210965&orgId=9900023522&announcementTime=2025-04-23,2025-04-24,2025-07-23,0.192771
603312,西典新能,2024,2025-03-29,2024年年度报告,http://www.cninfo.com.cn/new/disclosure/detail?stockCode=603312&announcementId=1222943105&orgId=9900057483&announcementTime=2025-03-29,2025-03-31,2025-06-30,-0.000522
603313,梦百合,2024,2025-04-26,2024年年度报告,http://www.cninfo.com.cn/new/disclosure/detail?stockCode=603313&announcementId=1223313208&orgId=9900027665&announcementTime=2025-04-26,2025-04-28,2025-07-25,0.287347
603315,福鞍股份,2024,2025-04-26,福鞍股份2024年年度报告,http://www.cninfo.com.cn/new/disclosure/detail?stockCode=603315&announcementId=1223308837&orgId=9900023761&announcementTime=2025-04-26,2025-04-28,2025-07-25,0.140961
603316,诚邦股份,2024,2025-04-30,诚邦生态环境股份有限公司2024年年度报告,http://www.cninfo.com.cn/new/disclosure/detail?stockCode=603316&announcementId=1223422454&orgId=9900030890&announcementTime=2025-04-30,2025-05-06,2025-07-30,0.457325
603317,天味食品,2024,2025-03-28,2024年年度报告,http://www.cninfo.com.cn/new/disclosure/detail?stockCode=603317&announcementId=1222926554&orgId=9900023519&announcementTime=2025-03-28,2025-03-31,2025-06-30,-0.16685
603318,水发燃气,2024,2025-04-23,水发派思燃气股份有限公司2024年年度报告,http://www.cninfo.com.cn/new/disclosure/detail?stockCode=603318&announcementId=1223211277&orgId=9900023720&announcementTime=2025-04-23,2025-04-24,2025-07-23,0.081095
603319,美湖股份,2024,2025-04-26,2024年年度报告,http://www.cninfo.com.cn/new/disclosure/detail?stockCode=603319&announcementId=1223324308&orgId=9900028874&announcementTime=2025-04-26,2025-04-28,2025-07-25,0.119092
603320,迪贝电气,2024,2025-04-17,2024年年度报告,http://www.cninfo.com.cn/new/disclosure/detail?stockCode=603320&announcementId=1223112304&orgId=9900023759&announcementTime=2025-04-17,2025-04-18,2025-07-17,0.202852
603321,梅轮电梯,2024,2025-04-29,浙江梅轮电梯股份有限公司2024年年度报告,http://www.cninfo.com.cn/new/disclosure/detail?stockCode=603321&announcementId=1223365823&orgId=9900032995&announcementTime=2025-04-29,2025-04-30,2025-07-29,0.253503
603322,超讯通信,2024,2025-04-30,超讯通信：2024年年度报告,http://www.cninfo.com.cn/new/disclosure/detail?stockCode=603322&announcementId=1223422515&orgId=9900024954&announcementTime=2025-04-30,2025-05-06,2025-07-30,0.101521
603323,苏农银行,2024,2025-04-30,苏农银行2024年年度报告,http://www.cninfo.com.cn/new/disclosure/detail?stockCode=603323&announcementId=1223422525&orgId=9900022945&announcementTime=2025-04-30,2025-05-06,2025-07-30,0.171674
603324,盛剑科技,2024,2025-04-24,盛剑科技2024年年度报告,http://www.cninfo.com.cn/new/disclosure/detail?stockCode=603324&announcementId=1223241090&orgId=9900041728&announcementTime=2025-04-24,2025-04-25,2025-07-24,0.189529
603325,博隆技术,2024,2025-04-26,2024年年度报告,http://www.cninfo.com.cn/new/disclosure/detail?stockCode=603325&announcementId=1223309407&orgId=9900048087&announcementTime=2025-04-26,2025-04-28,2025-07-25,0.046493
603326,我乐家居,2024,2025-04-19,2024年年度报告,http://www.cninfo.com.cn/new/disclosure/detail?stockCode=603326&announcementId=1223157167&orgId=9900031905&announcementTime=2025-04-19,2025-04-21,2025-07-18,0.072442
603327,福蓉科技,2024,2025-04-25,2024年年度报告,http://www.cninfo.com.cn/new/disclosure/detail?stockCode=603327&announcementId=1223284276&orgId=fzqy1026752&announcementTime=2025-04-25,2025-04-28,2025-07-25,0.150697
603328,依顿电子,2024,2025-03-29,2024年年度报告,http://www.cninfo.com.cn/new/disclosure/detail?stockCode=603328&announcementId=1222944687&orgId=9900023118&announcementTime=2025-03-29,2025-03-31,2025-06-30,-0.034288
603329,上海雅仕,2024,2025-04-24,2024年年度报告,http://www.cninfo.com.cn/new/disclosure/detail?stockCode=603329&announcementId=1223234075&orgId=9900031812&announcementTime=2025-04-24,2025-04-25,2025-07-24,-0.039027
603331,百达精工,2024,2025-04-28,百达精工2024年年度报告,http://www.cninfo.com.cn/new/disclosure/detail?stockCode=603331&announcementId=1223346977&orgId=9900030898&announcementTime=2025-04-28,2025-04-29,2025-07-28,0.208664
603330,天洋新材,2024,2025-04-26,2024年年度报告,http://www.cninfo.com.cn/new/disclosure/detail?stockCode=603330&announcementId=1223319748&orgId=9900030398&announcementTime=2025-04-26,2025-04-28,2025-07-25,0.138906
603332,苏州龙杰,2024,2025-04-22,2024年年度报告,http://www.cninfo.com.cn/new/disclosure/detail?stockCode=603332&announcementId=1223184612&orgId=9900023657&announcementTime=2025-04-22,2025-04-23,2025-07-22,0.612366
603333,尚纬股份,2024,2025-04-26,尚纬股份有限公司2024年年度报告,http://www.cninfo.com.cn/new/disclosure/detail?stockCode=603333&announcementId=1223315602&orgId=9900022575&announcementTime=2025-04-26,2025-04-28,2025-07-25,0.435088
603335,迪生力,2024,2025-04-30,迪生力2024年年度报告,http://www.cninfo.com.cn/new/disclosure/detail?stockCode=603335&announcementId=1223422556&orgId=9900030897&announcementTime=2025-04-30,2025-05-06,2025-07-30,0.063306
603336,宏辉果蔬,2024,2025-04-25,2024年年度报告,http://www.cninfo.com.cn/new/disclosure/detail?stockCode=603336&announcementId=1223279893&orgId=9900023771&announcementTime=2025-04-25,2025-04-28,2025-08-01,0.466575
603337,杰克科技,2024,2025-04-15,杰克股份：2024年年度报告,http://www.cninfo.com.cn/new/disclosure/detail?stockCode=603337&announcementId=1223094228&orgId=9900030371&announcementTime=2025-04-15,2025-04-16,2025-07-15,0.321104
603338,浙江鼎力,2024,2025-04-18,浙江鼎力机械股份有限公司2024年年度报告,http://www.cninfo.com.cn/new/disclosure/detail?stockCode=603338&announcementId=1223122580&orgId=9900023741&announcementTime=2025-04-18,2025-04-21,2025-07-18,0.260478
603339,四方科技,2024,2025-04-17,四方科技集团股份有限公司2024年年度报告,http://www.cninfo.com.cn/new/disclosure/detail?stockCode=603339&announcementId=1223107888&orgId=9900024935&announcementTime=2025-04-17,2025-04-18,2025-07-17,0.154684
603341,龙旗科技,2024,2025-04-25,2024年年度报告,http://www.cninfo.com.cn/new/disclosure/detail?stockCode=603341&announcementId=1223285066&orgId=9900031780&announcementTime=2025-04-25,2025-04-28,2025-07-25,0.034969
603344,星德胜,2024,2025-04-19,星德胜2024年年度报告,http://www.cninfo.com.cn/new/disclosure/detail?stockCode=603344&announcementId=1223144259&orgId=9900056295&announcementTime=2025-04-19,2025-04-21,2025-07-18,0.150589
603345,安井食品,2024,2025-04-29,安井食品2024年年度报告,http://www.cninfo.com.cn/new/disclosure/detail?stockCode=603345&announcementId=1223385636&orgId=9900028960&announcementTime=2025-04-29,2025-04-30,2025-07-29,-0.010949
603348,文灿股份,2024,2025-04-26,2024年年度报告,http://www.cninfo.com.cn/new/disclosure/detail?stockCode=603348&announcementId=1223319457&orgId=gfbj0832154&announcementTime=2025-04-26,2025-04-28,2025-07-25,0.067701
603350,安乃达,2024,2025-04-30,2024年年度报告,http://www.cninfo.com.cn/new/disclosure/detail?stockCode=603350&announcementId=1223410242&orgId=gfbj0839807&announcementTime=2025-04-30,2025-05-06,2025-07-30,0.13578
603351,威尔药业,2024,2025-04-22,威尔药业2024年年度报告,http://www.cninfo.com.cn/new/disclosure/detail?stockCode=603351&announcementId=1223190237&orgId=9900036282&announcementTime=2025-04-22,2025-04-23,2025-07-22,0.078499
603353,和顺石油,2024,2025-04-26,和顺石油2024年年度报告,http://www.cninfo.com.cn/new/disclosure/detail?stockCode=603353&announcementId=1223315122&orgId=9900035533&announcementTime=2025-04-26,2025-04-28,2025-07-25,0.112548
603355,莱克电气,2024,2025-04-16,莱克电气2024年年度报告,http://www.cninfo.com.cn/new/disclosure/detail?stockCode=603355&announcementId=1223100059&orgId=9900023608&announcementTime=2025-04-16,2025-04-17,2025-07-16,0.075814
603356,华菱精工,2024,2025-04-15,2024年年度报告,http://www.cninfo.com.cn/new/disclosure/detail?stockCode=603356&announcementId=1223097178&orgId=9900034349&announcementTime=2025-04-15,2025-04-16,2025-07-15,0.131415
603357,设计总院,2024,2025-03-28,2024年年度报告,http://www.cninfo.com.cn/new/disclosure/detail?stockCode=603357&announcementId=1222928806&orgId=9900031485&announcementTime=2025-03-28,2025-03-31,2025-06-30,-0.098128
603358,华达科技,2024,2025-04-30,2024年年度报告,http://www.cninfo.com.cn/new/disclosure/detail?stockCode=603358&announcementId=1223422623&orgId=9900029980&announcementTime=2025-04-30,2025-05-06,2025-07-30,0.020868
603359,东珠生态,2024,2025-04-29,东珠生态环保股份有限公司2024年年度报告,http://www.cninfo.com.cn/new/disclosure/detail?stockCode=603359&announcementId=1223385666&orgId=9900023958&announcementTime=2025-04-29,2025-04-30,2025-07-29,-0.039437
603360,百傲化学,2024,2025-04-25,大连百傲化学股份有限公司2024年年度报告,http://www.cninfo.com.cn/new/disclosure/detail?stockCode=603360&announcementId=1223279946&orgId=9900030005&announcementTime=2025-04-25,2025-04-28,2025-07-25,0.007594
603363,傲农生物,2024,2025-04-30,福建傲农生物科技集团股份有限公司2024年年度报告,http://www.cninfo.com.cn/new/disclosure/detail?stockCode=603363&announcementId=1223410275&orgId=9900033003&announcementTime=2025-04-30,2025-05-06,2025-07-31,0.008
603365,水星家纺,2024,2025-04-29,上海水星家用纺织品股份有限公司2024年年度报告,http://www.cninfo.com.cn/new/disclosure/detail?stockCode=603365&announcementId=1223369236&orgId=9900026420&announcementTime=2025-04-29,2025-04-30,2025-07-29,0.144921
603366,日出东方,2024,2025-04-30,日出东方控股股份有限公司2024年年度报告,http://www.cninfo.com.cn/new/disclosure/detail?stockCode=603366&announcementId=1223416267&orgId=9900022648&announcementTime=2025-04-30,2025-05-06,2025-07-30,0.007362
603367,辰欣药业,2024,2025-04-22,辰欣药业股份有限公司2024年年度报告,http://www.cninfo.com.cn/new/disclosure/detail?stockCode=603367&announcementId=1223190252&orgId=9900024437&announcementTime=2025-04-22,2025-04-23,2025-07-22,0.478864
603369,今世缘,2024,2025-04-30,江苏今世缘酒业股份有限公司2024年年度报告,http://www.cninfo.com.cn/new/disclosure/detail?stockCode=603369&announcementId=1223416277&orgId=9900023168&announcementTime=2025-04-30,2025-05-06,2025-07-30,-0.135643
603368,柳药集团,2024,2025-03-27,广西柳药集团股份有限公司2024年年度报告,http://www.cninfo.com.cn/new/disclosure/detail?stockCode=603368&announcementId=1222909604&orgId=9900022939&announcementTime=2025-03-27,2025-03-28,2025-06-27,-0.017138
603375,盛景微,2024,2025-04-29,2024年年度报告,http://www.cninfo.com.cn/new/disclosure/detail?stockCode=603375&announcementId=1223378035&orgId=9900051392&announcementTime=2025-04-29,2025-04-30,2025-07-29,0.229336
603373,安邦护卫,2024,2025-04-25,安邦护卫2024年年度报告,http://www.cninfo.com.cn/new/disclosure/detail?stockCode=603373&announcementId=1223284280&orgId=9900052523&announcementTime=2025-04-25,2025-04-28,2025-07-25,0.649406
603377,ST东时,2024,2025-04-30,2024年年度报告,http://www.cninfo.com.cn/new/disclosure/detail?stockCode=603377&announcementId=1223426714&orgId=9900023616&announcementTime=2025-04-30,2025-05-06,2025-09-26,0.101852
603378,亚士创能,2024,2025-04-30,亚士创能2024年年度报告,http://www.cninfo.com.cn/new/disclosure/detail?stockCode=603378&announcementId=1223422714&orgId=9900030399&announcementTime=2025-04-30,2025-05-06,2025-07-30,-0.00958
603379,三美股份,2024,2025-04-29,浙江三美化工股份有限公司2024年年度报告,http://www.cninfo.com.cn/new/disclosure/detail?stockCode=603379&announcementId=1223378634&orgId=GD061916&announcementTime=2025-04-29,2025-04-30,2025-07-29,0.027412
603380,易德龙,2024,2025-04-26,苏州易德龙科技股份有限公司2024年年度报告,http://www.cninfo.com.cn/new/disclosure/detail?stockCode=603380&announcementId=1223323421&orgId=9900032569&announcementTime=2025-04-26,2025-04-28,2025-07-25,0.290769
603381,永臻股份,2024,2025-04-30,2024年年度报告,http://www.cninfo.com.cn/new/disclosure/detail?stockCode=603381&announcementId=1223406935&orgId=9900058333&announcementTime=2025-04-30,2025-05-06,2025-07-30,0.036842
603383,顶点软件,2024,2025-04-11,顶点软件2024年年度报告,http://www.cninfo.com.cn/new/disclosure/detail?stockCode=603383&announcementId=1223057988&orgId=9900023072&announcementTime=2025-04-11,2025-04-14,2025-07-11,0.110471
603385,惠达卫浴,2024,2025-04-29,2024年年度报告,http://www.cninfo.com.cn/new/disclosure/detail?stockCode=603385&announcementId=1223365846&orgId=9900030578&announcementTime=2025-04-29,2025-04-30,2025-07-29,0.168132
603386,骏亚科技,2024,2025-04-26,骏亚科技：2024年年度报告,http://www.cninfo.com.cn/new/disclosure/detail?stockCode=603386&announcementId=1223317311&orgId=9900033000&announcementTime=2025-04-26,2025-04-28,2025-07-25,0.304071
603387,基蛋生物,2024,2025-04-30,基蛋生物：2024年年度报告,http://www.cninfo.com.cn/new/disclosure/detail?stockCode=603387&announcementId=1223422742&orgId=9900031490&announcementTime=2025-04-30,2025-05-06,2025-07-30,0.092983
603389,*ST亚振,2024,2025-04-30,2024年年度报告,http://www.cninfo.com.cn/new/disclosure/detail?stockCode=603389&announcementId=1223426816&orgId=9900026793&announcementTime=2025-04-30,2025-05-06,2025-08-29,2.988593
603390,通达电气,2024,2025-04-29,广州通达汽车电气股份有限公司2024年度报告,http://www.cninfo.com.cn/new/disclosure/detail?stockCode=603390&announcementId=1223390949&orgId=gfbj0870399&announcementTime=2025-04-29,2025-04-30,2025-07-29,0.335945
603391,力聚热能,2024,2025-04-10,2024年年度报告,http://www.cninfo.com.cn/new/disclosure/detail?stockCode=603391&announcementId=1223042012&orgId=9900056301&announcementTime=2025-04-10,2025-04-11,2025-07-10,-0.008595
603392,万泰生物,2024,2025-04-12,万泰生物2024年年度报告,http://www.cninfo.com.cn/new/disclosure/detail?stockCode=603392&announcementId=1223071956&orgId=9900033181&announcementTime=2025-04-12,2025-04-14,2025-07-11,-0.122653
603393,新天然气,2024,2025-03-29,新天然气-2024年度报告,http://www.cninfo.com.cn/new/disclosure/detail?stockCode=603393&announcementId=1222939553&orgId=9900030440&announcementTime=2025-03-29,2025-03-31,2025-06-30,0.005147
603395,红四方,2024,2025-04-26,红四方2024年年度报告,http://www.cninfo.com.cn/new/disclosure/detail?stockCode=603395&announcementId=1223306078&orgId=9900054184&announcementTime=2025-04-26,2025-04-28,2025-07-25,-0.009111
603396,金辰股份,2024,2025-04-26,营口金辰机械股份有限公司2024年年度报告,http://www.cninfo.com.cn/new/disclosure/detail?stockCode=603396&announcementId=1223308144&orgId=9900030574&announcementTime=2025-04-26,2025-04-28,2025-07-25,0.221137
603398,*ST沐邦,2024,2025-04-30,江西沐邦高科股份有限公司2024年年度报告,http://www.cninfo.com.cn/new/disclosure/detail?stockCode=603398&announcementId=1223426841&orgId=9900024444&announcementTime=2025-04-30,2025-05-06,2025-07-30,-0.316592
603399,永杉锂业,2024,2025-04-16,永杉锂业2024年年度报告,http://www.cninfo.com.cn/new/disclosure/detail?stockCode=603399&announcementId=1223104081&orgId=9900023227&announcementTime=2025-04-16,2025-04-17,2025-07-16,0.176174
603408,建霖家居,2024,2025-04-25,厦门建霖健康家居股份有限公司2024年年度报告,http://www.cninfo.com.cn/new/disclosure/detail?stockCode=603408&announcementId=1223279996&orgId=9900039735&announcementTime=2025-04-25,2025-04-28,2025-07-25,0.082405
603409,汇通控股,2024,2025-04-18,2024年年度报告,http://www.cninfo.com.cn/new/disclosure/detail?stockCode=603409&announcementId=1223126727&orgId=gfbj0831204&announcementTime=2025-04-18,2025-04-21,2025-07-18,-0.024643
603416,信捷电气,2024,2025-04-26,无锡信捷电气股份有限公司2024年年度报告,http://www.cninfo.com.cn/new/disclosure/detail?stockCode=603416&announcementId=1223319027&orgId=9900029045&announcementTime=2025-04-26,2025-04-28,2025-07-25,0.079065
603429,集友股份,2024,2025-04-26,集友股份2024年年度报告,http://www.cninfo.com.cn/new/disclosure/detail?stockCode=603429&announcementId=1223314472&orgId=9900033051&announcementTime=2025-04-26,2025-04-28,2025-07-25,0.058446
603421,鼎信通讯,2024,2025-04-23,鼎信通讯2024年年度报告,http://www.cninfo.com.cn/new/disclosure/detail?stockCode=603421&announcementId=1223222357&orgId=9900026642&announcementTime=2025-04-23,2025-04-24,2025-07-23,0.069474
603439,三力制药,2024,2025-04-23,贵州三力制药股份有限公司2024年年度报告,http://www.cninfo.com.cn/new/disclosure/detail?stockCode=603439&announcementId=1223212475&orgId=gfbj0832708&announcementTime=2025-04-23,2025-04-24,2025-07-23,0.076494
603444,吉比特,2024,2025-03-28,厦门吉比特网络技术股份有限公司2024年年度报告,http://www.cninfo.com.cn/new/disclosure/detail?stockCode=603444&announcementId=1222922127&orgId=9900028872&announcementTime=2025-03-28,2025-03-31,2025-06-30,0.397671
603458,勘设股份,2024,2025-04-04,勘设股份2024年年度报告,http://www.cninfo.com.cn/new/disclosure/detail?stockCode=603458&announcementId=1223005117&orgId=9900031907&announcementTime=2025-04-04,2025-04-07,2025-07-04,0.317799
603456,九洲药业,2024,2025-04-11,浙江九洲药业股份有限公司2024年年度报告,http://www.cninfo.com.cn/new/disclosure/detail?stockCode=603456&announcementId=1223054540&orgId=9900022935&announcementTime=2025-04-11,2025-04-14,2025-07-11,0.326455
603466,风语筑,2024,2025-04-17,上海风语筑文化科技股份有限公司2024年年度报告,http://www.cninfo.com.cn/new/disclosure/detail?stockCode=603466&announcementId=1223111892&orgId=9900033216&announcementTime=2025-04-17,2025-04-18,2025-07-17,0.101236
603477,巨星农牧,2024,2025-03-22,巨星农牧2024年年度报告,http://www.cninfo.com.cn/new/disclosure/detail?stockCode=603477&announcementId=1222867672&orgId=9900035087&announcementTime=2025-03-22,2025-03-24,2025-06-23,0.096144
603486,科沃斯,2024,2025-04-26,2024年年度报告,http://www.cninfo.com.cn/new/disclosure/detail?stockCode=603486&announcementId=1223323879&orgId=GD134549&announcementTime=2025-04-26,2025-04-28,2025-07-25,0.330438
603488,展鹏科技,2024,2025-04-30,展鹏科技股份有限公司2024年年度报告,http://www.cninfo.com.cn/new/disclosure/detail?stockCode=603488&announcementId=1223422780&orgId=9900030895&announcementTime=2025-04-30,2025-05-06,2025-07-30,0.176039
603489,八方股份,2024,2025-04-30,2024年年度报告,http://www.cninfo.com.cn/new/disclosure/detail?stockCode=603489&announcementId=1223422806&orgId=9900037309&announcementTime=2025-04-30,2025-05-06,2025-07-30,0.014602
603496,恒为科技,2024,2025-04-15,2024年年度报告,http://www.cninfo.com.cn/new/disclosure/detail?stockCode=603496&announcementId=1223097459&orgId=9900030822&announcementTime=2025-04-15,2025-04-16,2025-07-15,-0.003441
603499,翔港科技,2024,2025-04-26,2024年年度报告,http://www.cninfo.com.cn/new/disclosure/detail?stockCode=603499&announcementId=1223308196&orgId=9900032988&announcementTime=2025-04-26,2025-04-28,2025-07-25,-0.051331
603500,祥和实业,2024,2025-04-10,浙江天台祥和实业股份有限公司2024年年度报告,http://www.cninfo.com.cn/new/disclosure/detail?stockCode=603500&announcementId=1223043507&orgId=9900032885&announcementTime=2025-04-10,2025-04-11,2025-07-10,0.21743
603501,豪威集团,2024,2025-04-16,2024年年度报告,http://www.cninfo.com.cn/new/disclosure/detail?stockCode=603501&announcementId=1223104428&orgId=9900030772&announcementTime=2025-04-16,2025-04-17,2025-07-16,-0.008261
603505,金石资源,2024,2025-04-23,金石资源集团股份有限公司2024年年度报告,http://www.cninfo.com.cn/new/disclosure/detail?stockCode=603505&announcementId=1223216594&orgId=9900029041&announcementTime=2025-04-23,2025-04-24,2025-07-23,-0.013463
603506,南都物业,2024,2025-04-19,南都物业服务集团股份有限公司2024年年度报告,http://www.cninfo.com.cn/new/disclosure/detail?stockCode=603506&announcementId=1223154590&orgId=9900033208&announcementTime=2025-04-19,2025-04-21,2025-07-18,0.25692
603507,振江股份,2024,2025-04-04,振江股份2024年年度报告,http://www.cninfo.com.cn/new/disclosure/detail?stockCode=603507&announcementId=1223006903&orgId=9900033205&announcementTime=2025-04-04,2025-04-07,2025-07-04,-0.05828
603508,思维列控,2024,2025-04-12,思维列控2024年年度报告,http://www.cninfo.com.cn/new/disclosure/detail?stockCode=603508&announcementId=1223072290&orgId=9900024628&announcementTime=2025-04-12,2025-04-14,2025-07-11,0.224365
603511,爱慕股份,2024,2025-04-25,公司2024年年度报告,http://www.cninfo.com.cn/new/disclosure/detail?stockCode=603511&announcementId=1223280222&orgId=GD183129&announcementTime=2025-04-25,2025-04-28,2025-07-25,0.488789
603515,欧普照明,2024,2025-04-29,欧普照明股份有限公司2024年年度报告,http://www.cninfo.com.cn/new/disclosure/detail?stockCode=603515&announcementId=1223369296&orgId=9900026533&announcementTime=2025-04-29,2025-04-30,2025-07-29,0.222044
603516,淳中科技,2024,2025-04-23,北京淳中科技股份有限公司2024年年度报告,http://www.cninfo.com.cn/new/disclosure/detail?stockCode=603516&announcementId=1223216003&orgId=gfbj0834801&announcementTime=2025-04-23,2025-04-24,2025-07-23,0.356473
603517,ST绝味,2024,2025-04-10,绝味食品2024年年度报告全文,http://www.cninfo.com.cn/new/disclosure/detail?stockCode=603517&announcementId=1223045873&orgId=9900029519&announcementTime=2025-04-10,2025-04-11,2025-07-10,-0.028302
603518,锦泓集团,2024,2025-03-27,锦泓时装集团股份有限公司2024年年度报告,http://www.cninfo.com.cn/new/disclosure/detail?stockCode=603518&announcementId=1222910941&orgId=9900023765&announcementTime=2025-03-27,2025-03-28,2025-06-27,0.068245
603519,立霸股份,2024,2025-04-18,立霸股份：2024年年度报告,http://www.cninfo.com.cn/new/disclosure/detail?stockCode=603519&announcementId=1223124587&orgId=9900023752&announcementTime=2025-04-18,2025-04-21,2025-07-18,0.181599
603527,众源新材,2024,2025-04-26,众源新材2024年年度报告,http://www.cninfo.com.cn/new/disclosure/detail?stockCode=603527&announcementId=1223326652&orgId=gfbj0832582&announcementTime=2025-04-26,2025-04-28,2025-07-25,0.221684
603520,司太立,2024,2025-04-30,浙江司太立制药股份有限公司2024年年度报告,http://www.cninfo.com.cn/new/disclosure/detail?stockCode=603520&announcementId=1223422851&orgId=9900024955&announcementTime=2025-04-30,2025-05-06,2025-07-30,0.307933
603528,多伦科技,2024,2025-04-26,多伦科技2024年年度报告,http://www.cninfo.com.cn/new/disclosure/detail?stockCode=603528&announcementId=1223316779&orgId=9900026209&announcementTime=2025-04-26,2025-04-28,2025-07-25,0.185201
603529,爱玛科技,2024,2025-04-16,爱玛科技2024年年度报告,http://www.cninfo.com.cn/new/disclosure/detail?stockCode=603529&announcementId=1223103373&orgId=9900037312&announcementTime=2025-04-16,2025-04-17,2025-07-16,-0.132511
603530,神马电力,2024,2025-04-03,神马电力2024年年度报告,http://www.cninfo.com.cn/new/disclosure/detail?stockCode=603530&announcementId=1222993090&orgId=9900036545&announcementTime=2025-04-03,2025-04-07,2025-07-04,0.178789
603533,掌阅科技,2024,2025-04-19,掌阅科技股份有限公司2024年年度报告,http://www.cninfo.com.cn/new/disclosure/detail?stockCode=603533&announcementId=1223154623&orgId=9900033063&announcementTime=2025-04-19,2025-04-21,2025-07-18,0.187009
603535,嘉诚国际,2024,2025-02-20,2024年年度报告,http://www.cninfo.com.cn/new/disclosure/detail?stockCode=603535&announcementId=1222580945&orgId=9900023643&announcementTime=2025-02-20,2025-02-21,2025-05-22,0.086268
603536,惠发食品,2024,2025-03-28,惠发食品2024年年度报告,http://www.cninfo.com.cn/new/disclosure/detail?stockCode=603536&announcementId=1222925611&orgId=9900024760&announcementTime=2025-03-28,2025-03-31,2025-06-30,0.017076
603538,美诺华,2024,2025-04-18,宁波美诺华药业股份有限公司2024年年度报告,http://www.cninfo.com.cn/new/disclosure/detail?stockCode=603538&announcementId=1223130508&orgId=9900029824&announcementTime=2025-04-18,2025-04-21,2025-07-18,0.823834
603551,奥普科技,2024,2025-04-26,奥普智能科技股份有限公司2024年年度报告,http://www.cninfo.com.cn/new/disclosure/detail?stockCode=603551&announcementId=1223322514&orgId=9900037166&announcementTime=2025-04-26,2025-04-28,2025-07-25,0.181545
603556,海兴电力,2024,2025-04-22,杭州海兴电力科技股份有限公司2024年年度报告,http://www.cninfo.com.cn/new/disclosure/detail?stockCode=603556&announcementId=1223197933&orgId=9900026786&announcementTime=2025-04-22,2025-04-23,2025-07-22,-0.047124
603557,ST起步,2024,2025-04-30,ST起步：2024年年度报告,http://www.cninfo.com.cn/new/disclosure/detail?stockCode=603557&announcementId=1223416325&orgId=9900032999&announcementTime=2025-04-30,2025-05-06,2025-07-30,0.120155
603558,健盛集团,2024,2025-03-25,健盛集团2024年年度报告,http://www.cninfo.com.cn/new/disclosure/detail?stockCode=603558&announcementId=1222880535&orgId=GD040373&announcementTime=2025-03-25,2025-03-26,2025-06-25,-0.088198
603559,ST通脉,2024,2025-04-29,中通国脉通信股份有限公司2024年年度报告,http://www.cninfo.com.cn/new/disclosure/detail?stockCode=603559&announcementId=1223385746&orgId=9900029037&announcementTime=2025-04-29,2025-04-30,2025-07-30,0.071348
603565,中谷物流,2024,2025-04-01,2024年年度报告,http://www.cninfo.com.cn/new/disclosure/detail?stockCode=603565&announcementId=1222970482&orgId=gfbj0836283&announcementTime=2025-04-01,2025-04-02,2025-07-02,0.02569
603566,普莱柯,2024,2025-04-25,普莱柯2024年年度报告,http://www.cninfo.com.cn/new/disclosure/detail?stockCode=603566&announcementId=1223280241&orgId=9900023152&announcementTime=2025-04-25,2025-04-28,2025-07-25,0.140419
603567,珍宝岛,2024,2025-04-30,黑龙江珍宝岛药业股份有限公司2024年年度报告,http://www.cninfo.com.cn/new/disclosure/detail?stockCode=603567&announcementId=1223422928&orgId=9900023465&announcementTime=2025-04-30,2025-05-06,2025-07-30,0.166879
603568,伟明环保,2024,2025-04-19,伟明环保2024年年度报告,http://www.cninfo.com.cn/new/disclosure/detail?stockCode=603568&announcementId=1223144638&orgId=9900023680&announcementTime=2025-04-19,2025-04-21,2025-07-18,-0.007362
603569,长久物流,2024,2025-04-26,长久物流：2024年年度报告,http://www.cninfo.com.cn/new/disclosure/detail?stockCode=603569&announcementId=1223306534&orgId=9900026446&announcementTime=2025-04-26,2025-04-28,2025-07-25,0.029364
603577,汇金通,2024,2025-03-25,汇金通2024年年度报告,http://www.cninfo.com.cn/new/disclosure/detail?stockCode=603577&announcementId=1222878933&orgId=9900029595&announcementTime=2025-03-25,2025-03-26,2025-06-25,0.001476
603578,三星新材,2024,2025-04-29,2024年年度报告,http://www.cninfo.com.cn/new/disclosure/detail?stockCode=603578&announcementId=1223378681&orgId=gfbj0831645&announcementTime=2025-04-29,2025-04-30,2025-07-29,0.00463
603580,*ST艾艾,2024,2025-04-29,艾艾精工2024年年度报告,http://www.cninfo.com.cn/new/disclosure/detail?stockCode=603580&announcementId=1223392574&orgId=gfbj0430599&announcementTime=2025-04-29,2025-04-30,2025-07-29,-0.062519
603579,荣泰健康,2024,2025-04-24,上海荣泰健康科技股份有限公司2024年年度报告,http://www.cninfo.com.cn/new/disclosure/detail?stockCode=603579&announcementId=1223241800&orgId=9900029801&announcementTime=2025-04-24,2025-04-25,2025-07-24,0.165754
603583,捷昌驱动,2024,2025-04-28,2024年年度报告,http://www.cninfo.com.cn/new/disclosure/detail?stockCode=603583&announcementId=1223347044&orgId=gfbj0830948&announcementTime=2025-04-28,2025-04-29,2025-07-28,-0.07179
603585,苏利股份,2024,2025-04-24,苏利股份2024年年度报告,http://www.cninfo.com.cn/new/disclosure/detail?stockCode=603585&announcementId=1223237047&orgId=9900029469&announcementTime=2025-04-24,2025-04-25,2025-07-24,0.271171
603587,地素时尚,2024,2025-04-29,地素时尚2024年年度报告,http://www.cninfo.com.cn/new/disclosure/detail?stockCode=603587&announcementId=1223385908&orgId=9900031496&announcementTime=2025-04-29,2025-04-30,2025-07-29,0.110998
603586,金麒麟,2024,2025-04-26,山东金麒麟股份有限公司2024年年度报告全文,http://www.cninfo.com.cn/new/disclosure/detail?stockCode=603586&announcementId=1223330506&orgId=9900030773&announcementTime=2025-04-26,2025-04-28,2025-07-25,0.223633
603589,口子窖,2024,2025-04-29,安徽口子酒业股份有限公司2024年年度报告,http://www.cninfo.com.cn/new/disclosure/detail?stockCode=603589&announcementId=1223370055&orgId=9900023518&announcementTime=2025-04-29,2025-04-30,2025-07-29,-0.019482
603588,高能环境,2024,2025-03-20,高能环境2024年年度报告,http://www.cninfo.com.cn/new/disclosure/detail?stockCode=603588&announcementId=1222847022&orgId=9900023766&announcementTime=2025-03-20,2025-03-21,2025-06-20,-0.131694
603590,康辰药业,2024,2025-04-26,康辰药业2024年年度报告,http://www.cninfo.com.cn/new/disclosure/detail?stockCode=603590&announcementId=1223328846&orgId=9900034526&announcementTime=2025-04-26,2025-04-28,2025-07-25,1.01124
603595,ST东尼,2024,2025-04-19,东尼电子2024年年度报告,http://www.cninfo.com.cn/new/disclosure/detail?stockCode=603595&announcementId=1223146779&orgId=9900032656&announcementTime=2025-04-19,2025-04-21,2025-07-18,0.132715
603596,伯特利,2024,2025-04-23,伯特利2024年年度报告,http://www.cninfo.com.cn/new/disclosure/detail?stockCode=603596&announcementId=1223218080&orgId=gfbj0835470&announcementTime=2025-04-23,2025-04-24,2025-07-23,-0.122801
603598,引力传媒,2024,2025-04-29,引力传媒：2024年年度报告,http://www.cninfo.com.cn/new/disclosure/detail?stockCode=603598&announcementId=1223385938&orgId=9900024134&announcementTime=2025-04-29,2025-04-30,2025-07-29,0.151678
603599,广信股份,2024,2025-04-28,2024年年度报告,http://www.cninfo.com.cn/new/disclosure/detail?stockCode=603599&announcementId=1223347077&orgId=9900023967&announcementTime=2025-04-28,2025-04-29,2025-07-28,0.184796
603600,永艺股份,2024,2025-04-25,永艺家具股份有限公司2024年年度报告,http://www.cninfo.com.cn/new/disclosure/detail?stockCode=603600&announcementId=1223280295&orgId=9900023653&announcementTime=2025-04-25,2025-04-28,2025-07-25,0.157733
603601,再升科技,2024,2025-04-24,再升科技2024年年度报告,http://www.cninfo.com.cn/new/disclosure/detail?stockCode=603601&announcementId=1223249262&orgId=9900023779&announcementTime=2025-04-24,2025-04-25,2025-07-24,0.321569
603602,纵横通信,2024,2025-04-26,纵横通信2024年年度报告,http://www.cninfo.com.cn/new/disclosure/detail?stockCode=603602&announcementId=1223328115&orgId=9900024449&announcementTime=2025-04-26,2025-04-28,2025-07-25,0.020933
603605,珀莱雅,2024,2025-04-25,珀莱雅化妆品股份有限公司2024年年度报告,http://www.cninfo.com.cn/new/disclosure/detail?stockCode=603605&announcementId=1223280349&orgId=9900032985&announcementTime=2025-04-25,2025-04-28,2025-07-25,-0.010118
603606,东方电缆,2024,2025-03-27,东方电缆2024年年度报告,http://www.cninfo.com.cn/new/disclosure/detail?stockCode=603606&announcementId=1222910332&orgId=9900023122&announcementTime=2025-03-27,2025-03-28,2025-06-27,0.032277
603608,天创时尚,2024,2025-04-19,天创时尚股份有限公司2024年年度报告,http://www.cninfo.com.cn/new/disclosure/detail?stockCode=603608&announcementId=1223153993&orgId=9900024757&announcementTime=2025-04-19,2025-04-21,2025-07-21,0.246338
603607,京华激光,2024,2025-04-29,京华激光2024年年度报告,http://www.cninfo.com.cn/new/disclosure/detail?stockCode=603607&announcementId=1223378714&orgId=9900034181&announcementTime=2025-04-29,2025-04-30,2025-07-29,0.274194
603609,禾丰股份,2024,2025-04-26,禾丰股份2024年年度报告,http://www.cninfo.com.cn/new/disclosure/detail?stockCode=603609&announcementId=1223304840&orgId=9900022976&announcementTime=2025-04-26,2025-04-28,2025-07-25,0.041877
603610,麒盛科技,2024,2025-04-19,麒盛科技2024年年度报告,http://www.cninfo.com.cn/new/disclosure/detail?stockCode=603610&announcementId=1223158473&orgId=9900037346&announcementTime=2025-04-19,2025-04-21,2025-07-18,0.273918
603612,索通发展,2024,2025-04-23,索通发展股份有限公司2024年年度报告,http://www.cninfo.com.cn/new/disclosure/detail?stockCode=603612&announcementId=1223221654&orgId=9900023754&announcementTime=2025-04-23,2025-04-24,2025-07-23,0.275325
603611,诺力股份,2024,2025-04-28,诺力股份2024年年度报告,http://www.cninfo.com.cn/new/disclosure/detail?stockCode=603611&announcementId=1223347087&orgId=9900023659&announcementTime=2025-04-28,2025-04-29,2025-07-28,0.355792
603613,国联股份,2024,2025-04-22,2024年年度报告,http://www.cninfo.com.cn/new/disclosure/detail?stockCode=603613&announcementId=1223195408&orgId=GD082689&announcementTime=2025-04-22,2025-04-23,2025-07-22,-0.027492
603615,茶花股份,2024,2025-03-29,2024年年度报告,http://www.cninfo.com.cn/new/disclosure/detail?stockCode=603615&announcementId=1222943161&orgId=9900030397&announcementTime=2025-03-29,2025-03-31,2025-06-30,-0.069449
603616,韩建河山,2024,2025-04-30,韩建河山2024年年度报告,http://www.cninfo.com.cn/new/disclosure/detail?stockCode=603616&announcementId=1223426931&orgId=9900023517&announcementTime=2025-04-30,2025-05-06,2025-07-30,1.132184
603617,君禾股份,2024,2025-04-25,君禾股份2024年年度报告,http://www.cninfo.com.cn/new/disclosure/detail?stockCode=603617&announcementId=1223280422&orgId=9900023354&announcementTime=2025-04-25,2025-04-28,2025-07-25,0.150024
603618,杭电股份,2024,2025-04-23,杭电股份：2024年年度报告,http://www.cninfo.com.cn/new/disclosure/detail?stockCode=603618&announcementId=1223214800&orgId=9900023676&announcementTime=2025-04-23,2025-04-24,2025-07-23,0.064947
603619,中曼石油,2024,2025-04-25,中曼石油2024年年度报告,http://www.cninfo.com.cn/new/disclosure/detail?stockCode=603619&announcementId=1223284345&orgId=9900031498&announcementTime=2025-04-25,2025-04-28,2025-07-25,0.23722
603626,科森科技,2024,2025-04-29,2024年年度报告,http://www.cninfo.com.cn/new/disclosure/detail?stockCode=603626&announcementId=1223370079&orgId=9900029914&announcementTime=2025-04-29,2025-04-30,2025-07-29,0.197394
603628,清源股份,2024,2025-04-30,2024年年度报告,http://www.cninfo.com.cn/new/disclosure/detail?stockCode=603628&announcementId=1223422933&orgId=9900023615&announcementTime=2025-04-30,2025-05-06,2025-07-30,0.153586
603629,利通电子,2024,2025-04-29,603629：利通电子2024年年度报告,http://www.cninfo.com.cn/new/disclosure/detail?stockCode=603629&announcementId=1223378770&orgId=9900035548&announcementTime=2025-04-29,2025-04-30,2025-07-29,-0.032452
603630,拉芳家化,2024,2025-04-29,2024年年度报告,http://www.cninfo.com.cn/new/disclosure/detail?stockCode=603630&announcementId=1223378805&orgId=9900030439&announcementTime=2025-04-29,2025-04-30,2025-07-29,0.219311
603636,南威软件,2024,2025-04-26,南威软件：2024年年度报告,http://www.cninfo.com.cn/new/disclosure/detail?stockCode=603636&announcementId=1223331004&orgId=9900023642&announcementTime=2025-04-26,2025-04-28,2025-07-25,0.179057
603633,徕木股份,2024,2025-04-29,徕木股份2024年年度报告,http://www.cninfo.com.cn/new/disclosure/detail?stockCode=603633&announcementId=1223370131&orgId=9900029035&announcementTime=2025-04-29,2025-04-30,2025-07-29,0.217391
603638,艾迪精密,2024,2025-04-30,艾迪精密_2024年_年度报告,http://www.cninfo.com.cn/new/disclosure/detail?stockCode=603638&announcementId=1223416394&orgId=9900029803&announcementTime=2025-04-30,2025-05-06,2025-07-30,-0.035172
603637,镇海股份,2024,2025-04-18,镇海石化工程股份有限公司2024年年度报告全文,http://www.cninfo.com.cn/new/disclosure/detail?stockCode=603637&announcementId=1223121868&orgId=9900029746&announcementTime=2025-04-18,2025-04-21,2025-07-18,0.215114
603639,海利尔,2024,2025-04-29,海利尔药业集团股份有限公司2024年年度报告,http://www.cninfo.com.cn/new/disclosure/detail?stockCode=603639&announcementId=1223390993&orgId=9900026804&announcementTime=2025-04-29,2025-04-30,2025-07-29,0.228219
603648,畅联股份,2024,2025-04-28,上海畅联国际物流股份有限公司2024年年度报告,http://www.cninfo.com.cn/new/disclosure/detail?stockCode=603648&announcementId=1223347140&orgId=9900031813&announcementTime=2025-04-28,2025-04-29,2025-07-28,0.04642
603650,彤程新材,2024,2025-04-18,彤程新材料集团股份有限公司2024年年度报告,http://www.cninfo.com.cn/new/disclosure/detail?stockCode=603650&announcementId=1223159664&orgId=9900035570&announcementTime=2025-04-18,2025-04-21,2025-07-18,0.040955
603655,朗博科技,2024,2025-04-29,2024年年度报告,http://www.cninfo.com.cn/new/disclosure/detail?stockCode=603655&announcementId=1223358784&orgId=9900033184&announcementTime=2025-04-29,2025-04-30,2025-07-29,0.336698
603656,泰禾智能,2024,2025-03-22,泰禾智能2024年年度报告,http://www.cninfo.com.cn/new/disclosure/detail?stockCode=603656&announcementId=1222869377&orgId=9900030419&announcementTime=2025-03-22,2025-03-24,2025-06-23,-0.098077
603657,春光科技,2024,2025-04-19,春光科技2024年年度报告,http://www.cninfo.com.cn/new/disclosure/detail?stockCode=603657&announcementId=1223145925&orgId=9900035542&announcementTime=2025-04-19,2025-04-21,2025-07-18,1.234888
603658,安图生物,2024,2025-04-18,安图生物2024年年度报告,http://www.cninfo.com.cn/new/disclosure/detail?stockCode=603658&announcementId=1223121916&orgId=9900026792&announcementTime=2025-04-18,2025-04-21,2025-07-18,-0.008648
603659,璞泰来,2024,2025-04-26,上海璞泰来新能源科技股份有限公司2024年年度报告,http://www.cninfo.com.cn/new/disclosure/detail?stockCode=603659&announcementId=1223327273&orgId=9900033054&announcementTime=2025-04-26,2025-04-28,2025-07-25,0.080986
603660,苏州科达,2024,2025-04-26,603660_2024年_年度报告,http://www.cninfo.com.cn/new/disclosure/detail?stockCode=603660&announcementId=1223319090&orgId=9900026447&announcementTime=2025-04-26,2025-04-28,2025-07-25,0.145385
603661,恒林股份,2024,2025-04-26,恒林股份2024年年度报告,http://www.cninfo.com.cn/new/disclosure/detail?stockCode=603661&announcementId=1223322820&orgId=9900022987&announcementTime=2025-04-26,2025-04-28,2025-07-25,0.135648
603662,柯力传感,2024,2025-04-29,柯力传感2024年年度报告,http://www.cninfo.com.cn/new/disclosure/detail?stockCode=603662&announcementId=1223365920&orgId=9900035557&announcementTime=2025-04-29,2025-04-30,2025-07-29,-0.005674
603663,三祥新材,2024,2025-04-25,三祥新材股份有限公司2024年年度报告,http://www.cninfo.com.cn/new/disclosure/detail?stockCode=603663&announcementId=1223280571&orgId=9900024948&announcementTime=2025-04-25,2025-04-28,2025-07-25,0.19802
603665,康隆达,2024,2025-04-26,康隆达2024年年度报告,http://www.cninfo.com.cn/new/disclosure/detail?stockCode=603665&announcementId=1223309443&orgId=9900030088&announcementTime=2025-04-26,2025-04-28,2025-07-25,0.342788
603666,亿嘉和,2024,2025-04-26,亿嘉和科技股份有限公司2024年年度报告,http://www.cninfo.com.cn/new/disclosure/detail?stockCode=603666&announcementId=1223323138&orgId=9900034945&announcementTime=2025-04-26,2025-04-28,2025-07-25,0.00455
603667,五洲新春,2024,2025-04-29,五洲新春2024年年度报告,http://www.cninfo.com.cn/new/disclosure/detail?stockCode=603667&announcementId=1223385949&orgId=9900027666&announcementTime=2025-04-29,2025-04-30,2025-07-29,-0.007377
603668,天马科技,2024,2025-04-30,天马科技2024年年度报告全文,http://www.cninfo.com.cn/new/disclosure/detail?stockCode=603668&announcementId=1223422997&orgId=9900029592&announcementTime=2025-04-30,2025-05-06,2025-07-30,0.012219
603669,灵康药业,2024,2025-04-19,2024年年度报告,http://www.cninfo.com.cn/new/disclosure/detail?stockCode=603669&announcementId=1223151797&orgId=9900029033&announcementTime=2025-04-19,2025-04-21,2025-07-18,0.470183
603676,卫信康,2024,2025-04-26,西藏卫信康医药股份有限公司2024年年度报告,http://www.cninfo.com.cn/new/disclosure/detail?stockCode=603676&announcementId=1223311294&orgId=9900034348&announcementTime=2025-04-26,2025-04-28,2025-07-25,0.182778
603677,奇精机械,2024,2025-03-22,2024年年度报告,http://www.cninfo.com.cn/new/disclosure/detail?stockCode=603677&announcementId=1222869793&orgId=9900029823&announcementTime=2025-03-22,2025-03-24,2025-06-23,-0.20968
603678,火炬电子,2024,2025-03-22,火炬电子2024年年度报告,http://www.cninfo.com.cn/new/disclosure/detail?stockCode=603678&announcementId=1222869828&orgId=9900023660&announcementTime=2025-03-22,2025-03-24,2025-06-23,-0.083677
603679,华体科技,2024,2025-04-26,四川华体照明科技股份有限公司2024年年度报告,http://www.cninfo.com.cn/new/disclosure/detail?stockCode=603679&announcementId=1223311356&orgId=9900030893&announcementTime=2025-04-26,2025-04-28,2025-07-25,0.343377
603680,今创集团,2024,2025-04-29,2024年年度报告,http://www.cninfo.com.cn/new/disclosure/detail?stockCode=603680&announcementId=1223378851&orgId=9900030697&announcementTime=2025-04-29,2025-04-30,2025-07-29,0.420485
603681,永冠新材,2024,2025-04-29,上海永冠众诚新材料科技（集团）股份有限公司2024年年度报告,http://www.cninfo.com.cn/new/disclosure/detail?stockCode=603681&announcementId=1223385989&orgId=gfbj0831135&announcementTime=2025-04-29,2025-04-30,2025-07-29,0.27573
603682,锦和商管,2024,2025-03-29,上海锦和商业经营管理股份有限公司2024年年度报告,http://www.cninfo.com.cn/new/disclosure/detail?stockCode=603682&announcementId=1222946672&orgId=9900024645&announcementTime=2025-03-29,2025-03-31,2025-06-30,0.124409
603683,晶华新材,2024,2025-04-24,晶华新材2024年年度报告,http://www.cninfo.com.cn/new/disclosure/detail?stockCode=603683&announcementId=1223236449&orgId=9900031815&announcementTime=2025-04-24,2025-04-25,2025-07-24,0.762262
603685,晨丰科技,2024,2025-04-29,晨丰科技2024年年度报告全文,http://www.cninfo.com.cn/new/disclosure/detail?stockCode=603685&announcementId=1223379490&orgId=9900034224&announcementTime=2025-04-29,2025-04-30,2025-07-29,0.301467
603686,福龙马,2024,2025-04-29,福龙马：2024年年度报告,http://www.cninfo.com.cn/new/disclosure/detail?stockCode=603686&announcementId=1223362041&orgId=9900023655&announcementTime=2025-04-29,2025-04-30,2025-07-29,0.357324
603687,大胜达,2024,2025-04-22,浙江大胜达包装股份有限公司2024年年度报告,http://www.cninfo.com.cn/new/disclosure/detail?stockCode=603687&announcementId=1223197178&orgId=9900036561&announcementTime=2025-04-22,2025-04-23,2025-07-22,0.0957
603688,石英股份,2024,2025-04-26,江苏太平洋石英股份有限公司2024年年度报告,http://www.cninfo.com.cn/new/disclosure/detail?stockCode=603688&announcementId=1223319839&orgId=9900023189&announcementTime=2025-04-26,2025-04-28,2025-07-25,0.027598
603689,皖天然气,2024,2025-04-12,2024年年度报告,http://www.cninfo.com.cn/new/disclosure/detail?stockCode=603689&announcementId=1223067328&orgId=9900026998&announcementTime=2025-04-12,2025-04-14,2025-07-11,0.085502
603690,至纯科技,2024,2025-04-29,2024年年度报告,http://www.cninfo.com.cn/new/disclosure/detail?stockCode=603690&announcementId=1223391045&orgId=9900023872&announcementTime=2025-04-29,2025-04-30,2025-07-29,0.02555
603693,江苏新能,2024,2025-04-23,江苏新能2024年年度报告,http://www.cninfo.com.cn/new/disclosure/detail?stockCode=603693&announcementId=1223218118&orgId=gfbj0833368&announcementTime=2025-04-23,2025-04-24,2025-07-23,0.127389
603696,安记食品,2024,2025-04-22,安记食品2024年年报,http://www.cninfo.com.cn/new/disclosure/detail?stockCode=603696&announcementId=1223193223&orgId=9900023456&announcementTime=2025-04-22,2025-04-23,2025-07-22,-0.184469
603697,有友食品,2024,2025-03-20,有友食品2024年年度报告,http://www.cninfo.com.cn/new/disclosure/detail?stockCode=603697&announcementId=1222847035&orgId=gfbj0831377&announcementTime=2025-03-20,2025-03-21,2025-06-20,0.375361
603698,航天工程,2024,2025-04-01,航天工程公司2024年年度报告,http://www.cninfo.com.cn/new/disclosure/detail?stockCode=603698&announcementId=1222970921&orgId=9900023661&announcementTime=2025-04-01,2025-04-02,2025-07-02,-0.001247
603700,宁水集团,2024,2025-04-10,2024年年度报告,http://www.cninfo.com.cn/new/disclosure/detail?stockCode=603700&announcementId=1223043138&orgId=gfbj0834980&announcementTime=2025-04-10,2025-04-11,2025-07-10,0.185116
603699,纽威股份,2024,2025-04-23,纽威股份2024年年度报告,http://www.cninfo.com.cn/new/disclosure/detail?stockCode=603699&announcementId=1223213980&orgId=9900022929&announcementTime=2025-04-23,2025-04-24,2025-07-23,0.193484
603703,盛洋科技,2024,2025-04-18,盛洋科技2024年年度报告,http://www.cninfo.com.cn/new/disclosure/detail?stockCode=603703&announcementId=1223129602&orgId=9900023745&announcementTime=2025-04-18,2025-04-21,2025-07-18,0.058252
603701,德宏股份,2024,2025-04-23,浙江德宏汽车电子电器股份有限公司2024年年度报告,http://www.cninfo.com.cn/new/disclosure/detail?stockCode=603701&announcementId=1223218202&orgId=9900023037&announcementTime=2025-04-23,2025-04-24,2025-07-23,0.161625
603706,东方环宇,2024,2025-04-25,东方环宇2024年年度报告,http://www.cninfo.com.cn/new/disclosure/detail?stockCode=603706&announcementId=1223280629&orgId=9900035562&announcementTime=2025-04-25,2025-04-28,2025-07-25,0.156331
603707,健友股份,2024,2025-04-29,健友股份2024年年度报告,http://www.cninfo.com.cn/new/disclosure/detail?stockCode=603707&announcementId=1223386041&orgId=9900022971&announcementTime=2025-04-29,2025-04-30,2025-07-29,0.154668
603708,家家悦,2024,2025-04-25,家家悦集团股份有限公司2024年年度报告,http://www.cninfo.com.cn/new/disclosure/detail?stockCode=603708&announcementId=1223287203&orgId=9900029040&announcementTime=2025-04-25,2025-04-28,2025-07-25,-0.060482
603711,香飘飘,2024,2025-04-26,香飘飘2024年年度报告,http://www.cninfo.com.cn/new/disclosure/detail?stockCode=603711&announcementId=1223315192&orgId=9900031497&announcementTime=2025-04-26,2025-04-28,2025-07-25,0.024782
603709,中源家居,2024,2025-04-29,中源家居股份有限公司2024年年度报告,http://www.cninfo.com.cn/new/disclosure/detail?stockCode=603709&announcementId=1223362418&orgId=9900033232&announcementTime=2025-04-29,2025-04-30,2025-07-29,0.20327
603713,密尔克卫,2024,2025-04-15,密尔克卫智能供应链服务集团股份有限公司2024年年度报告,http://www.cninfo.com.cn/new/disclosure/detail?stockCode=603713&announcementId=1223097269&orgId=9900035585&announcementTime=2025-04-15,2025-04-16,2025-07-15,0.076498
603712,七一二,2024,2025-04-23,天津七一二通信广播股份有限公司2024年年度报告,http://www.cninfo.com.cn/new/disclosure/detail?stockCode=603712&announcementId=1223214852&orgId=9900034448&announcementTime=2025-04-23,2025-04-24,2025-07-23,0.060544
603716,塞力医疗,2024,2025-04-29,2024年年度报告,http://www.cninfo.com.cn/new/disclosure/detail?stockCode=603716&announcementId=1223365969&orgId=9900029439&announcementTime=2025-04-29,2025-04-30,2025-07-29,2.055358
603717,天域生物,2024,2025-04-16,2024年年度报告,http://www.cninfo.com.cn/new/disclosure/detail?stockCode=603717&announcementId=1223104038&orgId=9900030817&announcementTime=2025-04-16,2025-04-17,2025-07-16,0.074414
603718,海利生物,2024,2025-04-22,海利生物2024年年度报告,http://www.cninfo.com.cn/new/disclosure/detail?stockCode=603718&announcementId=1223183754&orgId=9900023467&announcementTime=2025-04-22,2025-04-23,2025-07-22,0.082282
603719,良品铺子,2024,2025-04-29,良品铺子2024年年度报告,http://www.cninfo.com.cn/new/disclosure/detail?stockCode=603719&announcementId=1223379529&orgId=9900037310&announcementTime=2025-04-29,2025-04-30,2025-08-05,0.102424
603721,*ST天择,2024,2025-04-30,中广天择2024年年度报告,http://www.cninfo.com.cn/new/disclosure/detail?stockCode=603721&announcementId=1223423033&orgId=9900030820&announcementTime=2025-04-30,2025-05-06,2025-07-30,0.141202
603722,阿科力,2024,2025-04-30,无锡阿科力科技股份有限公司2024年年度报告,http://www.cninfo.com.cn/new/disclosure/detail?stockCode=603722&announcementId=1223410345&orgId=gfbj0430605&announcementTime=2025-04-30,2025-05-06,2025-07-30,0.069796
603725,天安新材,2024,2025-04-17,天安新材2024年年度报告,http://www.cninfo.com.cn/new/disclosure/detail?stockCode=603725&announcementId=1223109678&orgId=9900030420&announcementTime=2025-04-17,2025-04-18,2025-07-17,0.308303
603726,朗迪集团,2024,2025-04-29,2024年年度报告,http://www.cninfo.com.cn/new/disclosure/detail?stockCode=603726&announcementId=1223379569&orgId=9900024447&announcementTime=2025-04-29,2025-04-30,2025-07-29,0.201542
603727,博迈科,2024,2025-03-21,博迈科海洋工程股份有限公司2024年年度报告,http://www.cninfo.com.cn/new/disclosure/detail?stockCode=603727&announcementId=1222855917&orgId=9900029043&announcementTime=2025-03-21,2025-03-24,2025-06-23,-0.001786
603728,鸣志电器,2024,2025-04-26,鸣志电器2024年年度报告全文,http://www.cninfo.com.cn/new/disclosure/detail?stockCode=603728&announcementId=1223327773&orgId=9900030819&announcementTime=2025-04-26,2025-04-28,2025-07-25,-0.049245
603729,龙韵股份,2024,2025-04-19,上海龙韵文创科技集团股份有限公司2024年年度报告,http://www.cninfo.com.cn/new/disclosure/detail?stockCode=603729&announcementId=1223157839&orgId=9900023473&announcementTime=2025-04-19,2025-04-21,2025-07-18,0.167638
603730,岱美股份,2024,2025-04-30,上海岱美汽车内饰件股份有限公司2024年年度报告,http://www.cninfo.com.cn/new/disclosure/detail?stockCode=603730&announcementId=1223416541&orgId=9900023136&announcementTime=2025-04-30,2025-05-06,2025-07-30,-0.050112
603733,仙鹤股份,2024,2025-04-29,仙鹤股份2024年年度报告,http://www.cninfo.com.cn/new/disclosure/detail?stockCode=603733&announcementId=1223379633&orgId=9900034849&announcementTime=2025-04-29,2025-04-30,2025-07-29,0.035379
603738,泰晶科技,2024,2025-04-29,泰晶科技股份有限公司2024年年度报告,http://www.cninfo.com.cn/new/disclosure/detail?stockCode=603738&announcementId=1223370198&orgId=9900026775&announcementTime=2025-04-29,2025-04-30,2025-07-29,0.171627
603739,蔚蓝生物,2024,2025-04-26,青岛蔚蓝生物股份有限公司2024年年度报告,http://www.cninfo.com.cn/new/disclosure/detail?stockCode=603739&announcementId=1223325709&orgId=9900035525&announcementTime=2025-04-26,2025-04-28,2025-07-25,0.143794
603755,日辰股份,2024,2025-04-26,青岛日辰食品股份有限公司2024年度报告,http://www.cninfo.com.cn/new/disclosure/detail?stockCode=603755&announcementId=1223322093&orgId=9900035535&announcementTime=2025-04-26,2025-04-28,2025-07-25,-0.01338
603757,大元泵业,2024,2025-04-28,浙江大元泵业股份有限公司2024年年度报告,http://www.cninfo.com.cn/new/disclosure/detail?stockCode=603757&announcementId=1223347175&orgId=9900031903&announcementTime=2025-04-28,2025-04-29,2025-07-28,0.182543
603758,秦安股份,2024,2025-03-22,秦安股份2024年年度报告,http://www.cninfo.com.cn/new/disclosure/detail?stockCode=603758&announcementId=1222867227&orgId=9900030635&announcementTime=2025-03-22,2025-03-24,2025-06-23,0.135563
603759,海天股份,2024,2025-03-06,海天股份2024年年度报告,http://www.cninfo.com.cn/new/disclosure/detail?stockCode=603759&announcementId=1222721960&orgId=9900041834&announcementTime=2025-03-06,2025-03-07,2025-06-06,-0.066315
603767,中马传动,2024,2025-04-03,2024年年度报告,http://www.cninfo.com.cn/new/disclosure/detail?stockCode=603767&announcementId=1222993146&orgId=9900023196&announcementTime=2025-04-03,2025-04-07,2025-07-04,0.225934
603768,常青股份,2024,2025-04-28,常青股份2024年年度报告,http://www.cninfo.com.cn/new/disclosure/detail?stockCode=603768&announcementId=1223347197&orgId=9900030531&announcementTime=2025-04-28,2025-04-29,2025-07-28,0.151695
603773,沃格光电,2024,2025-04-25,江西沃格光电集团股份有限公司2024年年度报告,http://www.cninfo.com.cn/new/disclosure/detail?stockCode=603773&announcementId=1223285596&orgId=gfbj0832766&announcementTime=2025-04-25,2025-04-28,2025-07-25,0.177135
603766,隆鑫通用,2024,2025-04-29,隆鑫通用动力股份有限公司2024年年度报告,http://www.cninfo.com.cn/new/disclosure/detail?stockCode=603766&announcementId=1223357821&orgId=9900023200&announcementTime=2025-04-29,2025-04-30,2025-07-29,0.010742
603776,永安行,2024,2025-04-12,永安行：2024年年度报告,http://www.cninfo.com.cn/new/disclosure/detail?stockCode=603776&announcementId=1223073071&orgId=9900030823&announcementTime=2025-04-12,2025-04-14,2025-07-11,0.32176
603777,来伊份,2024,2025-04-29,2024年年度报告,http://www.cninfo.com.cn/new/disclosure/detail?stockCode=603777&announcementId=1223386078&orgId=9900023222&announcementTime=2025-04-29,2025-04-30,2025-07-29,-0.006764
603778,国晟科技,2024,2025-04-26,2024年年度报告,http://www.cninfo.com.cn/new/disclosure/detail?stockCode=603778&announcementId=1223331116&orgId=9900024942&announcementTime=2025-04-26,2025-04-28,2025-07-25,0.35307
603779,威龙股份,2024,2025-04-29,威龙葡萄酒股份有限公司2024年年度报告,http://www.cninfo.com.cn/new/disclosure/detail?stockCode=603779&announcementId=1223386316&orgId=9900024531&announcementTime=2025-04-29,2025-04-30,2025-07-29,0.086157
603786,科博达,2024,2025-04-25,科博达技术股份有限公司2024年年度报告,http://www.cninfo.com.cn/new/disclosure/detail?stockCode=603786&announcementId=1223280672&orgId=DR0000117&announcementTime=2025-04-25,2025-04-28,2025-07-25,-0.020373
603787,新日股份,2024,2025-04-26,2024年年度报告,http://www.cninfo.com.cn/new/disclosure/detail?stockCode=603787&announcementId=1223315393&orgId=9900024502&announcementTime=2025-04-26,2025-04-28,2025-07-25,0.206061
603789,*ST星农,2024,2025-04-30,星光农机2024年年度报告,http://www.cninfo.com.cn/new/disclosure/detail?stockCode=603789&announcementId=1223423063&orgId=9900023454&announcementTime=2025-04-30,2025-05-06,2025-07-30,0.057229
603788,宁波高发,2024,2025-04-22,宁波高发2024年年度报告,http://www.cninfo.com.cn/new/disclosure/detail?stockCode=603788&announcementId=1223188672&orgId=9900023639&announcementTime=2025-04-22,2025-04-23,2025-07-22,0.160014
603790,雅运股份,2024,2025-04-26,上海雅运纺织化工股份有限公司2024年年度报告,http://www.cninfo.com.cn/new/disclosure/detail?stockCode=603790&announcementId=1223311420&orgId=9900035564&announcementTime=2025-04-26,2025-04-28,2025-07-25,0.076345
603797,联泰环保,2024,2025-04-29,广东联泰环保股份有限公司2024年年度报告,http://www.cninfo.com.cn/new/disclosure/detail?stockCode=603797&announcementId=1223386342&orgId=9900029385&announcementTime=2025-04-29,2025-04-30,2025-07-29,0.209382
603798,康普顿,2024,2025-04-30,青岛康普顿科技股份有限公司2024年年度报告全文,http://www.cninfo.com.cn/new/disclosure/detail?stockCode=603798&announcementId=1223423143&orgId=9900024539&announcementTime=2025-04-30,2025-05-06,2025-07-30,0.246611
603799,华友钴业,2024,2025-04-19,华友钴业2024年年度报告,http://www.cninfo.com.cn/new/disclosure/detail?stockCode=603799&announcementId=1223152968&orgId=9900023781&announcementTime=2025-04-19,2025-04-21,2025-07-18,0.17635
603800,洪田股份,2024,2025-04-26,江苏洪田科技股份有限公司2024年年度报告,http://www.cninfo.com.cn/new/disclosure/detail?stockCode=603800&announcementId=1223315664&orgId=9900024532&announcementTime=2025-04-26,2025-04-28,2025-07-25,0.151437
603801,志邦家居,2024,2025-04-29,2024年度报告,http://www.cninfo.com.cn/new/disclosure/detail?stockCode=603801&announcementId=1223386370&orgId=9900032419&announcementTime=2025-04-29,2025-04-30,2025-07-29,-0.032177
603806,福斯特,2024,2025-04-10,福斯特2024年年度报告,http://www.cninfo.com.cn/new/disclosure/detail?stockCode=603806&announcementId=1223042603&orgId=9900023130&announcementTime=2025-04-10,2025-04-11,2025-07-10,0.158179
603803,瑞斯康达,2024,2025-04-26,公司2024年年度报告,http://www.cninfo.com.cn/new/disclosure/detail?stockCode=603803&announcementId=1223327514&orgId=9900030603&announcementTime=2025-04-26,2025-04-28,2025-07-25,-0.007535
603809,豪能股份,2024,2025-03-22,2024年年度报告,http://www.cninfo.com.cn/new/disclosure/detail?stockCode=603809&announcementId=1222866524&orgId=9900023062&announcementTime=2025-03-22,2025-03-24,2025-06-23,-0.022533
603808,歌力思,2024,2025-04-29,2024年年度报告,http://www.cninfo.com.cn/new/disclosure/detail?stockCode=603808&announcementId=1223379681&orgId=9900023747&announcementTime=2025-04-29,2025-04-30,2025-07-29,0.187192
603811,诚意药业,2024,2025-04-30,浙江诚意药业股份有限公司2024年年度报告,http://www.cninfo.com.cn/new/disclosure/detail?stockCode=603811&announcementId=1223406993&orgId=9900029864&announcementTime=2025-04-30,2025-05-06,2025-07-30,0.361814
603810,丰山集团,2024,2025-04-29,2024年年度报告,http://www.cninfo.com.cn/new/disclosure/detail?stockCode=603810&announcementId=1223386430&orgId=9900035509&announcementTime=2025-04-29,2025-04-30,2025-07-29,0.155601
603813,*ST原尚,2024,2025-04-29,原尚股份2024年年度报告,http://www.cninfo.com.cn/new/disclosure/detail?stockCode=603813&announcementId=1223370226&orgId=9900031908&announcementTime=2025-04-29,2025-04-30,2025-07-29,0.554281
603815,交建股份,2024,2025-04-29,安徽省交通建设股份有限公司2024年年度报告,http://www.cninfo.com.cn/new/disclosure/detail?stockCode=603815&announcementId=1223362442&orgId=9900037165&announcementTime=2025-04-29,2025-04-30,2025-07-29,0.025271
603816,顾家家居,2024,2025-04-29,顾家家居2024年年度报告,http://www.cninfo.com.cn/new/disclosure/detail?stockCode=603816&announcementId=1223386613&orgId=9900027317&announcementTime=2025-04-29,2025-04-30,2025-07-29,0.093183
603817,海峡环保,2024,2025-04-23,海峡环保2024年年度报告,http://www.cninfo.com.cn/new/disclosure/detail?stockCode=603817&announcementId=1223211309&orgId=9900030369&announcementTime=2025-04-23,2025-04-24,2025-07-23,0.079208
603818,曲美家居,2024,2025-04-30,2024年年度报告,http://www.cninfo.com.cn/new/disclosure/detail?stockCode=603818&announcementId=1223416584&orgId=9900023523&announcementTime=2025-04-30,2025-05-06,2025-07-30,0.517588
603819,神力股份,2024,2025-04-29,神力股份：2024年年度报告,http://www.cninfo.com.cn/new/disclosure/detail?stockCode=603819&announcementId=1223386627&orgId=9900028909&announcementTime=2025-04-29,2025-04-30,2025-07-29,-0.002055
603822,ST嘉澳,2024,2025-04-29,2024年年度报告,http://www.cninfo.com.cn/new/disclosure/detail?stockCode=603822&announcementId=1223386657&orgId=9900023474&announcementTime=2025-04-29,2025-04-30,2025-07-29,0.071124
603823,百合花,2024,2025-04-26,百合花集团股份有限公司2024年年度报告,http://www.cninfo.com.cn/new/disclosure/detail?stockCode=603823&announcementId=1223300644&orgId=9900029800&announcementTime=2025-04-26,2025-04-28,2025-07-25,0.305854
603825,ST华扬,2024,2025-04-29,华扬联众数字技术股份有限公司2024年年度报告,http://www.cninfo.com.cn/new/disclosure/detail?stockCode=603825&announcementId=1223386673&orgId=9900024448&announcementTime=2025-04-29,2025-04-30,2025-07-29,0.077699
603826,坤彩科技,2024,2025-04-26,2024年年度报告,http://www.cninfo.com.cn/new/disclosure/detail?stockCode=603826&announcementId=1223322136&orgId=9900030692&announcementTime=2025-04-26,2025-04-28,2025-07-25,0.008581
603828,ST柯利达,2024,2025-04-30,柯利达2024年年度报告,http://www.cninfo.com.cn/new/disclosure/detail?stockCode=603828&announcementId=1223443215&orgId=9900023713&announcementTime=2025-04-30,2025-05-06,2025-07-30,-0.061903
603829,洛凯股份,2024,2025-04-25,洛凯股份：2024年年度报告,http://www.cninfo.com.cn/new/disclosure/detail?stockCode=603829&announcementId=1223280716&orgId=9900033203&announcementTime=2025-04-25,2025-04-28,2025-07-25,0.198083
603833,欧派家居,2024,2025-04-26,欧派家居2024年年度报告,http://www.cninfo.com.cn/new/disclosure/detail?stockCode=603833&announcementId=1223305674&orgId=9900029667&announcementTime=2025-04-26,2025-04-28,2025-07-25,-0.121822
603836,海程邦达,2024,2025-04-18,2024年年度报告,http://www.cninfo.com.cn/new/disclosure/detail?stockCode=603836&announcementId=1223123207&orgId=9900041685&announcementTime=2025-04-18,2025-04-21,2025-07-18,0.061798
603838,*ST四通,2024,2025-04-29,四通股份2024年年度报告,http://www.cninfo.com.cn/new/disclosure/detail?stockCode=603838&announcementId=1223370287&orgId=9900024445&announcementTime=2025-04-29,2025-04-30,2025-07-29,0.433217
603843,*ST正平,2024,2025-04-30,正平股份2024年年度报告,http://www.cninfo.com.cn/new/disclosure/detail?stockCode=603843&announcementId=1223426983&orgId=9900027728&announcementTime=2025-04-30,2025-05-06,2025-07-30,0.231707
603839,安正时尚,2024,2025-04-30,安正时尚集团股份有限公司2024年年度报告,http://www.cninfo.com.cn/new/disclosure/detail?stockCode=603839&announcementId=1223416619&orgId=9900030003&announcementTime=2025-04-30,2025-05-06,2025-07-30,0.515654
603855,华荣股份,2024,2025-03-28,2024年年度报告,http://www.cninfo.com.cn/new/disclosure/detail?stockCode=603855&announcementId=1222922420&orgId=9900030785&announcementTime=2025-03-28,2025-03-31,2025-06-30,0.080812
603848,好太太,2024,2025-04-26,广东好太太科技集团股份有限公司2024年度报告,http://www.cninfo.com.cn/new/disclosure/detail?stockCode=603848&announcementId=1223318450&orgId=9900033913&announcementTime=2025-04-26,2025-04-28,2025-07-25,0.288599
603858,步长制药,2024,2025-04-26,山东步长制药股份有限公司2024年年度报告,http://www.cninfo.com.cn/new/disclosure/detail?stockCode=603858&announcementId=1223325841&orgId=9900028961&announcementTime=2025-04-26,2025-04-28,2025-07-25,0.141836
603856,东宏股份,2024,2025-04-25,东宏股份2024年年度报告,http://www.cninfo.com.cn/new/disclosure/detail?stockCode=603856&announcementId=1223287278&orgId=9900030896&announcementTime=2025-04-25,2025-04-28,2025-07-25,0.103004
603859,能科科技,2024,2025-04-25,2024年年度报告,http://www.cninfo.com.cn/new/disclosure/detail?stockCode=603859&announcementId=1223286359&orgId=9900028822&announcementTime=2025-04-25,2025-04-28,2025-07-25,0.235735
603860,中公高科,2024,2025-03-18,中公高科2024年年度报告,http://www.cninfo.com.cn/new/disclosure/detail?stockCode=603860&announcementId=1222820975&orgId=9900023798&announcementTime=2025-03-18,2025-03-19,2025-06-18,-0.072394
603863,松炀资源,2024,2025-04-30,广东松炀再生资源股份有限公司2024年年度报告,http://www.cninfo.com.cn/new/disclosure/detail?stockCode=603863&announcementId=1223416646&orgId=gfbj0831543&announcementTime=2025-04-30,2025-05-06,2025-08-06,0.388218
603861,白云电器,2024,2025-04-30,白云电器2024年年度报告,http://www.cninfo.com.cn/new/disclosure/detail?stockCode=603861&announcementId=1223423180&orgId=9900032270&announcementTime=2025-04-30,2025-05-06,2025-07-30,0.111697
603867,新化股份,2024,2025-04-29,新化股份2024年年度报告,http://www.cninfo.com.cn/new/disclosure/detail?stockCode=603867&announcementId=1223357869&orgId=gfbj0839128&announcementTime=2025-04-29,2025-04-30,2025-07-29,0.088773
603866,桃李面包,2024,2025-03-21,桃李面包2024年年度报告,http://www.cninfo.com.cn/new/disclosure/detail?stockCode=603866&announcementId=1222856789&orgId=9900024533&announcementTime=2025-03-21,2025-03-24,2025-06-23,-0.077815
603868,飞科电器,2024,2025-04-30,上海飞科电器股份有限公司2024年年度报告,http://www.cninfo.com.cn/new/disclosure/detail?stockCode=603868&announcementId=1223423209&orgId=9900026668&announcementTime=2025-04-30,2025-05-06,2025-07-30,0.07323
603869,ST智知,2024,2025-04-29,新智认知数字科技股份有限公司2024年年度报告,http://www.cninfo.com.cn/new/disclosure/detail?stockCode=603869&announcementId=1223386713&orgId=9900023784&announcementTime=2025-04-29,2025-04-30,2025-07-29,0.201136
603871,嘉友国际,2024,2025-04-25,2024年年度报告,http://www.cninfo.com.cn/new/disclosure/detail?stockCode=603871&announcementId=1223280804&orgId=9900034449&announcementTime=2025-04-25,2025-04-28,2025-07-25,0.11972
603876,鼎胜新材,2024,2025-04-29,江苏鼎胜新能源材料股份有限公司2024年年度报告,http://www.cninfo.com.cn/new/disclosure/detail?stockCode=603876&announcementId=1223362461&orgId=9900035545&announcementTime=2025-04-29,2025-04-30,2025-07-29,0.181761
603877,太平鸟,2024,2025-03-28,2024年年度报告,http://www.cninfo.com.cn/new/disclosure/detail?stockCode=603877&announcementId=1222923564&orgId=9900029744&announcementTime=2025-03-28,2025-03-31,2025-06-30,-0.052499
603878,武进不锈,2024,2025-04-28,江苏武进不锈股份有限公司2024年年度报告,http://www.cninfo.com.cn/new/disclosure/detail?stockCode=603878&announcementId=1223347243&orgId=9900028821&announcementTime=2025-04-28,2025-04-29,2025-07-28,0.141133
603879,永悦科技,2024,2025-04-03,永悦科技股份有限公司2024年年度报告,http://www.cninfo.com.cn/new/disclosure/detail?stockCode=603879&announcementId=1222993760&orgId=9900030816&announcementTime=2025-04-03,2025-04-07,2025-07-07,0.53405
603880,南卫股份,2024,2025-04-30,南卫股份2024年年度报告,http://www.cninfo.com.cn/new/disclosure/detail?stockCode=603880&announcementId=1223427006&orgId=9900031500&announcementTime=2025-04-30,2025-05-06,2025-07-30,0.328378
603882,金域医学,2024,2025-04-26,广州金域医学检验集团股份有限公司2024年年度报告,http://www.cninfo.com.cn/new/disclosure/detail?stockCode=603882&announcementId=1223325500&orgId=9900035075&announcementTime=2025-04-26,2025-04-28,2025-07-25,0.130567
603881,数据港,2024,2025-03-22,上海数据港股份有限公司2024年年度报告,http://www.cninfo.com.cn/new/disclosure/detail?stockCode=603881&announcementId=1222868663&orgId=9900029913&announcementTime=2025-03-22,2025-03-24,2025-06-23,-0.224405
603885,吉祥航空,2024,2025-04-22,上海吉祥航空股份有限公司2024年年度报告,http://www.cninfo.com.cn/new/disclosure/detail?stockCode=603885&announcementId=1223195419&orgId=9900023633&announcementTime=2025-04-22,2025-04-23,2025-07-22,0.003365
603883,老百姓,2024,2025-04-30,老百姓2024年年度报告,http://www.cninfo.com.cn/new/disclosure/detail?stockCode=603883&announcementId=1223423272&orgId=9900023762&announcementTime=2025-04-30,2025-05-06,2025-07-30,-0.026982
603886,元祖股份,2024,2025-03-26,元祖股份2024年年度报告,http://www.cninfo.com.cn/new/disclosure/detail?stockCode=603886&announcementId=1222895703&orgId=9900028959&announcementTime=2025-03-26,2025-03-27,2025-06-26,-0.040757
603887,城地香江,2024,2025-04-30,上海城地香江数据科技股份有限公司2024年年度报告,http://www.cninfo.com.cn/new/disclosure/detail?stockCode=603887&announcementId=1223427063&orgId=9900027318&announcementTime=2025-04-30,2025-05-06,2025-07-30,-0.12301
603888,新华网,2024,2025-04-25,新华网股份有限公司2024年年度报告,http://www.cninfo.com.cn/new/disclosure/detail?stockCode=603888&announcementId=1223280818&orgId=9900024951&announcementTime=2025-04-25,2025-04-28,2025-07-25,0.121148
603889,新澳股份,2024,2025-04-18,新澳股份2024年年度报告,http://www.cninfo.com.cn/new/disclosure/detail?stockCode=603889&announcementId=1223127948&orgId=9900023162&announcementTime=2025-04-18,2025-04-21,2025-07-18,0.080854
603890,春秋电子,2024,2025-04-23,2024年年度报告,http://www.cninfo.com.cn/new/disclosure/detail?stockCode=603890&announcementId=1223213305&orgId=9900034947&announcementTime=2025-04-23,2025-04-24,2025-07-23,0.079285
603893,瑞芯微,2024,2025-04-23,2024年年度报告,http://www.cninfo.com.cn/new/disclosure/detail?stockCode=603893&announcementId=1223218255&orgId=9900033186&announcementTime=2025-04-23,2025-04-24,2025-07-23,-0.000863
603895,天永智能,2024,2025-04-26,2024年年度报告,http://www.cninfo.com.cn/new/disclosure/detail?stockCode=603895&announcementId=1223312169&orgId=9900033669&announcementTime=2025-04-26,2025-04-28,2025-07-25,0.042265
603896,寿仙谷,2024,2025-04-18,寿仙谷2024年年度报告,http://www.cninfo.com.cn/new/disclosure/detail?stockCode=603896&announcementId=1223130837&orgId=9900030535&announcementTime=2025-04-18,2025-04-21,2025-07-18,0.137546
603897,长城科技,2024,2025-04-02,长城科技2024年年度报告,http://www.cninfo.com.cn/new/disclosure/detail?stockCode=603897&announcementId=1222980763&orgId=9900034846&announcementTime=2025-04-02,2025-04-03,2025-07-03,0.023477
603898,好莱客,2024,2025-04-29,广州好莱客创意家居股份有限公司2024年年度报告,http://www.cninfo.com.cn/new/disclosure/detail?stockCode=603898&announcementId=1223356573&orgId=9900023664&announcementTime=2025-04-29,2025-04-30,2025-07-29,0.068581
603899,晨光股份,2024,2025-03-26,上海晨光文具股份有限公司2024年年度报告,http://www.cninfo.com.cn/new/disclosure/detail?stockCode=603899&announcementId=1222895351&orgId=9900023662&announcementTime=2025-03-26,2025-03-27,2025-06-26,-0.0151
603900,莱绅通灵,2024,2025-04-23,莱绅通灵2024年年度报告,http://www.cninfo.com.cn/new/disclosure/detail?stockCode=603900&announcementId=1223210993&orgId=9900028736&announcementTime=2025-04-23,2025-04-24,2025-07-23,0.591817
603901,永创智能,2024,2025-04-26,2024年年度报告,http://www.cninfo.com.cn/new/disclosure/detail?stockCode=603901&announcementId=1223306157&orgId=9900023686&announcementTime=2025-04-26,2025-04-28,2025-07-25,0.11393
603903,中持股份,2024,2025-04-29,中持水务股份有限公司2024年度报告,http://www.cninfo.com.cn/new/disclosure/detail?stockCode=603903&announcementId=1223379716&orgId=9900030530&announcementTime=2025-04-29,2025-04-30,2025-07-29,0.213398
603906,龙蟠科技,2024,2025-03-29,江苏龙蟠科技股份有限公司2024年年度报告,http://www.cninfo.com.cn/new/disclosure/detail?stockCode=603906&announcementId=1222951920&orgId=9900030660&announcementTime=2025-03-29,2025-03-31,2025-06-30,0.458496
603908,牧高笛,2024,2025-04-29,牧高笛户外用品股份有限公司2024年年度报告,http://www.cninfo.com.cn/new/disclosure/detail?stockCode=603908&announcementId=1223386764&orgId=9900030089&announcementTime=2025-04-29,2025-04-30,2025-07-29,0.191191
603909,建发合诚,2024,2025-03-22,建发合诚2024年年度报告,http://www.cninfo.com.cn/new/disclosure/detail?stockCode=603909&announcementId=1222866157&orgId=9900024646&announcementTime=2025-03-22,2025-03-24,2025-06-23,-0.008193
603912,佳力图,2024,2025-03-22,603912：佳力图2024年年度报告,http://www.cninfo.com.cn/new/disclosure/detail?stockCode=603912&announcementId=1222866188&orgId=9900033668&announcementTime=2025-03-22,2025-03-24,2025-06-23,-0.245402
603915,国茂股份,2024,2025-04-29,国茂股份2024年年度报告,http://www.cninfo.com.cn/new/disclosure/detail?stockCode=603915&announcementId=1223380152&orgId=9900035565&announcementTime=2025-04-29,2025-04-30,2025-07-29,0.033406
603916,苏博特,2024,2025-04-29,2024年年度报告,http://www.cninfo.com.cn/new/disclosure/detail?stockCode=603916&announcementId=1223380178&orgId=9900031814&announcementTime=2025-04-29,2025-04-30,2025-07-29,0.526512
603918,金桥信息,2024,2025-04-19,2024年年度报告,http://www.cninfo.com.cn/new/disclosure/detail?stockCode=603918&announcementId=1223147434&orgId=9900023739&announcementTime=2025-04-19,2025-04-21,2025-07-18,0.480812
603917,合力科技,2024,2025-04-23,合力科技：2024年年度报告,http://www.cninfo.com.cn/new/disclosure/detail?stockCode=603917&announcementId=1223212809&orgId=9900024681&announcementTime=2025-04-23,2025-04-24,2025-07-23,0.09433
603919,金徽酒,2024,2025-03-22,金徽酒股份有限公司2024年年度报告,http://www.cninfo.com.cn/new/disclosure/detail?stockCode=603919&announcementId=1222870156&orgId=9900026772&announcementTime=2025-03-22,2025-03-24,2025-06-23,-0.039752
603920,世运电路,2024,2025-04-16,世运电路2024年年度报告,http://www.cninfo.com.cn/new/disclosure/detail?stockCode=603920&announcementId=1223102435&orgId=9900030580&announcementTime=2025-04-16,2025-04-17,2025-07-16,0.294545
603922,金鸿顺,2024,2025-04-30,金鸿顺2024年年度报告,http://www.cninfo.com.cn/new/disclosure/detail?stockCode=603922&announcementId=1223423312&orgId=9900032570&announcementTime=2025-04-30,2025-05-06,2025-07-30,0.12719
603926,铁流股份,2024,2025-04-25,铁流股份2024年年度报告,http://www.cninfo.com.cn/new/disclosure/detail?stockCode=603926&announcementId=1223280945&orgId=9900030777&announcementTime=2025-04-25,2025-04-28,2025-07-25,0.239141
603927,中科软,2024,2025-04-12,中科软2024年年度报告,http://www.cninfo.com.cn/new/disclosure/detail?stockCode=603927&announcementId=1223072507&orgId=gfbj0430002&announcementTime=2025-04-12,2025-04-14,2025-07-11,0.026893
603928,兴业股份,2024,2025-04-29,兴业股份2024年年度报告,http://www.cninfo.com.cn/new/disclosure/detail?stockCode=603928&announcementId=1223380239&orgId=9900023749&announcementTime=2025-04-29,2025-04-30,2025-07-29,0.551724
603929,亚翔集成,2024,2025-03-14,亚翔集成2024年度年度报告全文,http://www.cninfo.com.cn/new/disclosure/detail?stockCode=603929&announcementId=1222789761&orgId=9900024759&announcementTime=2025-03-14,2025-03-17,2025-06-16,-0.174492
603931,格林达,2024,2025-04-26,杭州格林达电子材料股份有限公司2024年年度报告,http://www.cninfo.com.cn/new/disclosure/detail?stockCode=603931&announcementId=1223307453&orgId=9900039864&announcementTime=2025-04-26,2025-04-28,2025-07-25,-0.07387
603933,睿能科技,2024,2025-04-26,睿能科技2024年年度报告,http://www.cninfo.com.cn/new/disclosure/detail?stockCode=603933&announcementId=1223314232&orgId=9900031816&announcementTime=2025-04-26,2025-04-28,2025-07-25,0.101113
603936,博敏电子,2024,2025-04-26,博敏电子2024年年度报告,http://www.cninfo.com.cn/new/disclosure/detail?stockCode=603936&announcementId=1223322160&orgId=9900024943&announcementTime=2025-04-26,2025-04-28,2025-07-25,0.405667
603937,丽岛新材,2024,2025-04-19,丽岛新材：2024年度报告全文,http://www.cninfo.com.cn/new/disclosure/detail?stockCode=603937&announcementId=1223151138&orgId=gfbj0832374&announcementTime=2025-04-19,2025-04-21,2025-07-18,0.236784
603938,三孚股份,2024,2025-04-16,三孚股份：2024年年度报告,http://www.cninfo.com.cn/new/disclosure/detail?stockCode=603938&announcementId=1223100095&orgId=9900031499&announcementTime=2025-04-16,2025-04-17,2025-07-16,0.210302
603939,益丰药房,2024,2025-04-29,益丰药房2024年年度报告,http://www.cninfo.com.cn/new/disclosure/detail?stockCode=603939&announcementId=1223386804&orgId=9900023775&announcementTime=2025-04-29,2025-04-30,2025-07-29,-0.132256
603948,建业股份,2024,2025-04-26,浙江建业化工股份有限公司2024年年度报告,http://www.cninfo.com.cn/new/disclosure/detail?stockCode=603948&announcementId=1223301356&orgId=9900037778&announcementTime=2025-04-26,2025-04-28,2025-07-25,0.310038
603949,雪龙集团,2024,2025-03-28,雪龙集团股份有限公司2024年年度报告,http://www.cninfo.com.cn/new/disclosure/detail?stockCode=603949&announcementId=1222925867&orgId=9900034647&announcementTime=2025-03-28,2025-03-31,2025-06-30,-0.26249
603955,大千生态,2024,2025-03-27,大千生态2024年年度报告,http://www.cninfo.com.cn/new/disclosure/detail?stockCode=603955&announcementId=1222912601&orgId=9900023665&announcementTime=2025-03-27,2025-03-28,2025-06-27,0.53316
603950,长源东谷,2024,2025-03-29,襄阳长源东谷实业股份有限公司2024年年度报告,http://www.cninfo.com.cn/new/disclosure/detail?stockCode=603950&announcementId=1222945783&orgId=9900037311&announcementTime=2025-03-29,2025-03-31,2025-06-30,-0.042232
603958,哈森股份,2024,2025-04-29,2024年年度报告,http://www.cninfo.com.cn/new/disclosure/detail?stockCode=603958&announcementId=1223380262&orgId=9900023619&announcementTime=2025-04-29,2025-04-30,2025-07-29,-0.117188
603956,威派格,2024,2025-04-26,威派格2024年年度报告,http://www.cninfo.com.cn/new/disclosure/detail?stockCode=603956&announcementId=1223305038&orgId=gfbj0837354&announcementTime=2025-04-26,2025-04-28,2025-07-25,0.126888
603960,克来机电,2024,2025-04-26,克来机电2024年年度报告,http://www.cninfo.com.cn/new/disclosure/detail?stockCode=603960&announcementId=1223326280&orgId=9900030536&announcementTime=2025-04-26,2025-04-28,2025-07-25,0.111291
603966,法兰泰克,2024,2025-04-26,2024年年度报告,http://www.cninfo.com.cn/new/disclosure/detail?stockCode=603966&announcementId=1223300359&orgId=9900029598&announcementTime=2025-04-26,2025-04-28,2025-07-25,0.258859
603967,中创物流,2024,2025-03-29,中创物流股份有限公司2024年年度报告,http://www.cninfo.com.cn/new/disclosure/detail?stockCode=603967&announcementId=1222942563&orgId=9900033064&announcementTime=2025-03-29,2025-03-31,2025-06-30,0.087617
603968,醋化股份,2024,2025-04-26,2024年年度报告,http://www.cninfo.com.cn/new/disclosure/detail?stockCode=603968&announcementId=1223301437&orgId=9900023704&announcementTime=2025-04-26,2025-04-28,2025-07-25,0.180935
603969,银龙股份,2024,2025-04-25,天津银龙预应力材料股份有限公司2024年年度报告,http://www.cninfo.com.cn/new/disclosure/detail?stockCode=603969&announcementId=1223280976&orgId=9900023685&announcementTime=2025-04-25,2025-04-28,2025-07-25,0.261157
603976,正川股份,2024,2025-04-10,2024年年度报告,http://www.cninfo.com.cn/new/disclosure/detail?stockCode=603976&announcementId=1223043683&orgId=9900032884&announcementTime=2025-04-10,2025-04-11,2025-07-10,0.263603
603970,中农立华,2024,2025-04-18,中农立华2024年年度报告,http://www.cninfo.com.cn/new/disclosure/detail?stockCode=603970&announcementId=1223127526&orgId=9900031484&announcementTime=2025-04-18,2025-04-21,2025-07-18,0.11791
603978,深圳新星,2024,2025-04-25,2024年年度报告,http://www.cninfo.com.cn/new/disclosure/detail?stockCode=603978&announcementId=1223281019&orgId=9900031492&announcementTime=2025-04-25,2025-04-28,2025-07-25,0.459188
603977,国泰集团,2024,2025-04-18,江西国泰集团股份有限公司2024年年度报告全文,http://www.cninfo.com.cn/new/disclosure/detail?stockCode=603977&announcementId=1223124626&orgId=9900026669&announcementTime=2025-04-18,2025-04-21,2025-07-18,-0.052228
603980,吉华集团,2024,2025-04-29,吉华集团2024年年度报告,http://www.cninfo.com.cn/new/disclosure/detail?stockCode=603980&announcementId=1223386878&orgId=GD095172&announcementTime=2025-04-29,2025-04-30,2025-07-29,0.287841
603979,金诚信,2024,2025-04-25,金诚信2024年年度报告,http://www.cninfo.com.cn/new/disclosure/detail?stockCode=603979&announcementId=1223284361&orgId=9900024796&announcementTime=2025-04-25,2025-04-28,2025-07-25,0.350242
603982,泉峰汽车,2024,2025-04-25,2024年年度报告,http://www.cninfo.com.cn/new/disclosure/detail?stockCode=603982&announcementId=1223284404&orgId=9900036555&announcementTime=2025-04-25,2025-04-28,2025-07-25,0.165835
603983,丸美生物,2024,2025-04-26,广东丸美生物技术股份有限公司2024年年度报告,http://www.cninfo.com.cn/new/disclosure/detail?stockCode=603983&announcementId=1223320239&orgId=9900029039&announcementTime=2025-04-26,2025-04-28,2025-07-25,0.052242
603985,恒润股份,2024,2025-03-29,江阴市恒润重工股份有限公司2024年年度报告,http://www.cninfo.com.cn/new/disclosure/detail?stockCode=603985&announcementId=1222951753&orgId=9900023733&announcementTime=2025-03-29,2025-03-31,2025-06-30,0.216294
603986,兆易创新,2024,2025-04-26,兆易创新2024年年度报告,http://www.cninfo.com.cn/new/disclosure/detail?stockCode=603986&announcementId=1223305062&orgId=9900026561&announcementTime=2025-04-26,2025-04-28,2025-07-25,0.085712
603987,康德莱,2024,2025-04-19,上海康德莱企业发展集团股份有限公司2024年年度报告,http://www.cninfo.com.cn/new/disclosure/detail?stockCode=603987&announcementId=1223146804&orgId=9900024932&announcementTime=2025-04-19,2025-04-21,2025-07-18,0.204234
603988,中电电机,2024,2025-04-19,中电电机2024年年度报告,http://www.cninfo.com.cn/new/disclosure/detail?stockCode=603988&announcementId=1223156480&orgId=9900023768&announcementTime=2025-04-19,2025-04-21,2025-07-18,0.182943
603989,艾华集团,2024,2025-04-30,湖南艾华集团股份有限公司2024年年度报告,http://www.cninfo.com.cn/new/disclosure/detail?stockCode=603989&announcementId=1223416714&orgId=9900023223&announcementTime=2025-04-30,2025-05-06,2025-07-30,0.07923
603990,麦迪科技,2024,2025-04-30,苏州麦迪斯顿医疗科技股份有限公司2024年年度报告,http://www.cninfo.com.cn/new/disclosure/detail?stockCode=603990&announcementId=1223427093&orgId=9900029594&announcementTime=2025-04-30,2025-05-06,2025-07-30,0.137671
603991,至正股份,2024,2025-04-16,至正股份2024年年度报告,http://www.cninfo.com.cn/new/disclosure/detail?stockCode=603991&announcementId=1223103940&orgId=9900030532&announcementTime=2025-04-16,2025-04-17,2025-07-16,0.501892
603992,松霖科技,2024,2025-03-31,2024年年度报告,http://www.cninfo.com.cn/new/disclosure/detail?stockCode=603992&announcementId=1222962236&orgId=9900036921&announcementTime=2025-03-31,2025-04-01,2025-07-01,-0.027665
603993,洛阳钼业,2024,2025-03-22,洛阳钼业2024年年度报告,http://www.cninfo.com.cn/new/disclosure/detail?stockCode=603993&announcementId=1222869207&orgId=gshk0003993&announcementTime=2025-03-22,2025-03-24,2025-06-23,0.01558
603995,甬金股份,2024,2025-04-10,2024年年度报告,http://www.cninfo.com.cn/new/disclosure/detail?stockCode=603995&announcementId=1223046413&orgId=9900037183&announcementTime=2025-04-10,2025-04-11,2025-07-10,0.032134
603997,继峰股份,2024,2025-03-29,继峰股份2024年年度报告,http://www.cninfo.com.cn/new/disclosure/detail?stockCode=603997&announcementId=1222941430&orgId=9900023694&announcementTime=2025-03-29,2025-03-31,2025-06-30,0.100595
603998,方盛制药,2024,2025-04-29,湖南方盛制药股份有限公司2024年年度报告,http://www.cninfo.com.cn/new/disclosure/detail?stockCode=603998&announcementId=1223386938&orgId=9900023772&announcementTime=2025-04-29,2025-04-30,2025-07-29,0.179074
603999,读者传媒,2024,2025-03-28,读者出版传媒股份有限公司2024年年度报告,http://www.cninfo.com.cn/new/disclosure/detail?stockCode=603999&announcementId=1222929651&orgId=9900026062&announcementTime=2025-03-28,2025-03-31,2025-06-30,-0.004737
605001,威奥股份,2024,2025-04-26,威奥股份2024年年度报告,http://www.cninfo.com.cn/new/disclosure/detail?stockCode=605001&announcementId=1223310226&orgId=9900039785&announcementTime=2025-04-26,2025-04-28,2025-07-25,0.215176
605003,众望布艺,2024,2025-04-24,众望布艺2024年年度报告,http://www.cninfo.com.cn/new/disclosure/detail?stockCode=605003&announcementId=1223237660&orgId=9900039803&announcementTime=2025-04-24,2025-04-25,2025-07-24,0.073333
605005,合兴股份,2024,2025-04-26,合兴汽车电子股份有限公司2024年年度报告,http://www.cninfo.com.cn/new/disclosure/detail?stockCode=605005&announcementId=1223305698&orgId=9900039817&announcementTime=2025-04-26,2025-04-28,2025-07-25,0.168275
605006,山东玻纤,2024,2025-04-09,山东玻纤集团股份有限公司2024年年度报告,http://www.cninfo.com.cn/new/disclosure/detail?stockCode=605006&announcementId=1223033185&orgId=9900033212&announcementTime=2025-04-09,2025-04-10,2025-07-09,0.561181
605007,五洲特纸,2024,2025-04-11,五洲特种纸业集团股份有限公司2024年年度报告,http://www.cninfo.com.cn/new/disclosure/detail?stockCode=605007&announcementId=1223055602&orgId=9900039805&announcementTime=2025-04-11,2025-04-14,2025-07-11,0.013546
605008,长鸿高科,2024,2025-03-20,2024年年度报告,http://www.cninfo.com.cn/new/disclosure/detail?stockCode=605008&announcementId=1222846193&orgId=9900039739&announcementTime=2025-03-20,2025-03-21,2025-06-20,-0.13841
605009,豪悦护理,2024,2025-04-15,杭州豪悦护理用品股份有限公司2024年年度报告,http://www.cninfo.com.cn/new/disclosure/detail?stockCode=605009&announcementId=1223094654&orgId=9900039806&announcementTime=2025-04-15,2025-04-16,2025-07-15,0.034221
605016,百龙创园,2024,2025-04-30,2024年度报告,http://www.cninfo.com.cn/new/disclosure/detail?stockCode=605016&announcementId=1223417073&orgId=9900041707&announcementTime=2025-04-30,2025-05-06,2025-07-30,0.214107
605011,杭州热电,2024,2025-04-19,杭州热电集团股份有限公司2024年年度报告,http://www.cninfo.com.cn/new/disclosure/detail?stockCode=605011&announcementId=1223155113&orgId=9900039850&announcementTime=2025-04-19,2025-04-21,2025-07-18,-0.024077
605018,长华集团,2024,2025-04-26,长华集团2024年年度报告,http://www.cninfo.com.cn/new/disclosure/detail?stockCode=605018&announcementId=1223308022&orgId=9900039843&announcementTime=2025-04-26,2025-04-28,2025-07-25,0.237633
605020,永和股份,2024,2025-04-25,浙江永和制冷股份有限公司2024年年度报告,http://www.cninfo.com.cn/new/disclosure/detail?stockCode=605020&announcementId=1223281074&orgId=9900041940&announcementTime=2025-04-25,2025-04-28,2025-07-25,0.17037
605033,美邦股份,2024,2025-04-26,陕西美邦药业集团股份有限公司2024年年度报告,http://www.cninfo.com.cn/new/disclosure/detail?stockCode=605033&announcementId=1223303840&orgId=9900047435&announcementTime=2025-04-26,2025-04-28,2025-07-25,0.349622
605028,世茂能源,2024,2025-03-19,宁波世茂能源股份有限公司2024年年度报告,http://www.cninfo.com.cn/new/disclosure/detail?stockCode=605028&announcementId=1222834648&orgId=9900041666&announcementTime=2025-03-19,2025-03-20,2025-06-19,0.022579
605055,迎丰股份,2024,2025-04-30,迎丰股份2024年年度报告,http://www.cninfo.com.cn/new/disclosure/detail?stockCode=605055&announcementId=1223410931&orgId=9900039766&announcementTime=2025-04-30,2025-05-06,2025-07-30,0.317343
605050,福然德,2024,2025-04-26,福然德股份有限公司2024年年度报告,http://www.cninfo.com.cn/new/disclosure/detail?stockCode=605050&announcementId=1223303894&orgId=9900039818&announcementTime=2025-04-26,2025-04-28,2025-07-25,0.48621
605056,咸亨国际,2024,2025-04-23,咸亨国际：2024年年度报告,http://www.cninfo.com.cn/new/disclosure/detail?stockCode=605056&announcementId=1223213370&orgId=9900041878&announcementTime=2025-04-23,2025-04-24,2025-07-23,0.058073
605058,澳弘电子,2024,2025-03-18,澳弘电子2024年年度报告,http://www.cninfo.com.cn/new/disclosure/detail?stockCode=605058&announcementId=1222823076&orgId=9900039836&announcementTime=2025-03-18,2025-03-19,2025-06-18,-0.046159
605060,联德股份,2024,2025-04-22,联德股份2024年年度报告,http://www.cninfo.com.cn/new/disclosure/detail?stockCode=605060&announcementId=1223186605&orgId=9900039810&announcementTime=2025-04-22,2025-04-23,2025-07-22,0.253039
605066,天正电气,2024,2025-03-29,2024年年度报告,http://www.cninfo.com.cn/new/disclosure/detail?stockCode=605066&announcementId=1222945303&orgId=9900039721&announcementTime=2025-03-29,2025-03-31,2025-06-30,0.016083
605068,明新旭腾,2024,2025-04-22,明新旭腾2024年年度报告,http://www.cninfo.com.cn/new/disclosure/detail?stockCode=605068&announcementId=1223186629&orgId=9900039848&announcementTime=2025-04-22,2025-04-23,2025-07-22,0.198853
605069,正和生态,2024,2025-04-30,2024年年度报告,http://www.cninfo.com.cn/new/disclosure/detail?stockCode=605069&announcementId=1223423440&orgId=9900027354&announcementTime=2025-04-30,2025-05-06,2025-07-30,0.1302
605077,华康股份,2024,2025-02-28,华康股份2024年年度报告,http://www.cninfo.com.cn/new/disclosure/detail?stockCode=605077&announcementId=1222662617&orgId=9900039807&announcementTime=2025-02-28,2025-03-03,2025-05-30,0.103244
605080,浙江自然,2024,2025-04-29,浙江自然2024年年度报告,http://www.cninfo.com.cn/new/disclosure/detail?stockCode=605080&announcementId=1223380347&orgId=9900041946&announcementTime=2025-04-29,2025-04-30,2025-07-29,0.07688
605081,*ST太和,2024,2025-04-26,上海太和水科技发展股份有限公司2024年年度报告,http://www.cninfo.com.cn/new/disclosure/detail?stockCode=605081&announcementId=1223331429&orgId=9900039856&announcementTime=2025-04-26,2025-04-29,2025-07-28,0.273448
605086,龙高股份,2024,2025-04-10,龙岩高岭土股份有限公司2024年年度报告,http://www.cninfo.com.cn/new/disclosure/detail?stockCode=605086&announcementId=1223046118&orgId=9900041409&announcementTime=2025-04-10,2025-04-11,2025-07-10,0.066538
605088,冠盛股份,2024,2025-03-29,2024年年度报告,http://www.cninfo.com.cn/new/disclosure/detail?stockCode=605088&announcementId=1222947854&orgId=gfbj0834175&announcementTime=2025-03-29,2025-03-31,2025-06-30,-0.018535
605089,味知香,2024,2025-04-29,2024年年度报告,http://www.cninfo.com.cn/new/disclosure/detail?stockCode=605089&announcementId=1223380638&orgId=9900043037&announcementTime=2025-04-29,2025-04-30,2025-07-29,0.086594
605090,九丰能源,2024,2025-04-18,2024年年度报告,http://www.cninfo.com.cn/new/disclosure/detail?stockCode=605090&announcementId=1223124690&orgId=9900037724&announcementTime=2025-04-18,2025-04-21,2025-07-18,0.144027
605098,行动教育,2024,2025-04-15,2024年年度报告,http://www.cninfo.com.cn/new/disclosure/detail?stockCode=605098&announcementId=1223094441&orgId=gfbj0831891&announcementTime=2025-04-15,2025-04-16,2025-07-15,-0.06383
605100,华丰股份,2024,2025-04-18,华丰动力股份有限公司2024年年度报告,http://www.cninfo.com.cn/new/disclosure/detail?stockCode=605100&announcementId=1223123675&orgId=gfbj0837398&announcementTime=2025-04-18,2025-04-21,2025-07-18,-0.041266
605099,共创草坪,2024,2025-04-28,2024年年度报告,http://www.cninfo.com.cn/new/disclosure/detail?stockCode=605099&announcementId=1223347273&orgId=9900039858&announcementTime=2025-04-28,2025-04-29,2025-07-28,0.663289
605108,同庆楼,2024,2025-04-29,同庆楼2024年年度报告,http://www.cninfo.com.cn/new/disclosure/detail?stockCode=605108&announcementId=1223491964&orgId=9900033223&announcementTime=2025-04-29,2025-04-30,2025-07-29,-0.069776
605111,新洁能,2024,2025-04-25,2024年年度报告,http://www.cninfo.com.cn/new/disclosure/detail?stockCode=605111&announcementId=1223286536&orgId=gfbj0838147&announcementTime=2025-04-25,2025-04-28,2025-07-25,0.037469
605116,奥锐特,2024,2025-04-26,奥锐特药业股份有限公司2024年年度报告,http://www.cninfo.com.cn/new/disclosure/detail?stockCode=605116&announcementId=1223312214&orgId=9900039801&announcementTime=2025-04-26,2025-04-28,2025-07-25,0.084327
605117,德业股份,2024,2025-04-30,2024年年度报告,http://www.cninfo.com.cn/new/disclosure/detail?stockCode=605117&announcementId=1223427135&orgId=9900039788&announcementTime=2025-04-30,2025-05-06,2025-07-30,-0.130131
605118,力鼎光电,2024,2025-04-22,力鼎光电2024年年度报告,http://www.cninfo.com.cn/new/disclosure/detail?stockCode=605118&announcementId=1223189367&orgId=9900039790&announcementTime=2025-04-22,2025-04-23,2025-07-22,0.817391
605122,四方新材,2024,2025-04-29,重庆四方新材股份有限公司2024年年度报告,http://www.cninfo.com.cn/new/disclosure/detail?stockCode=605122&announcementId=1223387021&orgId=9900039751&announcementTime=2025-04-29,2025-04-30,2025-07-29,0.405567
605123,派克新材,2024,2025-04-29,派克新材2024年年度报告,http://www.cninfo.com.cn/new/disclosure/detail?stockCode=605123&announcementId=1223359731&orgId=9900039842&announcementTime=2025-04-29,2025-04-30,2025-07-29,0.368172
605128,上海沿浦,2024,2025-03-28,上海沿浦金属制品股份有限公司2024年年度报告,http://www.cninfo.com.cn/new/disclosure/detail?stockCode=605128&announcementId=1222928511&orgId=9900037900&announcementTime=2025-03-28,2025-03-31,2025-06-30,0.109425
605133,嵘泰股份,2024,2025-04-19,嵘泰股份2024年年度报告,http://www.cninfo.com.cn/new/disclosure/detail?stockCode=605133&announcementId=1223151206&orgId=9900039741&announcementTime=2025-04-19,2025-04-21,2025-07-18,0.548823
605136,丽人丽妆,2024,2025-03-28,上海丽人丽妆化妆品股份有限公司2024年年度报告,http://www.cninfo.com.cn/new/disclosure/detail?stockCode=605136&announcementId=1222925909&orgId=9900033670&announcementTime=2025-03-28,2025-03-31,2025-06-30,0.502717
605138,盛泰集团,2024,2025-04-22,盛泰智造集团股份有限公司2024年年度报告,http://www.cninfo.com.cn/new/disclosure/detail?stockCode=605138&announcementId=1223196869&orgId=9900041910&announcementTime=2025-04-22,2025-04-23,2025-07-22,0.153727
605151,西上海,2024,2025-04-25,西上海2024年年度报告,http://www.cninfo.com.cn/new/disclosure/detail?stockCode=605151&announcementId=1223285173&orgId=9900032989&announcementTime=2025-04-25,2025-04-28,2025-07-25,0.278601
605155,西大门,2024,2025-03-29,2024年年度报告,http://www.cninfo.com.cn/new/disclosure/detail?stockCode=605155&announcementId=1222948343&orgId=9900039759&announcementTime=2025-03-29,2025-03-31,2025-06-30,0.000793
605158,华达新材,2024,2025-04-22,浙江华达新型材料股份有限公司2024年年度报告,http://www.cninfo.com.cn/new/disclosure/detail?stockCode=605158&announcementId=1223195471&orgId=9900034523&announcementTime=2025-04-22,2025-04-23,2025-07-22,0.118068
605162,新中港,2024,2025-04-30,2024年年度报告,http://www.cninfo.com.cn/new/disclosure/detail?stockCode=605162&announcementId=1223407043&orgId=9900039948&announcementTime=2025-04-30,2025-05-06,2025-07-30,0.214109
605166,聚合顺,2024,2025-04-10,聚合顺新材料股份有限公司2024年年度报告,http://www.cninfo.com.cn/new/disclosure/detail?stockCode=605166&announcementId=1223046934&orgId=gfbj0870755&announcementTime=2025-04-10,2025-04-11,2025-07-10,0.093333
605168,三人行,2024,2025-04-19,三人行：2024年年度报告全文,http://www.cninfo.com.cn/new/disclosure/detail?stockCode=605168&announcementId=1223155654&orgId=gfbj0832288&announcementTime=2025-04-19,2025-04-21,2025-07-18,0.259646
605167,利柏特,2024,2025-04-30,2024年年度报告,http://www.cninfo.com.cn/new/disclosure/detail?stockCode=605167&announcementId=1223405246&orgId=nssc1000345&announcementTime=2025-04-30,2025-05-06,2025-07-30,0.23484
605169,洪通燃气,2024,2025-04-18,新疆洪通燃气股份有限公司2024年年度报告,http://www.cninfo.com.cn/new/disclosure/detail?stockCode=605169&announcementId=1223121008&orgId=9900039840&announcementTime=2025-04-18,2025-04-21,2025-07-18,0.22854
605177,东亚药业,2024,2025-04-30,东亚药业2024年年度报告,http://www.cninfo.com.cn/new/disclosure/detail?stockCode=605177&announcementId=1223405270&orgId=9900039857&announcementTime=2025-04-30,2025-05-06,2025-07-30,0.22405
605178,时空科技,2024,2025-04-29,2024年年度报告,http://www.cninfo.com.cn/new/disclosure/detail?stockCode=605178&announcementId=1223387149&orgId=9900035580&announcementTime=2025-04-29,2025-04-30,2025-08-04,0.58046
605179,一鸣食品,2024,2025-04-30,2024年年度报告,http://www.cninfo.com.cn/new/disclosure/detail?stockCode=605179&announcementId=1223417132&orgId=9900039760&announcementTime=2025-04-30,2025-05-06,2025-07-30,-0.039315
605183,确成股份,2024,2025-04-24,2024年度报告,http://www.cninfo.com.cn/new/disclosure/detail?stockCode=605183&announcementId=1223244199&orgId=gfbj0833656&announcementTime=2025-04-24,2025-04-25,2025-07-24,0.254188
605180,华生科技,2024,2025-04-25,2024年年度报告,http://www.cninfo.com.cn/new/disclosure/detail?stockCode=605180&announcementId=1223281267&orgId=9900039860&announcementTime=2025-04-25,2025-04-28,2025-07-25,0.160683
605188,国光连锁,2024,2025-04-29,江西国光商业连锁股份有限公司2024年年度报告,http://www.cninfo.com.cn/new/disclosure/detail?stockCode=605188&announcementId=1223370386&orgId=9900039746&announcementTime=2025-04-29,2025-04-30,2025-07-29,0.013699
605186,健麾信息,2024,2025-04-30,2024年年度报告,http://www.cninfo.com.cn/new/disclosure/detail?stockCode=605186&announcementId=1223423476&orgId=9900039753&announcementTime=2025-04-30,2025-05-06,2025-07-30,0.141913
605189,富春染织,2024,2025-04-08,富春染织2024年度报告,http://www.cninfo.com.cn/new/disclosure/detail?stockCode=605189&announcementId=1223020450&orgId=gfbj0870898&announcementTime=2025-04-08,2025-04-09,2025-07-08,0.438347
605196,华通线缆,2024,2025-04-18,华通线缆2024年年度报告,http://www.cninfo.com.cn/new/disclosure/detail?stockCode=605196&announcementId=1223129924&orgId=gfbj0837020&announcementTime=2025-04-18,2025-04-21,2025-07-18,0.439587
605198,安德利,2024,2025-03-27,安德利：2024年年度报告,http://www.cninfo.com.cn/new/disclosure/detail?stockCode=605198&announcementId=1222911421&orgId=gshk0008259&announcementTime=2025-03-27,2025-03-28,2025-06-27,0.105306
605199,ST葫芦娃,2024,2025-04-29,海南葫芦娃药业集团股份有限公司2024年年度报告,http://www.cninfo.com.cn/new/disclosure/detail?stockCode=605199&announcementId=1223387311&orgId=9900039731&announcementTime=2025-04-29,2025-04-30,2025-07-29,-0.247823
605208,永茂泰,2024,2025-04-19,2024年年度报告,http://www.cninfo.com.cn/new/disclosure/detail?stockCode=605208&announcementId=1223145962&orgId=9900039946&announcementTime=2025-04-19,2025-04-21,2025-07-18,0.320912
605218,伟时电子,2024,2025-03-15,伟时电子股份有限公司2024年年度报告,http://www.cninfo.com.cn/new/disclosure/detail?stockCode=605218&announcementId=1222807477&orgId=9900039725&announcementTime=2025-03-15,2025-03-17,2025-06-16,-0.085796
605222,起帆电缆,2024,2025-04-25,起帆电缆2024年年度报告,http://www.cninfo.com.cn/new/disclosure/detail?stockCode=605222&announcementId=1223281324&orgId=9900039833&announcementTime=2025-04-25,2025-04-28,2025-07-25,0.088079
605228,神通科技,2024,2025-04-23,2024年年度报告,http://www.cninfo.com.cn/new/disclosure/detail?stockCode=605228&announcementId=1223214929&orgId=9900039800&announcementTime=2025-04-23,2025-04-24,2025-07-23,0.227493
605255,天普股份,2024,2025-04-25,天普股份2024年年度报告,http://www.cninfo.com.cn/new/disclosure/detail?stockCode=605255&announcementId=1223281336&orgId=9900039799&announcementTime=2025-04-25,2025-04-28,2025-07-25,0.630599
605258,协和电子,2024,2025-04-15,2024年年度报告,http://www.cninfo.com.cn/new/disclosure/detail?stockCode=605258&announcementId=1223093415&orgId=gfbj0870554&announcementTime=2025-04-15,2025-04-16,2025-07-15,0.138785
605259,绿田机械,2024,2025-04-26,绿田机械2024年年度报告,http://www.cninfo.com.cn/new/disclosure/detail?stockCode=605259&announcementId=1223317382&orgId=9900041944&announcementTime=2025-04-26,2025-04-28,2025-07-25,0.643714
605266,健之佳,2024,2025-04-29,2024年度报告,http://www.cninfo.com.cn/new/disclosure/detail?stockCode=605266&announcementId=1223391072&orgId=9900035301&announcementTime=2025-04-29,2025-04-30,2025-07-29,0.136705
605268,王力安防,2024,2025-04-29,王力安防2024年年度报告,http://www.cninfo.com.cn/new/disclosure/detail?stockCode=605268&announcementId=1223362576&orgId=9900039804&announcementTime=2025-04-29,2025-04-30,2025-07-29,0.346636
605277,新亚电子,2024,2025-04-29,新亚电子股份有限公司2024年年度报告,http://www.cninfo.com.cn/new/disclosure/detail?stockCode=605277&announcementId=1223387345&orgId=9900039816&announcementTime=2025-04-29,2025-04-30,2025-07-29,0.868291
605286,同力天启,2024,2025-04-26,同力日升2024年年度报告,http://www.cninfo.com.cn/new/disclosure/detail?stockCode=605286&announcementId=1223320846&orgId=9900040546&announcementTime=2025-04-26,2025-04-28,2025-07-25,0.031282
605287,德才股份,2024,2025-04-30,德才股份2024年年度报告,http://www.cninfo.com.cn/new/disclosure/detail?stockCode=605287&announcementId=1223423532&orgId=9900041678&announcementTime=2025-04-30,2025-05-06,2025-07-30,0.192287
605288,凯迪股份,2024,2025-04-30,常州市凯迪电器股份有限公司2024年年度报告,http://www.cninfo.com.cn/new/disclosure/detail?stockCode=605288&announcementId=1223417172&orgId=9900038386&announcementTime=2025-04-30,2025-05-06,2025-07-30,0.323018
605289,罗曼股份,2024,2025-04-28,罗曼股份：2024年年度报告,http://www.cninfo.com.cn/new/disclosure/detail?stockCode=605289&announcementId=1223347289&orgId=gfbj0430662&announcementTime=2025-04-28,2025-04-29,2025-07-28,0.503508
605296,神农集团,2024,2025-04-29,云南神农农业产业集团股份有限公司2024年年度报告,http://www.cninfo.com.cn/new/disclosure/detail?stockCode=605296&announcementId=1223366038&orgId=9900033227&announcementTime=2025-04-29,2025-04-30,2025-07-29,0.101075
605299,舒华体育,2024,2025-03-12,舒华体育股份有限公司2024年年度报告,http://www.cninfo.com.cn/new/disclosure/detail?stockCode=605299&announcementId=1222769203&orgId=gfbj0839064&announcementTime=2025-03-12,2025-03-13,2025-06-12,0.198825
605298,必得科技,2024,2025-04-26,江苏必得科技股份有限公司2024年年度报告,http://www.cninfo.com.cn/new/disclosure/detail?stockCode=605298&announcementId=1223317833&orgId=gfbj0833643&announcementTime=2025-04-26,2025-04-28,2025-07-25,0.254215
605300,佳禾食品,2024,2025-04-26,佳禾食品工业股份有限公司2024年年度报告,http://www.cninfo.com.cn/new/disclosure/detail?stockCode=605300&announcementId=1223326155&orgId=9900041607&announcementTime=2025-04-26,2025-04-28,2025-07-25,0.016866
605303,园林股份,2024,2025-04-30,2024年年度报告,http://www.cninfo.com.cn/new/disclosure/detail?stockCode=605303&announcementId=1223417192&orgId=9900031489&announcementTime=2025-04-30,2025-05-06,2025-07-30,0.319706
605305,中际联合,2024,2025-04-19,中际联合2024年年度报告,http://www.cninfo.com.cn/new/disclosure/detail?stockCode=605305&announcementId=1223142895&orgId=gfbj0831344&announcementTime=2025-04-19,2025-04-21,2025-07-18,0.660144
605318,法狮龙,2024,2025-04-28,法狮龙家居建材股份有限公司2024年年度报告,http://www.cninfo.com.cn/new/disclosure/detail?stockCode=605318&announcementId=1223347357&orgId=9900039809&announcementTime=2025-04-28,2025-04-29,2025-07-29,-0.002972
605333,沪光股份,2024,2025-04-26,2024年年度报告,http://www.cninfo.com.cn/new/disclosure/detail?stockCode=605333&announcementId=1223316677&orgId=9900038389&announcementTime=2025-04-26,2025-04-28,2025-07-25,-0.010263
605319,无锡振华,2024,2025-04-25,2024年年度报告,http://www.cninfo.com.cn/new/disclosure/detail?stockCode=605319&announcementId=1223281380&orgId=9900039945&announcementTime=2025-04-25,2025-04-28,2025-07-25,0.020755
605337,李子园,2024,2025-04-29,浙江李子园食品股份有限公司2024年年度报告,http://www.cninfo.com.cn/new/disclosure/detail?stockCode=605337&announcementId=1223358850&orgId=9900039750&announcementTime=2025-04-29,2025-04-30,2025-07-29,0.075868
605336,帅丰电器,2024,2025-04-18,浙江帅丰电器股份有限公司2024年年度报告全文,http://www.cninfo.com.cn/new/disclosure/detail?stockCode=605336&announcementId=1223127595&orgId=9900039798&announcementTime=2025-04-18,2025-04-21,2025-07-18,-0.11614
605338,巴比食品,2024,2025-03-28,2024年年度报告,http://www.cninfo.com.cn/new/disclosure/detail?stockCode=605338&announcementId=1222924268&orgId=9900039853&announcementTime=2025-03-28,2025-03-31,2025-06-30,0.087738
605339,南侨食品,2024,2025-03-11,南侨食品集团（上海）股份有限公司2024年年度报告,http://www.cninfo.com.cn/new/disclosure/detail?stockCode=605339&announcementId=1222758908&orgId=9900037308&announcementTime=2025-03-11,2025-03-12,2025-06-11,-0.028161
605365,立达信,2024,2025-04-22,2024年年度报告,http://www.cninfo.com.cn/new/disclosure/detail?stockCode=605365&announcementId=1223190315&orgId=nssc1000221&announcementTime=2025-04-22,2025-04-23,2025-07-22,0.130526
605358,立昂微,2024,2025-04-29,立昂微2024年年度报告,http://www.cninfo.com.cn/new/disclosure/detail?stockCode=605358&announcementId=1223380678&orgId=9900038308&announcementTime=2025-04-29,2025-04-30,2025-07-29,0.016002
605366,宏柏新材,2024,2025-04-30,江西宏柏新材料股份有限公司2024年年度报告,http://www.cninfo.com.cn/new/disclosure/detail?stockCode=605366&announcementId=1223417229&orgId=9900039786&announcementTime=2025-04-30,2025-05-06,2025-07-30,0.125906
605368,蓝天燃气,2024,2025-03-26,蓝天燃气2024年年度报告,http://www.cninfo.com.cn/new/disclosure/detail?stockCode=605368&announcementId=1222895244&orgId=9900023971&announcementTime=2025-03-26,2025-03-27,2025-06-26,-0.035472
605369,拱东医疗,2024,2025-04-22,拱东医疗：2024年年度报告,http://www.cninfo.com.cn/new/disclosure/detail?stockCode=605369&announcementId=1223191009&orgId=9900039863&announcementTime=2025-04-22,2025-04-23,2025-07-22,0.10146
605376,博迁新材,2024,2025-04-19,江苏博迁新材料股份有限公司2024年年度报告,http://www.cninfo.com.cn/new/disclosure/detail?stockCode=605376&announcementId=1223151809&orgId=gfbj0871363&announcementTime=2025-04-19,2025-04-21,2025-07-18,0.191989
605377,华旺科技,2024,2025-04-30,杭州华旺新材料科技股份有限公司2024年年度报告,http://www.cninfo.com.cn/new/disclosure/detail?stockCode=605377&announcementId=1223417332&orgId=gfbj0832514&announcementTime=2025-04-30,2025-05-06,2025-07-30,0.043598
605378,野马电池,2024,2025-04-28,浙江野马电池股份有限公司2024年年度报告,http://www.cninfo.com.cn/new/disclosure/detail?stockCode=605378&announcementId=1223347363&orgId=9900039787&announcementTime=2025-04-28,2025-04-29,2025-07-28,0.413119
605388,均瑶健康,2024,2025-04-30,湖北均瑶大健康饮品股份有限公司2024年年度报告,http://www.cninfo.com.cn/new/disclosure/detail?stockCode=605388&announcementId=1223427175&orgId=9900039814&announcementTime=2025-04-30,2025-05-06,2025-07-30,0.353008
605389,长龄液压,2024,2025-04-24,江苏长龄液压股份有限公司2024年年度报告,http://www.cninfo.com.cn/new/disclosure/detail?stockCode=605389&announcementId=1223238723&orgId=9900039835&announcementTime=2025-04-24,2025-04-25,2025-07-31,0.63083
605398,新炬网络,2024,2025-04-26,上海新炬网络信息技术股份有限公司2024年年度报告,http://www.cninfo.com.cn/new/disclosure/detail?stockCode=605398&announcementId=1223306587&orgId=9900039824&announcementTime=2025-04-26,2025-04-28,2025-07-25,0.082517
605399,晨光新材,2024,2025-04-26,晨光新材2024年年度报告,http://www.cninfo.com.cn/new/disclosure/detail?stockCode=605399&announcementId=1223310277&orgId=9900039742&announcementTime=2025-04-26,2025-04-28,2025-07-25,0.302472
605488,福莱新材,2024,2025-03-29,福莱新材2024年年度报告,http://www.cninfo.com.cn/new/disclosure/detail?stockCode=605488&announcementId=1222940603&orgId=nssc1000227&announcementTime=2025-03-29,2025-03-31,2025-06-30,0.029454
605499,东鹏饮料,2024,2025-03-08,东鹏饮料（集团）股份有限公司2024年年度报告,http://www.cninfo.com.cn/new/disclosure/detail?stockCode=605499&announcementId=1222744419&orgId=9900041766&announcementTime=2025-03-08,2025-03-10,2025-06-09,0.465145
605500,森林包装,2024,2025-04-29,森林包装集团股份有限公司2024年年度报告,http://www.cninfo.com.cn/new/disclosure/detail?stockCode=605500&announcementId=1223380748&orgId=9900039734&announcementTime=2025-04-29,2025-04-30,2025-07-29,0.445828
605507,国邦医药,2024,2025-03-28,国邦医药2024年年度报告,http://www.cninfo.com.cn/new/disclosure/detail?stockCode=605507&announcementId=1222925277&orgId=nssc1000172&announcementTime=2025-03-28,2025-03-31,2025-06-30,-0.027184
605555,德昌股份,2024,2025-04-22,宁波德昌电机股份有限公司2024年年度报告,http://www.cninfo.com.cn/new/disclosure/detail?stockCode=605555&announcementId=1223195520&orgId=nssc1000733&announcementTime=2025-04-22,2025-04-23,2025-07-22,0.068231
605566,福莱蒽特,2024,2025-04-28,福莱蒽特2024年年度报告全文,http://www.cninfo.com.cn/new/disclosure/detail?stockCode=605566&announcementId=1223347416&orgId=nssc1000534&announcementTime=2025-04-28,2025-04-29,2025-07-28,0.180378
605567,春雪食品,2024,2025-04-29,春雪食品集团股份有限公司2024年年度报告,http://www.cninfo.com.cn/new/disclosure/detail?stockCode=605567&announcementId=1223391149&orgId=nssc1000786&announcementTime=2025-04-29,2025-04-30,2025-07-29,0.1549
605577,龙版传媒,2024,2025-04-25,2024年年度报告,http://www.cninfo.com.cn/new/disclosure/detail?stockCode=605577&announcementId=1223284418&orgId=nssc1000394&announcementTime=2025-04-25,2025-04-28,2025-07-25,0.108065
605588,冠石科技,2024,2025-04-22,2024年年度报告,http://www.cninfo.com.cn/new/disclosure/detail?stockCode=605588&announcementId=1223195919&orgId=nssc1000573&announcementTime=2025-04-22,2025-04-23,2025-07-22,0.009099
605580,恒盛能源,2024,2025-04-15,恒盛能源股份有限公司2024年年度报告全文,http://www.cninfo.com.cn/new/disclosure/detail?stockCode=605580&announcementId=1223095417&orgId=gfbj0872062&announcementTime=2025-04-15,2025-04-16,2025-07-15,0.42734
605589,圣泉集团,2024,2025-04-01,圣泉集团2024年年度报告,http://www.cninfo.com.cn/new/disclosure/detail?stockCode=605589&announcementId=1222976730&orgId=9900028008&announcementTime=2025-04-01,2025-04-02,2025-07-02,0.027882
605598,上海港湾,2024,2025-04-30,2024年年度报告,http://www.cninfo.com.cn/new/disclosure/detail?stockCode=605598&announcementId=1223417361&orgId=nssc1000167&announcementTime=2025-04-30,2025-05-06,2025-07-30,0.147142
605599,菜百股份,2024,2025-04-29,北京菜市口百货股份有限公司2024年年度报告,http://www.cninfo.com.cn/new/disclosure/detail?stockCode=605599&announcementId=1223371577&orgId=nssc1000538&announcementTime=2025-04-29,2025-04-30,2025-07-29,0.174687
688001,华兴源创,2024,2025-04-30,华兴源创：2024年年度报告,http://www.cninfo.com.cn/new/disclosure/detail?stockCode=688001&announcementId=1223423550&orgId=9900038969&announcementTime=2025-04-30,2025-05-06,2025-07-30,0.087471
688002,睿创微纳,2024,2025-04-11,2024年年度报告,http://www.cninfo.com.cn/new/disclosure/detail?stockCode=688002&announcementId=1223058665&orgId=9900038939&announcementTime=2025-04-11,2025-04-14,2025-07-11,0.16661
688003,天准科技,2024,2025-04-12,2024年年度报告,http://www.cninfo.com.cn/new/disclosure/detail?stockCode=688003&announcementId=1223073105&orgId=gfbj0833231&announcementTime=2025-04-12,2025-04-14,2025-07-11,-0.029118
688004,博汇科技,2024,2025-04-18,博汇科技2024年年度报告,http://www.cninfo.com.cn/new/disclosure/detail?stockCode=688004&announcementId=1223129609&orgId=gfbj0871038&announcementTime=2025-04-18,2025-04-21,2025-07-18,0.284598
688005,容百科技,2024,2025-04-10,2024年年度报告,http://www.cninfo.com.cn/new/disclosure/detail?stockCode=688005&announcementId=1223045698&orgId=9900038937&announcementTime=2025-04-10,2025-04-11,2025-07-10,0.146676
688006,杭可科技,2024,2025-04-29,浙江杭可科技股份有限公司2024年年度报告,http://www.cninfo.com.cn/new/disclosure/detail?stockCode=688006&announcementId=1223391203&orgId=9900037551&announcementTime=2025-04-29,2025-04-30,2025-07-29,0.226891
688007,光峰科技,2024,2025-04-30,2024年年度报告,http://www.cninfo.com.cn/new/disclosure/detail?stockCode=688007&announcementId=1223423643&orgId=9900038970&announcementTime=2025-04-30,2025-05-06,2025-07-30,0.092361
688008,澜起科技,2024,2025-04-11,澜起科技2024年年度报告,http://www.cninfo.com.cn/new/disclosure/detail?stockCode=688008&announcementId=1223058389&orgId=9900039002&announcementTime=2025-04-11,2025-04-14,2025-07-11,0.111762
688009,中国通号,2024,2025-03-29,2024年年度报告,http://www.cninfo.com.cn/new/disclosure/detail?stockCode=688009&announcementId=1222948951&orgId=9900030958&announcementTime=2025-03-29,2025-03-31,2025-06-30,-0.10767
688011,新光光电,2024,2025-04-26,哈尔滨新光光电科技股份有限公司2024年年度报告,http://www.cninfo.com.cn/new/disclosure/detail?stockCode=688011&announcementId=1223327904&orgId=9900038995&announcementTime=2025-04-26,2025-04-28,2025-07-25,1.152813
688010,福光股份,2024,2025-04-22,2024年年度报告,http://www.cninfo.com.cn/new/disclosure/detail?stockCode=688010&announcementId=1223188707&orgId=9900038992&announcementTime=2025-04-22,2025-04-23,2025-07-22,-0.264921
688013,天臣医疗,2024,2025-04-28,天臣医疗2024年年度报告,http://www.cninfo.com.cn/new/disclosure/detail?stockCode=688013&announcementId=1223347454&orgId=nssc1000493&announcementTime=2025-04-28,2025-04-29,2025-07-28,1.051942
688012,中微公司,2024,2025-04-18,2024年年度报告,http://www.cninfo.com.cn/new/disclosure/detail?stockCode=688012&announcementId=1223127191&orgId=9900038991&announcementTime=2025-04-18,2025-04-21,2025-07-18,-0.031493
688015,交控科技,2024,2025-04-26,交控科技股份有限公司2024年年度报告,http://www.cninfo.com.cn/new/disclosure/detail?stockCode=688015&announcementId=1223315725&orgId=9900038993&announcementTime=2025-04-26,2025-04-28,2025-07-25,0.124038
688016,心脉医疗,2024,2025-03-29,心脉医疗：2024年年度报告,http://www.cninfo.com.cn/new/disclosure/detail?stockCode=688016&announcementId=1222950955&orgId=9900039142&announcementTime=2025-03-29,2025-03-31,2025-06-30,-0.02792
688017,绿的谐波,2024,2025-04-30,2024年年度报告,http://www.cninfo.com.cn/new/disclosure/detail?stockCode=688017&announcementId=1223423684&orgId=9900041602&announcementTime=2025-04-30,2025-05-06,2025-07-30,-0.147299
688018,乐鑫科技,2024,2025-03-22,乐鑫科技2024年年度报告,http://www.cninfo.com.cn/new/disclosure/detail?stockCode=688018&announcementId=1222869605&orgId=9900039017&announcementTime=2025-03-22,2025-03-24,2025-06-23,-0.144284
688019,安集科技,2024,2025-04-16,2024年年度报告,http://www.cninfo.com.cn/new/disclosure/detail?stockCode=688019&announcementId=1223101942&orgId=9900038987&announcementTime=2025-04-16,2025-04-17,2025-07-16,0.143264
688020,方邦股份,2024,2025-04-17,2024年年度报告,http://www.cninfo.com.cn/new/disclosure/detail?stockCode=688020&announcementId=1223112844&orgId=9900033190&announcementTime=2025-04-17,2025-04-18,2025-07-17,0.30432
688021,奥福科技,2024,2025-04-26,山东奥福环保科技股份有限公司2024年年度报告,http://www.cninfo.com.cn/new/disclosure/detail?stockCode=688021&announcementId=1223321462&orgId=9900039287&announcementTime=2025-04-26,2025-04-28,2025-07-25,0.494801
688022,瀚川智能,2024,2025-04-24,2024年年度报告,http://www.cninfo.com.cn/new/disclosure/detail?stockCode=688022&announcementId=1223248208&orgId=9900039049&announcementTime=2025-04-24,2025-04-25,2025-07-24,0.113721
688023,安恒信息,2024,2025-04-30,2024年年度报告,http://www.cninfo.com.cn/new/disclosure/detail?stockCode=688023&announcementId=1223423725&orgId=9900039124&announcementTime=2025-04-30,2025-05-06,2025-07-30,0.219806
688025,杰普特,2024,2025-03-25,深圳市杰普特光电股份有限公司2024年年度报告,http://www.cninfo.com.cn/new/disclosure/detail?stockCode=688025&announcementId=1222881177&orgId=gfbj0870105&announcementTime=2025-03-25,2025-03-26,2025-06-25,0.225401
688027,国盾量子,2024,2025-03-26,国盾量子2024 年年度报告,http://www.cninfo.com.cn/new/disclosure/detail?stockCode=688027&announcementId=1222897025&orgId=9900038967&announcementTime=2025-03-26,2025-03-27,2025-06-26,0.066946
688026,洁特生物,2024,2025-04-16,2024年年度报告,http://www.cninfo.com.cn/new/disclosure/detail?stockCode=688026&announcementId=1223103775&orgId=gfbj0834589&announcementTime=2025-04-16,2025-04-17,2025-07-16,0.305111
688028,沃尔德,2024,2025-04-22,2024年年度报告,http://www.cninfo.com.cn/new/disclosure/detail?stockCode=688028&announcementId=1223191058&orgId=9900039154&announcementTime=2025-04-22,2025-04-23,2025-07-22,0.141732
688029,南微医学,2024,2025-04-29,南微医学科技股份有限公司2024年年度报告,http://www.cninfo.com.cn/new/disclosure/detail?stockCode=688029&announcementId=1223387389&orgId=gfbj0834229&announcementTime=2025-04-29,2025-04-30,2025-07-29,0.434448
688031,星环科技,2024,2025-04-26,2024年年度报告,http://www.cninfo.com.cn/new/disclosure/detail?stockCode=688031&announcementId=1223325316&orgId=9900048105&announcementTime=2025-04-26,2025-04-28,2025-07-25,0.173039
688030,山石网科,2024,2025-03-28,2024年年度报告,http://www.cninfo.com.cn/new/disclosure/detail?stockCode=688030&announcementId=1222927602&orgId=9900039126&announcementTime=2025-03-28,2025-03-31,2025-06-30,-0.066397
688033,天宜新材,2024,2025-04-22,北京天宜上佳高新材料股份有限公司2024年年度报告,http://www.cninfo.com.cn/new/disclosure/detail?stockCode=688033&announcementId=1223188740&orgId=9900039155&announcementTime=2025-04-22,2025-04-23,2025-07-22,0.370301
688032,禾迈股份,2024,2025-04-30,2024年年度报告,http://www.cninfo.com.cn/new/disclosure/detail?stockCode=688032&announcementId=1223417404&orgId=9900046513&announcementTime=2025-04-30,2025-05-06,2025-07-30,0.1057
688036,传音控股,2024,2025-04-24,传音控股2024年年度报告,http://www.cninfo.com.cn/new/disclosure/detail?stockCode=688036&announcementId=1223237086&orgId=9900038988&announcementTime=2025-04-24,2025-04-25,2025-07-24,-0.053315
688037,芯源微,2024,2025-04-26,芯源微2024年年度报告,http://www.cninfo.com.cn/new/disclosure/detail?stockCode=688037&announcementId=1223330378&orgId=9900039964&announcementTime=2025-04-26,2025-04-28,2025-07-25,0.228071
688035,德邦科技,2024,2025-04-19,烟台德邦科技股份有限公司2024年年度报告,http://www.cninfo.com.cn/new/disclosure/detail?stockCode=688035&announcementId=1223155144&orgId=9900047879&announcementTime=2025-04-19,2025-04-21,2025-07-18,0.129744
688038,中科通达,2024,2025-04-26,2024年年度报告,http://www.cninfo.com.cn/new/disclosure/detail?stockCode=688038&announcementId=1223307825&orgId=9900024458&announcementTime=2025-04-26,2025-04-28,2025-07-25,0.098262
688041,海光信息,2024,2025-03-01,海光信息技术股份有限公司2024年年度报告,http://www.cninfo.com.cn/new/disclosure/detail?stockCode=688041&announcementId=1222675682&orgId=9900048365&announcementTime=2025-03-01,2025-03-03,2025-06-16,-0.134564
688045,必易微,2024,2025-03-15,必易微2024年年度报告,http://www.cninfo.com.cn/new/disclosure/detail?stockCode=688045&announcementId=1222807032&orgId=9900047235&announcementTime=2025-03-15,2025-03-17,2025-06-16,-0.134093
688039,当虹科技,2024,2025-04-22,杭州当虹科技股份有限公司2024年年度报告,http://www.cninfo.com.cn/new/disclosure/detail?stockCode=688039&announcementId=1223195965&orgId=9900038989&announcementTime=2025-04-22,2025-04-23,2025-07-22,0.092618
688046,药康生物,2024,2025-04-26,药康生物2024年年度报告,http://www.cninfo.com.cn/new/disclosure/detail?stockCode=688046&announcementId=1223325045&orgId=9900051414&announcementTime=2025-04-26,2025-04-28,2025-07-25,0.43316
688048,长光华芯,2024,2025-04-30,2024年年报,http://www.cninfo.com.cn/new/disclosure/detail?stockCode=688048&announcementId=1223427222&orgId=9900048112&announcementTime=2025-04-30,2025-05-06,2025-07-30,0.212687
688047,龙芯中科,2024,2025-04-29,龙芯中科2024年年度报告,http://www.cninfo.com.cn/new/disclosure/detail?stockCode=688047&announcementId=1223391254&orgId=9900048052&announcementTime=2025-04-29,2025-04-30,2025-07-29,0.058824
688050,爱博医疗,2024,2025-04-23,688050爱博医疗 2024年年度报告,http://www.cninfo.com.cn/new/disclosure/detail?stockCode=688050&announcementId=1223220611&orgId=9900042736&announcementTime=2025-04-23,2025-04-24,2025-07-23,-0.133911
688049,炬芯科技,2024,2025-03-31,炬芯科技2024年年度报告,http://www.cninfo.com.cn/new/disclosure/detail?stockCode=688049&announcementId=1222962247&orgId=9900046620&announcementTime=2025-03-31,2025-04-01,2025-07-01,0.281431
688052,纳芯微,2024,2025-04-10,2024年年度报告,http://www.cninfo.com.cn/new/disclosure/detail?stockCode=688052&announcementId=1223046572&orgId=gfbj0838551&announcementTime=2025-04-10,2025-04-11,2025-07-10,-0.012943
688051,佳华科技,2024,2025-04-30,2024年年度报告,http://www.cninfo.com.cn/new/disclosure/detail?stockCode=688051&announcementId=1223423775&orgId=9900039347&announcementTime=2025-04-30,2025-05-06,2025-07-30,0.473325
688053,ST思科瑞,2024,2025-04-26,成都思科瑞微电子股份有限公司2024年年度报告,http://www.cninfo.com.cn/new/disclosure/detail?stockCode=688053&announcementId=1223332089&orgId=9900046510&announcementTime=2025-04-26,2025-04-28,2025-07-25,0.248848
688055,龙腾光电,2024,2025-04-26,龙腾光电2024年年度报告,http://www.cninfo.com.cn/new/disclosure/detail?stockCode=688055&announcementId=1223326920&orgId=fzqy1056458&announcementTime=2025-04-26,2025-04-28,2025-07-25,0.167164
688057,金达莱,2024,2025-04-29,2024年年度报告,http://www.cninfo.com.cn/new/disclosure/detail?stockCode=688057&announcementId=1223358877&orgId=gfbj0830777&announcementTime=2025-04-29,2025-04-30,2025-07-29,0.19956
688056,莱伯泰科,2024,2025-04-25,2024年年度报告,http://www.cninfo.com.cn/new/disclosure/detail?stockCode=688056&announcementId=1223281484&orgId=9900031826&announcementTime=2025-04-25,2025-04-28,2025-07-25,0.022721
688059,华锐精密,2024,2025-04-29,2024年年度报告,http://www.cninfo.com.cn/new/disclosure/detail?stockCode=688059&announcementId=1223371635&orgId=9900041578&announcementTime=2025-04-29,2025-04-30,2025-07-29,0.348332
688058,宝兰德,2024,2025-04-25,北京宝兰德软件股份有限公司2024年年度报告,http://www.cninfo.com.cn/new/disclosure/detail?stockCode=688058&announcementId=1223281606&orgId=9900032882&announcementTime=2025-04-25,2025-04-28,2025-07-25,0.169639
688060,云涌科技,2024,2025-04-25,云涌科技2024年年度报告,http://www.cninfo.com.cn/new/disclosure/detail?stockCode=688060&announcementId=1223281640&orgId=9900033204&announcementTime=2025-04-25,2025-04-28,2025-07-25,0.252655
688061,灿瑞科技,2024,2025-04-26,2024年年度报告,http://www.cninfo.com.cn/new/disclosure/detail?stockCode=688061&announcementId=1223325170&orgId=nssc1000405&announcementTime=2025-04-26,2025-04-28,2025-07-25,0.22045
688062,迈威生物,2024,2025-03-31,迈威生物2024年年度报告,http://www.cninfo.com.cn/new/disclosure/detail?stockCode=688062&announcementId=1222962675&orgId=nssc1000843&announcementTime=2025-03-31,2025-04-01,2025-07-01,0.447368
688063,派能科技,2024,2025-04-12,上海派能能源科技股份有限公司2024年年度报告,http://www.cninfo.com.cn/new/disclosure/detail?stockCode=688063&announcementId=1223071587&orgId=fzqy1027385&announcementTime=2025-04-12,2025-04-14,2025-07-11,0.220727
688065,凯赛生物,2024,2025-04-22,2024年年度报告,http://www.cninfo.com.cn/new/disclosure/detail?stockCode=688065&announcementId=1223197523&orgId=9900042737&announcementTime=2025-04-22,2025-04-23,2025-07-22,-0.100901
688066,航天宏图,2024,2025-04-29,2024年年度报告,http://www.cninfo.com.cn/new/disclosure/detail?stockCode=688066&announcementId=1223387419&orgId=fzqy1026111&announcementTime=2025-04-29,2025-04-30,2025-07-29,0.257981
688067,爱威科技,2024,2025-04-29,爱威科技2024年年度报告,http://www.cninfo.com.cn/new/disclosure/detail?stockCode=688067&announcementId=1223359770&orgId=gfbj0831895&announcementTime=2025-04-29,2025-04-30,2025-07-29,0.344992
688068,热景生物,2024,2025-04-30,北京热景生物技术股份有限公司2024年年度报告,http://www.cninfo.com.cn/new/disclosure/detail?stockCode=688068&announcementId=1223427228&orgId=9900039048&announcementTime=2025-04-30,2025-05-06,2025-07-30,0.519637
688070,纵横股份,2024,2025-04-18,2024年年度报告,http://www.cninfo.com.cn/new/disclosure/detail?stockCode=688070&announcementId=1223128738&orgId=9900041841&announcementTime=2025-04-18,2025-04-21,2025-07-18,0.312975
688069,德林海,2024,2025-04-26,2024年年度报告,http://www.cninfo.com.cn/new/disclosure/detail?stockCode=688069&announcementId=1223309519&orgId=9900039471&announcementTime=2025-04-26,2025-04-28,2025-07-25,0.617913
688071,华依科技,2024,2025-04-30,上海华依科技集团股份有限公司2024年年度报告,http://www.cninfo.com.cn/new/disclosure/detail?stockCode=688071&announcementId=1223410964&orgId=nssc1000336&announcementTime=2025-04-30,2025-05-06,2025-07-30,0.223791
688072,拓荆科技,2024,2025-04-25,2024年年度报告,http://www.cninfo.com.cn/new/disclosure/detail?stockCode=688072&announcementId=1223286833&orgId=9900048695&announcementTime=2025-04-25,2025-04-28,2025-07-25,0.079393
688073,毕得医药,2024,2025-04-24,毕得医药：2024年度报告,http://www.cninfo.com.cn/new/disclosure/detail?stockCode=688073&announcementId=1223248250&orgId=9900048184&announcementTime=2025-04-24,2025-04-25,2025-07-24,0.404924
688075,安旭生物,2024,2025-04-30,安旭生物2024年年度报告,http://www.cninfo.com.cn/new/disclosure/detail?stockCode=688075&announcementId=1223423799&orgId=nssc1000391&announcementTime=2025-04-30,2025-05-06,2025-07-30,0.161768
688076,ST诺泰,2024,2025-04-23,诺泰生物：2024年年度报告,http://www.cninfo.com.cn/new/disclosure/detail?stockCode=688076&announcementId=1223222665&orgId=gfbj0835572&announcementTime=2025-04-23,2025-04-24,2025-07-24,0.187581
688077,大地熊,2024,2025-03-29,大地熊2024年年度报告,http://www.cninfo.com.cn/new/disclosure/detail?stockCode=688077&announcementId=1222951670&orgId=9900035313&announcementTime=2025-03-29,2025-03-31,2025-06-30,0.362348
688079,美迪凯,2024,2025-04-30,美迪凯2024年年度报告,http://www.cninfo.com.cn/new/disclosure/detail?stockCode=688079&announcementId=1223427309&orgId=nssc1000423&announcementTime=2025-04-30,2025-05-06,2025-07-30,0.30303
688078,龙软科技,2024,2025-04-18,北京龙软科技股份有限公司2024年年度报告,http://www.cninfo.com.cn/new/disclosure/detail?stockCode=688078&announcementId=1223130527&orgId=9900024805&announcementTime=2025-04-18,2025-04-21,2025-07-18,0.100958
688081,兴图新科,2024,2025-03-29,2024年年度报告,http://www.cninfo.com.cn/new/disclosure/detail?stockCode=688081&announcementId=1222948415&orgId=9900039664&announcementTime=2025-03-29,2025-03-31,2025-06-30,0.045648
688080,映翰通,2024,2025-04-23,2024年年度报告,http://www.cninfo.com.cn/new/disclosure/detail?stockCode=688080&announcementId=1223219947&orgId=gfbj0430642&announcementTime=2025-04-23,2025-04-24,2025-07-23,0.122283
688082,盛美上海,2024,2025-02-27,2024年年度报告,http://www.cninfo.com.cn/new/disclosure/detail?stockCode=688082&announcementId=1222651596&orgId=nssc1000455&announcementTime=2025-02-27,2025-02-28,2025-05-29,-0.068503
688083,中望软件,2024,2025-04-22,中望软件2024年年度报告,http://www.cninfo.com.cn/new/disclosure/detail?stockCode=688083&announcementId=1223190355&orgId=gfbj0871544&announcementTime=2025-04-22,2025-04-23,2025-07-22,-0.01346
688084,晶品特装,2024,2025-04-29,2024年年度报告,http://www.cninfo.com.cn/new/disclosure/detail?stockCode=688084&announcementId=1223380866&orgId=9900047316&announcementTime=2025-04-29,2025-04-30,2025-07-29,0.648965
688085,三友医疗,2024,2025-04-29,2024年年度报告,http://www.cninfo.com.cn/new/disclosure/detail?stockCode=688085&announcementId=1223387465&orgId=9900039654&announcementTime=2025-04-29,2025-04-30,2025-07-29,0.357176
688087,英科再生,2024,2025-04-28,英科再生资源股份有限公司2024年年度报告,http://www.cninfo.com.cn/new/disclosure/detail?stockCode=688087&announcementId=1223347492&orgId=9900023481&announcementTime=2025-04-28,2025-04-29,2025-07-28,0.239096
688089,嘉必优,2024,2025-03-28,嘉必优生物技术(武汉)股份有限公司2024年年度报告,http://www.cninfo.com.cn/new/disclosure/detail?stockCode=688089&announcementId=1222924654&orgId=9900033197&announcementTime=2025-03-28,2025-03-31,2025-06-30,0.010899
688088,虹软科技,2024,2025-04-15,2024年年度报告,http://www.cninfo.com.cn/new/disclosure/detail?stockCode=688088&announcementId=1223097370&orgId=9900038968&announcementTime=2025-04-15,2025-04-16,2025-07-15,0.137795
688090,瑞松科技,2024,2025-04-29,2024年年度报告,http://www.cninfo.com.cn/new/disclosure/detail?stockCode=688090&announcementId=1223391292&orgId=9900039482&announcementTime=2025-04-29,2025-04-30,2025-07-29,0.124912
688091,上海谊众,2024,2025-04-23,上海谊众药业股份有限公司2024年年度报告,http://www.cninfo.com.cn/new/disclosure/detail?stockCode=688091&announcementId=1223220017&orgId=nssc1000714&announcementTime=2025-04-23,2025-04-24,2025-07-23,0.388226
688092,爱科科技,2024,2025-04-28,杭州爱科科技股份有限公司2024年年度报告,http://www.cninfo.com.cn/new/disclosure/detail?stockCode=688092&announcementId=1223347559&orgId=9900041941&announcementTime=2025-04-28,2025-04-29,2025-07-28,0.249827
688093,世华科技,2024,2025-03-11,2024年年度报告,http://www.cninfo.com.cn/new/disclosure/detail?stockCode=688093&announcementId=1222760415&orgId=nssc1000353&announcementTime=2025-03-11,2025-03-12,2025-06-11,0.080239
688095,福昕软件,2024,2025-04-29,福建福昕软件开发股份有限公司2024年年度报告,http://www.cninfo.com.cn/new/disclosure/detail?stockCode=688095&announcementId=1223381137&orgId=gfbj0832422&announcementTime=2025-04-29,2025-04-30,2025-07-29,0.187211
688096,京源环保,2024,2025-04-26,2024年年度报告,http://www.cninfo.com.cn/new/disclosure/detail?stockCode=688096&announcementId=1223306946&orgId=gfbj0831540&announcementTime=2025-04-26,2025-04-28,2025-07-25,-0.190561
688097,博众精工,2024,2025-04-26,2024年年度报告,http://www.cninfo.com.cn/new/disclosure/detail?stockCode=688097&announcementId=1223328775&orgId=9900039003&announcementTime=2025-04-26,2025-04-28,2025-07-25,0.166207
688098,申联生物,2024,2025-04-30,申联生物医药（上海）股份有限公司2024年年度报告,http://www.cninfo.com.cn/new/disclosure/detail?stockCode=688098&announcementId=1223423965&orgId=9900034444&announcementTime=2025-04-30,2025-05-06,2025-07-30,0.242215
688099,晶晨股份,2024,2025-04-11,晶晨股份2024年年度报告,http://www.cninfo.com.cn/new/disclosure/detail?stockCode=688099&announcementId=1223058176&orgId=9900038936&announcementTime=2025-04-11,2025-04-14,2025-07-11,0.027615
688101,三达膜,2024,2025-04-18,2024年年度报告,http://www.cninfo.com.cn/new/disclosure/detail?stockCode=688101&announcementId=1223122911&orgId=9900026794&announcementTime=2025-04-18,2025-04-21,2025-07-18,0.143708
688100,威胜信息,2024,2025-02-28,2024年年度报告,http://www.cninfo.com.cn/new/disclosure/detail?stockCode=688100&announcementId=1222663570&orgId=9900039047&announcementTime=2025-02-28,2025-03-03,2025-05-30,-0.091508
688103,国力电子,2024,2025-04-29,昆山国力电子科技股份有限公司2024年年度报告,http://www.cninfo.com.cn/new/disclosure/detail?stockCode=688103&announcementId=1223387510&orgId=9900035534&announcementTime=2025-04-29,2025-04-30,2025-07-29,0.266351
688102,斯瑞新材,2024,2025-04-29,2024年年度报告,http://www.cninfo.com.cn/new/disclosure/detail?stockCode=688102&announcementId=1223387479&orgId=9900041727&announcementTime=2025-04-29,2025-04-30,2025-07-29,0.270492
688106,金宏气体,2024,2025-03-26,金宏气体：2024年年度报告,http://www.cninfo.com.cn/new/disclosure/detail?stockCode=688106&announcementId=1222895371&orgId=9900023702&announcementTime=2025-03-26,2025-03-27,2025-06-26,-0.043213
688105,诺唯赞,2024,2025-04-10,2024年年度报告,http://www.cninfo.com.cn/new/disclosure/detail?stockCode=688105&announcementId=1223046699&orgId=9900046657&announcementTime=2025-04-10,2025-04-11,2025-07-10,-0.008261
688107,安路科技,2024,2025-04-26,安路科技2024年年度报告,http://www.cninfo.com.cn/new/disclosure/detail?stockCode=688107&announcementId=1223327844&orgId=9900048391&announcementTime=2025-04-26,2025-04-28,2025-07-25,0.072119
688109,品茗科技,2024,2025-04-19,2024年年度报告,http://www.cninfo.com.cn/new/disclosure/detail?stockCode=688109&announcementId=1223145145&orgId=gfbj0836188&announcementTime=2025-04-19,2025-04-21,2025-07-18,0.246879
688108,赛诺医疗,2024,2025-04-26,赛诺医疗科学技术股份有限公司2024年年度报告,http://www.cninfo.com.cn/new/disclosure/detail?stockCode=688108&announcementId=1223328651&orgId=9900038990&announcementTime=2025-04-26,2025-04-28,2025-07-25,0.348595
688110,东芯股份,2024,2025-04-23,2024年年度报告,http://www.cninfo.com.cn/new/disclosure/detail?stockCode=688110&announcementId=1223220890&orgId=nssc1000767&announcementTime=2025-04-23,2025-04-24,2025-07-23,0.174384
688111,金山办公,2024,2025-03-20,金山办公2024年年度报告,http://www.cninfo.com.cn/new/disclosure/detail?stockCode=688111&announcementId=1222847501&orgId=9900035303&announcementTime=2025-03-20,2025-03-21,2025-06-20,-0.190013
688112,鼎阳科技,2024,2025-04-24,鼎阳科技2024年年度报告,http://www.cninfo.com.cn/new/disclosure/detail?stockCode=688112&announcementId=1223236516&orgId=nssc1000555&announcementTime=2025-04-24,2025-04-25,2025-07-24,0.003441
688113,联测科技,2024,2025-04-28,江苏联测机电科技股份有限公司2024年年度报告,http://www.cninfo.com.cn/new/disclosure/detail?stockCode=688113&announcementId=1223348162&orgId=nssc1000186&announcementTime=2025-04-28,2025-04-29,2025-07-28,0.232388
688114,华大智造,2024,2025-04-30,2024年年度报告,http://www.cninfo.com.cn/new/disclosure/detail?stockCode=688114&announcementId=1223427376&orgId=9900046518&announcementTime=2025-04-30,2025-05-06,2025-07-30,-0.158683
688115,思林杰,2024,2025-04-26,2024年年度报告,http://www.cninfo.com.cn/new/disclosure/detail?stockCode=688115&announcementId=1223306638&orgId=9900047403&announcementTime=2025-04-26,2025-04-28,2025-07-25,0.600597
688116,天奈科技,2024,2025-04-30,天奈科技2024年年度报告,http://www.cninfo.com.cn/new/disclosure/detail?stockCode=688116&announcementId=1223411029&orgId=9900038935&announcementTime=2025-04-30,2025-05-06,2025-07-30,-0.026078
688117,圣诺生物,2024,2025-04-25,2024年年度报告,http://www.cninfo.com.cn/new/disclosure/detail?stockCode=688117&announcementId=1223287062&orgId=9900041828&announcementTime=2025-04-25,2025-04-28,2025-07-25,0.991061
688118,普元信息,2024,2025-04-23,普元信息技术股份有限公司2024年年度报告,http://www.cninfo.com.cn/new/disclosure/detail?stockCode=688118&announcementId=1223214986&orgId=9900023069&announcementTime=2025-04-23,2025-04-24,2025-07-23,0.13567
688119,中钢洛耐,2024,2025-04-29,中钢洛耐2024年年度报告,http://www.cninfo.com.cn/new/disclosure/detail?stockCode=688119&announcementId=1223391492&orgId=9900046765&announcementTime=2025-04-29,2025-04-30,2025-07-29,0.206522
688120,华海清科,2024,2025-04-29,2024年年度报告,http://www.cninfo.com.cn/new/disclosure/detail?stockCode=688120&announcementId=1223387671&orgId=9900044315&announcementTime=2025-04-29,2025-04-30,2025-07-29,0.049895
688121,卓然股份,2024,2025-04-22,2024年年度报告,http://www.cninfo.com.cn/new/disclosure/detail?stockCode=688121&announcementId=1223196007&orgId=9900041733&announcementTime=2025-04-22,2025-04-23,2025-07-22,0.183137
688122,西部超导,2024,2025-04-22,2024年年度报告,http://www.cninfo.com.cn/new/disclosure/detail?stockCode=688122&announcementId=1223188084&orgId=9900026771&announcementTime=2025-04-22,2025-04-23,2025-07-22,0.079939
688125,安达智能,2024,2025-04-25,2024年年度报告,http://www.cninfo.com.cn/new/disclosure/detail?stockCode=688125&announcementId=1223287769&orgId=9900047318&announcementTime=2025-04-25,2025-04-28,2025-07-25,0.309863
688123,聚辰股份,2024,2025-03-25,聚辰股份2024年年度报告,http://www.cninfo.com.cn/new/disclosure/detail?stockCode=688123&announcementId=1222882057&orgId=9900039009&announcementTime=2025-03-25,2025-03-26,2025-06-25,0.016457
688126,沪硅产业,2024,2025-04-24,沪硅产业2024年年度报告,http://www.cninfo.com.cn/new/disclosure/detail?stockCode=688126&announcementId=1223237698&orgId=9900039304&announcementTime=2025-04-24,2025-04-25,2025-07-24,0.126084
688127,蓝特光学,2024,2025-04-25,2024年年度报告,http://www.cninfo.com.cn/new/disclosure/detail?stockCode=688127&announcementId=1223281663&orgId=gfbj0836383&announcementTime=2025-04-25,2025-04-28,2025-07-25,0.204056
688128,中国电研,2024,2025-04-29,中国电研2024年年度报告,http://www.cninfo.com.cn/new/disclosure/detail?stockCode=688128&announcementId=1223371668&orgId=GD087820&announcementTime=2025-04-29,2025-04-30,2025-07-29,0.106759
688129,东来技术,2024,2025-04-26,2024年年度报告,http://www.cninfo.com.cn/new/disclosure/detail?stockCode=688129&announcementId=1223320565&orgId=nssc1000433&announcementTime=2025-04-26,2025-04-28,2025-07-25,0.305963
688131,皓元医药,2024,2025-03-28,上海皓元医药股份有限公司2024年年度报告,http://www.cninfo.com.cn/new/disclosure/detail?stockCode=688131&announcementId=1222929978&orgId=gfbj0837278&announcementTime=2025-03-28,2025-03-31,2025-06-30,0.183668
688130,晶华微,2024,2025-04-19,晶华微2024年年度报告,http://www.cninfo.com.cn/new/disclosure/detail?stockCode=688130&announcementId=1223159063&orgId=9900048061&announcementTime=2025-04-19,2025-04-21,2025-07-18,0.016491
688132,邦彦技术,2024,2025-04-10,2024年年度报告,http://www.cninfo.com.cn/new/disclosure/detail?stockCode=688132&announcementId=1223044610&orgId=9900041778&announcementTime=2025-04-10,2025-04-11,2025-07-10,-0.030177
688133,泰坦科技,2024,2025-04-25,泰坦科技2024年年度报告,http://www.cninfo.com.cn/new/disclosure/detail?stockCode=688133&announcementId=1223294294&orgId=gfbj0835124&announcementTime=2025-04-25,2025-04-28,2025-07-25,0.140432
688135,利扬芯片,2024,2025-04-30,2024年年度报告,http://www.cninfo.com.cn/new/disclosure/detail?stockCode=688135&announcementId=1223424018&orgId=gfbj0833474&announcementTime=2025-04-30,2025-05-06,2025-07-30,0.326466
688136,科兴制药,2024,2025-04-11,2024年年度报告,http://www.cninfo.com.cn/new/disclosure/detail?stockCode=688136&announcementId=1223058448&orgId=nssc1000087&announcementTime=2025-04-11,2025-04-14,2025-07-11,0.51671
688138,清溢光电,2024,2025-04-30,2024年年度报告,http://www.cninfo.com.cn/new/disclosure/detail?stockCode=688138&announcementId=1223427407&orgId=9900031655&announcementTime=2025-04-30,2025-05-06,2025-07-30,0.105413
688137,近岸蛋白,2024,2025-04-29,2024年年度报告,http://www.cninfo.com.cn/new/disclosure/detail?stockCode=688137&announcementId=1223391508&orgId=9900052713&announcementTime=2025-04-29,2025-04-30,2025-07-29,0.484674
688139,海尔生物,2024,2025-03-29,海尔生物2024年年度报告,http://www.cninfo.com.cn/new/disclosure/detail?stockCode=688139&announcementId=1222950969&orgId=9900039010&announcementTime=2025-03-29,2025-03-31,2025-06-30,-0.109803
688141,杰华特,2024,2025-04-22,2024年年度报告,http://www.cninfo.com.cn/new/disclosure/detail?stockCode=688141&announcementId=1223196889&orgId=9900052528&announcementTime=2025-04-22,2025-04-23,2025-07-22,-0.193103
688143,长盈通,2024,2025-04-11,2024年年度报告,http://www.cninfo.com.cn/new/disclosure/detail?stockCode=688143&announcementId=1223057272&orgId=9900052407&announcementTime=2025-04-11,2025-04-14,2025-07-11,0.14602
688146,中船特气,2024,2025-04-26,中船特气2024年年度报告,http://www.cninfo.com.cn/new/disclosure/detail?stockCode=688146&announcementId=1223315860&orgId=9900056077&announcementTime=2025-04-26,2025-04-28,2025-07-25,0.114595
688147,微导纳米,2024,2025-04-26,江苏微导纳米科技股份有限公司2024年年度报告,http://www.cninfo.com.cn/new/disclosure/detail?stockCode=688147&announcementId=1223321525&orgId=nssc1000585&announcementTime=2025-04-26,2025-04-28,2025-07-25,0.172779
688148,芳源股份,2024,2025-04-18,芳源股份2024年年度报告,http://www.cninfo.com.cn/new/disclosure/detail?stockCode=688148&announcementId=1223124726&orgId=gfbj0839247&announcementTime=2025-04-18,2025-04-21,2025-07-18,0.304762
688150,莱特光电,2024,2025-04-10,陕西莱特光电材料股份有限公司2024年年度报告,http://www.cninfo.com.cn/new/disclosure/detail?stockCode=688150&announcementId=1223046633&orgId=gfbj0835249&announcementTime=2025-04-10,2025-04-11,2025-07-10,0.355655
688151,华强科技,2024,2025-04-24,湖北华强科技股份有限公司2024年年度报告,http://www.cninfo.com.cn/new/disclosure/detail?stockCode=688151&announcementId=1223247071&orgId=9900047919&announcementTime=2025-04-24,2025-04-25,2025-07-24,0.483133
688153,唯捷创芯,2024,2025-04-25,2024年年度报告,http://www.cninfo.com.cn/new/disclosure/detail?stockCode=688153&announcementId=1223281743&orgId=gfbj0834550&announcementTime=2025-04-25,2025-04-28,2025-07-25,0.037129
688152,麒麟信安,2024,2025-04-30,麒麟信安：2024年年度报告,http://www.cninfo.com.cn/new/disclosure/detail?stockCode=688152&announcementId=1223443581&orgId=9900048785&announcementTime=2025-04-30,2025-05-06,2025-07-30,0.043972
688155,先惠技术,2024,2025-04-18,上海先惠自动化技术股份有限公司2024年年度报告,http://www.cninfo.com.cn/new/disclosure/detail?stockCode=688155&announcementId=1223128787&orgId=9900042938&announcementTime=2025-04-18,2025-04-21,2025-07-18,0.283155
688156,路德科技,2024,2025-04-18,2024年年度报告,http://www.cninfo.com.cn/new/disclosure/detail?stockCode=688156&announcementId=1223159665&orgId=gfbj0833601&announcementTime=2025-04-18,2025-04-21,2025-07-18,0.355422
688157,松井股份,2024,2025-04-29,松井新材料集团股份有限公司2024年年度报告,http://www.cninfo.com.cn/new/disclosure/detail?stockCode=688157&announcementId=1223362899&orgId=9900041580&announcementTime=2025-04-29,2025-04-30,2025-07-29,0.178242
688158,优刻得,2024,2025-04-19,优刻得2024年年度报告,http://www.cninfo.com.cn/new/disclosure/detail?stockCode=688158&announcementId=1223158539&orgId=9900039004&announcementTime=2025-04-19,2025-04-21,2025-07-18,0.188042
688159,有方科技,2024,2025-04-30,有方科技：2024年年度报告,http://www.cninfo.com.cn/new/disclosure/detail?stockCode=688159&announcementId=1223424100&orgId=gfbj0835770&announcementTime=2025-04-30,2025-05-06,2025-07-30,0.371289
688160,步科股份,2024,2025-04-25,2024年年度报告,http://www.cninfo.com.cn/new/disclosure/detail?stockCode=688160&announcementId=1223281757&orgId=9900032778&announcementTime=2025-04-25,2025-04-28,2025-07-25,-0.022026
688161,威高骨科,2024,2025-03-27,山东威高骨科材料股份有限公司2024年年度报告,http://www.cninfo.com.cn/new/disclosure/detail?stockCode=688161&announcementId=1222912641&orgId=nssc1000274&announcementTime=2025-03-27,2025-03-28,2025-06-27,-0.043494
688162,巨一科技,2024,2025-04-25,巨一科技2024年年度报告,http://www.cninfo.com.cn/new/disclosure/detail?stockCode=688162&announcementId=1223286430&orgId=9900047935&announcementTime=2025-04-25,2025-04-28,2025-07-25,0.211227
688163,赛伦生物,2024,2025-04-26,赛伦生物：2024年年度报告,http://www.cninfo.com.cn/new/disclosure/detail?stockCode=688163&announcementId=1223326207&orgId=gfbj0835716&announcementTime=2025-04-26,2025-04-28,2025-07-25,0.488271
688166,博瑞医药,2024,2025-04-03,2024年年度报告,http://www.cninfo.com.cn/new/disclosure/detail?stockCode=688166&announcementId=1222993679&orgId=9900039105&announcementTime=2025-04-03,2025-04-07,2025-07-04,0.535609
688165,埃夫特,2024,2025-04-30,埃夫特2024年年度报告,http://www.cninfo.com.cn/new/disclosure/detail?stockCode=688165&announcementId=1223424150&orgId=9900039655&announcementTime=2025-04-30,2025-05-06,2025-07-30,-0.040392
688167,炬光科技,2024,2025-04-26,西安炬光科技股份有限公司2024年年度报告,http://www.cninfo.com.cn/new/disclosure/detail?stockCode=688167&announcementId=1223328399&orgId=gfbj0835243&announcementTime=2025-04-26,2025-04-28,2025-07-25,0.339144
688168,安博通,2024,2025-04-30,2024年年度报告,http://www.cninfo.com.cn/new/disclosure/detail?stockCode=688168&announcementId=1223424157&orgId=gfbj0839570&announcementTime=2025-04-30,2025-05-06,2025-07-30,0.229979
688169,石头科技,2024,2025-04-04,北京石头世纪科技股份有限公司2024年年度报告,http://www.cninfo.com.cn/new/disclosure/detail?stockCode=688169&announcementId=1223005304&orgId=9900039123&announcementTime=2025-04-04,2025-04-07,2025-07-04,0.089744
688170,德龙激光,2024,2025-04-29,德龙激光2024年年度报告,http://www.cninfo.com.cn/new/disclosure/detail?stockCode=688170&announcementId=1223371735&orgId=9900031473&announcementTime=2025-04-29,2025-04-30,2025-07-29,0.830855
688171,纬德信息,2024,2025-04-30,2024年年度报告,http://www.cninfo.com.cn/new/disclosure/detail?stockCode=688171&announcementId=1223424273&orgId=nssc1000503&announcementTime=2025-04-30,2025-05-06,2025-07-30,0.819119
688172,燕东微,2024,2025-04-26,2024年年度报告,http://www.cninfo.com.cn/new/disclosure/detail?stockCode=688172&announcementId=1223323327&orgId=9900053758&announcementTime=2025-04-26,2025-04-28,2025-07-25,0.120651
688173,希荻微,2024,2025-04-23,希荻微2024年年度报告,http://www.cninfo.com.cn/new/disclosure/detail?stockCode=688173&announcementId=1223220664&orgId=9900048175&announcementTime=2025-04-23,2025-04-24,2025-07-23,0.144
688176,亚虹医药,2024,2025-04-19,江苏亚虹医药科技股份有限公司2024年年度报告,http://www.cninfo.com.cn/new/disclosure/detail?stockCode=688176&announcementId=1223156150&orgId=9900048081&announcementTime=2025-04-19,2025-04-21,2025-07-18,0.49359
688175,高凌信息,2024,2025-03-31,2024年年度报告,http://www.cninfo.com.cn/new/disclosure/detail?stockCode=688175&announcementId=1222962269&orgId=9900046848&announcementTime=2025-03-31,2025-04-01,2025-07-01,0.293111
688177,百奥泰,2024,2025-04-09,百奥泰 2024年年度报告,http://www.cninfo.com.cn/new/disclosure/detail?stockCode=688177&announcementId=1223031380&orgId=9900039904&announcementTime=2025-04-09,2025-04-10,2025-07-09,0.284513
688178,万德斯,2024,2025-04-30,南京万德斯环保科技股份有限公司2024年年度报告,http://www.cninfo.com.cn/new/disclosure/detail?stockCode=688178&announcementId=1223417535&orgId=9900039218&announcementTime=2025-04-30,2025-05-06,2025-07-30,-0.017327
688179,阿拉丁,2024,2025-04-25,阿拉丁2024年年度报告,http://www.cninfo.com.cn/new/disclosure/detail?stockCode=688179&announcementId=1223281941&orgId=gfbj0830793&announcementTime=2025-04-25,2025-04-28,2025-07-25,0.095747
688180,君实生物,2024,2025-03-28,君实生物2024年年度报告,http://www.cninfo.com.cn/new/disclosure/detail?stockCode=688180&announcementId=1222924305&orgId=gfbj0833330&announcementTime=2025-03-28,2025-03-31,2025-06-30,0.125166
688181,八亿时空,2024,2025-04-26,八亿时空2024年年度报告,http://www.cninfo.com.cn/new/disclosure/detail?stockCode=688181&announcementId=1223321553&orgId=gfbj0430581&announcementTime=2025-04-26,2025-04-28,2025-07-25,0.165823
688182,灿勤科技,2024,2025-04-08,江苏灿勤科技股份有限公司2024年年度报告,http://www.cninfo.com.cn/new/disclosure/detail?stockCode=688182&announcementId=1223021603&orgId=nssc1000567&announcementTime=2025-04-08,2025-04-09,2025-07-08,0.308751
688183,生益电子,2024,2025-03-28,生益电子2024年年度报告,http://www.cninfo.com.cn/new/disclosure/detail?stockCode=688183&announcementId=1222921458&orgId=nssc1000615&announcementTime=2025-03-28,2025-03-31,2025-06-30,0.721224
688184,ST帕瓦,2024,2025-04-30,浙江帕瓦新能源股份有限公司2024年年度报告,http://www.cninfo.com.cn/new/disclosure/detail?stockCode=688184&announcementId=1223427414&orgId=9900041894&announcementTime=2025-04-30,2025-05-06,2025-07-30,0.132093
688186,广大特材,2024,2025-04-22,2024年年度报告,http://www.cninfo.com.cn/new/disclosure/detail?stockCode=688186&announcementId=1223198297&orgId=9900039136&announcementTime=2025-04-22,2025-04-23,2025-07-22,0.048964
688185,康希诺,2024,2025-03-26,2024年年度报告,http://www.cninfo.com.cn/new/disclosure/detail?stockCode=688185&announcementId=1222896814&orgId=9900038913&announcementTime=2025-03-26,2025-03-27,2025-06-26,0.014116
688188,柏楚电子,2024,2025-04-03,2024年年度报告,http://www.cninfo.com.cn/new/disclosure/detail?stockCode=688188&announcementId=1222993275&orgId=9900039134&announcementTime=2025-04-03,2025-04-07,2025-07-04,0.096698
688187,时代电气,2024,2025-03-29,株洲中车时代电气股份有限公司2024年年度报告,http://www.cninfo.com.cn/new/disclosure/detail?stockCode=688187&announcementId=1222946706&orgId=gshk0003898&announcementTime=2025-03-29,2025-03-31,2025-06-30,-0.107739
688189,南新制药,2024,2025-04-30,南新制药2024年年度报告,http://www.cninfo.com.cn/new/disclosure/detail?stockCode=688189&announcementId=1223427478&orgId=9900039656&announcementTime=2025-04-30,2025-05-06,2025-07-30,1.292445
688190,云路股份,2024,2025-03-29,2024年年度报告,http://www.cninfo.com.cn/new/disclosure/detail?stockCode=688190&announcementId=1222948986&orgId=9900041682&announcementTime=2025-03-29,2025-03-31,2025-06-30,-0.076827
688191,智洋创新,2024,2025-04-26,2024年年度报告,http://www.cninfo.com.cn/new/disclosure/detail?stockCode=688191&announcementId=1223319517&orgId=gfbj0831681&announcementTime=2025-04-26,2025-04-28,2025-07-25,0.391304
688192,迪哲医药,2024,2025-04-30,迪哲医药：2024年年度报告,http://www.cninfo.com.cn/new/disclosure/detail?stockCode=688192&announcementId=1223417689&orgId=9900046766&announcementTime=2025-04-30,2025-05-06,2025-07-30,0.306154
688193,仁度生物,2024,2025-04-30,2024年年度报告,http://www.cninfo.com.cn/new/disclosure/detail?stockCode=688193&announcementId=1223417716&orgId=9900047411&announcementTime=2025-04-30,2025-05-06,2025-07-30,0.433917
688196,卓越新能,2024,2025-04-19,卓越新能2024年年度报告,http://www.cninfo.com.cn/new/disclosure/detail?stockCode=688196&announcementId=1223145990&orgId=9900029007&announcementTime=2025-04-19,2025-04-21,2025-07-18,0.044694
688195,腾景科技,2024,2025-03-22,腾景科技2024年年度报告,http://www.cninfo.com.cn/new/disclosure/detail?stockCode=688195&announcementId=1222868017&orgId=nssc1000637&announcementTime=2025-03-22,2025-03-24,2025-06-23,0.026492
688197,首药控股,2024,2025-04-28,首药控股（北京）股份有限公司2024年年度报告,http://www.cninfo.com.cn/new/disclosure/detail?stockCode=688197&announcementId=1223347604&orgId=9900047638&announcementTime=2025-04-28,2025-04-29,2025-07-28,0.460453
688198,佰仁医疗,2024,2025-04-25,佰仁医疗2024年年度报告,http://www.cninfo.com.cn/new/disclosure/detail?stockCode=688198&announcementId=1223284506&orgId=9900039164&announcementTime=2025-04-25,2025-04-28,2025-07-25,-0.053669
688200,华峰测控,2024,2025-03-14,华峰测控2024年年度报告,http://www.cninfo.com.cn/new/disclosure/detail?stockCode=688200&announcementId=1222788332&orgId=9900040164&announcementTime=2025-03-14,2025-03-17,2025-06-16,-0.116312
688199,久日新材,2024,2025-04-19,天津久日新材料股份有限公司2024年年度报告,http://www.cninfo.com.cn/new/disclosure/detail?stockCode=688199&announcementId=1223148165&orgId=9900024207&announcementTime=2025-04-19,2025-04-21,2025-07-18,0.463706
688201,信安世纪,2024,2025-04-29,2024年年度报告,http://www.cninfo.com.cn/new/disclosure/detail?stockCode=688201&announcementId=1223366610&orgId=9900041393&announcementTime=2025-04-29,2025-04-30,2025-07-29,0.388462
688202,美迪西,2024,2025-04-22,美迪西：2024年年度报告,http://www.cninfo.com.cn/new/disclosure/detail?stockCode=688202&announcementId=1223196033&orgId=9900035560&announcementTime=2025-04-22,2025-04-23,2025-07-22,1.085349
688205,德科立,2024,2025-04-25,无锡市德科立光电子技术股份有限公司2024年年度报告,http://www.cninfo.com.cn/new/disclosure/detail?stockCode=688205&announcementId=1223285628&orgId=9900051420&announcementTime=2025-04-25,2025-04-28,2025-07-25,0.378349
688203,海正生材,2024,2025-04-15,浙江海正生物材料股份有限公司2024年年度报告,http://www.cninfo.com.cn/new/disclosure/detail?stockCode=688203&announcementId=1223093918&orgId=9900048188&announcementTime=2025-04-15,2025-04-16,2025-07-15,0.256073
688207,格灵深瞳,2024,2025-04-26,格灵深瞳2024年年度报告,http://www.cninfo.com.cn/new/disclosure/detail?stockCode=688207&announcementId=1223325180&orgId=9900047656&announcementTime=2025-04-26,2025-04-28,2025-07-25,0.31068
688206,概伦电子,2024,2025-04-30,2024年年度报告,http://www.cninfo.com.cn/new/disclosure/detail?stockCode=688206&announcementId=1223424311&orgId=9900048370&announcementTime=2025-04-30,2025-05-06,2025-07-30,0.420296
688208,道通科技,2024,2025-03-29,道通科技2024年年度报告,http://www.cninfo.com.cn/new/disclosure/detail?stockCode=688208&announcementId=1222984716&orgId=9900031482&announcementTime=2025-03-29,2025-03-31,2025-06-30,0.040319
688209,英集芯,2024,2025-04-29,英集芯2024年年度报告,http://www.cninfo.com.cn/new/disclosure/detail?stockCode=688209&announcementId=1223387702&orgId=9900048776&announcementTime=2025-04-29,2025-04-30,2025-07-29,-0.000518
688211,中科微至,2024,2025-04-23,中科微至2024年年度报告,http://www.cninfo.com.cn/new/disclosure/detail?stockCode=688211&announcementId=1223220707&orgId=nssc1000716&announcementTime=2025-04-23,2025-04-24,2025-07-23,0.190136
688210,统联精密,2024,2025-04-25,深圳市泛海统联精密制造股份有限公司2024年年度报告,http://www.cninfo.com.cn/new/disclosure/detail?stockCode=688210&announcementId=1223287135&orgId=9900046542&announcementTime=2025-04-25,2025-04-28,2025-07-25,0.957569
688213,思特威,2024,2025-04-19,2024年年度报告,http://www.cninfo.com.cn/new/disclosure/detail?stockCode=688213&announcementId=1223155210&orgId=9900048605&announcementTime=2025-04-19,2025-04-21,2025-07-18,-0.019321
688212,澳华内镜,2024,2025-04-10,2024年年度报告,http://www.cninfo.com.cn/new/disclosure/detail?stockCode=688212&announcementId=1223045728&orgId=9900047918&announcementTime=2025-04-10,2025-04-11,2025-07-10,0.144375
688216,气派科技,2024,2025-04-26,气派科技股份有限公司2024年年度报告,http://www.cninfo.com.cn/new/disclosure/detail?stockCode=688216&announcementId=1223309586&orgId=9900029867&announcementTime=2025-04-26,2025-04-28,2025-07-25,0.414912
688215,瑞晟智能,2024,2025-04-26,浙江瑞晟智能科技股份有限公司2024年年度报告,http://www.cninfo.com.cn/new/disclosure/detail?stockCode=688215&announcementId=1223324357&orgId=gfbj0832884&announcementTime=2025-04-26,2025-04-28,2025-07-25,0.971862
688217,睿昂基因,2024,2025-04-18,睿昂基因2024年年度报告,http://www.cninfo.com.cn/new/disclosure/detail?stockCode=688217&announcementId=1223129636&orgId=9900041746&announcementTime=2025-04-18,2025-04-21,2025-07-18,0.34901
688218,江苏北人,2024,2025-04-30,2024年年度报告,http://www.cninfo.com.cn/new/disclosure/detail?stockCode=688218&announcementId=1223407096&orgId=gfbj0836084&announcementTime=2025-04-30,2025-05-06,2025-07-30,0.042202
688219,会通股份,2024,2025-04-23,会通新材料股份有限公司2024年年度报告,http://www.cninfo.com.cn/new/disclosure/detail?stockCode=688219&announcementId=1223216623&orgId=9900041353&announcementTime=2025-04-23,2025-04-24,2025-07-23,0.025359
688220,翱捷科技,2024,2025-04-08,2024年年度报告,http://www.cninfo.com.cn/new/disclosure/detail?stockCode=688220&announcementId=1223022032&orgId=9900046396&announcementTime=2025-04-08,2025-04-09,2025-07-08,0.018243
688221,前沿生物,2024,2025-04-30,前沿生物2024年年度报告,http://www.cninfo.com.cn/new/disclosure/detail?stockCode=688221&announcementId=1223417780&orgId=fzqy1026860&announcementTime=2025-04-30,2025-05-06,2025-07-30,1.577726
688222,成都先导,2024,2025-04-26,成都先导药物开发股份有限公司2024年年度报告,http://www.cninfo.com.cn/new/disclosure/detail?stockCode=688222&announcementId=1223325652&orgId=9900039916&announcementTime=2025-04-26,2025-04-28,2025-07-25,0.603734
688225,亚信安全,2024,2025-04-29,2024年年度报告,http://www.cninfo.com.cn/new/disclosure/detail?stockCode=688225&announcementId=1223381153&orgId=9900047311&announcementTime=2025-04-29,2025-04-30,2025-07-29,-0.092357
688223,晶科能源,2024,2025-04-30,晶科能源2024年年度报告,http://www.cninfo.com.cn/new/disclosure/detail?stockCode=688223&announcementId=1223417809&orgId=9900017709&announcementTime=2025-04-30,2025-05-06,2025-07-30,-0.005263
688226,威腾电气,2024,2025-04-26,威腾电气集团股份有限公司2024年年度报告,http://www.cninfo.com.cn/new/disclosure/detail?stockCode=688226&announcementId=1223326322&orgId=gfbj0836970&announcementTime=2025-04-26,2025-04-28,2025-07-25,0.184127
688227,品高股份,2024,2025-04-28,2024年年度报告,http://www.cninfo.com.cn/new/disclosure/detail?stockCode=688227&announcementId=1223347625&orgId=9900044736&announcementTime=2025-04-28,2025-04-29,2025-07-28,-0.14461
688228,开普云,2024,2025-03-31,2024年年度报告,http://www.cninfo.com.cn/new/disclosure/detail?stockCode=688228&announcementId=1222962305&orgId=gfbj0870863&announcementTime=2025-03-31,2025-04-01,2025-07-01,-0.105387
688229,博睿数据,2024,2025-04-26,2024年年度报告,http://www.cninfo.com.cn/new/disclosure/detail?stockCode=688229&announcementId=1223312741&orgId=9900034679&announcementTime=2025-04-26,2025-04-28,2025-07-25,0.361666
688230,芯导科技,2024,2025-04-16,2024年年度报告,http://www.cninfo.com.cn/new/disclosure/detail?stockCode=688230&announcementId=1223100362&orgId=nssc1000829&announcementTime=2025-04-16,2025-04-17,2025-07-16,0.247404
688231,隆达股份,2024,2025-04-26,2024年年度报告,http://www.cninfo.com.cn/new/disclosure/detail?stockCode=688231&announcementId=1223302008&orgId=9900048065&announcementTime=2025-04-26,2025-04-28,2025-07-25,0.25
688232,新点软件,2024,2025-04-12,新点软件2024年年度报告,http://www.cninfo.com.cn/new/disclosure/detail?stockCode=688232&announcementId=1223070052&orgId=nssc1000623&announcementTime=2025-04-12,2025-04-14,2025-07-11,0.003091
688233,神工股份,2024,2025-03-27,锦州神工半导体股份有限公司2024年年度报告,http://www.cninfo.com.cn/new/disclosure/detail?stockCode=688233&announcementId=1222912993&orgId=9900039220&announcementTime=2025-03-27,2025-03-28,2025-06-27,0.212879
688234,天岳先进,2024,2025-03-28,山东天岳先进科技股份有限公司2024年年度报告,http://www.cninfo.com.cn/new/disclosure/detail?stockCode=688234&announcementId=1222928209&orgId=9900047650&announcementTime=2025-03-28,2025-03-31,2025-06-30,-0.103369
688235,百济神州,2024,2025-04-29,百济神州有限公司2024年年度报告,http://www.cninfo.com.cn/new/disclosure/detail?stockCode=688235&announcementId=1223387705&orgId=9900037454&announcementTime=2025-04-29,2025-04-30,2025-07-29,-0.003729
688236,春立医疗,2024,2025-03-29,2024年度报告,http://www.cninfo.com.cn/new/disclosure/detail?stockCode=688236&announcementId=1222951829&orgId=9900024363&announcementTime=2025-03-29,2025-03-31,2025-06-30,0.340396
688237,超卓航科,2024,2025-04-26,超卓航科2024年年度报告,http://www.cninfo.com.cn/new/disclosure/detail?stockCode=688237&announcementId=1223325991&orgId=gfbj0839971&announcementTime=2025-04-26,2025-04-28,2025-07-25,0.425586
688238,和元生物,2024,2025-04-18,2024年年度报告,http://www.cninfo.com.cn/new/disclosure/detail?stockCode=688238&announcementId=1223130373&orgId=gfbj0839702&announcementTime=2025-04-18,2025-04-21,2025-07-18,0.291156
688239,航宇科技,2024,2025-04-08,2024年年度报告,http://www.cninfo.com.cn/new/disclosure/detail?stockCode=688239&announcementId=1223020969&orgId=gfbj0834635&announcementTime=2025-04-08,2025-04-09,2025-07-08,0.201832
688246,嘉和美康,2024,2025-04-30,嘉和美康2024年年度报告,http://www.cninfo.com.cn/new/disclosure/detail?stockCode=688246&announcementId=1223427496&orgId=nssc1000020&announcementTime=2025-04-30,2025-05-06,2025-07-30,0.166887
688244,永信至诚,2024,2025-04-29,2024年年度报告,http://www.cninfo.com.cn/new/disclosure/detail?stockCode=688244&announcementId=1223362960&orgId=9900032737&announcementTime=2025-04-29,2025-04-30,2025-07-29,0.038109
688247,宣泰医药,2024,2025-04-30,2024年年度报告,http://www.cninfo.com.cn/new/disclosure/detail?stockCode=688247&announcementId=1223424354&orgId=9900046770&announcementTime=2025-04-30,2025-05-06,2025-07-30,0.314344
688248,南网科技,2024,2025-03-29,南网科技：2024年年度报告,http://www.cninfo.com.cn/new/disclosure/detail?stockCode=688248&announcementId=1222946778&orgId=9900048083&announcementTime=2025-03-29,2025-03-31,2025-06-30,-0.013584
688249,晶合集成,2024,2025-04-21,晶合集成2024年年度报告,http://www.cninfo.com.cn/new/disclosure/detail?stockCode=688249&announcementId=1223174863&orgId=9900048182&announcementTime=2025-04-21,2025-04-22,2025-07-21,0.010072
688251,井松智能,2024,2025-04-26,井松智能2024年年度报告,http://www.cninfo.com.cn/new/disclosure/detail?stockCode=688251&announcementId=1223324505&orgId=9900052695&announcementTime=2025-04-26,2025-04-28,2025-07-25,0.224946
688253,英诺特,2024,2025-04-26,2024年年度报告,http://www.cninfo.com.cn/new/disclosure/detail?stockCode=688253&announcementId=1223310336&orgId=9900048398&announcementTime=2025-04-26,2025-04-28,2025-07-25,0.060143
688252,天德钰,2024,2025-03-27,深圳天德钰科技股份有限公司2024年年度报告,http://www.cninfo.com.cn/new/disclosure/detail?stockCode=688252&announcementId=1222913556&orgId=9900049001&announcementTime=2025-03-27,2025-03-28,2025-06-27,-0.019246
688255,凯尔达,2024,2025-04-25,2024年年度报告,http://www.cninfo.com.cn/new/disclosure/detail?stockCode=688255&announcementId=1223281987&orgId=gfbj0835780&announcementTime=2025-04-25,2025-04-28,2025-07-25,0.026416
688256,寒武纪,2024,2025-04-19,2024年年度报告,http://www.cninfo.com.cn/new/disclosure/detail?stockCode=688256&announcementId=1223155683&orgId=nssc1000595&announcementTime=2025-04-19,2025-04-21,2025-07-18,-0.156845
688257,新锐股份,2024,2025-04-18,新锐股份2024年年度报告,http://www.cninfo.com.cn/new/disclosure/detail?stockCode=688257&announcementId=1223125020&orgId=gfbj0834859&announcementTime=2025-04-18,2025-04-21,2025-07-18,-0.006342
688258,卓易信息,2024,2025-04-18,江苏卓易信息科技股份有限公司2024年年度报告,http://www.cninfo.com.cn/new/disclosure/detail?stockCode=688258&announcementId=1223130563&orgId=9900039137&announcementTime=2025-04-18,2025-04-21,2025-07-18,0.284912
688259,创耀科技,2024,2025-04-25,2024年年度报告,http://www.cninfo.com.cn/new/disclosure/detail?stockCode=688259&announcementId=1223282029&orgId=9900046651&announcementTime=2025-04-25,2025-04-28,2025-07-25,0.07523
688260,昀冢科技,2024,2025-04-26,2024年年度报告,http://www.cninfo.com.cn/new/disclosure/detail?stockCode=688260&announcementId=1223316182&orgId=nssc1000568&announcementTime=2025-04-26,2025-04-28,2025-07-25,0.584119
688261,东微半导,2024,2025-04-26,苏州东微半导体股份有限公司2024年年度报告,http://www.cninfo.com.cn/new/disclosure/detail?stockCode=688261&announcementId=1223356212&orgId=9900048069&announcementTime=2025-04-26,2025-04-28,2025-07-25,0.209695
688262,国芯科技,2024,2025-04-29,2024年年度报告,http://www.cninfo.com.cn/new/disclosure/detail?stockCode=688262&announcementId=1223387736&orgId=9900041592&announcementTime=2025-04-29,2025-04-30,2025-07-29,0.074631
688265,南模生物,2024,2025-04-29,2024年年度报告,http://www.cninfo.com.cn/new/disclosure/detail?stockCode=688265&announcementId=1223387760&orgId=gfbj0839728&announcementTime=2025-04-29,2025-04-30,2025-07-29,0.553702
688266,泽璟制药,2024,2025-04-19,泽璟制药2024年年度报告,http://www.cninfo.com.cn/new/disclosure/detail?stockCode=688266&announcementId=1223156534&orgId=9900039488&announcementTime=2025-04-19,2025-04-21,2025-07-18,0.355127
688267,中触媒,2024,2025-04-25,中触媒新材料股份有限公司2024年年度报告,http://www.cninfo.com.cn/new/disclosure/detail?stockCode=688267&announcementId=1223282116&orgId=gfbj0836546&announcementTime=2025-04-25,2025-04-28,2025-07-25,0.191653
688268,华特气体,2024,2025-04-10,广东华特气体股份有限公司2024年年度报告,http://www.cninfo.com.cn/new/disclosure/detail?stockCode=688268&announcementId=1223044748&orgId=gfbj0870865&announcementTime=2025-04-10,2025-04-11,2025-07-10,-0.042351
688269,凯立新材,2024,2025-04-21,2024年年度报告,http://www.cninfo.com.cn/new/disclosure/detail?stockCode=688269&announcementId=1223174897&orgId=gfbj0834893&announcementTime=2025-04-21,2025-04-22,2025-07-21,0.186534
688270,臻镭科技,2024,2025-03-29,浙江臻镭科技股份有限公司2024年年度报告,http://www.cninfo.com.cn/new/disclosure/detail?stockCode=688270&announcementId=1222947880&orgId=9900052539&announcementTime=2025-03-29,2025-03-31,2025-06-30,0.229929
688271,联影医疗,2024,2025-04-29,联影医疗2024年年度报告,http://www.cninfo.com.cn/new/disclosure/detail?stockCode=688271&announcementId=1223362977&orgId=9900048090&announcementTime=2025-04-29,2025-04-30,2025-07-29,0.06236
688272,富吉瑞,2024,2025-04-26,2024年年度报告,http://www.cninfo.com.cn/new/disclosure/detail?stockCode=688272&announcementId=1223321750&orgId=9900046529&announcementTime=2025-04-26,2025-04-28,2025-07-25,0.248357
688273,麦澜德,2024,2025-04-24,2024年年度报告,http://www.cninfo.com.cn/new/disclosure/detail?stockCode=688273&announcementId=1223246207&orgId=9900047239&announcementTime=2025-04-24,2025-04-25,2025-07-24,0.204124
688275,万润新能,2024,2025-04-30,2024年年度报告,http://www.cninfo.com.cn/new/disclosure/detail?stockCode=688275&announcementId=1223424397&orgId=9900052406&announcementTime=2025-04-30,2025-05-06,2025-07-30,0.198706
688276,百克生物,2024,2025-04-21,长春百克生物科技股份公司2024年年度报告,http://www.cninfo.com.cn/new/disclosure/detail?stockCode=688276&announcementId=1223174911&orgId=nssc1000784&announcementTime=2025-04-21,2025-04-22,2025-07-21,0.105441
688277,天智航,2024,2025-04-29,2024年年度报告,http://www.cninfo.com.cn/new/disclosure/detail?stockCode=688277&announcementId=1223387799&orgId=gfbj0834360&announcementTime=2025-04-29,2025-04-30,2025-07-29,0.512236
688279,峰岹科技,2024,2025-03-31,2024年年度报告,http://www.cninfo.com.cn/new/disclosure/detail?stockCode=688279&announcementId=1222962350&orgId=9900046501&announcementTime=2025-03-31,2025-04-01,2025-07-01,-0.246937
688278,特宝生物,2024,2025-03-28,特宝生物：2024年年度报告,http://www.cninfo.com.cn/new/disclosure/detail?stockCode=688278&announcementId=1222926573&orgId=9900038966&announcementTime=2025-03-28,2025-03-31,2025-06-30,-0.082993
688280,精进电动,2024,2025-04-25,精进电动科技股份有限公司2024年年度报告,http://www.cninfo.com.cn/new/disclosure/detail?stockCode=688280&announcementId=1223285218&orgId=nssc1000348&announcementTime=2025-04-25,2025-04-28,2025-07-25,0.530612
688281,华秦科技,2024,2025-04-25,2024年年度报告,http://www.cninfo.com.cn/new/disclosure/detail?stockCode=688281&announcementId=1223282161&orgId=9900051575&announcementTime=2025-04-25,2025-04-28,2025-07-25,0.266165
688282,理工导航,2024,2025-04-22,北京理工导航控制科技股份有限公司2024年年度报告,http://www.cninfo.com.cn/new/disclosure/detail?stockCode=688282&announcementId=1223901103&orgId=nssc1000849&announcementTime=2025-04-22,2025-04-23,2025-07-23,0.018993
688283,坤恒顺维,2024,2025-04-29,成都坤恒顺维科技股份有限公司2024年年度报告,http://www.cninfo.com.cn/new/disclosure/detail?stockCode=688283&announcementId=1223381194&orgId=gfbj0838580&announcementTime=2025-04-29,2025-04-30,2025-07-29,0.144811
688286,敏芯股份,2024,2025-04-26,苏州敏芯微电子技术股份有限公司2024年年度报告全文,http://www.cninfo.com.cn/new/disclosure/detail?stockCode=688286&announcementId=1223316869&orgId=gfbj0836736&announcementTime=2025-04-26,2025-04-28,2025-07-25,0.145039
688285,高铁电气,2024,2025-03-26,高铁电气：2024年年度报告,http://www.cninfo.com.cn/new/disclosure/detail?stockCode=688285&announcementId=1222895957&orgId=gfbj0873023&announcementTime=2025-03-26,2025-03-27,2025-06-26,0.01353
688287,*ST观典,2024,2025-04-29,2024年年度报告,http://www.cninfo.com.cn/new/disclosure/detail?stockCode=688287&announcementId=1223434879&orgId=gfbj0832317&announcementTime=2025-04-29,2025-04-30,2025-07-29,0.373534
688288,鸿泉技术,2024,2025-04-29,鸿泉物联：2024年年度报告,http://www.cninfo.com.cn/new/disclosure/detail?stockCode=688288&announcementId=1223391534&orgId=9900038986&announcementTime=2025-04-29,2025-04-30,2025-07-29,-0.146704
688290,景业智能,2024,2025-04-18,景业智能2024年年度报告,http://www.cninfo.com.cn/new/disclosure/detail?stockCode=688290&announcementId=1223126124&orgId=9900048388&announcementTime=2025-04-18,2025-04-21,2025-07-18,0.075614
688289,圣湘生物,2024,2025-04-29,圣湘生物科技股份有限公司2024年年度报告全文,http://www.cninfo.com.cn/new/disclosure/detail?stockCode=688289&announcementId=1223391578&orgId=nssc1000305&announcementTime=2025-04-29,2025-04-30,2025-07-29,0.154748
688291,金橙子,2024,2025-04-19,2024年年度报告,http://www.cninfo.com.cn/new/disclosure/detail?stockCode=688291&announcementId=1223148207&orgId=gfbj0839562&announcementTime=2025-04-19,2025-04-21,2025-07-18,0.671512
688292,浩瀚深度,2024,2025-04-25,北京浩瀚深度信息技术股份有限公司2024年年度报告,http://www.cninfo.com.cn/new/disclosure/detail?stockCode=688292&announcementId=1223282264&orgId=gfbj0833175&announcementTime=2025-04-25,2025-04-28,2025-07-25,0.185556
688293,奥浦迈,2024,2025-04-16,奥浦迈：2024年年度报告,http://www.cninfo.com.cn/new/disclosure/detail?stockCode=688293&announcementId=1223101646&orgId=9900048799&announcementTime=2025-04-16,2025-04-17,2025-07-16,0.364139
688295,中复神鹰,2024,2025-03-26,中复神鹰碳纤维股份有限公司2024年年度报告,http://www.cninfo.com.cn/new/disclosure/detail?stockCode=688295&announcementId=1222896125&orgId=9900051393&announcementTime=2025-03-26,2025-03-27,2025-06-26,-0.052069
688297,中无人机,2024,2025-04-01,中无人机2024年年度报告,http://www.cninfo.com.cn/new/disclosure/detail?stockCode=688297&announcementId=1222974842&orgId=9900048646&announcementTime=2025-04-01,2025-04-02,2025-07-02,0.269193
688296,和达科技,2024,2025-04-16,和达科技2024年年度报告,http://www.cninfo.com.cn/new/disclosure/detail?stockCode=688296&announcementId=1223101999&orgId=gfbj0831762&announcementTime=2025-04-16,2025-04-17,2025-07-16,0.192813
688299,长阳科技,2024,2025-04-23,宁波长阳科技股份有限公司2024年年度报告,http://www.cninfo.com.cn/new/disclosure/detail?stockCode=688299&announcementId=1223219256&orgId=gfbj0839162&announcementTime=2025-04-23,2025-04-24,2025-07-23,0.051529
688298,东方生物,2024,2025-04-30,2024年年度报告,http://www.cninfo.com.cn/new/disclosure/detail?stockCode=688298&announcementId=1223427552&orgId=9900039348&announcementTime=2025-04-30,2025-05-06,2025-07-30,0.296414
688300,联瑞新材,2024,2025-03-26,联瑞新材2024年年度报告,http://www.cninfo.com.cn/new/disclosure/detail?stockCode=688300&announcementId=1222895574&orgId=gfbj0831647&announcementTime=2025-03-26,2025-03-27,2025-06-26,0.059826
688301,奕瑞科技,2024,2025-04-26,奕瑞科技2024年年度报告,http://www.cninfo.com.cn/new/disclosure/detail?stockCode=688301&announcementId=1223318519&orgId=9900037040&announcementTime=2025-04-26,2025-04-28,2025-07-25,0.052888
688302,海创药业,2024,2025-04-19,海创药业股份有限公司2024年年度报告,http://www.cninfo.com.cn/new/disclosure/detail?stockCode=688302&announcementId=1223157873&orgId=9900047618&announcementTime=2025-04-19,2025-04-21,2025-07-18,0.467866
688303,大全能源,2024,2025-04-30,新疆大全新能源股份有限公司2024年年度报告,http://www.cninfo.com.cn/new/disclosure/detail?stockCode=688303&announcementId=1223424424&orgId=gfbj0837316&announcementTime=2025-04-30,2025-05-06,2025-07-30,0.560362
688305,科德数控,2024,2025-04-29,科德数控股份有限公司2024年年度报告,http://www.cninfo.com.cn/new/disclosure/detail?stockCode=688305&announcementId=1223366666&orgId=nssc1000529&announcementTime=2025-04-29,2025-04-30,2025-07-29,0.01406
688306,均普智能,2024,2025-04-19,宁波均普智能制造股份有限公司2024年年度报告,http://www.cninfo.com.cn/new/disclosure/detail?stockCode=688306&announcementId=1223156537&orgId=nssc1000543&announcementTime=2025-04-19,2025-04-21,2025-07-18,0.086813
688307,中润光学,2024,2025-03-29,2024年年度报告,http://www.cninfo.com.cn/new/disclosure/detail?stockCode=688307&announcementId=1222951709&orgId=9900048080&announcementTime=2025-03-29,2025-03-31,2025-06-30,0.051902
688308,欧科亿,2024,2025-04-26,2024年年度报告,http://www.cninfo.com.cn/new/disclosure/detail?stockCode=688308&announcementId=1223314676&orgId=9900041574&announcementTime=2025-04-26,2025-04-28,2025-07-25,0.171291
688309,恒誉环保,2024,2025-04-29,2024年年度报告,http://www.cninfo.com.cn/new/disclosure/detail?stockCode=688309&announcementId=1223387933&orgId=gfbj0837414&announcementTime=2025-04-29,2025-04-30,2025-07-29,0.433071
688310,迈得医疗,2024,2025-04-30,迈得医疗工业设备股份有限公司2024年年度报告,http://www.cninfo.com.cn/new/disclosure/detail?stockCode=688310&announcementId=1223424486&orgId=gfbj0833990&announcementTime=2025-04-30,2025-05-06,2025-07-30,0.558236
688311,盟升电子,2024,2025-04-25,2024年年度报告,http://www.cninfo.com.cn/new/disclosure/detail?stockCode=688311&announcementId=1223287439&orgId=9900041819&announcementTime=2025-04-25,2025-04-28,2025-07-25,0.021256
688312,燕麦科技,2024,2025-04-24,2024年年度报告,http://www.cninfo.com.cn/new/disclosure/detail?stockCode=688312&announcementId=1223245473&orgId=9900041798&announcementTime=2025-04-24,2025-04-25,2025-07-24,0.133628
688313,仕佳光子,2024,2025-04-19,2024年年度报告,http://www.cninfo.com.cn/new/disclosure/detail?stockCode=688313&announcementId=1223157242&orgId=9900041526&announcementTime=2025-04-19,2025-04-21,2025-07-31,1.89496
688314,康拓医疗,2024,2025-03-28,西安康拓医疗技术股份有限公司2024年年度报告,http://www.cninfo.com.cn/new/disclosure/detail?stockCode=688314&announcementId=1222925638&orgId=9900044536&announcementTime=2025-03-28,2025-03-31,2025-06-30,0.169392
688315,诺禾致源,2024,2025-04-15,北京诺禾致源科技股份有限公司2024年年度报告,http://www.cninfo.com.cn/new/disclosure/detail?stockCode=688315&announcementId=1223094477&orgId=9900038309&announcementTime=2025-04-15,2025-04-16,2025-07-15,0.129861
688316,青云科技,2024,2025-04-28,2024年年度报告,http://www.cninfo.com.cn/new/disclosure/detail?stockCode=688316&announcementId=1223347697&orgId=nssc1000259&announcementTime=2025-04-28,2025-04-29,2025-07-28,0.532409
688317,之江生物,2024,2025-04-25,之江生物：2024年年度报告,http://www.cninfo.com.cn/new/disclosure/detail?stockCode=688317&announcementId=1223286040&orgId=gfbj0834839&announcementTime=2025-04-25,2025-04-28,2025-07-25,0.484392
688318,财富趋势,2024,2025-03-29,2024年年度报告,http://www.cninfo.com.cn/new/disclosure/detail?stockCode=688318&announcementId=1222945335&orgId=9900022732&announcementTime=2025-03-29,2025-03-31,2025-06-30,0.091579
688319,欧林生物,2024,2025-03-29,成都欧林生物科技股份有限公司2024年年度报告,http://www.cninfo.com.cn/new/disclosure/detail?stockCode=688319&announcementId=1222951876&orgId=gfbj0833577&announcementTime=2025-03-29,2025-03-31,2025-06-30,0.073038
688320,禾川科技,2024,2025-04-26,浙江禾川科技股份有限公司2024年年度报告,http://www.cninfo.com.cn/new/disclosure/detail?stockCode=688320&announcementId=1223330402&orgId=9900041893&announcementTime=2025-04-26,2025-04-28,2025-07-25,0.234806
688321,微芯生物,2024,2025-04-26,2024年年度报告,http://www.cninfo.com.cn/new/disclosure/detail?stockCode=688321&announcementId=1223314018&orgId=9900038965&announcementTime=2025-04-26,2025-04-28,2025-07-25,0.995853
688322,奥比中光,2024,2025-04-22,2024年年度报告,http://www.cninfo.com.cn/new/disclosure/detail?stockCode=688322&announcementId=1223193281&orgId=9900048777&announcementTime=2025-04-22,2025-04-23,2025-07-22,0.159261
688323,瑞华泰,2024,2025-03-22,瑞华泰：2024年年度报告,http://www.cninfo.com.cn/new/disclosure/detail?stockCode=688323&announcementId=1222866248&orgId=9900041792&announcementTime=2025-03-22,2025-03-24,2025-06-23,-0.079235
688325,赛微微电,2024,2025-04-10,2024年年度报告,http://www.cninfo.com.cn/new/disclosure/detail?stockCode=688325&announcementId=1223046444&orgId=9900048060&announcementTime=2025-04-10,2025-04-11,2025-07-10,0.147114
688326,经纬恒润,2024,2025-04-29,2024年年度报告,http://www.cninfo.com.cn/new/disclosure/detail?stockCode=688326&announcementId=1223381276&orgId=9900048779&announcementTime=2025-04-29,2025-04-30,2025-07-29,0.217587
688328,深科达,2024,2025-04-28,2024年年度报告,http://www.cninfo.com.cn/new/disclosure/detail?stockCode=688328&announcementId=1223348179&orgId=gfbj0831314&announcementTime=2025-04-28,2025-04-29,2025-07-28,0.424469
688327,云从科技,2024,2025-04-30,2024年年度报告,http://www.cninfo.com.cn/new/disclosure/detail?stockCode=688327&announcementId=1223424524&orgId=9900046632&announcementTime=2025-04-30,2025-05-06,2025-07-30,0.143076
688329,艾隆科技,2024,2025-04-29,艾隆科技2024年年度报告,http://www.cninfo.com.cn/new/disclosure/detail?stockCode=688329&announcementId=1223388045&orgId=9900039722&announcementTime=2025-04-29,2025-04-30,2025-07-29,0.355388
688330,宏力达,2024,2025-04-15,宏力达2024年年度报告,http://www.cninfo.com.cn/new/disclosure/detail?stockCode=688330&announcementId=1223094502&orgId=9900041745&announcementTime=2025-04-15,2025-04-16,2025-07-15,-0.003833
688331,荣昌生物,2024,2025-03-28,荣昌生物2024年年度报告,http://www.cninfo.com.cn/new/disclosure/detail?stockCode=688331&announcementId=1222926603&orgId=9900047137&announcementTime=2025-03-28,2025-03-31,2025-06-30,0.503853
688332,中科蓝讯,2024,2025-04-09,2024年年度报告,http://www.cninfo.com.cn/new/disclosure/detail?stockCode=688332&announcementId=1223032847&orgId=9900051695&announcementTime=2025-04-09,2025-04-10,2025-07-09,-0.054705
688333,铂力特,2024,2025-04-29,西安铂力特增材技术股份有限公司2024年年度报告,http://www.cninfo.com.cn/new/disclosure/detail?stockCode=688333&announcementId=1223391646&orgId=9900039046&announcementTime=2025-04-29,2025-04-30,2025-07-29,-0.011296
688334,西高院,2024,2025-04-11,2024年年度报告,http://www.cninfo.com.cn/new/disclosure/detail?stockCode=688334&announcementId=1223056209&orgId=9900056273&announcementTime=2025-04-11,2025-04-14,2025-07-11,0.104976
688335,复洁科技,2024,2025-03-29,2024年年度报告,http://www.cninfo.com.cn/new/disclosure/detail?stockCode=688335&announcementId=1222941468&orgId=gfbj0836304&announcementTime=2025-03-29,2025-03-31,2025-06-30,0.287951
688336,三生国健,2024,2025-03-26,三生国健：2024年年度报告,http://www.cninfo.com.cn/new/disclosure/detail?stockCode=688336&announcementId=1222896534&orgId=9900041739&announcementTime=2025-03-26,2025-03-27,2025-06-26,1.000372
688337,普源精电,2024,2025-04-01,普源精电科技股份有限公司2024年年度报告,http://www.cninfo.com.cn/new/disclosure/detail?stockCode=688337&announcementId=1222972886&orgId=9900046628&announcementTime=2025-04-01,2025-04-02,2025-07-02,0.061726
688338,赛科希德,2024,2025-04-25,赛科希德2024年年度报告,http://www.cninfo.com.cn/new/disclosure/detail?stockCode=688338&announcementId=1223282310&orgId=9900041384&announcementTime=2025-04-25,2025-04-28,2025-07-25,0.208777
688339,亿华通,2024,2025-04-29,亿华通  2024年年度报告,http://www.cninfo.com.cn/new/disclosure/detail?stockCode=688339&announcementId=1223388104&orgId=gfbj0834613&announcementTime=2025-04-29,2025-04-30,2025-07-29,0.173469
688343,云天励飞,2024,2025-04-26,2024年年度报告,http://www.cninfo.com.cn/new/disclosure/detail?stockCode=688343&announcementId=1223327349&orgId=9900047695&announcementTime=2025-04-26,2025-04-28,2025-07-25,-0.018406
688345,博力威,2024,2025-04-19,广东博力威科技股份有限公司2024年年度报告,http://www.cninfo.com.cn/new/disclosure/detail?stockCode=688345&announcementId=1223155231&orgId=nssc1000127&announcementTime=2025-04-19,2025-04-21,2025-07-18,0.4766
688347,华虹公司,2024,2025-03-28,2024年年度报告,http://www.cninfo.com.cn/new/disclosure/detail?stockCode=688347&announcementId=1222929549&orgId=9900029531&announcementTime=2025-03-28,2025-03-31,2025-06-30,0.201089
688348,昱能科技,2024,2025-04-30,2024年年度报告,http://www.cninfo.com.cn/new/disclosure/detail?stockCode=688348&announcementId=1223424566&orgId=9900052521&announcementTime=2025-04-30,2025-05-06,2025-07-30,0.119277
688349,三一重能,2024,2025-04-29,三一重能2024年年度报告,http://www.cninfo.com.cn/new/disclosure/detail?stockCode=688349&announcementId=1223371806&orgId=9900047297&announcementTime=2025-04-29,2025-04-30,2025-07-29,0.151915
688350,富淼科技,2024,2025-04-03,江苏富淼科技股份有限公司2024年年度报告,http://www.cninfo.com.cn/new/disclosure/detail?stockCode=688350&announcementId=1222993371&orgId=9900035517&announcementTime=2025-04-03,2025-04-07,2025-07-04,0.210788
688351,微电生理,2024,2025-03-28,2024年年度报告,http://www.cninfo.com.cn/new/disclosure/detail?stockCode=688351&announcementId=1222926292&orgId=gfbj0871960&announcementTime=2025-03-28,2025-03-31,2025-06-30,-0.004548
688352,颀中科技,2024,2025-04-01,合肥颀中科技股份有限公司2024年年度报告,http://www.cninfo.com.cn/new/disclosure/detail?stockCode=688352&announcementId=1222975427&orgId=9900055631&announcementTime=2025-04-01,2025-04-02,2025-07-02,-0.084746
688353,华盛锂电,2024,2025-04-25,江苏华盛锂电材料股份有限公司2024年年度报告,http://www.cninfo.com.cn/new/disclosure/detail?stockCode=688353&announcementId=1223282344&orgId=9900047233&announcementTime=2025-04-25,2025-04-28,2025-07-25,0.566307
688356,键凯科技,2024,2025-04-29,2024年年度报告,http://www.cninfo.com.cn/new/disclosure/detail?stockCode=688356&announcementId=1223381333&orgId=9900042296&announcementTime=2025-04-29,2025-04-30,2025-07-29,0.666773
688355,明志科技,2024,2025-04-29,苏州明志科技股份有限公司2024年年度报告,http://www.cninfo.com.cn/new/disclosure/detail?stockCode=688355&announcementId=1223388156&orgId=9900044737&announcementTime=2025-04-29,2025-04-30,2025-07-29,0.172414
688358,祥生医疗,2024,2025-04-25,无锡祥生医疗科技股份有限公司2024年年度报告,http://www.cninfo.com.cn/new/disclosure/detail?stockCode=688358&announcementId=1223284569&orgId=9900039303&announcementTime=2025-04-25,2025-04-28,2025-07-25,0.2052
688357,建龙微纳,2024,2025-04-29,2024年年度报告,http://www.cninfo.com.cn/new/disclosure/detail?stockCode=688357&announcementId=1223366701&orgId=gfbj0833540&announcementTime=2025-04-29,2025-04-30,2025-07-29,0.306132
688360,德马科技,2024,2025-04-29,德马科技2024年年度报告,http://www.cninfo.com.cn/new/disclosure/detail?stockCode=688360&announcementId=1223391688&orgId=gfbj0830805&announcementTime=2025-04-29,2025-04-30,2025-07-29,0.320083
688359,三孚新科,2024,2025-04-25,三孚新科：2024年年度报告,http://www.cninfo.com.cn/new/disclosure/detail?stockCode=688359&announcementId=1223282374&orgId=gfbj0836367&announcementTime=2025-04-25,2025-04-28,2025-07-25,0.40276
688362,甬矽电子,2024,2025-04-23,2024年年度报告,http://www.cninfo.com.cn/new/disclosure/detail?stockCode=688362&announcementId=1223218861&orgId=9900047769&announcementTime=2025-04-23,2025-04-24,2025-07-23,-0.026051
688361,中科飞测,2024,2025-04-04,深圳中科飞测科技股份有限公司2024年年度报告,http://www.cninfo.com.cn/new/disclosure/detail?stockCode=688361&announcementId=1223006264&orgId=9900048792&announcementTime=2025-04-04,2025-04-07,2025-07-04,0.024092
688363,华熙生物,2024,2025-04-11,华熙生物2024年年度报告,http://www.cninfo.com.cn/new/disclosure/detail?stockCode=688363&announcementId=1223058003&orgId=9900039135&announcementTime=2025-04-11,2025-04-14,2025-07-11,0.0721
688365,光云科技,2024,2025-04-26,光云科技：2024年年度报告,http://www.cninfo.com.cn/new/disclosure/detail?stockCode=688365&announcementId=1223321800&orgId=9900039491&announcementTime=2025-04-26,2025-04-28,2025-07-25,0.474635
688366,昊海生科,2024,2025-03-22,上海昊海生物科技股份有限公司2024年年度报告,http://www.cninfo.com.cn/new/disclosure/detail?stockCode=688366&announcementId=1222870186&orgId=9900023042&announcementTime=2025-03-22,2025-03-24,2025-06-23,-0.170633
688367,工大高科,2024,2025-04-30,工大高科2024年年度报告,http://www.cninfo.com.cn/new/disclosure/detail?stockCode=688367&announcementId=1223411069&orgId=gfbj0834182&announcementTime=2025-04-30,2025-05-06,2025-07-30,0.213036
688368,晶丰明源,2024,2025-03-12,上海晶丰明源半导体股份有限公司2024年年度报告,http://www.cninfo.com.cn/new/disclosure/detail?stockCode=688368&announcementId=1222769237&orgId=9900036061&announcementTime=2025-03-12,2025-03-13,2025-06-12,-0.100476
688369,致远互联,2024,2025-04-25,北京致远互联软件股份有限公司2024年年度报告,http://www.cninfo.com.cn/new/disclosure/detail?stockCode=688369&announcementId=1223282403&orgId=9900039219&announcementTime=2025-04-25,2025-04-28,2025-07-25,0.123168
688370,丛麟科技,2024,2025-04-25,丛麟科技2024年年度报告,http://www.cninfo.com.cn/new/disclosure/detail?stockCode=688370&announcementId=1223282433&orgId=9900048185&announcementTime=2025-04-25,2025-04-28,2025-07-25,0.253754
688371,菲沃泰,2024,2025-04-19,2024年年度报告,http://www.cninfo.com.cn/new/disclosure/detail?stockCode=688371&announcementId=1223149867&orgId=9900048903&announcementTime=2025-04-19,2025-04-21,2025-07-18,0.089492
688372,伟测科技,2024,2025-04-29,2024年年度报告,http://www.cninfo.com.cn/new/disclosure/detail?stockCode=688372&announcementId=1223372161&orgId=9900048401&announcementTime=2025-04-29,2025-04-30,2025-07-29,0.041878
688373,盟科药业,2024,2025-03-18,上海盟科药业股份有限公司2024年年度报告,http://www.cninfo.com.cn/new/disclosure/detail?stockCode=688373&announcementId=1222822061&orgId=9900048168&announcementTime=2025-03-18,2025-03-19,2025-06-18,0.086957
688375,国博电子,2024,2025-04-11,南京国博电子股份有限公司2024年年度报告,http://www.cninfo.com.cn/new/disclosure/detail?stockCode=688375&announcementId=1223058747&orgId=9900048583&announcementTime=2025-04-11,2025-04-14,2025-07-11,0.103024
688376,美埃科技,2024,2025-04-26,2024年年度报告,http://www.cninfo.com.cn/new/disclosure/detail?stockCode=688376&announcementId=1223322209&orgId=nssc1000717&announcementTime=2025-04-26,2025-04-28,2025-07-25,0.247684
688377,迪威尔,2024,2025-04-26,迪威尔2024年年度报告,http://www.cninfo.com.cn/new/disclosure/detail?stockCode=688377&announcementId=1223313419&orgId=9900029817&announcementTime=2025-04-26,2025-04-28,2025-07-25,0.500261
688378,奥来德,2024,2025-04-17,2024年年度报告,http://www.cninfo.com.cn/new/disclosure/detail?stockCode=688378&announcementId=1223112137&orgId=gfbj0871531&announcementTime=2025-04-17,2025-04-18,2025-07-17,0.154987
688379,华光新材,2024,2025-04-03,华光新材2024年年度报告,http://www.cninfo.com.cn/new/disclosure/detail?stockCode=688379&announcementId=1222993713&orgId=9900023922&announcementTime=2025-04-03,2025-04-07,2025-07-04,0.540609
688380,中微半导,2024,2025-04-11,2024年年度报告,http://www.cninfo.com.cn/new/disclosure/detail?stockCode=688380&announcementId=1223058226&orgId=9900047331&announcementTime=2025-04-11,2025-04-14,2025-07-11,-0.042832
688381,帝奥微,2024,2025-04-26,2024年年度报告,http://www.cninfo.com.cn/new/disclosure/detail?stockCode=688381&announcementId=1223311531&orgId=9900051388&announcementTime=2025-04-26,2025-04-28,2025-07-25,0.130599
688382,益方生物,2024,2025-04-26,益方生物2024年年度报告,http://www.cninfo.com.cn/new/disclosure/detail?stockCode=688382&announcementId=1223315749&orgId=9900047884&announcementTime=2025-04-26,2025-04-28,2025-07-25,1.082075
688385,复旦微电,2024,2025-03-26,2024年年度报告,http://www.cninfo.com.cn/new/disclosure/detail?stockCode=688385&announcementId=1222896404&orgId=gshk0008102&announcementTime=2025-03-26,2025-03-27,2025-06-26,0.000819
688383,新益昌,2024,2025-04-29,深圳新益昌科技股份有限公司2024年年度报告,http://www.cninfo.com.cn/new/disclosure/detail?stockCode=688383&announcementId=1223388335&orgId=nssc1000129&announcementTime=2025-04-29,2025-04-30,2025-07-29,0.516137
688386,泛亚微透,2024,2025-04-30,泛亚微透2024年年度报告,http://www.cninfo.com.cn/new/disclosure/detail?stockCode=688386&announcementId=1223452204&orgId=9900041594&announcementTime=2025-04-30,2025-05-06,2025-07-30,0.461054
688387,信科移动,2024,2025-04-25,2024年年度报告,http://www.cninfo.com.cn/new/disclosure/detail?stockCode=688387&announcementId=1223286120&orgId=9900052408&announcementTime=2025-04-25,2025-04-28,2025-07-25,0.123314
688389,普门科技,2024,2025-04-11,深圳普门科技股份有限公司2024年年度报告,http://www.cninfo.com.cn/new/disclosure/detail?stockCode=688389&announcementId=1223058472&orgId=9900039187&announcementTime=2025-04-11,2025-04-14,2025-07-11,-0.03676
688388,嘉元科技,2024,2025-04-29,广东嘉元科技股份有限公司2024年年度报告,http://www.cninfo.com.cn/new/disclosure/detail?stockCode=688388&announcementId=1223381371&orgId=gfbj0833790&announcementTime=2025-04-29,2025-04-30,2025-07-29,0.219812
688390,固德威,2024,2025-04-29,2024年年度报告,http://www.cninfo.com.cn/new/disclosure/detail?stockCode=688390&announcementId=1223388354&orgId=gfbj0835209&announcementTime=2025-04-29,2025-04-30,2025-07-29,0.081017
688391,钜泉科技,2024,2025-04-17,钜泉光电科技（上海）股份有限公司2024年年度报告,http://www.cninfo.com.cn/new/disclosure/detail?stockCode=688391&announcementId=1223110255&orgId=9900023098&announcementTime=2025-04-17,2025-04-18,2025-07-17,0.079497
688392,骄成超声,2024,2025-04-12,2024年年度报告,http://www.cninfo.com.cn/new/disclosure/detail?stockCode=688392&announcementId=1223071618&orgId=9900053044&announcementTime=2025-04-12,2025-04-14,2025-07-11,0.467707
688393,安必平,2024,2025-04-22,2024年年度报告,http://www.cninfo.com.cn/new/disclosure/detail?stockCode=688393&announcementId=1223187432&orgId=9900030277&announcementTime=2025-04-22,2025-04-23,2025-07-22,0.078369
688395,正弦电气,2024,2025-04-26,2024年年度报告,http://www.cninfo.com.cn/new/disclosure/detail?stockCode=688395&announcementId=1223327209&orgId=gfbj0834933&announcementTime=2025-04-26,2025-04-28,2025-07-25,0.295248
688396,华润微,2024,2025-04-30,2024年年度报告,http://www.cninfo.com.cn/new/disclosure/detail?stockCode=688396&announcementId=1223417959&orgId=gshk0000597&announcementTime=2025-04-30,2025-05-06,2025-07-30,0.035836
688399,硕世生物,2024,2025-04-19,江苏硕世生物科技股份有限公司2024年年度报告,http://www.cninfo.com.cn/new/disclosure/detail?stockCode=688399&announcementId=1223158219&orgId=9900039223&announcementTime=2025-04-19,2025-04-21,2025-07-18,0.267418
688398,赛特新材,2024,2025-04-24,赛特新材：2024年年度报告,http://www.cninfo.com.cn/new/disclosure/detail?stockCode=688398&announcementId=1223243443&orgId=9900030638&announcementTime=2025-04-24,2025-04-25,2025-07-24,0.277108
688400,凌云光,2024,2025-04-29,2024年年度报告,http://www.cninfo.com.cn/new/disclosure/detail?stockCode=688400&announcementId=1223391818&orgId=9900048361&announcementTime=2025-04-29,2025-04-30,2025-07-29,0.158129
688401,路维光电,2024,2025-04-19,路维光电2024年年度报告,http://www.cninfo.com.cn/new/disclosure/detail?stockCode=688401&announcementId=1223159751&orgId=gfbj0833550&announcementTime=2025-04-19,2025-04-21,2025-07-18,-0.070671
688403,汇成股份,2024,2025-03-28,合肥新汇成微电子股份有限公司2024年年度报告,http://www.cninfo.com.cn/new/disclosure/detail?stockCode=688403&announcementId=1222924742&orgId=9900052003&announcementTime=2025-03-28,2025-03-31,2025-06-30,0.08709
688408,中信博,2024,2025-04-17,中信博2024年年度报告,http://www.cninfo.com.cn/new/disclosure/detail?stockCode=688408&announcementId=1223111324&orgId=9900039737&announcementTime=2025-04-17,2025-04-18,2025-07-17,0.133266
688410,山外山,2024,2025-04-22,2024年年度报告,http://www.cninfo.com.cn/new/disclosure/detail?stockCode=688410&announcementId=1223192394&orgId=gfbj0838057&announcementTime=2025-04-22,2025-04-23,2025-07-22,0.161182
688409,富创精密,2024,2025-04-30,2024年年度报告,http://www.cninfo.com.cn/new/disclosure/detail?stockCode=688409&announcementId=1223424645&orgId=9900048393&announcementTime=2025-04-30,2025-05-06,2025-07-30,0.14335
688411,海博思创,2024,2025-04-29,北京海博思创科技股份有限公司2024年年度报告,http://www.cninfo.com.cn/new/disclosure/detail?stockCode=688411&announcementId=1223381675&orgId=9900059116&announcementTime=2025-04-29,2025-04-30,2025-07-29,0.364299
688416,恒烁股份,2024,2025-04-26,2024年年度报告,http://www.cninfo.com.cn/new/disclosure/detail?stockCode=688416&announcementId=1223309611&orgId=9900052004&announcementTime=2025-04-26,2025-04-28,2025-07-25,0.059864
688418,震有科技,2024,2025-04-30,2024年年度报告,http://www.cninfo.com.cn/new/disclosure/detail?stockCode=688418&announcementId=1223424684&orgId=9900035556&announcementTime=2025-04-30,2025-05-06,2025-07-30,-0.059044
688419,耐科装备,2024,2025-04-12,安徽耐科装备科技股份有限公司2024年年度报告,http://www.cninfo.com.cn/new/disclosure/detail?stockCode=688419&announcementId=1223071966&orgId=9900048179&announcementTime=2025-04-12,2025-04-14,2025-07-11,0.143288
688420,美腾科技,2024,2025-04-18,天津美腾科技股份有限公司2024年年度报告,http://www.cninfo.com.cn/new/disclosure/detail?stockCode=688420&announcementId=1223131161&orgId=nssc1000863&announcementTime=2025-04-18,2025-04-21,2025-07-18,0.275564
688425,铁建重工,2024,2025-03-29,中国铁建重工集团股份有限公司2024年年度报告,http://www.cninfo.com.cn/new/disclosure/detail?stockCode=688425&announcementId=1222943843&orgId=nssc1000602&announcementTime=2025-03-29,2025-03-31,2025-06-30,-0.03956
688426,康为世纪,2024,2025-04-25,2024年年度报告,http://www.cninfo.com.cn/new/disclosure/detail?stockCode=688426&announcementId=1223287586&orgId=9900048405&announcementTime=2025-04-25,2025-04-28,2025-07-25,0.313615
688428,诺诚健华,2024,2025-03-28,诺诚健华医药有限公司2024年年度报告,http://www.cninfo.com.cn/new/disclosure/detail?stockCode=688428&announcementId=1222928222&orgId=9900043455&announcementTime=2025-03-28,2025-03-31,2025-06-30,0.30992
688429,时创能源,2024,2025-04-29,常州时创能源股份有限公司2024年年度报告,http://www.cninfo.com.cn/new/disclosure/detail?stockCode=688429&announcementId=1223391861&orgId=9900056080&announcementTime=2025-04-29,2025-04-30,2025-07-29,0.173509
688432,有研硅,2024,2025-03-31,有研硅2024年年度报告,http://www.cninfo.com.cn/new/disclosure/detail?stockCode=688432&announcementId=1222962370&orgId=9900053027&announcementTime=2025-03-31,2025-04-01,2025-07-01,-0.063333
688433,华曙高科,2024,2025-03-20,2024年年度报告,http://www.cninfo.com.cn/new/disclosure/detail?stockCode=688433&announcementId=1222846717&orgId=9900056217&announcementTime=2025-03-20,2025-03-21,2025-06-20,-0.178024
688435,英方软件,2024,2025-04-26,2024年年度报告,http://www.cninfo.com.cn/new/disclosure/detail?stockCode=688435&announcementId=1223310885&orgId=gfbj0837417&announcementTime=2025-04-26,2025-04-28,2025-07-25,0.213865
688439,振华风光,2024,2025-04-26,贵州振华风光半导体股份有限公司2024年年度报告,http://www.cninfo.com.cn/new/disclosure/detail?stockCode=688439&announcementId=1223329277&orgId=9900053041&announcementTime=2025-04-26,2025-04-28,2025-07-25,-0.023591
688443,智翔金泰,2024,2025-04-26,2024年年度报告,http://www.cninfo.com.cn/new/disclosure/detail?stockCode=688443&announcementId=1223311682&orgId=9900056031&announcementTime=2025-04-26,2025-04-28,2025-07-25,0.211671
688448,磁谷科技,2024,2025-04-29,南京磁谷科技股份有限公司2024年年度报告,http://www.cninfo.com.cn/new/disclosure/detail?stockCode=688448&announcementId=1223366797&orgId=9900046626&announcementTime=2025-04-29,2025-04-30,2025-07-29,0.232781
688449,联芸科技,2024,2025-04-17,2024年年度报告,http://www.cninfo.com.cn/new/disclosure/detail?stockCode=688449&announcementId=1223112666&orgId=9900057421&announcementTime=2025-04-17,2025-04-18,2025-07-17,0.001686
688450,光格科技,2024,2025-04-26,光格科技2024年年度报告,http://www.cninfo.com.cn/new/disclosure/detail?stockCode=688450&announcementId=1223307505&orgId=9900051380&announcementTime=2025-04-26,2025-04-28,2025-07-25,0.310659
688455,科捷智能,2024,2025-04-26,2024年年度报告,http://www.cninfo.com.cn/new/disclosure/detail?stockCode=688455&announcementId=1223328298&orgId=9900048050&announcementTime=2025-04-26,2025-04-28,2025-07-25,0.288225
688458,美芯晟,2024,2025-04-30,2024年年度报告,http://www.cninfo.com.cn/new/disclosure/detail?stockCode=688458&announcementId=1223417994&orgId=9900055791&announcementTime=2025-04-30,2025-05-06,2025-07-30,0.028724
688456,有研粉材,2024,2025-04-26,2024年年度报告,http://www.cninfo.com.cn/new/disclosure/detail?stockCode=688456&announcementId=1223324370&orgId=nssc1000134&announcementTime=2025-04-26,2025-04-28,2025-07-25,0.255396
688459,哈铁科技,2024,2025-04-26,哈铁科技2024年年度报告,http://www.cninfo.com.cn/new/disclosure/detail?stockCode=688459&announcementId=1223325215&orgId=9900052789&announcementTime=2025-04-26,2025-04-28,2025-07-25,0.023
688466,金科环境,2024,2025-04-26,金科环境：2024年年度报告,http://www.cninfo.com.cn/new/disclosure/detail?stockCode=688466&announcementId=1223307546&orgId=9900039436&announcementTime=2025-04-26,2025-04-28,2025-07-25,0.24244
688468,科美诊断,2024,2025-04-29,科美诊断技术股份有限公司2024年年度报告,http://www.cninfo.com.cn/new/disclosure/detail?stockCode=688468&announcementId=1223381723&orgId=nssc1000313&announcementTime=2025-04-29,2025-04-30,2025-07-29,0.18107
688469,芯联集成,2024,2025-04-29,芯联集成电路制造股份有限公司2024年年度报告,http://www.cninfo.com.cn/new/disclosure/detail?stockCode=688469&announcementId=1223388408&orgId=9900053045&announcementTime=2025-04-29,2025-04-30,2025-07-29,0.1566
688472,阿特斯,2024,2025-04-29,阿特斯阳光电力集团股份有限公司2024年年度报告,http://www.cninfo.com.cn/new/disclosure/detail?stockCode=688472&announcementId=1223391888&orgId=9900032673&announcementTime=2025-04-29,2025-04-30,2025-07-29,0.081655
688475,萤石网络,2024,2025-04-12,2024年年度报告,http://www.cninfo.com.cn/new/disclosure/detail?stockCode=688475&announcementId=1223072966&orgId=9900052782&announcementTime=2025-04-12,2025-04-14,2025-07-11,-0.110599
688478,晶升股份,2024,2025-04-29,南京晶升装备股份有限公司2024年年度报告,http://www.cninfo.com.cn/new/disclosure/detail?stockCode=688478&announcementId=1223388429&orgId=9900053817&announcementTime=2025-04-29,2025-04-30,2025-07-29,0.145777
688479,友车科技,2024,2025-03-29,2024年年度报告,http://www.cninfo.com.cn/new/disclosure/detail?stockCode=688479&announcementId=1222947947&orgId=gfbj0839951&announcementTime=2025-03-29,2025-03-31,2025-06-30,0.047022
688480,赛恩斯,2024,2025-04-25,赛恩斯环保股份有限公司2024年年度报告,http://www.cninfo.com.cn/new/disclosure/detail?stockCode=688480&announcementId=1223282544&orgId=nssc1000725&announcementTime=2025-04-25,2025-04-28,2025-07-25,0.397707
688484,南芯科技,2024,2025-04-29,南芯科技2024年年度报告,http://www.cninfo.com.cn/new/disclosure/detail?stockCode=688484&announcementId=1223391931&orgId=9900056052&announcementTime=2025-04-29,2025-04-30,2025-07-29,0.150669
688485,九州一轨,2024,2025-04-28,北京九州一轨环境科技股份有限公司2024年年度报告,http://www.cninfo.com.cn/new/disclosure/detail?stockCode=688485&announcementId=1223347725&orgId=9900048106&announcementTime=2025-04-28,2025-04-29,2025-07-28,0.239437
688486,龙迅股份,2024,2025-02-28,龙迅股份2024年年度报告,http://www.cninfo.com.cn/new/disclosure/detail?stockCode=688486&announcementId=1222663156&orgId=nssc1000599&announcementTime=2025-02-28,2025-03-03,2025-05-30,-0.338846
688488,艾迪药业,2024,2025-04-30,艾迪药业2024年年度报告,http://www.cninfo.com.cn/new/disclosure/detail?stockCode=688488&announcementId=1223424742&orgId=9900041599&announcementTime=2025-04-30,2025-05-06,2025-07-30,0.273829
688489,三未信安,2024,2025-03-31,2024年年度报告,http://www.cninfo.com.cn/new/disclosure/detail?stockCode=688489&announcementId=1222962416&orgId=9900047309&announcementTime=2025-03-31,2025-04-01,2025-07-01,0.171866
688496,清越科技,2024,2025-04-28,清越科技2024年年度报告,http://www.cninfo.com.cn/new/disclosure/detail?stockCode=688496&announcementId=1223347751&orgId=9900051401&announcementTime=2025-04-28,2025-04-29,2025-07-28,0.286676
688498,源杰科技,2024,2025-04-26,陕西源杰半导体科技股份有限公司2024年年度报告,http://www.cninfo.com.cn/new/disclosure/detail?stockCode=688498&announcementId=1223315235&orgId=9900052124&announcementTime=2025-04-26,2025-04-28,2025-07-25,0.741059
688500,慧辰股份,2024,2025-04-19,2024年年度报告,http://www.cninfo.com.cn/new/disclosure/detail?stockCode=688500&announcementId=1223156585&orgId=gfbj0833309&announcementTime=2025-04-19,2025-04-21,2025-07-18,1.232971
688499,利元亨,2024,2025-04-30,广东利元亨智能装备股份有限公司2024年年度报告,http://www.cninfo.com.cn/new/disclosure/detail?stockCode=688499&announcementId=1223424804&orgId=9900038933&announcementTime=2025-04-30,2025-05-06,2025-07-30,0.999211
688501,青达环保,2024,2025-04-22,青达环保2024年年度报告,http://www.cninfo.com.cn/new/disclosure/detail?stockCode=688501&announcementId=1223185438&orgId=9900041684&announcementTime=2025-04-22,2025-04-23,2025-07-22,0.099697
688502,茂莱光学,2024,2025-03-29,2024年年度报告,http://www.cninfo.com.cn/new/disclosure/detail?stockCode=688502&announcementId=1222951065&orgId=gfbj0833673&announcementTime=2025-03-29,2025-03-31,2025-06-30,0.094738
688503,聚和材料,2024,2025-04-28,2024年年度报告,http://www.cninfo.com.cn/new/disclosure/detail?stockCode=688503&announcementId=1223347795&orgId=9900046635&announcementTime=2025-04-28,2025-04-29,2025-07-28,0.624982
688505,复旦张江,2024,2025-03-28,复旦张江2024年年度报告,http://www.cninfo.com.cn/new/disclosure/detail?stockCode=688505&announcementId=1222929133&orgId=gshk0008231&announcementTime=2025-03-28,2025-03-31,2025-06-30,0.071942
688506,百利天恒,2024,2025-03-29,四川百利天恒药业股份有限公司2024年年度报告,http://www.cninfo.com.cn/new/disclosure/detail?stockCode=688506&announcementId=1222948012&orgId=9900024957&announcementTime=2025-03-29,2025-03-31,2025-06-30,0.293044
688507,索辰科技,2024,2025-04-22,2024年年度报告,http://www.cninfo.com.cn/new/disclosure/detail?stockCode=688507&announcementId=1223186713&orgId=nssc1000827&announcementTime=2025-04-22,2025-04-23,2025-07-22,0.099809
688509,正元地信,2024,2025-04-29,正元地信2024年年度报告,http://www.cninfo.com.cn/new/disclosure/detail?stockCode=688509&announcementId=1223391955&orgId=9900041382&announcementTime=2025-04-29,2025-04-30,2025-07-29,0.321937
688508,芯朋微,2024,2025-03-29,2024年年度报告,http://www.cninfo.com.cn/new/disclosure/detail?stockCode=688508&announcementId=1222948434&orgId=gfbj0430512&announcementTime=2025-03-29,2025-03-31,2025-06-30,0.13684
688511,*ST天微,2024,2025-04-30,2024年年度报告,http://www.cninfo.com.cn/new/disclosure/detail?stockCode=688511&announcementId=1223424872&orgId=nssc1000625&announcementTime=2025-04-30,2025-05-06,2025-07-30,0.60852
688510,航亚科技,2024,2025-03-28,无锡航亚科技股份有限公司2024年年度报告,http://www.cninfo.com.cn/new/disclosure/detail?stockCode=688510&announcementId=1222924759&orgId=gfbj0870269&announcementTime=2025-03-28,2025-03-31,2025-06-30,0.405879
688512,慧智微,2024,2025-04-28,2024年年度报告,http://www.cninfo.com.cn/new/disclosure/detail?stockCode=688512&announcementId=1223347856&orgId=9900053938&announcementTime=2025-04-28,2025-04-29,2025-07-28,0.149598
688513,苑东生物,2024,2025-04-25,苑东生物：2024年年度报告,http://www.cninfo.com.cn/new/disclosure/detail?stockCode=688513&announcementId=1223285260&orgId=gfbj0837374&announcementTime=2025-04-25,2025-04-28,2025-07-25,0.642395
688515,裕太微,2024,2025-04-29,2024年年度报告,http://www.cninfo.com.cn/new/disclosure/detail?stockCode=688515&announcementId=1223372244&orgId=9900056245&announcementTime=2025-04-29,2025-04-30,2025-07-29,-0.128775
688516,奥特维,2024,2025-04-22,无锡奥特维科技股份有限公司2024年年度报告,http://www.cninfo.com.cn/new/disclosure/detail?stockCode=688516&announcementId=1223196083&orgId=gfbj0836288&announcementTime=2025-04-22,2025-04-23,2025-07-22,0.044362
688517,金冠电气,2024,2025-04-24,2024年年度报告,http://www.cninfo.com.cn/new/disclosure/detail?stockCode=688517&announcementId=1223239965&orgId=9900041524&announcementTime=2025-04-24,2025-04-25,2025-07-24,0.165765
688518,联赢激光,2024,2025-04-15,深圳市联赢激光股份有限公司2024年年度报告,http://www.cninfo.com.cn/new/disclosure/detail?stockCode=688518&announcementId=1223096969&orgId=gfbj0833684&announcementTime=2025-04-15,2025-04-16,2025-07-15,0.308333
688519,南亚新材,2024,2025-04-17,南亚新材2024年年度报告,http://www.cninfo.com.cn/new/disclosure/detail?stockCode=688519&announcementId=1223110521&orgId=9900038620&announcementTime=2025-04-17,2025-04-18,2025-07-17,0.254448
688520,神州细胞,2024,2025-04-26,神州细胞2024年年度报告,http://www.cninfo.com.cn/new/disclosure/detail?stockCode=688520&announcementId=1223323161&orgId=9900040621&announcementTime=2025-04-26,2025-04-28,2025-07-25,1.074436
688521,芯原股份,2024,2025-04-26,2024年年度报告,http://www.cninfo.com.cn/new/disclosure/detail?stockCode=688521&announcementId=1223311717&orgId=9900040648&announcementTime=2025-04-26,2025-04-28,2025-07-25,0.038281
688522,纳睿雷达,2024,2025-04-19,广东纳睿雷达科技股份有限公司2024年年度报告,http://www.cninfo.com.cn/new/disclosure/detail?stockCode=688522&announcementId=1223148252&orgId=9900048075&announcementTime=2025-04-19,2025-04-21,2025-07-18,-0.02072
688523,航天环宇,2024,2025-04-29,航天环宇2024年年度报告,http://www.cninfo.com.cn/new/disclosure/detail?stockCode=688523&announcementId=1223372306&orgId=nssc1000474&announcementTime=2025-04-29,2025-04-30,2025-07-29,0.219832
688525,佰维存储,2024,2025-04-30,2024年年度报告,http://www.cninfo.com.cn/new/disclosure/detail?stockCode=688525&announcementId=1223427605&orgId=9900047412&announcementTime=2025-04-30,2025-05-06,2025-07-30,0.040689
688526,科前生物,2024,2025-04-29,武汉科前生物股份有限公司2024年年度报告,http://www.cninfo.com.cn/new/disclosure/detail?stockCode=688526&announcementId=1223388529&orgId=9900038938&announcementTime=2025-04-29,2025-04-30,2025-07-29,0.06311
688528,秦川物联,2024,2025-04-29,2024年年度报告,http://www.cninfo.com.cn/new/disclosure/detail?stockCode=688528&announcementId=1223381757&orgId=9900039483&announcementTime=2025-04-29,2025-04-30,2025-07-29,0.274554
688529,豪森智能,2024,2025-04-15,豪森智能2024年年度报告,http://www.cninfo.com.cn/new/disclosure/detail?stockCode=688529&announcementId=1223097087&orgId=nssc1000041&announcementTime=2025-04-15,2025-04-16,2025-07-15,0.240071
688530,欧莱新材,2024,2025-04-26,欧莱新材2024年年度报告,http://www.cninfo.com.cn/new/disclosure/detail?stockCode=688530&announcementId=1223325664&orgId=9900048076&announcementTime=2025-04-26,2025-04-28,2025-07-25,0.117978
688531,日联科技,2024,2025-04-26,2024年年度报告,http://www.cninfo.com.cn/new/disclosure/detail?stockCode=688531&announcementId=1223324566&orgId=gfbj0834204&announcementTime=2025-04-26,2025-04-28,2025-07-25,0.021218
688535,华海诚科,2024,2025-04-23,江苏华海诚科新材料股份有限公司2024年年度报告,http://www.cninfo.com.cn/new/disclosure/detail?stockCode=688535&announcementId=1223212534&orgId=9900032633&announcementTime=2025-04-23,2025-04-24,2025-07-23,0.145552
688533,上声电子,2024,2025-04-30,苏州上声电子股份有限公司2024年年度报告,http://www.cninfo.com.cn/new/disclosure/detail?stockCode=688533&announcementId=1223418073&orgId=9900041606&announcementTime=2025-04-30,2025-05-06,2025-07-30,0.018295
688536,思瑞浦,2024,2025-04-29,2024年年度报告,http://www.cninfo.com.cn/new/disclosure/detail?stockCode=688536&announcementId=1223363024&orgId=9900032795&announcementTime=2025-04-29,2025-04-30,2025-07-29,-0.084318
688538,和辉光电,2024,2025-03-29,上海和辉光电股份有限公司2024年年度报告,http://www.cninfo.com.cn/new/disclosure/detail?stockCode=688538&announcementId=1222950423&orgId=nssc1000734&announcementTime=2025-03-29,2025-03-31,2025-06-30,0.054054
688539,高华科技,2024,2025-04-19,高华科技2024年年度报告,http://www.cninfo.com.cn/new/disclosure/detail?stockCode=688539&announcementId=1223144677&orgId=gfbj0833425&announcementTime=2025-04-19,2025-04-21,2025-07-18,0.129695
688543,国科军工,2024,2025-03-26,江西国科军工集团股份有限公司2024年年度报告,http://www.cninfo.com.cn/new/disclosure/detail?stockCode=688543&announcementId=1222896908&orgId=9900035514&announcementTime=2025-03-26,2025-03-27,2025-06-26,0.285187
688545,兴福电子,2024,2025-04-01,湖北兴福电子材料股份有限公司2024年年度报告,http://www.cninfo.com.cn/new/disclosure/detail?stockCode=688545&announcementId=1222975632&orgId=9900058649&announcementTime=2025-04-01,2025-04-02,2025-07-02,0.021466
688548,广钢气体,2024,2025-03-29,2024年年度报告,http://www.cninfo.com.cn/new/disclosure/detail?stockCode=688548&announcementId=1222949946&orgId=9900057373&announcementTime=2025-03-29,2025-03-31,2025-06-30,-0.114683
688550,瑞联新材,2024,2025-04-19,2024年年度报告,http://www.cninfo.com.cn/new/disclosure/detail?stockCode=688550&announcementId=1223158262&orgId=gfbj0835406&announcementTime=2025-04-19,2025-04-21,2025-07-18,0.098959
688549,中巨芯,2024,2025-04-11,2024年年度报告,http://www.cninfo.com.cn/new/disclosure/detail?stockCode=688549&announcementId=1223058299&orgId=9900052780&announcementTime=2025-04-11,2025-04-14,2025-07-11,0.024032
688552,航天南湖,2024,2025-04-22,2024年年度报告,http://www.cninfo.com.cn/new/disclosure/detail?stockCode=688552&announcementId=1223193717&orgId=nssc1000225&announcementTime=2025-04-22,2025-04-23,2025-07-22,0.691813
688551,科威尔,2024,2025-04-26,2024年年度报告,http://www.cninfo.com.cn/new/disclosure/detail?stockCode=688551&announcementId=1223324400&orgId=nssc1000154&announcementTime=2025-04-26,2025-04-28,2025-07-25,0.193119
688553,汇宇制药,2024,2025-04-26,2024年年度报告,http://www.cninfo.com.cn/new/disclosure/detail?stockCode=688553&announcementId=1223325869&orgId=nssc1000740&announcementTime=2025-04-26,2025-04-28,2025-07-25,0.447351
688556,高测股份,2024,2025-04-29,2024年年度报告,http://www.cninfo.com.cn/new/disclosure/detail?stockCode=688556&announcementId=1223388586&orgId=gfbj0834278&announcementTime=2025-04-29,2025-04-30,2025-07-29,0.833046
688557,兰剑智能,2024,2025-03-29,兰剑智能科技股份有限公司2024年年度报告,http://www.cninfo.com.cn/new/disclosure/detail?stockCode=688557&announcementId=1222943880&orgId=9900041688&announcementTime=2025-03-29,2025-03-31,2025-06-30,0.274644
688558,国盛智科,2024,2025-04-19,国盛智科2024年年度报告,http://www.cninfo.com.cn/new/disclosure/detail?stockCode=688558&announcementId=1223149132&orgId=9900035083&announcementTime=2025-04-19,2025-04-21,2025-07-18,0.313466
688560,明冠新材,2024,2025-04-29,明冠新材2024年年度报告,http://www.cninfo.com.cn/new/disclosure/detail?stockCode=688560&announcementId=1223391991&orgId=9900037841&announcementTime=2025-04-29,2025-04-30,2025-07-29,0.260307
688559,海目星,2024,2025-04-30,海目星2024年年度报告,http://www.cninfo.com.cn/new/disclosure/detail?stockCode=688559&announcementId=1223443540&orgId=9900041799&announcementTime=2025-04-30,2025-05-06,2025-07-30,0.145044
688562,航天软件,2024,2025-03-31,北京神舟航天软件技术股份有限公司2024年年度报告,http://www.cninfo.com.cn/new/disclosure/detail?stockCode=688562&announcementId=1222962432&orgId=9900055792&announcementTime=2025-03-31,2025-04-01,2025-07-01,0.164981
688561,奇安信,2024,2025-04-30,奇安信2024年年度报告,http://www.cninfo.com.cn/new/disclosure/detail?stockCode=688561&announcementId=1223425012&orgId=9900041361&announcementTime=2025-04-30,2025-05-06,2025-07-30,0.117288
688563,航材股份,2024,2025-03-31,2024年年度报告,http://www.cninfo.com.cn/new/disclosure/detail?stockCode=688563&announcementId=1222962473&orgId=9900056081&announcementTime=2025-03-31,2025-04-01,2025-07-01,0.123557
688565,力源科技,2024,2025-04-25,2024年年度报告,http://www.cninfo.com.cn/new/disclosure/detail?stockCode=688565&announcementId=1223282593&orgId=gfbj0831353&announcementTime=2025-04-25,2025-04-28,2025-07-25,0.432379
688566,吉贝尔,2024,2025-04-15,吉贝尔2024年年度报告,http://www.cninfo.com.cn/new/disclosure/detail?stockCode=688566&announcementId=1223096183&orgId=9900039624&announcementTime=2025-04-15,2025-04-16,2025-07-15,0.313385
688567,孚能科技,2024,2025-04-30,孚能科技2024年年度报告,http://www.cninfo.com.cn/new/disclosure/detail?stockCode=688567&announcementId=1223418150&orgId=9900040620&announcementTime=2025-04-30,2025-05-06,2025-07-30,0.347755
688568,中科星图,2024,2025-03-04,中科星图股份有限公司2024年年度报告,http://www.cninfo.com.cn/new/disclosure/detail?stockCode=688568&announcementId=1222694858&orgId=9900038994&announcementTime=2025-03-04,2025-03-05,2025-06-04,-0.141089
688569,铁科轨道,2024,2025-03-29,铁科轨道2024年年度报告,http://www.cninfo.com.cn/new/disclosure/detail?stockCode=688569&announcementId=1222945843&orgId=9900041365&announcementTime=2025-03-29,2025-03-31,2025-06-30,-0.026849
688570,天玛智控,2024,2025-03-21,天玛智控2024年年度报告,http://www.cninfo.com.cn/new/disclosure/detail?stockCode=688570&announcementId=1222856491&orgId=9900056072&announcementTime=2025-03-21,2025-03-24,2025-06-23,-0.053488
688571,杭华股份,2024,2025-04-22,杭华油墨股份有限公司2024年年度报告,http://www.cninfo.com.cn/new/disclosure/detail?stockCode=688571&announcementId=1223184991&orgId=9900034180&announcementTime=2025-04-22,2025-04-23,2025-07-22,0.165377
688575,亚辉龙,2024,2025-04-25,2024年年度报告,http://www.cninfo.com.cn/new/disclosure/detail?stockCode=688575&announcementId=1223284577&orgId=nssc1000247&announcementTime=2025-04-25,2025-04-28,2025-07-25,0.096578
688573,信宇人,2024,2025-04-25,深圳市信宇人科技股份有限公司2024年年度报告,http://www.cninfo.com.cn/new/disclosure/detail?stockCode=688573&announcementId=1223282612&orgId=9900041756&announcementTime=2025-04-25,2025-04-28,2025-07-25,0.787097
688576,西山科技,2024,2025-04-29,重庆西山科技股份有限公司2024年年度报告,http://www.cninfo.com.cn/new/disclosure/detail?stockCode=688576&announcementId=1223392033&orgId=gfbj0834788&announcementTime=2025-04-29,2025-04-30,2025-07-29,0.147588
688577,浙海德曼,2024,2025-04-25,浙海德曼2024年年度报告,http://www.cninfo.com.cn/new/disclosure/detail?stockCode=688577&announcementId=1223282637&orgId=gfbj0837244&announcementTime=2025-04-25,2025-04-28,2025-07-25,0.294047
688578,艾力斯,2024,2025-04-24,上海艾力斯医药科技股份有限公司2024年年度报告,http://www.cninfo.com.cn/new/disclosure/detail?stockCode=688578&announcementId=1223240465&orgId=nssc1000445&announcementTime=2025-04-24,2025-04-25,2025-07-24,0.077118
688579,山大地纬,2024,2025-04-12,山大地纬2024年年度报告,http://www.cninfo.com.cn/new/disclosure/detail?stockCode=688579&announcementId=1223072333&orgId=gfbj0831688&announcementTime=2025-04-12,2025-04-14,2025-07-11,0.304481
688580,伟思医疗,2024,2025-04-25,南京伟思医疗科技股份有限公司2024年年度报告,http://www.cninfo.com.cn/new/disclosure/detail?stockCode=688580&announcementId=1223286184&orgId=gfbj0836154&announcementTime=2025-04-25,2025-04-28,2025-07-25,0.068196
688581,安杰思,2024,2025-04-23,安杰思2024年年度报告,http://www.cninfo.com.cn/new/disclosure/detail?stockCode=688581&announcementId=1223219272&orgId=nssc1000268&announcementTime=2025-04-23,2025-04-24,2025-07-23,0.201091
688582,芯动联科,2024,2025-03-18,2024年年度报告,http://www.cninfo.com.cn/new/disclosure/detail?stockCode=688582&announcementId=1222821956&orgId=9900047780&announcementTime=2025-03-18,2025-03-19,2025-06-18,0.058612
688583,思看科技,2024,2025-04-26,2024年年度报告,http://www.cninfo.com.cn/new/disclosure/detail?stockCode=688583&announcementId=1223321821&orgId=9900059081&announcementTime=2025-04-26,2025-04-28,2025-07-25,0.179057
688584,上海合晶,2024,2025-03-19,上海合晶2024年年度报告,http://www.cninfo.com.cn/new/disclosure/detail?stockCode=688584&announcementId=1222835927&orgId=nssc1000610&announcementTime=2025-03-19,2025-03-20,2025-06-19,-0.029589
688585,上纬新材,2024,2025-04-03,上纬新材2024年年度报告,http://www.cninfo.com.cn/new/disclosure/detail?stockCode=688585&announcementId=1222993410&orgId=9900042956&announcementTime=2025-04-03,2025-04-07,2025-07-11,0.929972
688588,凌志软件,2024,2025-04-18,凌志软件2024年年度报告,http://www.cninfo.com.cn/new/disclosure/detail?stockCode=688588&announcementId=1223128838&orgId=gfbj0830866&announcementTime=2025-04-18,2025-04-21,2025-07-18,0.25645
688586,江航装备,2024,2025-03-17,江航装备2024年年度报告,http://www.cninfo.com.cn/new/disclosure/detail?stockCode=688586&announcementId=1222816122&orgId=9900041351&announcementTime=2025-03-17,2025-03-18,2025-06-17,0.031311
688589,力合微,2024,2025-03-27,2024年年度报告,http://www.cninfo.com.cn/new/disclosure/detail?stockCode=688589&announcementId=1222911454&orgId=9900031454&announcementTime=2025-03-27,2025-03-28,2025-06-27,-0.152651
688590,新致软件,2024,2025-04-29,2024年年度报告,http://www.cninfo.com.cn/new/disclosure/detail?stockCode=688590&announcementId=1223366936&orgId=9900031487&announcementTime=2025-04-29,2025-04-30,2025-07-29,0.094901
688592,司南导航,2024,2025-04-29,2024年年度报告,http://www.cninfo.com.cn/new/disclosure/detail?stockCode=688592&announcementId=1223388754&orgId=gfbj0833972&announcementTime=2025-04-29,2025-04-30,2025-07-29,0.545524
688591,泰凌微,2024,2025-04-18,2024年年度报告,http://www.cninfo.com.cn/new/disclosure/detail?stockCode=688591&announcementId=1223125580&orgId=9900048793&announcementTime=2025-04-18,2025-04-21,2025-07-18,0.205676
688595,芯海科技,2024,2025-03-29,芯海科技（深圳）股份有限公司2024年度报告,http://www.cninfo.com.cn/new/disclosure/detail?stockCode=688595&announcementId=1222948518&orgId=gfbj0837517&announcementTime=2025-03-29,2025-03-31,2025-06-30,-0.002841
688593,新相微,2024,2025-04-26,新相微2024年年度报告,http://www.cninfo.com.cn/new/disclosure/detail?stockCode=688593&announcementId=1223307913&orgId=9900053760&announcementTime=2025-04-26,2025-04-28,2025-07-25,0.061605
688597,煜邦电力,2024,2025-03-28,2024年年度报告,http://www.cninfo.com.cn/new/disclosure/detail?stockCode=688597&announcementId=1222925935&orgId=9900035311&announcementTime=2025-03-28,2025-03-31,2025-06-30,-0.070498
688596,正帆科技,2024,2025-04-29,2024年年度报告,http://www.cninfo.com.cn/new/disclosure/detail?stockCode=688596&announcementId=1223388804&orgId=gfbj0834317&announcementTime=2025-04-29,2025-04-30,2025-07-29,-0.016083
688598,金博股份,2024,2025-04-29,2024年年度报告,http://www.cninfo.com.cn/new/disclosure/detail?stockCode=688598&announcementId=1223392087&orgId=9900041577&announcementTime=2025-04-29,2025-04-30,2025-07-29,0.088648
688599,天合光能,2024,2025-04-30,天合光能股份有限公司2024年年度报告,http://www.cninfo.com.cn/new/disclosure/detail?stockCode=688599&announcementId=1223425055&orgId=GD155612&announcementTime=2025-04-30,2025-05-06,2025-07-30,0.251253
688600,皖仪科技,2024,2025-04-29,2024年年度报告,http://www.cninfo.com.cn/new/disclosure/detail?stockCode=688600&announcementId=1223381782&orgId=9900041342&announcementTime=2025-04-29,2025-04-30,2025-07-29,0.161814
688601,力芯微,2024,2025-04-12,2024年年度报告,http://www.cninfo.com.cn/new/disclosure/detail?stockCode=688601&announcementId=1223072573&orgId=9900033358&announcementTime=2025-04-12,2025-04-14,2025-07-11,0.022262
688602,康鹏科技,2024,2025-04-18,上海康鹏科技股份有限公司2024年年度报告,http://www.cninfo.com.cn/new/disclosure/detail?stockCode=688602&announcementId=1223127977&orgId=9900041744&announcementTime=2025-04-18,2025-04-21,2025-07-18,-0.060241
688603,天承科技,2024,2025-04-10,2024年年度报告,http://www.cninfo.com.cn/new/disclosure/detail?stockCode=688603&announcementId=1223110343&orgId=9900048047&announcementTime=2025-04-10,2025-04-11,2025-07-10,0.00386
688605,先锋精科,2024,2025-04-29,先锋精科2024年年度报告,http://www.cninfo.com.cn/new/disclosure/detail?stockCode=688605&announcementId=1223372342&orgId=9900059045&announcementTime=2025-04-29,2025-04-30,2025-07-29,0.034313
688606,奥泰生物,2024,2025-04-29,2024年年度报告,http://www.cninfo.com.cn/new/disclosure/detail?stockCode=688606&announcementId=1223366974&orgId=9900039769&announcementTime=2025-04-29,2025-04-30,2025-07-29,0.216164
688607,康众医疗,2024,2025-04-26,康众医疗2024年年度报告,http://www.cninfo.com.cn/new/disclosure/detail?stockCode=688607&announcementId=1223306692&orgId=9900041595&announcementTime=2025-04-26,2025-04-28,2025-07-25,0.743545
688608,恒玄科技,2024,2025-04-25,2024年年度报告,http://www.cninfo.com.cn/new/disclosure/detail?stockCode=688608&announcementId=1223282750&orgId=nssc1000367&announcementTime=2025-04-25,2025-04-28,2025-07-25,-0.072699
688609,九联科技,2024,2025-04-25,广东九联科技股份有限公司2024年年度报告,http://www.cninfo.com.cn/new/disclosure/detail?stockCode=688609&announcementId=1223285289&orgId=9900023226&announcementTime=2025-04-25,2025-04-28,2025-07-25,0.154762
688610,埃科光电,2024,2025-04-18,2024年年度报告,http://www.cninfo.com.cn/new/disclosure/detail?stockCode=688610&announcementId=1223130762&orgId=9900056071&announcementTime=2025-04-18,2025-04-21,2025-07-18,0.214959
688611,杭州柯林,2024,2025-04-03,杭州柯林电气股份有限公司2024年年度报告,http://www.cninfo.com.cn/new/disclosure/detail?stockCode=688611&announcementId=1222994089&orgId=gfbj0836844&announcementTime=2025-04-03,2025-04-07,2025-07-04,0.083473
688612,威迈斯,2024,2025-04-26,2024年年度报告,http://www.cninfo.com.cn/new/disclosure/detail?stockCode=688612&announcementId=1223323939&orgId=9900039720&announcementTime=2025-04-26,2025-04-28,2025-07-25,0.333199
688615,合合信息,2024,2025-04-16,上海合合信息科技股份有限公司2024年年度报告,http://www.cninfo.com.cn/new/disclosure/detail?stockCode=688615&announcementId=1223103971&orgId=9900046400&announcementTime=2025-04-16,2025-04-17,2025-07-16,0.057009
688613,奥精医疗,2024,2025-04-26,奥精医疗：2024年年度报告,http://www.cninfo.com.cn/new/disclosure/detail?stockCode=688613&announcementId=1223330543&orgId=nssc1000537&announcementTime=2025-04-26,2025-04-28,2025-07-25,0.289642
688616,西力科技,2024,2025-04-28,杭州西力智能科技股份有限公司2024年年度报告,http://www.cninfo.com.cn/new/disclosure/detail?stockCode=688616&announcementId=1223347889&orgId=9900035300&announcementTime=2025-04-28,2025-04-29,2025-07-28,0.287143
688617,惠泰医疗,2024,2025-04-23,2024年年度报告,http://www.cninfo.com.cn/new/disclosure/detail?stockCode=688617&announcementId=1223220944&orgId=nssc1000047&announcementTime=2025-04-23,2025-04-24,2025-07-23,-0.008519
688618,三旺通信,2024,2025-04-30,深圳市三旺通信股份有限公司2024年年度报告,http://www.cninfo.com.cn/new/disclosure/detail?stockCode=688618&announcementId=1223418441&orgId=nssc1000604&announcementTime=2025-04-30,2025-05-06,2025-07-30,0.25209
688620,安凯微,2024,2025-04-30,广州安凯微电子股份有限公司2024年年度报告,http://www.cninfo.com.cn/new/disclosure/detail?stockCode=688620&announcementId=1223418456&orgId=9900047635&announcementTime=2025-04-30,2025-05-06,2025-07-30,0.026917
688619,罗普特,2024,2025-04-23,罗普特科技集团股份有限公司2024年年度报告,http://www.cninfo.com.cn/new/disclosure/detail?stockCode=688619&announcementId=1223221327&orgId=9900041860&announcementTime=2025-04-23,2025-04-24,2025-07-23,0.647505
688621,阳光诺和,2024,2025-04-09,2024年年度报告,http://www.cninfo.com.cn/new/disclosure/detail?stockCode=688621&announcementId=1223032504&orgId=9900046415&announcementTime=2025-04-09,2025-04-10,2025-07-22,0.42775
688622,禾信仪器,2024,2025-04-04,2024年年度报告,http://www.cninfo.com.cn/new/disclosure/detail?stockCode=688622&announcementId=1223004969&orgId=gfbj0871079&announcementTime=2025-04-04,2025-04-07,2025-07-04,-0.133657
688623,双元科技,2024,2025-04-29,2024年年度报告,http://www.cninfo.com.cn/new/disclosure/detail?stockCode=688623&announcementId=1223372401&orgId=9900048999&announcementTime=2025-04-29,2025-04-30,2025-07-29,0.198864
688625,呈和科技,2024,2025-04-30,2024年年度报告,http://www.cninfo.com.cn/new/disclosure/detail?stockCode=688625&announcementId=1223418551&orgId=gfbj0838731&announcementTime=2025-04-30,2025-05-06,2025-07-30,-0.104564
688626,翔宇医疗,2024,2025-04-25,翔宇医疗2024年年度报告,http://www.cninfo.com.cn/new/disclosure/detail?stockCode=688626&announcementId=1223286080&orgId=9900041530&announcementTime=2025-04-25,2025-04-28,2025-07-25,0.344404
688627,精智达,2024,2025-04-26,2024年年度报告,http://www.cninfo.com.cn/new/disclosure/detail?stockCode=688627&announcementId=1223323612&orgId=gfbj0836990&announcementTime=2025-04-26,2025-04-28,2025-07-25,0.19746
688629,华丰科技,2024,2025-04-29,2024年年度报告,http://www.cninfo.com.cn/new/disclosure/detail?stockCode=688629&announcementId=1223372592&orgId=9900048587&announcementTime=2025-04-29,2025-04-30,2025-07-29,-0.022474
688628,优利德,2024,2025-04-12,2024年年度报告,http://www.cninfo.com.cn/new/disclosure/detail?stockCode=688628&announcementId=1223070814&orgId=nssc1000176&announcementTime=2025-04-12,2025-04-14,2025-07-11,-0.053503
688630,芯碁微装,2024,2025-04-24,2024年年度报告,http://www.cninfo.com.cn/new/disclosure/detail?stockCode=688630&announcementId=1223241180&orgId=nssc1000289&announcementTime=2025-04-24,2025-04-25,2025-07-24,0.24973
688631,莱斯信息,2024,2025-04-26,莱斯信息2024年年度报告,http://www.cninfo.com.cn/new/disclosure/detail?stockCode=688631&announcementId=1223320255&orgId=9900023202&announcementTime=2025-04-26,2025-04-28,2025-07-25,0.163365
688636,智明达,2024,2025-04-25,成都智明达电子股份有限公司2024年年报,http://www.cninfo.com.cn/new/disclosure/detail?stockCode=688636&announcementId=1223282863&orgId=9900041815&announcementTime=2025-04-25,2025-04-28,2025-07-25,0.267841
688633,星球石墨,2024,2025-04-28,2024年年度报告,http://www.cninfo.com.cn/new/disclosure/detail?stockCode=688633&announcementId=1223347932&orgId=9900044435&announcementTime=2025-04-28,2025-04-29,2025-07-28,0.080243
688638,誉辰智能,2024,2025-04-29,深圳市誉辰智能装备股份有限公司2024年年度报告,http://www.cninfo.com.cn/new/disclosure/detail?stockCode=688638&announcementId=1223381825&orgId=9900038835&announcementTime=2025-04-29,2025-04-30,2025-07-29,0.436054
688639,华恒生物,2024,2025-04-23,安徽华恒生物科技股份有限公司2024年年度报告,http://www.cninfo.com.cn/new/disclosure/detail?stockCode=688639&announcementId=1223220282&orgId=gfbj0831088&announcementTime=2025-04-23,2025-04-24,2025-07-23,0.222645
688646,ST逸飞,2024,2025-04-30,逸飞激光2024年年度报告,http://www.cninfo.com.cn/new/disclosure/detail?stockCode=688646&announcementId=1223427694&orgId=9900047763&announcementTime=2025-04-30,2025-05-06,2025-07-30,0.11353
688648,中邮科技,2024,2025-04-29,中邮科技股份有限公司2024年年度报告,http://www.cninfo.com.cn/new/disclosure/detail?stockCode=688648&announcementId=1223388823&orgId=9900053181&announcementTime=2025-04-29,2025-04-30,2025-07-29,0.822883
688652,京仪装备,2024,2025-04-30,北京京仪自动化装备技术股份有限公司2024年年度报告,http://www.cninfo.com.cn/new/disclosure/detail?stockCode=688652&announcementId=1223425097&orgId=9900053046&announcementTime=2025-04-30,2025-05-06,2025-07-30,-0.05165
688651,盛邦安全,2024,2025-04-29,2024年年度报告,http://www.cninfo.com.cn/new/disclosure/detail?stockCode=688651&announcementId=1223392681&orgId=gfbj0836731&announcementTime=2025-04-29,2025-04-30,2025-07-29,0.161003
688655,迅捷兴,2024,2025-03-18,2024年年度报告,http://www.cninfo.com.cn/new/disclosure/detail?stockCode=688655&announcementId=1222822088&orgId=nssc1000359&announcementTime=2025-03-18,2025-03-19,2025-07-01,0.279001
688653,康希通信,2024,2025-04-30,康希通信2024年年度报告,http://www.cninfo.com.cn/new/disclosure/detail?stockCode=688653&announcementId=1223425129&orgId=9900057354&announcementTime=2025-04-30,2025-05-06,2025-07-30,0.096996
688656,浩欧博,2024,2025-03-18,江苏浩欧博生物医药股份有限公司2024年年度报告,http://www.cninfo.com.cn/new/disclosure/detail?stockCode=688656&announcementId=1222822249&orgId=9900039221&announcementTime=2025-03-18,2025-03-19,2025-06-18,0.166615
688657,浩辰软件,2024,2025-04-03,苏州浩辰软件股份有限公司2024年年度报告,http://www.cninfo.com.cn/new/disclosure/detail?stockCode=688657&announcementId=1222993432&orgId=gfbj0832097&announcementTime=2025-04-03,2025-04-07,2025-07-04,-0.019204
688658,悦康药业,2024,2025-03-15,2024年年度报告,http://www.cninfo.com.cn/new/disclosure/detail?stockCode=688658&announcementId=1222807868&orgId=9900041389&announcementTime=2025-03-15,2025-03-17,2025-06-16,0.344391
688659,元琛科技,2024,2025-04-29,2024年年度报告,http://www.cninfo.com.cn/new/disclosure/detail?stockCode=688659&announcementId=1223367077&orgId=9900041346&announcementTime=2025-04-29,2025-04-30,2025-07-29,0.345781
688660,电气风电,2024,2025-03-25,上海电气风电集团股份有限公司2024年年度报告,http://www.cninfo.com.cn/new/disclosure/detail?stockCode=688660&announcementId=1222880362&orgId=nssc1000609&announcementTime=2025-03-25,2025-03-26,2025-06-25,0.01907
688661,和林微纳,2024,2025-04-30,2024年年度报告,http://www.cninfo.com.cn/new/disclosure/detail?stockCode=688661&announcementId=1223418595&orgId=nssc1000577&announcementTime=2025-04-30,2025-05-06,2025-07-30,0.236975
688662,富信科技,2024,2025-04-25,广东富信科技股份有限公司2024年年度报告,http://www.cninfo.com.cn/new/disclosure/detail?stockCode=688662&announcementId=1223282921&orgId=nssc1000012&announcementTime=2025-04-25,2025-04-28,2025-07-25,0.133007
688663,新风光,2024,2025-04-09,2024年年度报告,http://www.cninfo.com.cn/new/disclosure/detail?stockCode=688663&announcementId=1223032597&orgId=gfbj0833152&announcementTime=2025-04-09,2025-04-10,2025-07-09,0.333606
688667,菱电电控,2024,2025-04-19,菱电电控2024年度报告,http://www.cninfo.com.cn/new/disclosure/detail?stockCode=688667&announcementId=1223147476&orgId=9900041562&announcementTime=2025-04-19,2025-04-21,2025-07-18,0.266144
688665,四方光电,2024,2025-04-18,四方光电2024年年度报告,http://www.cninfo.com.cn/new/disclosure/detail?stockCode=688665&announcementId=1223128454&orgId=nssc1000466&announcementTime=2025-04-18,2025-04-21,2025-07-18,0.428014
688668,鼎通科技,2024,2025-04-18,2024年年度报告,http://www.cninfo.com.cn/new/disclosure/detail?stockCode=688668&announcementId=1223127213&orgId=9900041452&announcementTime=2025-04-18,2025-04-21,2025-07-18,0.719118
688669,聚石化学,2024,2025-04-29,2024年年度报告,http://www.cninfo.com.cn/new/disclosure/detail?stockCode=688669&announcementId=1223392152&orgId=gfbj0833817&announcementTime=2025-04-29,2025-04-30,2025-07-29,0.30503
688671,碧兴物联,2024,2025-03-26,2024年年度报告,http://www.cninfo.com.cn/new/disclosure/detail?stockCode=688671&announcementId=1222896160&orgId=9900048797&announcementTime=2025-03-26,2025-03-27,2025-06-26,0.083031
688670,金迪克,2024,2025-04-18,江苏金迪克生物技术股份有限公司2024年年度报告,http://www.cninfo.com.cn/new/disclosure/detail?stockCode=688670&announcementId=1223129995&orgId=9900046653&announcementTime=2025-04-18,2025-04-21,2025-07-18,0.357781
688676,金盘科技,2024,2025-04-03,2024年年度报告,http://www.cninfo.com.cn/new/disclosure/detail?stockCode=688676&announcementId=1222993457&orgId=9900044215&announcementTime=2025-04-03,2025-04-07,2025-07-04,-0.004806
688677,海泰新光,2024,2025-04-25,海泰新光2024年年度报告,http://www.cninfo.com.cn/new/disclosure/detail?stockCode=688677&announcementId=1223285341&orgId=gfbj0836412&announcementTime=2025-04-25,2025-04-28,2025-07-25,0.304133
688678,福立旺,2024,2025-04-25,2024年年度报告,http://www.cninfo.com.cn/new/disclosure/detail?stockCode=688678&announcementId=1223284647&orgId=gfbj0839734&announcementTime=2025-04-25,2025-04-28,2025-07-25,0.106444
688679,通源环境,2024,2025-04-15,2024年年度报告,http://www.cninfo.com.cn/new/disclosure/detail?stockCode=688679&announcementId=1223094297&orgId=gfbj0834778&announcementTime=2025-04-15,2025-04-16,2025-07-15,0.418882
688680,海优新材,2024,2025-04-19,上海海优威新材料股份有限公司2024年度报告,http://www.cninfo.com.cn/new/disclosure/detail?stockCode=688680&announcementId=1223157496&orgId=gfbj0831697&announcementTime=2025-04-19,2025-04-21,2025-07-18,0.194575
688681,科汇股份,2024,2025-04-25,2024年年度报告,http://www.cninfo.com.cn/new/disclosure/detail?stockCode=688681&announcementId=1223282953&orgId=gfbj0830912&announcementTime=2025-04-25,2025-04-28,2025-07-25,0.234789
688682,霍莱沃,2024,2025-04-11,2024年年度报告,http://www.cninfo.com.cn/new/disclosure/detail?stockCode=688682&announcementId=1223058332&orgId=nssc1000563&announcementTime=2025-04-11,2025-04-14,2025-07-11,0.2848
688683,莱尔科技,2024,2025-04-21,2024年年度报告,http://www.cninfo.com.cn/new/disclosure/detail?stockCode=688683&announcementId=1223174965&orgId=9900041447&announcementTime=2025-04-21,2025-04-22,2025-07-21,0.105654
688686,奥普特,2024,2025-04-29,2024年年度报告,http://www.cninfo.com.cn/new/disclosure/detail?stockCode=688686&announcementId=1223381881&orgId=9900041449&announcementTime=2025-04-29,2025-04-30,2025-07-29,0.137316
688685,迈信林,2024,2025-04-26,江苏迈信林航空科技股份有限公司2024年年度报告,http://www.cninfo.com.cn/new/disclosure/detail?stockCode=688685&announcementId=1223316353&orgId=nssc1000499&announcementTime=2025-04-26,2025-04-28,2025-07-25,-0.156191
688687,凯因科技,2024,2025-04-29,凯因科技2024年年度报告,http://www.cninfo.com.cn/new/disclosure/detail?stockCode=688687&announcementId=1223388887&orgId=9900023505&announcementTime=2025-04-29,2025-04-30,2025-07-29,0.408966
688690,纳微科技,2024,2025-04-25,苏州纳微科技股份有限公司2024年年度报告,http://www.cninfo.com.cn/new/disclosure/detail?stockCode=688690&announcementId=1223282983&orgId=nssc1000188&announcementTime=2025-04-25,2025-04-28,2025-07-25,0.234717
688689,银河微电,2024,2025-04-28,2024年年度报告,http://www.cninfo.com.cn/new/disclosure/detail?stockCode=688689&announcementId=1223347988&orgId=9900035558&announcementTime=2025-04-28,2025-04-29,2025-07-28,0.176114
688691,灿芯股份,2024,2025-04-28,2024年年度报告,http://www.cninfo.com.cn/new/disclosure/detail?stockCode=688691&announcementId=1223347998&orgId=9900050044&announcementTime=2025-04-28,2025-04-29,2025-07-28,0.103271
688692,达梦数据,2024,2025-04-15,2024年年度报告,http://www.cninfo.com.cn/new/disclosure/detail?stockCode=688692&announcementId=1223095468&orgId=9900048178&announcementTime=2025-04-15,2025-04-16,2025-07-15,-0.031297
688693,锴威特,2024,2025-04-09,苏州锴威特半导体股份有限公司2024年年度报告,http://www.cninfo.com.cn/new/disclosure/detail?stockCode=688693&announcementId=1223031889&orgId=9900055875&announcementTime=2025-04-09,2025-04-10,2025-07-09,0.210383
688695,中创股份,2024,2025-04-28,山东中创软件商用中间件股份有限公司2024年年度报告,http://www.cninfo.com.cn/new/disclosure/detail?stockCode=688695&announcementId=1223348033&orgId=gfbj0831413&announcementTime=2025-04-28,2025-04-29,2025-07-28,0.121277
688696,极米科技,2024,2025-04-22,2024年年度报告,http://www.cninfo.com.cn/new/disclosure/detail?stockCode=688696&announcementId=1223192484&orgId=9900041814&announcementTime=2025-04-22,2025-04-23,2025-07-22,-0.139583
688697,纽威数控,2024,2025-04-25,纽威数控2024年年度报告,http://www.cninfo.com.cn/new/disclosure/detail?stockCode=688697&announcementId=1223283026&orgId=nssc1000650&announcementTime=2025-04-25,2025-04-28,2025-07-25,0.019141
688698,伟创电气,2024,2025-04-16,2024年年度报告,http://www.cninfo.com.cn/new/disclosure/detail?stockCode=688698&announcementId=1223101017&orgId=nssc1000507&announcementTime=2025-04-16,2025-04-17,2025-07-16,0.147946
688699,明微电子,2024,2025-04-26,2024年年度报告,http://www.cninfo.com.cn/new/disclosure/detail?stockCode=688699&announcementId=1223314971&orgId=9900023024&announcementTime=2025-04-26,2025-04-28,2025-07-25,0.05489
688700,东威科技,2024,2025-04-26,2024年年度报告,http://www.cninfo.com.cn/new/disclosure/detail?stockCode=688700&announcementId=1223322879&orgId=9900044715&announcementTime=2025-04-26,2025-04-28,2025-07-25,0.21127
688701,卓锦股份,2024,2025-04-29,浙江卓锦环保科技股份有限公司2024年年度报告,http://www.cninfo.com.cn/new/disclosure/detail?stockCode=688701&announcementId=1223381947&orgId=gfbj0833149&announcementTime=2025-04-29,2025-04-30,2025-07-29,0.308131
688702,盛科通信,2024,2025-04-28,盛科通信2024年年度报告,http://www.cninfo.com.cn/new/disclosure/detail?stockCode=688702&announcementId=1223348061&orgId=9900053025&announcementTime=2025-04-28,2025-04-29,2025-07-28,0.106688
688707,振华新材,2024,2025-04-26,2024年年度报告,http://www.cninfo.com.cn/new/disclosure/detail?stockCode=688707&announcementId=1223316897&orgId=gfbj0870341&announcementTime=2025-04-26,2025-04-28,2025-07-25,0.271127
688708,佳驰科技,2024,2025-04-18,2024年年度报告,http://www.cninfo.com.cn/new/disclosure/detail?stockCode=688708&announcementId=1223122929&orgId=9900055992&announcementTime=2025-04-18,2025-04-21,2025-07-18,0.275964
688709,成都华微,2024,2025-04-30,成都华微电子科技股份有限公司2024年年度报告,http://www.cninfo.com.cn/new/disclosure/detail?stockCode=688709&announcementId=1223427723&orgId=9900053939&announcementTime=2025-04-30,2025-05-06,2025-07-30,-0.007201
688710,益诺思,2024,2025-04-30,2024年年度报告,http://www.cninfo.com.cn/new/disclosure/detail?stockCode=688710&announcementId=1223425153&orgId=9900057434&announcementTime=2025-04-30,2025-05-06,2025-07-30,0.537353
688711,宏微科技,2024,2025-04-15,江苏宏微科技股份有限公司2024年年度报告,http://www.cninfo.com.cn/new/disclosure/detail?stockCode=688711&announcementId=1223097019&orgId=gfbj0831872&announcementTime=2025-04-15,2025-04-16,2025-07-15,0.235365
688716,中研股份,2024,2025-04-26,吉林省中研高分子材料股份有限公司2024年年度报告,http://www.cninfo.com.cn/new/disclosure/detail?stockCode=688716&announcementId=1223310983&orgId=gfbj0835017&announcementTime=2025-04-26,2025-04-28,2025-07-25,0.008158
688717,艾罗能源,2024,2025-04-29,2024年年度报告,http://www.cninfo.com.cn/new/disclosure/detail?stockCode=688717&announcementId=1223392162&orgId=9900048907&announcementTime=2025-04-29,2025-04-30,2025-07-29,0.282595
688718,唯赛勃,2024,2025-04-29,唯赛勃2024年年度报告,http://www.cninfo.com.cn/new/disclosure/detail?stockCode=688718&announcementId=1223367131&orgId=9900023614&announcementTime=2025-04-29,2025-04-30,2025-07-29,0.375774
688719,爱科赛博,2024,2025-04-18,西安爱科赛博电气股份有限公司2024年年度报告,http://www.cninfo.com.cn/new/disclosure/detail?stockCode=688719&announcementId=1223125600&orgId=9900031471&announcementTime=2025-04-18,2025-04-21,2025-07-18,0.462949
688720,艾森股份,2024,2025-04-26,2024年年度报告,http://www.cninfo.com.cn/new/disclosure/detail?stockCode=688720&announcementId=1223319132&orgId=9900046652&announcementTime=2025-04-26,2025-04-28,2025-07-25,0.071746
688721,龙图光罩,2024,2025-03-28,深圳市龙图光罩股份有限公司2024年年度报告,http://www.cninfo.com.cn/new/disclosure/detail?stockCode=688721&announcementId=1222929157&orgId=9900058968&announcementTime=2025-03-28,2025-03-31,2025-06-30,-0.117191
688722,同益中,2024,2025-03-29,同益中2024年年度报告,http://www.cninfo.com.cn/new/disclosure/detail?stockCode=688722&announcementId=1222944728&orgId=nssc1000851&announcementTime=2025-03-29,2025-03-31,2025-06-30,0.282155
688726,拉普拉斯,2024,2025-04-17,2024年年度报告,http://www.cninfo.com.cn/new/disclosure/detail?stockCode=688726&announcementId=1223111531&orgId=9900059088&announcementTime=2025-04-17,2025-04-18,2025-07-17,0.243928
688728,格科微,2024,2025-04-29,格科微有限公司2024年年度报告,http://www.cninfo.com.cn/new/disclosure/detail?stockCode=688728&announcementId=1223359800&orgId=nssc1000731&announcementTime=2025-04-29,2025-04-30,2025-07-29,0.173754
688733,壹石通,2024,2025-04-18,壹石通2024年年度报告,http://www.cninfo.com.cn/new/disclosure/detail?stockCode=688733&announcementId=1223128509&orgId=gfbj0833598&announcementTime=2025-04-18,2025-04-21,2025-07-18,0.193727
688737,中自科技,2024,2025-04-30,中自科技股份有限公司2024年年度报告,http://www.cninfo.com.cn/new/disclosure/detail?stockCode=688737&announcementId=1223425177&orgId=gfbj0836497&announcementTime=2025-04-30,2025-05-06,2025-07-30,0.059557
688739,成大生物,2024,2025-04-24,辽宁成大生物股份有限公司2024年年度报告,http://www.cninfo.com.cn/new/disclosure/detail?stockCode=688739&announcementId=1223241230&orgId=gfbj0831550&announcementTime=2025-04-24,2025-04-25,2025-07-24,0.184592
688750,金天钛业,2024,2025-04-10,2024年年度报告,http://www.cninfo.com.cn/new/disclosure/detail?stockCode=688750&announcementId=1223044173&orgId=9900059188&announcementTime=2025-04-10,2025-04-11,2025-07-10,0.104851
688758,赛分科技,2024,2025-04-29,苏州赛分科技股份有限公司2024年年度报告,http://www.cninfo.com.cn/new/disclosure/detail?stockCode=688758&announcementId=1223372635&orgId=9900057459&announcementTime=2025-04-29,2025-04-30,2025-07-29,0.251605
688766,普冉股份,2024,2025-03-31,普冉半导体（上海）股份有限公司2024年年度报告,http://www.cninfo.com.cn/new/disclosure/detail?stockCode=688766&announcementId=1222962492&orgId=nssc1000720&announcementTime=2025-03-31,2025-04-01,2025-07-01,-0.184655
688767,博拓生物,2024,2025-04-26,博拓生物2024年年度报告,http://www.cninfo.com.cn/new/disclosure/detail?stockCode=688767&announcementId=1223319855&orgId=9900041934&announcementTime=2025-04-26,2025-04-28,2025-07-25,0.3037
688768,容知日新,2024,2025-04-25,容知日新2024年年度报告全文,http://www.cninfo.com.cn/new/disclosure/detail?stockCode=688768&announcementId=1223284685&orgId=9900041350&announcementTime=2025-04-25,2025-04-28,2025-07-25,-0.095696
688772,珠海冠宇,2024,2025-03-31,2024年年度报告,http://www.cninfo.com.cn/new/disclosure/detail?stockCode=688772&announcementId=1222962517&orgId=9900046634&announcementTime=2025-03-31,2025-04-01,2025-07-01,-0.133646
688776,国光电气,2024,2025-04-25,国光电气2024年年度报告,http://www.cninfo.com.cn/new/disclosure/detail?stockCode=688776&announcementId=1223285363&orgId=GD005988&announcementTime=2025-04-25,2025-04-28,2025-07-25,0.102802
688778,厦钨新能,2024,2025-04-26,厦门厦钨新能源材料股份有限公司2024年年度报告,http://www.cninfo.com.cn/new/disclosure/detail?stockCode=688778&announcementId=1223331830&orgId=9900046057&announcementTime=2025-04-26,2025-04-28,2025-07-25,0.2693
688777,中控技术,2024,2025-04-01,中控技术股份有限公司2024年年度报告,http://www.cninfo.com.cn/new/disclosure/detail?stockCode=688777&announcementId=1222974884&orgId=9900041899&announcementTime=2025-04-01,2025-04-02,2025-07-02,-0.140965
688779,五矿新能,2024,2025-04-19,五矿新能源材料（湖南）股份有限公司2024年年度报告,http://www.cninfo.com.cn/new/disclosure/detail?stockCode=688779&announcementId=1223144711&orgId=9900041575&announcementTime=2025-04-19,2025-04-21,2025-07-18,0.199153
688786,悦安新材,2024,2025-04-25,江西悦安新材料股份有限公司2024年年度报告,http://www.cninfo.com.cn/new/disclosure/detail?stockCode=688786&announcementId=1223284721&orgId=9900041628&announcementTime=2025-04-25,2025-04-28,2025-07-25,0.225356
688787,海天瑞声,2024,2025-04-26,海天瑞声2024年年度报告,http://www.cninfo.com.cn/new/disclosure/detail?stockCode=688787&announcementId=1223328731&orgId=9900039125&announcementTime=2025-04-26,2025-04-28,2025-07-25,0.639466
688788,科思科技,2024,2025-04-25,2024年年度报告,http://www.cninfo.com.cn/new/disclosure/detail?stockCode=688788&announcementId=1223284788&orgId=9900041758&announcementTime=2025-04-25,2025-04-28,2025-07-25,0.046191
688789,宏华数科,2024,2025-04-26,杭州宏华数码科技股份有限公司2024年年度报告,http://www.cninfo.com.cn/new/disclosure/detail?stockCode=688789&announcementId=1223326047&orgId=9900023013&announcementTime=2025-04-26,2025-04-28,2025-07-25,0.070826
688793,倍轻松,2024,2025-04-29,2024年年度报告,http://www.cninfo.com.cn/new/disclosure/detail?stockCode=688793&announcementId=1223392700&orgId=gfbj0837027&announcementTime=2025-04-29,2025-04-30,2025-07-29,0.214084
688799,华纳药厂,2024,2025-04-22,2024年年度报告,http://www.cninfo.com.cn/new/disclosure/detail?stockCode=688799&announcementId=1223193781&orgId=9900033718&announcementTime=2025-04-22,2025-04-23,2025-07-22,0.785584
688798,艾为电子,2024,2025-04-10,艾为电子2024年年度报告,http://www.cninfo.com.cn/new/disclosure/detail?stockCode=688798&announcementId=1223046125&orgId=gfbj0833221&announcementTime=2025-04-10,2025-04-11,2025-07-10,0.061685
688819,天能股份,2024,2025-03-28,天能电池集团股份有限公司2024年年度报告,http://www.cninfo.com.cn/new/disclosure/detail?stockCode=688819&announcementId=1222925993&orgId=9900041888&announcementTime=2025-03-28,2025-03-31,2025-06-30,-0.000659
688800,瑞可达,2024,2025-04-15,2024年年度报告,http://www.cninfo.com.cn/new/disclosure/detail?stockCode=688800&announcementId=1223095502&orgId=gfbj0831274&announcementTime=2025-04-15,2025-04-16,2025-07-15,0.454007
689009,九号公司,2024,2025-04-12,九号有限公司2024年年度报告,http://www.cninfo.com.cn/new/disclosure/detail?stockCode=689009&announcementId=1223072410&orgId=9900039199&announcementTime=2025-04-12,2025-04-14,2025-07-11,0.014756
688981,中芯国际,2024,2025-03-28,中芯国际2024年年度报告,http://www.cninfo.com.cn/new/disclosure/detail?stockCode=688981&announcementId=1222924320&orgId=gshk0000981&announcementTime=2025-03-28,2025-03-31,2025-06-30,-0.02456
