symbol,name,report_year,disclosure_date,pdf_title,pdf_url,buy_date,sell_date,future_return
000001,平安银行,2021,2022-03-10,2021年年度报告,http://www.cninfo.com.cn/new/disclosure/detail?stockCode=000001&announcementId=1212533413&orgId=gssz0000001&announcementTime=2022-03-10,2022-03-11,2022-06-13,-0.034027
000002,万  科Ａ,2021,2022-03-31,2021年年度报告,http://www.cninfo.com.cn/new/disclosure/detail?stockCode=000002&announcementId=1212750450&orgId=gssz0000002&announcementTime=2022-03-31,2022-04-01,2022-07-04,0.066488
000004,*ST国华,2021,2022-04-30,2021年年度报告,http://www.cninfo.com.cn/new/disclosure/detail?stockCode=000004&announcementId=1213274256&orgId=gssz0000004&announcementTime=2022-04-30 16:34:49,2022-05-06,2022-08-01,-0.225906
000006,深振业Ａ,2021,2022-04-16,2021年年度报告,http://www.cninfo.com.cn/new/disclosure/detail?stockCode=000006&announcementId=1212943740&orgId=gssz0000006&announcementTime=2022-04-16,2022-04-18,2022-07-15,-0.12931
000007,全新好,2021,2022-04-30,2021年年度报告,http://www.cninfo.com.cn/new/disclosure/detail?stockCode=000007&announcementId=1213265897&orgId=gssz0000007&announcementTime=2022-04-30,2022-05-05,2022-08-01,0.062769
000008,神州高铁,2021,2022-04-29,2021年年度报告,http://www.cninfo.com.cn/new/disclosure/detail?stockCode=000008&announcementId=1213213656&orgId=gssz0000008&announcementTime=2022-04-29,2022-05-05,2022-07-29,0.135075
000009,中国宝安,2021,2022-03-31,2021年年度报告,http://www.cninfo.com.cn/new/disclosure/detail?stockCode=000009&announcementId=1212752790&orgId=gssz0000009&announcementTime=2022-03-31,2022-04-01,2022-07-04,0.246834
000010,美丽生态,2021,2022-04-28,2021年年度报告,http://www.cninfo.com.cn/new/disclosure/detail?stockCode=000010&announcementId=1213158839&orgId=gssz0000010&announcementTime=2022-04-28,2022-04-29,2022-07-28,0.343984
000011,深物业A,2021,2022-03-30,2021年年度报告,http://www.cninfo.com.cn/new/disclosure/detail?stockCode=000011&announcementId=1212727684&orgId=gssz0000011&announcementTime=2022-03-30,2022-03-31,2022-07-01,0.086957
000012,南  玻Ａ,2021,2022-04-25,2021年年度报告,http://www.cninfo.com.cn/new/disclosure/detail?stockCode=000012&announcementId=1213059469&orgId=gssz0000012&announcementTime=2022-04-25,2022-04-26,2022-07-25,0.103864
000014,沙河股份,2021,2022-03-31,2021年年度报告,http://www.cninfo.com.cn/new/disclosure/detail?stockCode=000014&announcementId=1212745865&orgId=gssz0000014&announcementTime=2022-03-31,2022-04-01,2022-07-04,-0.182475
000016,深康佳Ａ,2021,2022-03-30,2021年年度报告,http://www.cninfo.com.cn/new/disclosure/detail?stockCode=000016&announcementId=1212725368&orgId=gssz0000016&announcementTime=2022-03-30,2022-03-31,2022-07-01,0.189919
000019,深粮控股,2021,2022-04-26,2021年年度报告,http://www.cninfo.com.cn/new/disclosure/detail?stockCode=000019&announcementId=1213109169&orgId=gssz0000019&announcementTime=2022-04-26,2022-04-27,2022-07-26,0.129256
000017,深中华A,2021,2022-04-26,2021年年度报告,http://www.cninfo.com.cn/new/disclosure/detail?stockCode=000017&announcementId=1213118941&orgId=gssz0000017&announcementTime=2022-04-26,2022-04-27,2022-07-26,0.559621
000021,深科技,2021,2022-04-21,2021年年度报告,http://www.cninfo.com.cn/new/disclosure/detail?stockCode=000021&announcementId=1213001411&orgId=gssz0000021&announcementTime=2022-04-21,2022-04-22,2022-07-21,0.192697
000020,深华发Ａ,2021,2022-04-26,2021年年度报告,http://www.cninfo.com.cn/new/disclosure/detail?stockCode=000020&announcementId=1213102215&orgId=gssz0000020&announcementTime=2022-04-26,2022-04-27,2022-07-26,0.232116
000025,特  力Ａ,2021,2022-04-08,2021年年度报告,http://www.cninfo.com.cn/new/disclosure/detail?stockCode=000025&announcementId=1212840440&orgId=gssz0000025&announcementTime=2022-04-08,2022-04-11,2022-07-08,0.893742
000026,飞亚达,2021,2022-03-10,2021年年度报告,http://www.cninfo.com.cn/new/disclosure/detail?stockCode=000026&announcementId=1212535940&orgId=gssz0000026&announcementTime=2022-03-10,2022-03-11,2022-06-13,0.035284
000027,深圳能源,2021,2022-04-22,2021年年度报告,http://www.cninfo.com.cn/new/disclosure/detail?stockCode=000027&announcementId=1213028283&orgId=gssz0000027&announcementTime=2022-04-22,2022-04-25,2022-07-22,0.112488
000028,国药一致,2021,2022-03-30,2021年年度报告,http://www.cninfo.com.cn/new/disclosure/detail?stockCode=000028&announcementId=1212727082&orgId=gssz0000028&announcementTime=2022-03-30,2022-03-31,2022-07-01,-0.092504
000030,富奥股份,2021,2022-04-20,2021年年度报告,http://www.cninfo.com.cn/new/disclosure/detail?stockCode=000030&announcementId=1212978956&orgId=gssz0000030&announcementTime=2022-04-20,2022-04-21,2022-07-20,0.122141
000031,大悦城,2021,2022-04-12,2021年年度报告,http://www.cninfo.com.cn/new/disclosure/detail?stockCode=000031&announcementId=1212886659&orgId=gssz0000031&announcementTime=2022-04-12,2022-04-13,2022-07-12,-0.153233
000032,深桑达Ａ,2021,2022-04-22,2021年年度报告,http://www.cninfo.com.cn/new/disclosure/detail?stockCode=000032&announcementId=1213027903&orgId=gssz0000032&announcementTime=2022-04-22,2022-04-25,2022-07-22,-0.007206
000034,神州数码,2021,2022-03-29,2021年年度报告,http://www.cninfo.com.cn/new/disclosure/detail?stockCode=000034&announcementId=1212716482&orgId=gssz0000034&announcementTime=2022-03-29,2022-03-30,2022-06-30,0.0718
000035,中国天楹,2021,2022-03-31,2021年年度报告,http://www.cninfo.com.cn/new/disclosure/detail?stockCode=000035&announcementId=1212745954&orgId=gssz0000035&announcementTime=2022-03-31,2022-04-01,2022-07-04,0.1014
000036,华联控股,2021,2022-04-29,2021年年度报告,http://www.cninfo.com.cn/new/disclosure/detail?stockCode=000036&announcementId=1213201697&orgId=gssz0000036&announcementTime=2022-04-29,2022-05-05,2022-07-29,-0.019389
000037,深南电A,2021,2022-03-25,2021年年度报告,http://www.cninfo.com.cn/new/disclosure/detail?stockCode=000037&announcementId=1212667344&orgId=gssz0000037&announcementTime=2022-03-25,2022-03-28,2022-06-28,0.297708
000039,中集集团,2021,2022-03-29,2021年年度报告,http://www.cninfo.com.cn/new/disclosure/detail?stockCode=000039&announcementId=1212710745&orgId=gssz0000039&announcementTime=2022-03-29,2022-03-30,2022-06-30,0.012423
000042,中洲控股,2021,2022-04-13,2021年年度报告,http://www.cninfo.com.cn/new/disclosure/detail?stockCode=000042&announcementId=1212898226&orgId=gssz0000042&announcementTime=2022-04-13,2022-04-14,2022-07-13,0.08751
000045,深纺织Ａ,2021,2022-03-17,2021年年度报告,http://www.cninfo.com.cn/new/disclosure/detail?stockCode=000045&announcementId=1212591626&orgId=gssz0000045&announcementTime=2022-03-17,2022-03-18,2022-06-20,-0.084768
000048,京基智农,2021,2022-03-16,2021年年度报告,http://www.cninfo.com.cn/new/disclosure/detail?stockCode=000048&announcementId=1212582122&orgId=gssz0000048&announcementTime=2022-03-16,2022-03-17,2022-06-17,-0.010568
000049,德赛电池,2021,2022-03-30,2021年年度报告,http://www.cninfo.com.cn/new/disclosure/detail?stockCode=000049&announcementId=1212728451&orgId=gssz0000049&announcementTime=2022-03-30,2022-03-31,2022-07-01,0.226921
000050,深天马Ａ,2021,2022-03-15,2021年年度报告,http://www.cninfo.com.cn/new/disclosure/detail?stockCode=000050&announcementId=1212568739&orgId=gssz0000050&announcementTime=2022-03-15,2022-03-16,2022-06-16,-0.064239
000056,皇庭国际,2021,2022-04-28,2021年年度报告,http://www.cninfo.com.cn/new/disclosure/detail?stockCode=000056&announcementId=1213175395&orgId=gssz0000056&announcementTime=2022-04-28,2022-04-29,2022-07-28,0.147678
000055,方大集团,2021,2022-03-30,2021年年度报告,http://www.cninfo.com.cn/new/disclosure/detail?stockCode=000055&announcementId=1212725894&orgId=gssz0000055&announcementTime=2022-03-30,2022-03-31,2022-07-01,-0.010653
000059,华锦股份,2021,2022-04-13,2021年年度报告,http://www.cninfo.com.cn/new/disclosure/detail?stockCode=000059&announcementId=1212897106&orgId=gssz0000059&announcementTime=2022-04-13,2022-04-14,2022-07-13,-0.109361
000058,深 赛 格,2021,2022-03-18,2021年年度报告,http://www.cninfo.com.cn/new/disclosure/detail?stockCode=000058&announcementId=1212608393&orgId=gssz0000058&announcementTime=2022-03-18,2022-03-21,2022-06-21,0.003186
000060,中金岭南,2021,2022-03-29,2021年年度报告,http://www.cninfo.com.cn/new/disclosure/detail?stockCode=000060&announcementId=1212711064&orgId=gssz0000060&announcementTime=2022-03-29,2022-03-30,2022-06-30,0.015485
000061,农 产 品,2021,2022-04-26,2021年年度报告,http://www.cninfo.com.cn/new/disclosure/detail?stockCode=000061&announcementId=1213118045&orgId=gssz0000061&announcementTime=2022-04-26,2022-04-27,2022-07-26,0.021323
000062,深圳华强,2021,2022-03-11,2021年年度报告,http://www.cninfo.com.cn/new/disclosure/detail?stockCode=000062&announcementId=1212541487&orgId=gssz0000062&announcementTime=2022-03-11,2022-03-14,2022-06-14,-0.053814
000063,中兴通讯,2021,2022-03-09,2021年年度报告,http://www.cninfo.com.cn/new/disclosure/detail?stockCode=000063&announcementId=1212529495&orgId=gssz0000063&announcementTime=2022-03-09,2022-03-10,2022-06-10,-0.042846
000065,北方国际,2021,2022-04-30,2021年年度报告,http://www.cninfo.com.cn/new/disclosure/detail?stockCode=000065&announcementId=1213257199&orgId=gssz0000065&announcementTime=2022-04-30,2022-05-05,2022-07-29,0.077638
000066,中国长城,2021,2022-04-30,2021年年度报告,http://www.cninfo.com.cn/new/disclosure/detail?stockCode=000066&announcementId=1213249559&orgId=gssz0000066&announcementTime=2022-04-30,2022-05-05,2022-07-29,0.097047
000068,华控赛格,2021,2022-03-05,2021年年度报告,http://www.cninfo.com.cn/new/disclosure/detail?stockCode=000068&announcementId=1212512239&orgId=gssz0000068&announcementTime=2022-03-05,2022-03-07,2022-06-07,0.0961
000069,华侨城Ａ,2021,2022-03-31,2021年年度报告,http://www.cninfo.com.cn/new/disclosure/detail?stockCode=000069&announcementId=1212757289&orgId=gssz0000069&announcementTime=2022-03-31,2022-04-01,2022-07-04,-0.161901
000070,特发信息,2021,2022-04-30,2021年年度报告,http://www.cninfo.com.cn/new/disclosure/detail?stockCode=000070&announcementId=1213271122&orgId=gssz0000070&announcementTime=2022-04-30,2022-05-05,2022-07-29,0.434783
000078,海王生物,2021,2022-04-29,2021年年度报告,http://www.cninfo.com.cn/new/disclosure/detail?stockCode=000078&announcementId=1213202012&orgId=gssz0000078&announcementTime=2022-04-29,2022-05-05,2022-07-29,0.099772
000088,盐 田 港,2021,2022-04-09,2021年年度报告,http://www.cninfo.com.cn/new/disclosure/detail?stockCode=000088&announcementId=1212854858&orgId=gssz0000088&announcementTime=2022-04-09,2022-04-11,2022-07-08,-0.063078
000089,深圳机场,2021,2022-04-09,2021年年度报告,http://www.cninfo.com.cn/new/disclosure/detail?stockCode=000089&announcementId=1212857408&orgId=gssz0000089&announcementTime=2022-04-09,2022-04-11,2022-07-08,-0.018415
000090,天健集团,2021,2022-04-16,2021年年度报告,http://www.cninfo.com.cn/new/disclosure/detail?stockCode=000090&announcementId=1212941883&orgId=gssz0000090&announcementTime=2022-04-16,2022-04-18,2022-07-15,-0.073664
000099,中信海直,2021,2022-03-28,2021年年度报告,http://www.cninfo.com.cn/new/disclosure/detail?stockCode=000099&announcementId=1212687423&orgId=gssz0000099&announcementTime=2022-03-28,2022-03-29,2022-06-29,0.151434
000096,广聚能源,2021,2022-04-12,2021年年度报告,http://www.cninfo.com.cn/new/disclosure/detail?stockCode=000096&announcementId=1212882308&orgId=gssz0000096&announcementTime=2022-04-12,2022-04-13,2022-07-12,0.069523
000100,TCL科技,2021,2022-04-28,2021年年度报告,http://www.cninfo.com.cn/new/disclosure/detail?stockCode=000100&announcementId=1213177032&orgId=gssz0000100&announcementTime=2022-04-28,2022-04-29,2022-07-28,0.112623
000151,中成股份,2021,2022-04-23,2021年年度报告,http://www.cninfo.com.cn/new/disclosure/detail?stockCode=000151&announcementId=1213062021&orgId=gssz0000151&announcementTime=2022-04-23,2022-04-25,2022-07-22,0.46911
000153,丰原药业,2021,2022-04-29,2021年年度报告,http://www.cninfo.com.cn/new/disclosure/detail?stockCode=000153&announcementId=1213211082&orgId=gssz0000153&announcementTime=2022-04-29,2022-05-05,2022-07-29,0.101257
000155,川能动力,2021,2022-04-21,2021年年度报告,http://www.cninfo.com.cn/new/disclosure/detail?stockCode=000155&announcementId=1213000861&orgId=gssz0000155&announcementTime=2022-04-21,2022-04-22,2022-08-04,0.380538
000156,华数传媒,2021,2022-04-29,2021年年度报告,http://www.cninfo.com.cn/new/disclosure/detail?stockCode=000156&announcementId=1213210132&orgId=gssz0000156&announcementTime=2022-04-29,2022-05-05,2022-07-29,0.00489
000157,中联重科,2021,2022-03-31,2021年年度报告,http://www.cninfo.com.cn/new/disclosure/detail?stockCode=000157&announcementId=1212746809&orgId=gssz0000157&announcementTime=2022-03-31,2022-04-01,2022-07-04,-0.022728
000158,常山北明,2021,2022-04-16,2021年年度报告,http://www.cninfo.com.cn/new/disclosure/detail?stockCode=000158&announcementId=1212942085&orgId=gssz0000158&announcementTime=2022-04-16,2022-04-18,2022-07-15,-0.088545
000159,国际实业,2021,2022-04-12,2021年年度报告,http://www.cninfo.com.cn/new/disclosure/detail?stockCode=000159&announcementId=1212882874&orgId=gssz0000159&announcementTime=2022-04-12,2022-04-13,2022-07-12,0.159574
000166,申万宏源,2021,2022-03-31,2021年年度报告,http://www.cninfo.com.cn/new/disclosure/detail?stockCode=000166&announcementId=1212752277&orgId=qsgn0000301&announcementTime=2022-03-31,2022-04-01,2022-07-04,-0.030864
000333,美的集团,2021,2022-04-30,2021年年度报告,http://www.cninfo.com.cn/new/disclosure/detail?stockCode=000333&announcementId=1213264815&orgId=9900005965&announcementTime=2022-04-30,2022-05-05,2022-07-29,-0.022808
000301,东方盛虹,2021,2022-04-19,2021年年度报告,http://www.cninfo.com.cn/new/disclosure/detail?stockCode=000301&announcementId=1212962265&orgId=gssz0000301&announcementTime=2022-04-19,2022-04-20,2022-07-19,0.227875
000338,潍柴动力,2021,2022-03-31,2021年年度报告,http://www.cninfo.com.cn/new/disclosure/detail?stockCode=000338&announcementId=1212750799&orgId=9900002961&announcementTime=2022-03-31,2022-04-01,2022-07-04,-0.037166
000400,许继电气,2021,2022-04-26,2021年年度报告,http://www.cninfo.com.cn/new/disclosure/detail?stockCode=000400&announcementId=1213108981&orgId=gssz0000400&announcementTime=2022-04-26,2022-04-27,2022-07-26,0.547175
000401,金隅冀东,2021,2022-03-17,2021年年度报告,http://www.cninfo.com.cn/new/disclosure/detail?stockCode=000401&announcementId=1212592835&orgId=gssz0000401&announcementTime=2022-03-17,2022-03-18,2022-06-20,-0.018519
000402,金 融 街,2021,2022-03-31,2021年年度报告,http://www.cninfo.com.cn/new/disclosure/detail?stockCode=000402&announcementId=1212750976&orgId=gssz0000402&announcementTime=2022-03-31,2022-04-01,2022-07-04,-0.027937
000403,派林生物,2021,2022-04-30,2021年年度报告,http://www.cninfo.com.cn/new/disclosure/detail?stockCode=000403&announcementId=1213258114&orgId=gssz0000403&announcementTime=2022-04-30,2022-05-05,2022-07-29,0.070204
000404,长虹华意,2021,2022-03-30,2021年年度报告,http://www.cninfo.com.cn/new/disclosure/detail?stockCode=000404&announcementId=1212725753&orgId=gssz0000404&announcementTime=2022-03-30,2022-03-31,2022-07-01,0.188162
000407,胜利股份,2021,2022-03-19,2021年年度报告,http://www.cninfo.com.cn/new/disclosure/detail?stockCode=000407&announcementId=1212625615&orgId=gssz0000407&announcementTime=2022-03-19,2022-03-21,2022-06-21,-0.060627
000408,藏格矿业,2021,2022-03-11,2021年年度报告,http://www.cninfo.com.cn/new/disclosure/detail?stockCode=000408&announcementId=1212540184&orgId=gssz0000408&announcementTime=2022-03-11,2022-03-14,2022-06-14,-0.025305
000409,云鼎科技,2021,2022-03-25,2021年年度报告,http://www.cninfo.com.cn/new/disclosure/detail?stockCode=000409&announcementId=1212671962&orgId=gssz0000409&announcementTime=2022-03-25,2022-03-28,2022-06-28,-0.122093
000411,英特集团,2021,2022-04-20,2021年年度报告,http://www.cninfo.com.cn/new/disclosure/detail?stockCode=000411&announcementId=1212973555&orgId=gssz0000411&announcementTime=2022-04-20,2022-04-21,2022-08-03,-0.084838
000410,沈阳机床,2021,2022-04-16,2021年年度报告,http://www.cninfo.com.cn/new/disclosure/detail?stockCode=000410&announcementId=1212943999&orgId=gssz0000410&announcementTime=2022-04-16,2022-04-19,2022-07-18,0.16091
000417,合百集团,2021,2022-04-09,2021年年度报告,http://www.cninfo.com.cn/new/disclosure/detail?stockCode=000417&announcementId=1212854934&orgId=gssz0000417&announcementTime=2022-04-09,2022-04-11,2022-07-08,-0.028065
000415,渤海租赁,2021,2022-04-30,2021年年度报告,http://www.cninfo.com.cn/new/disclosure/detail?stockCode=000415&announcementId=1213265873&orgId=gssz0000415&announcementTime=2022-04-30,2022-05-05,2022-07-29,0.059058
000419,通程控股,2021,2022-04-23,2021年年度报告,http://www.cninfo.com.cn/new/disclosure/detail?stockCode=000419&announcementId=1213053771&orgId=gssz0000419&announcementTime=2022-04-23,2022-04-25,2022-07-22,-0.001923
000420,吉林化纤,2021,2022-05-28,2021年年度报告,http://www.cninfo.com.cn/new/disclosure/detail?stockCode=000420&announcementId=1213526742&orgId=gssz0000420&announcementTime=2022-05-28,2022-05-30,2022-08-23,0.297594
000421,南京公用,2021,2022-04-15,2021年年度报告,http://www.cninfo.com.cn/new/disclosure/detail?stockCode=000421&announcementId=1212918166&orgId=gssz0000421&announcementTime=2022-04-15,2022-04-18,2022-07-15,-0.06412
000422,湖北宜化,2021,2022-04-09,2021年年度报告,http://www.cninfo.com.cn/new/disclosure/detail?stockCode=000422&announcementId=1212858037&orgId=gssz0000422&announcementTime=2022-04-09,2022-04-11,2022-07-08,-0.121672
000425,徐工机械,2021,2022-04-19,2021年年度报告,http://www.cninfo.com.cn/new/disclosure/detail?stockCode=000425&announcementId=1212958957&orgId=gssz0000425&announcementTime=2022-04-19,2022-04-20,2022-07-20,0.02988
000423,东阿阿胶,2021,2022-03-26,2021年年度报告,http://www.cninfo.com.cn/new/disclosure/detail?stockCode=000423&announcementId=1212685160&orgId=gssz0000423&announcementTime=2022-03-26,2022-03-28,2022-06-28,0.076425
000426,兴业银锡,2021,2022-04-30,2021年年度报告,http://www.cninfo.com.cn/new/disclosure/detail?stockCode=000426&announcementId=1213259982&orgId=gssz0000426&announcementTime=2022-04-30,2022-05-05,2022-07-29,0.166091
000428,华天酒店,2021,2022-04-15,2021年年度报告,http://www.cninfo.com.cn/new/disclosure/detail?stockCode=000428&announcementId=1212923157&orgId=gssz0000428&announcementTime=2022-04-15,2022-04-18,2022-07-15,0.004524
000430,*ST张股,2021,2022-04-25,2021年年度报告,http://www.cninfo.com.cn/new/disclosure/detail?stockCode=000430&announcementId=1213048969&orgId=gssz0000430&announcementTime=2022-04-25,2022-04-26,2022-07-25,0.180737
000429,粤高速Ａ,2021,2022-03-16,2021年年度报告,http://www.cninfo.com.cn/new/disclosure/detail?stockCode=000429&announcementId=1212581224&orgId=gssz0000429&announcementTime=2022-03-16,2022-03-17,2022-06-17,0.103976
000488,ST晨鸣,2021,2022-03-31,2021年年度报告,http://www.cninfo.com.cn/new/disclosure/detail?stockCode=000488&announcementId=1212748493&orgId=gssz0000488&announcementTime=2022-03-31,2022-04-01,2022-07-04,-0.116388
000498,山东路桥,2021,2022-04-26,2021年年度报告,http://www.cninfo.com.cn/new/disclosure/detail?stockCode=000498&announcementId=1213116566&orgId=gssz0000498&announcementTime=2022-04-26,2022-04-27,2022-07-26,0.055342
000501,武商集团,2021,2022-03-31,2021年年度报告,http://www.cninfo.com.cn/new/disclosure/detail?stockCode=000501&announcementId=1212744289&orgId=gssz0000501&announcementTime=2022-03-31,2022-04-01,2022-07-04,0.086264
000503,国新健康,2021,2022-04-30,2021年年度报告,http://www.cninfo.com.cn/new/disclosure/detail?stockCode=000503&announcementId=1213263840&orgId=gssz0000503&announcementTime=2022-04-30,2022-05-05,2022-07-29,0.155221
000504,*ST生物,2021,2022-04-30,2021年年度报告,http://www.cninfo.com.cn/new/disclosure/detail?stockCode=000504&announcementId=1213260126&orgId=gssz0000504&announcementTime=2022-04-30,2022-05-05,2022-07-29,0.237908
000505,京粮控股,2021,2022-03-31,2021年年度报告,http://www.cninfo.com.cn/new/disclosure/detail?stockCode=000505&announcementId=1212747618&orgId=gssz0000505&announcementTime=2022-03-31,2022-04-01,2022-07-04,-0.230434
000506,招金黄金,2021,2022-04-29,2021年年度报告,http://www.cninfo.com.cn/new/disclosure/detail?stockCode=000506&announcementId=1213217688&orgId=gssz0000506&announcementTime=2022-04-29,2022-05-05,2022-07-29,0.252903
000507,珠海港,2021,2022-04-27,2021年年度报告,http://www.cninfo.com.cn/new/disclosure/detail?stockCode=000507&announcementId=1213142101&orgId=gssz0000507&announcementTime=2022-04-27,2022-04-28,2022-07-27,0.117332
000510,新金路,2021,2022-04-27,2021年年度报告,http://www.cninfo.com.cn/new/disclosure/detail?stockCode=000510&announcementId=1213132660&orgId=gssz0000510&announcementTime=2022-04-27,2022-04-28,2022-07-27,0.106337
000513,丽珠集团,2021,2022-03-29,2021年年度报告,http://www.cninfo.com.cn/new/disclosure/detail?stockCode=000513&announcementId=1212709566&orgId=gssz0000513&announcementTime=2022-03-29,2022-03-30,2022-06-30,-0.034466
000514,渝 开 发,2021,2022-03-26,2021年年度报告,http://www.cninfo.com.cn/new/disclosure/detail?stockCode=000514&announcementId=1212688336&orgId=gssz0000514&announcementTime=2022-03-26,2022-03-28,2022-06-28,0.092831
000516,国际医学,2021,2022-04-28,2021年年度报告,http://www.cninfo.com.cn/new/disclosure/detail?stockCode=000516&announcementId=1213174362&orgId=gssz0000516&announcementTime=2022-04-28,2022-04-29,2022-07-28,0.383825
000517,荣安地产,2021,2022-04-30,2021年年度报告,http://www.cninfo.com.cn/new/disclosure/detail?stockCode=000517&announcementId=1213248505&orgId=gssz0000517&announcementTime=2022-04-30,2022-05-05,2022-07-29,0.018916
000519,中兵红箭,2021,2022-04-19,2021年年度报告,http://www.cninfo.com.cn/new/disclosure/detail?stockCode=000519&announcementId=1212965056&orgId=gssz0000519&announcementTime=2022-04-19,2022-04-20,2022-07-19,0.436396
000518,*ST四环,2021,2022-04-28,2021年年度报告,http://www.cninfo.com.cn/new/disclosure/detail?stockCode=000518&announcementId=1213161824&orgId=gssz0000518&announcementTime=2022-04-28,2022-04-29,2022-07-28,0.128292
000521,长虹美菱,2021,2022-03-31,2021年年度报告,http://www.cninfo.com.cn/new/disclosure/detail?stockCode=000521&announcementId=1212751378&orgId=gssz0000521&announcementTime=2022-03-31,2022-04-01,2022-07-04,0.074512
000520,凤凰航运,2021,2022-03-18,2021年年度报告,http://www.cninfo.com.cn/new/disclosure/detail?stockCode=000520&announcementId=1212607284&orgId=gssz0000520&announcementTime=2022-03-18,2022-03-21,2022-06-21,-0.127981
000524,岭南控股,2021,2022-03-22,2021年年度报告,http://www.cninfo.com.cn/new/disclosure/detail?stockCode=000524&announcementId=1212635054&orgId=gssz0000524&announcementTime=2022-03-22,2022-03-23,2022-06-23,-0.175332
000523,红棉股份,2021,2022-04-30,2021年年度报告,http://www.cninfo.com.cn/new/disclosure/detail?stockCode=000523&announcementId=1213267587&orgId=gssz0000523&announcementTime=2022-04-30,2022-05-05,2022-08-01,0.2
000526,学大教育,2021,2022-04-26,2021年年度报告,http://www.cninfo.com.cn/new/disclosure/detail?stockCode=000526&announcementId=1213118659&orgId=gssz0000526&announcementTime=2022-04-26,2022-04-27,2022-07-26,-0.069065
000525,红太阳,2021,2022-04-30,2021年年度报告,http://www.cninfo.com.cn/new/disclosure/detail?stockCode=000525&announcementId=1213264698&orgId=gssz0000525&announcementTime=2022-04-30,2022-05-05,2022-07-29,0.382189
000529,广弘控股,2021,2022-04-28,2021年年度报告,http://www.cninfo.com.cn/new/disclosure/detail?stockCode=000529&announcementId=1213168682&orgId=gssz0000529&announcementTime=2022-04-28,2022-04-29,2022-07-28,0.146588
000528,柳    工,2021,2022-03-31,2021年年度报告,http://www.cninfo.com.cn/new/disclosure/detail?stockCode=000528&announcementId=1212752303&orgId=gssz0000528&announcementTime=2022-03-31,2022-04-01,2022-07-04,0.037151
000531,穗恒运Ａ,2021,2022-04-09,2021年年度报告,http://www.cninfo.com.cn/new/disclosure/detail?stockCode=000531&announcementId=1212857318&orgId=gssz0000531&announcementTime=2022-04-09,2022-04-11,2022-07-08,0.113895
000530,冰山冷热,2021,2022-04-23,2021年年度报告,http://www.cninfo.com.cn/new/disclosure/detail?stockCode=000530&announcementId=1213060612&orgId=gssz0000530&announcementTime=2022-04-23,2022-04-25,2022-07-22,0.349622
000533,顺钠股份,2021,2022-03-29,2021年年度报告,http://www.cninfo.com.cn/new/disclosure/detail?stockCode=000533&announcementId=1212709241&orgId=gssz0000533&announcementTime=2022-03-29,2022-03-30,2022-06-30,0.011097
000532,华金资本,2021,2022-03-24,2021年年度报告,http://www.cninfo.com.cn/new/disclosure/detail?stockCode=000532&announcementId=1212651672&orgId=gssz0000532&announcementTime=2022-03-24,2022-03-25,2022-06-27,0.040616
000534,万泽股份,2021,2022-03-28,2021年年度报告,http://www.cninfo.com.cn/new/disclosure/detail?stockCode=000534&announcementId=1212686761&orgId=gssz0000534&announcementTime=2022-03-28,2022-03-29,2022-06-29,0.018543
000536,华映科技,2021,2022-04-29,2021年年度报告,http://www.cninfo.com.cn/new/disclosure/detail?stockCode=000536&announcementId=1213217958&orgId=gssz0000536&announcementTime=2022-04-29,2022-05-05,2022-07-29,0.149701
000537,绿发电力,2021,2022-04-29,2021年年度报告,http://www.cninfo.com.cn/new/disclosure/detail?stockCode=000537&announcementId=1213204162&orgId=gssz0000537&announcementTime=2022-04-29,2022-05-05,2022-07-29,0.187387
000538,云南白药,2021,2022-03-26,2021年年度报告,http://www.cninfo.com.cn/new/disclosure/detail?stockCode=000538&announcementId=1212688576&orgId=gssz0000538&announcementTime=2022-03-26,2022-03-28,2022-06-28,0.059039
000539,粤电力Ａ,2021,2022-04-22,2021年年度报告,http://www.cninfo.com.cn/new/disclosure/detail?stockCode=000539&announcementId=1213021056&orgId=gssz0000539&announcementTime=2022-04-22,2022-04-25,2022-07-22,-0.022888
000541,佛山照明,2021,2022-04-01,2021年年度报告,http://www.cninfo.com.cn/new/disclosure/detail?stockCode=000541&announcementId=1212769001&orgId=gssz0000541&announcementTime=2022-04-01,2022-04-06,2022-07-05,0.015878
000543,皖能电力,2021,2022-04-28,2021年年度报告,http://www.cninfo.com.cn/new/disclosure/detail?stockCode=000543&announcementId=1213168347&orgId=gssz0000543&announcementTime=2022-04-28,2022-04-29,2022-07-28,0.240275
000544,中原环保,2021,2022-03-26,2021年年度报告,http://www.cninfo.com.cn/new/disclosure/detail?stockCode=000544&announcementId=1212684437&orgId=gssz0000544&announcementTime=2022-03-26,2022-03-28,2022-06-28,-0.033718
000545,金浦钛业,2021,2022-04-29,2021年年度报告,http://www.cninfo.com.cn/new/disclosure/detail?stockCode=000545&announcementId=1213204723&orgId=gssz0000545&announcementTime=2022-04-29,2022-05-05,2022-07-29,0.430789
000546,金圆股份,2021,2022-03-30,2021年年度报告,http://www.cninfo.com.cn/new/disclosure/detail?stockCode=000546&announcementId=1212730577&orgId=gssz0000546&announcementTime=2022-03-30,2022-03-31,2022-07-07,0.372528
000547,航天发展,2021,2022-04-26,2021年年度报告,http://www.cninfo.com.cn/new/disclosure/detail?stockCode=000547&announcementId=1213106641&orgId=gssz0000547&announcementTime=2022-04-26,2022-04-27,2022-07-26,0.363059
000548,湖南投资,2021,2022-04-02,2021年年度报告,http://www.cninfo.com.cn/new/disclosure/detail?stockCode=000548&announcementId=1212808601&orgId=gssz0000548&announcementTime=2022-04-02,2022-04-06,2022-07-05,-0.042515
000550,江铃汽车,2021,2022-03-30,2021年年度报告,http://www.cninfo.com.cn/new/disclosure/detail?stockCode=000550&announcementId=1212727390&orgId=gssz0000550&announcementTime=2022-03-30,2022-03-31,2022-07-01,0.143911
000551,创元科技,2021,2022-04-12,2021年年度报告,http://www.cninfo.com.cn/new/disclosure/detail?stockCode=000551&announcementId=1212883700&orgId=gssz0000551&announcementTime=2022-04-12,2022-04-13,2022-07-12,0.063643
000552,甘肃能化,2021,2022-03-02,2021年年度报告,http://www.cninfo.com.cn/new/disclosure/detail?stockCode=000552&announcementId=1212482764&orgId=gssz0000552&announcementTime=2022-03-02 00:00:00,2022-03-03,2022-06-17,0.132858
000553,安道麦A,2021,2022-03-31,2021年年度报告,http://www.cninfo.com.cn/new/disclosure/detail?stockCode=000553&announcementId=1212747054&orgId=gssz0000553&announcementTime=2022-03-31,2022-04-01,2022-07-04,0.572581
000554,泰山石油,2021,2022-04-28,2021年年度报告,http://www.cninfo.com.cn/new/disclosure/detail?stockCode=000554&announcementId=1213172084&orgId=gssz0000554&announcementTime=2022-04-28,2022-04-29,2022-07-28,0.272388
000555,神州信息,2021,2022-03-31,2021年年度报告,http://www.cninfo.com.cn/new/disclosure/detail?stockCode=000555&announcementId=1212750276&orgId=gssz0000555&announcementTime=2022-03-31,2022-04-01,2022-07-04,-0.102123
000557,西部创业,2021,2022-04-28,2021年年度报告,http://www.cninfo.com.cn/new/disclosure/detail?stockCode=000557&announcementId=1213161106&orgId=gssz0000557&announcementTime=2022-04-28,2022-04-29,2022-07-28,0.20342
000558,天府文旅,2021,2022-04-29,2021年年度报告,http://www.cninfo.com.cn/new/disclosure/detail?stockCode=000558&announcementId=1213213600&orgId=gssz0000558&announcementTime=2022-04-29,2022-05-05,2022-07-29,0.021661
000561,烽火电子,2021,2022-04-16,2021年年度报告,http://www.cninfo.com.cn/new/disclosure/detail?stockCode=000561&announcementId=1212943617&orgId=gssz0000561&announcementTime=2022-04-16,2022-04-18,2022-07-15,0.047409
000560,我爱我家,2021,2022-04-29,2021年年度报告,http://www.cninfo.com.cn/new/disclosure/detail?stockCode=000560&announcementId=1213221916&orgId=gssz0000560&announcementTime=2022-04-29,2022-05-05,2022-07-29,-0.066667
000564,供销大集,2021,2022-04-30,2021年年度报告,http://www.cninfo.com.cn/new/disclosure/detail?stockCode=000564&announcementId=1213267526&orgId=gssz0000564&announcementTime=2022-04-30,2022-05-05,2022-08-01,-0.099122
000563,陕国投Ａ,2021,2022-04-28,2021年年度报告,http://www.cninfo.com.cn/new/disclosure/detail?stockCode=000563&announcementId=1213165979&orgId=gssz0000563&announcementTime=2022-04-28,2022-04-29,2022-07-28,0.111883
000566,海南海药,2021,2022-04-27,2021年年度报告,http://www.cninfo.com.cn/new/disclosure/detail?stockCode=000566&announcementId=1213148916&orgId=gssz0000566&announcementTime=2022-04-27,2022-04-28,2022-07-27,0.176009
000565,渝三峡Ａ,2021,2022-03-31,2021年年度报告,http://www.cninfo.com.cn/new/disclosure/detail?stockCode=000565&announcementId=1212746587&orgId=gssz0000565&announcementTime=2022-03-31,2022-04-01,2022-07-04,0.06728
000567,海德股份,2021,2022-04-27,2021年年度报告,http://www.cninfo.com.cn/new/disclosure/detail?stockCode=000567&announcementId=1213138114&orgId=gssz0000567&announcementTime=2022-04-27,2022-04-28,2022-07-27,0.590763
000568,泸州老窖,2021,2022-04-29,2021年年度报告,http://www.cninfo.com.cn/new/disclosure/detail?stockCode=000568&announcementId=1213196184&orgId=gssz0000568&announcementTime=2022-04-29,2022-05-05,2022-07-29,0.065196
000571,新大洲Ａ,2021,2022-04-30,2021年年度报告,http://www.cninfo.com.cn/new/disclosure/detail?stockCode=000571&announcementId=1213265331&orgId=gssz0000571&announcementTime=2022-04-30,2022-05-05,2022-07-29,0.227157
000572,海马汽车,2021,2022-04-26,2021年年度报告,http://www.cninfo.com.cn/new/disclosure/detail?stockCode=000572&announcementId=1213118958&orgId=gssz0000572&announcementTime=2022-04-26,2022-04-27,2022-07-26,0.327145
000576,甘化科工,2021,2022-04-09,2021年年度报告,http://www.cninfo.com.cn/new/disclosure/detail?stockCode=000576&announcementId=1212854718&orgId=gssz0000576&announcementTime=2022-04-09,2022-04-11,2022-07-08,-0.127254
000573,粤宏远Ａ,2021,2022-04-14,2021年年度报告,http://www.cninfo.com.cn/new/disclosure/detail?stockCode=000573&announcementId=1212911763&orgId=gssz0000573&announcementTime=2022-04-14,2022-04-15,2022-07-14,-0.284868
000581,威孚高科,2021,2022-04-19,2021年年度报告,http://www.cninfo.com.cn/new/disclosure/detail?stockCode=000581&announcementId=1212958486&orgId=gssz0000581&announcementTime=2022-04-19,2022-04-20,2022-07-19,0.021582
000582,北部湾港,2021,2022-04-12,2021年年度报告,http://www.cninfo.com.cn/new/disclosure/detail?stockCode=000582&announcementId=1212887453&orgId=gssz0000582&announcementTime=2022-04-12,2022-04-13,2022-07-12,-0.361767
000586,汇源通信,2021,2022-03-09,2021年年度报告,http://www.cninfo.com.cn/new/disclosure/detail?stockCode=000586&announcementId=1212527115&orgId=gssz0000586&announcementTime=2022-03-09,2022-03-10,2022-06-10,-0.060909
000589,贵州轮胎,2021,2022-03-08,2021年年度报告,http://www.cninfo.com.cn/new/disclosure/detail?stockCode=000589&announcementId=1212522653&orgId=gssz0000589&announcementTime=2022-03-08,2022-03-09,2022-06-09,-0.004884
000590,古汉医药,2021,2022-03-31,2021年年度报告,http://www.cninfo.com.cn/new/disclosure/detail?stockCode=000590&announcementId=1212749756&orgId=gssz0000590&announcementTime=2022-03-31,2022-04-01,2022-07-04,-0.16868
000591,太阳能,2021,2022-04-15,2021年年度报告,http://www.cninfo.com.cn/new/disclosure/detail?stockCode=000591&announcementId=1212923687&orgId=gssz0000591&announcementTime=2022-04-15,2022-04-18,2022-07-15,0.166422
000592,平潭发展,2021,2022-04-27,2021年年度报告,http://www.cninfo.com.cn/new/disclosure/detail?stockCode=000592&announcementId=1213145510&orgId=gssz0000592&announcementTime=2022-04-27,2022-04-28,2022-07-27,0.131997
000593,德龙汇能,2021,2022-04-15,2021年年度报告,http://www.cninfo.com.cn/new/disclosure/detail?stockCode=000593&announcementId=1212923756&orgId=gssz0000593&announcementTime=2022-04-15,2022-04-18,2022-07-15,0.044064
000595,*ST宝实,2021,2022-04-20,2021年年度报告,http://www.cninfo.com.cn/new/disclosure/detail?stockCode=000595&announcementId=1212978747&orgId=gssz0000595&announcementTime=2022-04-20,2022-04-21,2022-07-20,0.647277
000596,古井贡酒,2021,2022-04-30,2021年年度报告,http://www.cninfo.com.cn/new/disclosure/detail?stockCode=000596&announcementId=1213253179&orgId=gssz0000596&announcementTime=2022-04-30,2022-05-05,2022-07-29,0.079094
000598,兴蓉环境,2021,2022-04-22,2021年年度报告,http://www.cninfo.com.cn/new/disclosure/detail?stockCode=000598&announcementId=1213023599&orgId=gssz0000598&announcementTime=2022-04-22,2022-04-25,2022-07-22,0.138949
000597,东北制药,2021,2022-03-31,2021年年度报告,http://www.cninfo.com.cn/new/disclosure/detail?stockCode=000597&announcementId=1212744868&orgId=gssz0000597&announcementTime=2022-03-31,2022-04-01,2022-07-04,-0.109277
000599,青岛双星,2021,2022-04-29,2021年年度报告,http://www.cninfo.com.cn/new/disclosure/detail?stockCode=000599&announcementId=1213214329&orgId=gssz0000599&announcementTime=2022-04-29,2022-05-05,2022-07-29,0.270354
000600,建投能源,2021,2022-04-21,2021年年度报告,http://www.cninfo.com.cn/new/disclosure/detail?stockCode=000600&announcementId=1213003369&orgId=gssz0000600&announcementTime=2022-04-21,2022-04-22,2022-07-21,0.325726
000601,韶能股份,2021,2022-04-30,2021年年度报告,http://www.cninfo.com.cn/new/disclosure/detail?stockCode=000601&announcementId=1213253343&orgId=gssz0000601&announcementTime=2022-04-30,2022-05-05,2022-07-29,0.503738
000603,盛达资源,2021,2022-04-26,2021年年度报告,http://www.cninfo.com.cn/new/disclosure/detail?stockCode=000603&announcementId=1213104264&orgId=gssz0000603&announcementTime=2022-04-26,2022-04-27,2022-07-26,0.064713
000605,渤海股份,2021,2022-04-30,2021年年度报告,http://www.cninfo.com.cn/new/disclosure/detail?stockCode=000605&announcementId=1213262676&orgId=gssz0000605&announcementTime=2022-04-30,2022-05-05,2022-07-29,0.303389
000607,华媒控股,2021,2022-04-30,2021年年度报告,http://www.cninfo.com.cn/new/disclosure/detail?stockCode=000607&announcementId=1213252282&orgId=gssz0000607&announcementTime=2022-04-30,2022-05-05,2022-07-29,-0.006724
000609,ST中迪,2021,2022-04-12,2021年年度报告,http://www.cninfo.com.cn/new/disclosure/detail?stockCode=000609&announcementId=1212886138&orgId=gssz0000609&announcementTime=2022-04-12,2022-04-13,2022-07-13,0.094539
000608,*ST阳光,2021,2022-03-19,2021年年度报告,http://www.cninfo.com.cn/new/disclosure/detail?stockCode=000608&announcementId=1212626413&orgId=gssz0000608&announcementTime=2022-03-19,2022-03-21,2022-06-21,-0.06573
000612,焦作万方,2021,2022-04-28,2021年年度报告,http://www.cninfo.com.cn/new/disclosure/detail?stockCode=000612&announcementId=1213166681&orgId=gssz0000612&announcementTime=2022-04-28,2022-04-29,2022-07-28,0.258297
000610,西安旅游,2021,2022-04-15,2021年年度报告,http://www.cninfo.com.cn/new/disclosure/detail?stockCode=000610&announcementId=1212923975&orgId=gssz0000610&announcementTime=2022-04-15,2022-04-18,2022-07-15,-0.010691
000615,*ST美谷,2021,2022-04-30,2021年年度报告,http://www.cninfo.com.cn/new/disclosure/detail?stockCode=000615&announcementId=1213267052&orgId=gssz0000615&announcementTime=2022-04-30,2022-05-05,2022-07-29,0.022283
000617,中油资本,2021,2022-04-02,2021年年度报告,http://www.cninfo.com.cn/new/disclosure/detail?stockCode=000617&announcementId=1212810890&orgId=gssz0000617&announcementTime=2022-04-02,2022-04-06,2022-07-05,-0.086887
000619,海螺新材,2021,2022-03-26,2021年年度报告,http://www.cninfo.com.cn/new/disclosure/detail?stockCode=000619&announcementId=1212688098&orgId=gssz0000619&announcementTime=2022-03-26,2022-03-28,2022-06-28,0.041922
000620,盈新发展,2021,2022-04-29,2021年年度报告,http://www.cninfo.com.cn/new/disclosure/detail?stockCode=000620&announcementId=1213212643&orgId=gssz0000620&announcementTime=2022-04-29,2022-05-05,2022-07-29,-0.164634
000623,吉林敖东,2021,2022-04-16,2021年年度报告,http://www.cninfo.com.cn/new/disclosure/detail?stockCode=000623&announcementId=1212942642&orgId=gssz0000623&announcementTime=2022-04-16,2022-04-18,2022-07-15,-0.130774
000625,长安汽车,2021,2022-04-28,2021年年度报告,http://www.cninfo.com.cn/new/disclosure/detail?stockCode=000625&announcementId=1213168425&orgId=gssz0000625&announcementTime=2022-04-28,2022-04-29,2022-07-28,1.233693
000626,远大控股,2021,2022-03-26,2021年年度报告,http://www.cninfo.com.cn/new/disclosure/detail?stockCode=000626&announcementId=1212845292&orgId=gssz0000626&announcementTime=2022-03-26,2022-03-28,2022-06-28,-0.216628
000630,铜陵有色,2021,2022-04-20,2021年年度报告,http://www.cninfo.com.cn/new/disclosure/detail?stockCode=000630&announcementId=1212973590&orgId=gssz0000630&announcementTime=2022-04-20,2022-04-21,2022-07-20,-0.177558
000631,顺发恒能,2021,2022-04-16,2021年年度报告,http://www.cninfo.com.cn/new/disclosure/detail?stockCode=000631&announcementId=1212940416&orgId=gssz0000631&announcementTime=2022-04-16,2022-04-18,2022-07-15,0.36513
000635,英 力 特,2021,2022-04-28,2021年年度报告,http://www.cninfo.com.cn/new/disclosure/detail?stockCode=000635&announcementId=1213166394&orgId=gssz0000635&announcementTime=2022-04-28,2022-04-29,2022-07-28,0.258785
000633,合金投资,2021,2022-03-30,2021年年度报告,http://www.cninfo.com.cn/new/disclosure/detail?stockCode=000633&announcementId=1212727636&orgId=gssz0000633&announcementTime=2022-03-30,2022-03-31,2022-07-01,0.170721
000637,茂化实华,2021,2022-03-31,2021年年度报告,http://www.cninfo.com.cn/new/disclosure/detail?stockCode=000637&announcementId=1212743936&orgId=gssz0000637&announcementTime=2022-03-31,2022-04-01,2022-07-04,-0.031083
000636,风华高科,2021,2022-04-28,2021年年度报告,http://www.cninfo.com.cn/new/disclosure/detail?stockCode=000636&announcementId=1213172633&orgId=gssz0000636&announcementTime=2022-04-28,2022-04-29,2022-07-28,0.123238
000650,仁和药业,2021,2022-04-26,2021年年度报告,http://www.cninfo.com.cn/new/disclosure/detail?stockCode=000650&announcementId=1213098331&orgId=gssz0000650&announcementTime=2022-04-26,2022-04-27,2022-07-26,0.127412
000651,格力电器,2021,2022-04-30,2021年年度报告,http://www.cninfo.com.cn/new/disclosure/detail?stockCode=000651&announcementId=1213262535&orgId=gssz0000651&announcementTime=2022-04-30,2022-05-05,2022-07-29,0.023381
000655,金岭矿业,2021,2022-03-19,2021年年度报告,http://www.cninfo.com.cn/new/disclosure/detail?stockCode=000655&announcementId=1212626195&orgId=gssz0000655&announcementTime=2022-03-19,2022-03-21,2022-06-21,-0.050725
000656,*ST金科,2021,2022-04-30,2021年年度报告,http://www.cninfo.com.cn/new/disclosure/detail?stockCode=000656&announcementId=1213256376&orgId=gssz0000656&announcementTime=2022-04-30,2022-05-05,2022-07-29,-0.407125
000657,中钨高新,2021,2022-04-29,2021年年度报告,http://www.cninfo.com.cn/new/disclosure/detail?stockCode=000657&announcementId=1213205229&orgId=gssz0000657&announcementTime=2022-04-29,2022-05-05,2022-07-29,0.806258
000659,珠海中富,2021,2022-04-29,2021年年度报告,http://www.cninfo.com.cn/new/disclosure/detail?stockCode=000659&announcementId=1213215662&orgId=gssz0000659&announcementTime=2022-04-29,2022-05-05,2022-07-29,0.275578
000661,长春高新,2021,2022-03-17,2021年年度报告,http://www.cninfo.com.cn/new/disclosure/detail?stockCode=000661&announcementId=1212594359&orgId=gssz0000661&announcementTime=2022-03-17,2022-03-18,2022-06-20,0.244465
000663,永安林业,2021,2022-04-28,2021年年度报告,http://www.cninfo.com.cn/new/disclosure/detail?stockCode=000663&announcementId=1213166175&orgId=gssz0000663&announcementTime=2022-04-28,2022-04-29,2022-07-28,0.853535
000665,湖北广电,2021,2022-04-26,2021年年度报告,http://www.cninfo.com.cn/new/disclosure/detail?stockCode=000665&announcementId=1213103818&orgId=gssz0000665&announcementTime=2022-04-26,2022-04-27,2022-07-26,0.095501
000668,*ST荣控,2021,2022-04-30,2021年年度报告,http://www.cninfo.com.cn/new/disclosure/detail?stockCode=000668&announcementId=1213259885&orgId=gssz0000668&announcementTime=2022-04-30,2022-05-05,2022-07-29,0.058569
000669,ST金鸿,2021,2022-04-28,2021年年度报告,http://www.cninfo.com.cn/new/disclosure/detail?stockCode=000669&announcementId=1213175065&orgId=gssz0000669&announcementTime=2022-04-28,2022-04-29,2022-07-28,0.095975
000676,智度股份,2021,2022-04-28,2021年年度报告,http://www.cninfo.com.cn/new/disclosure/detail?stockCode=000676&announcementId=1213172718&orgId=gssz0000676&announcementTime=2022-04-28,2022-04-29,2022-07-28,0.184186
000672,上峰水泥,2021,2022-04-27,2021年年度报告,http://www.cninfo.com.cn/new/disclosure/detail?stockCode=000672&announcementId=1213128743&orgId=gssz0000672&announcementTime=2022-04-27,2022-04-28,2022-07-27,-0.0915
000677,恒天海龙,2021,2022-04-22,2021年年度报告,http://www.cninfo.com.cn/new/disclosure/detail?stockCode=000677&announcementId=1213019149&orgId=gssz0000677&announcementTime=2022-04-22,2022-04-25,2022-07-22,-0.132679
000679,大连友谊,2021,2022-04-30,2021年年度报告,http://www.cninfo.com.cn/new/disclosure/detail?stockCode=000679&announcementId=1213254109&orgId=gssz0000679&announcementTime=2022-04-30,2022-05-05,2022-07-29,0.062267
000678,襄阳轴承,2021,2022-04-29,2021年年度报告,http://www.cninfo.com.cn/new/disclosure/detail?stockCode=000678&announcementId=1213208586&orgId=gssz0000678&announcementTime=2022-04-29,2022-05-05,2022-07-29,1.282929
000680,山推股份,2021,2022-03-29,2021年年度报告,http://www.cninfo.com.cn/new/disclosure/detail?stockCode=000680&announcementId=1212712525&orgId=gssz0000680&announcementTime=2022-03-29,2022-03-30,2022-06-30,0.326636
000681,视觉中国,2021,2022-04-28,2021年年度报告,http://www.cninfo.com.cn/new/disclosure/detail?stockCode=000681&announcementId=1213171680&orgId=gssz0000681&announcementTime=2022-04-28,2022-04-29,2022-07-28,0.16242
000683,博源化工,2021,2022-03-30,2021年年度报告,http://www.cninfo.com.cn/new/disclosure/detail?stockCode=000683&announcementId=1212727591&orgId=gssz0000683&announcementTime=2022-03-30,2022-03-31,2022-07-01,0.041498
000682,东方电子,2021,2022-04-23,2021年年度报告,http://www.cninfo.com.cn/new/disclosure/detail?stockCode=000682&announcementId=1213057382&orgId=gssz0000682&announcementTime=2022-04-23,2022-04-25,2022-07-22,0.604825
000685,中山公用,2021,2022-04-28,2021年年度报告,http://www.cninfo.com.cn/new/disclosure/detail?stockCode=000685&announcementId=1213166808&orgId=gssz0000685&announcementTime=2022-04-28,2022-04-29,2022-07-28,0.037073
000686,东北证券,2021,2022-04-15,2021年年度报告,http://www.cninfo.com.cn/new/disclosure/detail?stockCode=000686&announcementId=1212918815&orgId=gssz0000686&announcementTime=2022-04-15,2022-04-18,2022-07-15,-0.130801
000688,国城矿业,2021,2022-03-08,2021年年度报告,http://www.cninfo.com.cn/new/disclosure/detail?stockCode=000688&announcementId=1212522690&orgId=gssz0000688&announcementTime=2022-03-08,2022-03-09,2022-06-09,-0.057598
000690,宝新能源,2021,2022-04-16,2021年年度报告,http://www.cninfo.com.cn/new/disclosure/detail?stockCode=000690&announcementId=1212944489&orgId=gssz0000690&announcementTime=2022-04-16,2022-04-18,2022-07-15,0.138455
000691,*ST亚太,2021,2022-04-19,2021年年度报告,http://www.cninfo.com.cn/new/disclosure/detail?stockCode=000691&announcementId=1212965554&orgId=gssz0000691&announcementTime=2022-04-19,2022-04-20,2022-07-19,-0.139504
000692,惠天热电,2021,2022-04-27,2021年年度报告,http://www.cninfo.com.cn/new/disclosure/detail?stockCode=000692&announcementId=1213137702&orgId=gssz0000692&announcementTime=2022-04-27,2022-04-28,2022-07-27,0.280348
000695,滨海能源,2021,2022-04-29,2021年年度报告,http://www.cninfo.com.cn/new/disclosure/detail?stockCode=000695&announcementId=1213223116&orgId=gssz0000695&announcementTime=2022-04-29,2022-05-05,2022-07-29,0.206527
000697,ST炼石,2021,2022-04-30,2021年年度报告,http://www.cninfo.com.cn/new/disclosure/detail?stockCode=000697&announcementId=1213254666&orgId=gssz0000697&announcementTime=2022-04-30,2022-05-05,2022-07-29,0.319158
000698,ST沈化,2021,2022-03-30,2021年年度报告,http://www.cninfo.com.cn/new/disclosure/detail?stockCode=000698&announcementId=1212730657&orgId=gssz0000698&announcementTime=2022-03-30,2022-03-31,2022-07-01,-0.088294
000701,厦门信达,2021,2022-04-27,2021年年度报告,http://www.cninfo.com.cn/new/disclosure/detail?stockCode=000701&announcementId=1213142565&orgId=gssz0000701&announcementTime=2022-04-27,2022-04-28,2022-07-27,0.171082
000702,正虹科技,2021,2022-04-08,2021年年度报告,http://www.cninfo.com.cn/new/disclosure/detail?stockCode=000702&announcementId=1212836824&orgId=gssz0000702&announcementTime=2022-04-08,2022-04-11,2022-07-15,0.055959
000703,恒逸石化,2021,2022-04-26,2021年年度报告,http://www.cninfo.com.cn/new/disclosure/detail?stockCode=000703&announcementId=1213106318&orgId=gssz0000703&announcementTime=2022-04-26,2022-04-27,2022-07-26,0.347086
000705,浙江震元,2021,2022-04-09,2021年年度报告,http://www.cninfo.com.cn/new/disclosure/detail?stockCode=000705&announcementId=1212854376&orgId=gssz0000705&announcementTime=2022-04-09,2022-04-11,2022-07-08,-0.016634
000707,双环科技,2021,2022-03-10,2021年年度报告,http://www.cninfo.com.cn/new/disclosure/detail?stockCode=000707&announcementId=1212536056&orgId=gssz0000707&announcementTime=2022-03-10,2022-03-11,2022-06-14,0.508654
000708,中信特钢,2021,2022-03-11,2021年年度报告,http://www.cninfo.com.cn/new/disclosure/detail?stockCode=000708&announcementId=1212540500&orgId=gssz0000708&announcementTime=2022-03-11,2022-03-14,2022-06-14,0.017013
000709,河钢股份,2021,2022-04-22,2021年年度报告,http://www.cninfo.com.cn/new/disclosure/detail?stockCode=000709&announcementId=1213028679&orgId=gssz0000709&announcementTime=2022-04-22,2022-04-25,2022-07-22,0.308208
000711,ST京蓝,2021,2022-04-28,2021年年度报告,http://www.cninfo.com.cn/new/disclosure/detail?stockCode=000711&announcementId=1213175850&orgId=gssz0000711&announcementTime=2022-04-28,2022-04-29,2022-07-28,0.127858
000712,锦龙股份,2021,2022-03-09,2021年年度报告,http://www.cninfo.com.cn/new/disclosure/detail?stockCode=000712&announcementId=1212526995&orgId=gssz0000712&announcementTime=2022-03-09,2022-03-10,2022-06-10,0.019105
000715,中兴商业,2021,2022-03-31,2021年年度报告,http://www.cninfo.com.cn/new/disclosure/detail?stockCode=000715&announcementId=1212752748&orgId=gssz0000715&announcementTime=2022-03-31,2022-04-01,2022-07-04,0.027851
000713,国投丰乐,2021,2022-04-20,2021年年度报告,http://www.cninfo.com.cn/new/disclosure/detail?stockCode=000713&announcementId=1212976110&orgId=gssz0000713&announcementTime=2022-04-20,2022-04-21,2022-07-20,-0.229
000717,中南股份,2021,2022-04-28,2021年年度报告,http://www.cninfo.com.cn/new/disclosure/detail?stockCode=000717&announcementId=1213162727&orgId=gssz0000717&announcementTime=2022-04-28,2022-04-29,2022-07-28,0.00057
000716,黑芝麻,2021,2022-04-30,2021年年度报告,http://www.cninfo.com.cn/new/disclosure/detail?stockCode=000716&announcementId=1213259283&orgId=gssz0000716&announcementTime=2022-04-30,2022-05-05,2022-07-29,0.126095
000719,中原传媒,2021,2022-04-08,2021年年度报告,http://www.cninfo.com.cn/new/disclosure/detail?stockCode=000719&announcementId=1212838290&orgId=gssz0000719&announcementTime=2022-04-08,2022-04-11,2022-07-08,-0.120757
000720,新能泰山,2021,2022-04-28,2021年年度报告,http://www.cninfo.com.cn/new/disclosure/detail?stockCode=000720&announcementId=1213162830&orgId=gssz0000720&announcementTime=2022-04-28,2022-04-29,2022-07-28,0.078483
000721,西安饮食,2021,2022-04-15,2021年年度报告,http://www.cninfo.com.cn/new/disclosure/detail?stockCode=000721&announcementId=1212924152&orgId=gssz0000721&announcementTime=2022-04-15,2022-04-18,2022-07-15,-0.169929
000722,湖南发展,2021,2022-03-31,2021年年度报告,http://www.cninfo.com.cn/new/disclosure/detail?stockCode=000722&announcementId=1212742941&orgId=gssz0000722&announcementTime=2022-03-31,2022-04-01,2022-07-04,0.601876
000723,美锦能源,2021,2022-04-28,2021年年度报告,http://www.cninfo.com.cn/new/disclosure/detail?stockCode=000723&announcementId=1213170733&orgId=gssz0000723&announcementTime=2022-04-28,2022-04-29,2022-07-28,0.130214
000725,京东方Ａ,2021,2022-03-31,2021年年度报告,http://www.cninfo.com.cn/new/disclosure/detail?stockCode=000725&announcementId=1212750904&orgId=gssz0000725&announcementTime=2022-03-31,2022-04-01,2022-07-04,-0.04409
000726,鲁  泰Ａ,2021,2022-04-29,2021年年度报告,http://www.cninfo.com.cn/new/disclosure/detail?stockCode=000726&announcementId=1213209399&orgId=gssz0000726&announcementTime=2022-04-29,2022-05-05,2022-07-29,0.199392
000727,冠捷科技,2021,2022-04-16,2021年年度报告,http://www.cninfo.com.cn/new/disclosure/detail?stockCode=000727&announcementId=1212942191&orgId=gssz0000727&announcementTime=2022-04-16,2022-04-18,2022-07-15,-0.143901
000728,国元证券,2021,2022-03-29,2021年年度报告,http://www.cninfo.com.cn/new/disclosure/detail?stockCode=000728&announcementId=1212710930&orgId=gssz0000728&announcementTime=2022-03-29,2022-03-30,2022-06-30,-0.06993
000729,燕京啤酒,2021,2022-04-28,2021年年度报告,http://www.cninfo.com.cn/new/disclosure/detail?stockCode=000729&announcementId=1213166593&orgId=gssz0000729&announcementTime=2022-04-28,2022-04-29,2022-07-28,0.310501
000731,四川美丰,2021,2022-04-26,2021年年度报告,http://www.cninfo.com.cn/new/disclosure/detail?stockCode=000731&announcementId=1213100897&orgId=gssz0000731&announcementTime=2022-04-26,2022-04-27,2022-07-26,0.255742
000733,振华科技,2021,2022-04-29,2021年年度报告,http://www.cninfo.com.cn/new/disclosure/detail?stockCode=000733&announcementId=1213210688&orgId=gssz0000733&announcementTime=2022-04-29,2022-05-05,2022-07-29,0.104885
000735,罗 牛 山,2021,2022-04-30,2021年年度报告,http://www.cninfo.com.cn/new/disclosure/detail?stockCode=000735&announcementId=1213260459&orgId=gssz0000735&announcementTime=2022-04-30,2022-05-05,2022-07-29,0.158501
000736,*ST中地,2021,2022-04-15,2021年年度报告,http://www.cninfo.com.cn/new/disclosure/detail?stockCode=000736&announcementId=1212925020&orgId=gssz0000736&announcementTime=2022-04-15,2022-04-18,2022-07-15,-0.476386
000737,北方铜业,2021,2022-04-21,2021年年度报告,http://www.cninfo.com.cn/new/disclosure/detail?stockCode=000737&announcementId=1213001197&orgId=gssz0000737&announcementTime=2022-04-21,2022-04-22,2022-07-21,-0.082353
000738,航发控制,2021,2022-04-02,2021年年度报告,http://www.cninfo.com.cn/new/disclosure/detail?stockCode=000738&announcementId=1212806774&orgId=gssz0000738&announcementTime=2022-04-02,2022-04-06,2022-07-05,0.231877
000739,普洛药业,2021,2022-03-10,2021年年度报告,http://www.cninfo.com.cn/new/disclosure/detail?stockCode=000739&announcementId=1212534340&orgId=gssz0000739&announcementTime=2022-03-10,2022-03-11,2022-06-13,-0.33596
000750,国海证券,2021,2022-03-18,2021年年度报告,http://www.cninfo.com.cn/new/disclosure/detail?stockCode=000750&announcementId=1212609816&orgId=gssz0000750&announcementTime=2022-03-18,2022-03-21,2022-06-21,-0.038656
000751,锌业股份,2021,2022-04-02,2021年年度报告,http://www.cninfo.com.cn/new/disclosure/detail?stockCode=000751&announcementId=1212808019&orgId=gssz0000751&announcementTime=2022-04-02,2022-04-06,2022-07-05,-0.063115
000752,ST西发,2021,2022-04-29,2021年年度报告,http://www.cninfo.com.cn/new/disclosure/detail?stockCode=000752&announcementId=1213222067&orgId=gssz0000752&announcementTime=2022-04-29,2022-05-05,2022-07-29,0.318021
000755,山西高速,2021,2022-04-28,2021年年度报告,http://www.cninfo.com.cn/new/disclosure/detail?stockCode=000755&announcementId=1213161602&orgId=gssz0000755&announcementTime=2022-04-28,2022-04-29,2022-08-04,0.636552
000753,漳州发展,2021,2022-04-16,2021年年度报告,http://www.cninfo.com.cn/new/disclosure/detail?stockCode=000753&announcementId=1212939826&orgId=gssz0000753&announcementTime=2022-04-16,2022-04-18,2022-07-15,0.146285
000756,新华制药,2021,2022-03-31,2021年年度报告,http://www.cninfo.com.cn/new/disclosure/detail?stockCode=000756&announcementId=1212742718&orgId=gssz0000756&announcementTime=2022-03-31,2022-04-01,2022-07-04,1.739817
000757,浩物股份,2021,2022-04-28,2021年年度报告,http://www.cninfo.com.cn/new/disclosure/detail?stockCode=000757&announcementId=1213166710&orgId=gssz0000757&announcementTime=2022-04-28,2022-04-29,2022-07-28,0.297051
000759,中百集团,2021,2022-03-26,2021年年度报告,http://www.cninfo.com.cn/new/disclosure/detail?stockCode=000759&announcementId=1212683902&orgId=gssz0000759&announcementTime=2022-03-26,2022-03-28,2022-06-28,0.066471
000758,中色股份,2021,2022-04-29,2021年年度报告,http://www.cninfo.com.cn/new/disclosure/detail?stockCode=000758&announcementId=1213213733&orgId=gssz0000758&announcementTime=2022-04-29,2022-05-05,2022-07-29,0.171933
000762,西藏矿业,2021,2022-04-29,2021年年度报告,http://www.cninfo.com.cn/new/disclosure/detail?stockCode=000762&announcementId=1213214042&orgId=gssz0000762&announcementTime=2022-04-29,2022-05-05,2022-07-29,0.569951
000766,通化金马,2021,2022-04-19,2021年年度报告,http://www.cninfo.com.cn/new/disclosure/detail?stockCode=000766&announcementId=1212956677&orgId=gssz0000766&announcementTime=2022-04-19,2022-04-20,2022-07-19,0.052115
000767,晋控电力,2021,2022-04-29,2021年年度报告,http://www.cninfo.com.cn/new/disclosure/detail?stockCode=000767&announcementId=1213203509&orgId=gssz0000767&announcementTime=2022-04-29,2022-05-05,2022-07-29,0.293281
000768,中航西飞,2021,2022-03-29,2021年年度报告,http://www.cninfo.com.cn/new/disclosure/detail?stockCode=000768&announcementId=1212710996&orgId=gssz0000768&announcementTime=2022-03-29,2022-03-30,2022-06-30,0.020776
000776,广发证券,2021,2022-03-31,2021年年度报告,http://www.cninfo.com.cn/new/disclosure/detail?stockCode=000776&announcementId=1212751519&orgId=gssz0000776&announcementTime=2022-03-31,2022-04-01,2022-07-04,0.04688
000778,新兴铸管,2021,2022-04-19,2021年年度报告,http://www.cninfo.com.cn/new/disclosure/detail?stockCode=000778&announcementId=1212965050&orgId=gssz0000778&announcementTime=2022-04-19,2022-04-20,2022-07-19,-0.019856
000779,甘咨询,2021,2022-04-20,2021年年度报告,http://www.cninfo.com.cn/new/disclosure/detail?stockCode=000779&announcementId=1212983968&orgId=gssz0000779&announcementTime=2022-04-20,2022-04-21,2022-07-20,0.002804
000782,恒申新材,2021,2022-03-30,2021年年度报告,http://www.cninfo.com.cn/new/disclosure/detail?stockCode=000782&announcementId=1212725834&orgId=gssz0000782&announcementTime=2022-03-30,2022-03-31,2022-07-01,-0.185129
000783,长江证券,2021,2022-04-30,2021年年度报告,http://www.cninfo.com.cn/new/disclosure/detail?stockCode=000783&announcementId=1213254077&orgId=gssz0000783&announcementTime=2022-04-30,2022-05-05,2022-07-29,0.050016
000785,居然智家,2021,2022-04-22,2021年年度报告,http://www.cninfo.com.cn/new/disclosure/detail?stockCode=000785&announcementId=1213028572&orgId=gssz0000785&announcementTime=2022-04-22,2022-04-25,2022-07-22,-0.123318
000786,北新建材,2021,2022-03-23,2021年年度报告,http://www.cninfo.com.cn/new/disclosure/detail?stockCode=000786&announcementId=1212644781&orgId=gssz0000786&announcementTime=2022-03-23,2022-03-24,2022-06-24,0.141679
000788,北大医药,2021,2022-04-29,2021年年度报告,http://www.cninfo.com.cn/new/disclosure/detail?stockCode=000788&announcementId=1213208473&orgId=gssz0000788&announcementTime=2022-04-29,2022-05-05,2022-07-29,-0.023074
000789,万年青,2021,2022-04-16,2021年年度报告,http://www.cninfo.com.cn/new/disclosure/detail?stockCode=000789&announcementId=1212942998&orgId=gssz0000789&announcementTime=2022-04-16,2022-04-18,2022-07-15,-0.156077
000790,华神科技,2021,2022-04-30,2021年年度报告,http://www.cninfo.com.cn/new/disclosure/detail?stockCode=000790&announcementId=1213259929&orgId=gssz0000790&announcementTime=2022-04-30,2022-05-05,2022-07-29,0.084057
000791,甘肃能源,2021,2022-03-31,2021年年度报告,http://www.cninfo.com.cn/new/disclosure/detail?stockCode=000791&announcementId=1212739389&orgId=gssz0000791&announcementTime=2022-03-31,2022-04-01,2022-07-04,0.012494
000792,盐湖股份,2021,2022-04-26,2021年年度报告,http://www.cninfo.com.cn/new/disclosure/detail?stockCode=000792&announcementId=1213105242&orgId=gssz0000792&announcementTime=2022-04-26,2022-04-27,2022-07-26,0.144712
000793,ST华闻,2021,2022-04-27,2021年年度报告,http://www.cninfo.com.cn/new/disclosure/detail?stockCode=000793&announcementId=1213135700&orgId=gssz0000793&announcementTime=2022-04-27,2022-04-28,2022-07-27,0.064746
000795,英洛华,2021,2022-03-12,2021年年度报告,http://www.cninfo.com.cn/new/disclosure/detail?stockCode=000795&announcementId=1212552021&orgId=gssz0000795&announcementTime=2022-03-12,2022-03-14,2022-06-14,-0.008212
000796,凯撒旅业,2021,2022-04-30,2021年年度报告,http://www.cninfo.com.cn/new/disclosure/detail?stockCode=000796&announcementId=1213266525&orgId=gssz0000796&announcementTime=2022-04-30,2022-05-06,2022-08-01,-0.324684
000797,中国武夷,2021,2022-04-09,2021年年度报告,http://www.cninfo.com.cn/new/disclosure/detail?stockCode=000797&announcementId=1212856624&orgId=gssz0000797&announcementTime=2022-04-09,2022-04-11,2022-07-08,-0.392191
000798,中水渔业,2021,2022-02-10,2021年年度报告,http://www.cninfo.com.cn/new/disclosure/detail?stockCode=000798&announcementId=1212333125&orgId=gssz0000798&announcementTime=2022-02-10,2022-02-11,2022-05-13,0.108012
000799,酒鬼酒,2021,2022-04-29,2021年年度报告,http://www.cninfo.com.cn/new/disclosure/detail?stockCode=000799&announcementId=1213208692&orgId=gssz0000799&announcementTime=2022-04-29,2022-05-05,2022-07-29,0.007461
000800,一汽解放,2021,2022-03-31,2021年年度报告,http://www.cninfo.com.cn/new/disclosure/detail?stockCode=000800&announcementId=1212746472&orgId=gssz0000800&announcementTime=2022-03-31,2022-04-01,2022-07-04,0.126267
000801,四川九洲,2021,2022-04-20,2021年年度报告,http://www.cninfo.com.cn/new/disclosure/detail?stockCode=000801&announcementId=1212978015&orgId=gssz0000801&announcementTime=2022-04-20,2022-04-21,2022-07-20,0.049962
000802,北京文化,2021,2022-04-27,2021年年度报告,http://www.cninfo.com.cn/new/disclosure/detail?stockCode=000802&announcementId=1213133963&orgId=gssz0000802&announcementTime=2022-04-27,2022-04-28,2022-07-28,0.259752
000803,山高环能,2021,2022-03-05,2021年年度报告,http://www.cninfo.com.cn/new/disclosure/detail?stockCode=000803&announcementId=1212511577&orgId=gssz0000803&announcementTime=2022-03-05,2022-03-07,2022-06-07,-0.055244
000807,云铝股份,2021,2022-03-22,2021年年度报告,http://www.cninfo.com.cn/new/disclosure/detail?stockCode=000807&announcementId=1212634984&orgId=gssz0000807&announcementTime=2022-03-22,2022-03-23,2022-06-23,-0.251739
000809,和展能源,2021,2022-04-28,2021年年度报告,http://www.cninfo.com.cn/new/disclosure/detail?stockCode=000809&announcementId=1213163286&orgId=gssz0000809&announcementTime=2022-04-28,2022-04-29,2022-07-28,0.093315
000810,创维数字,2021,2022-03-22,2021年年度报告,http://www.cninfo.com.cn/new/disclosure/detail?stockCode=000810&announcementId=1212631250&orgId=gssz0000810&announcementTime=2022-03-22,2022-03-23,2022-06-23,0.15377
000811,冰轮环境,2021,2022-04-01,2021年年度报告,http://www.cninfo.com.cn/new/disclosure/detail?stockCode=000811&announcementId=1212768106&orgId=gssz0000811&announcementTime=2022-04-01,2022-04-06,2022-07-05,-0.048802
000812,陕西金叶,2021,2022-04-28,2021年年度报告,http://www.cninfo.com.cn/new/disclosure/detail?stockCode=000812&announcementId=1213176250&orgId=gssz0000812&announcementTime=2022-04-28,2022-04-29,2022-07-28,0.435638
000813,德展健康,2021,2022-04-27,2021年年度报告,http://www.cninfo.com.cn/new/disclosure/detail?stockCode=000813&announcementId=1213137770&orgId=gssz0000813&announcementTime=2022-04-27,2022-04-28,2022-07-27,0.104542
000815,美利云,2021,2022-04-28,2021年年度报告,http://www.cninfo.com.cn/new/disclosure/detail?stockCode=000815&announcementId=1213171620&orgId=gssz0000815&announcementTime=2022-04-28,2022-04-29,2022-07-28,0.048014
000816,智慧农业,2021,2022-03-29,2021年年度报告,http://www.cninfo.com.cn/new/disclosure/detail?stockCode=000816&announcementId=1212711851&orgId=gssz0000816&announcementTime=2022-03-29,2022-03-30,2022-06-30,0.203717
000818,航锦科技,2021,2022-04-28,2021年年度报告,http://www.cninfo.com.cn/new/disclosure/detail?stockCode=000818&announcementId=1213163167&orgId=gssz0000818&announcementTime=2022-04-28,2022-04-29,2022-07-28,0.16396
000819,岳阳兴长,2021,2022-03-22,2021年年度报告,http://www.cninfo.com.cn/new/disclosure/detail?stockCode=000819&announcementId=1212631307&orgId=gssz0000819&announcementTime=2022-03-22,2022-03-23,2022-06-23,0.071318
000821,ST京机,2021,2022-04-30,2021年年度报告,http://www.cninfo.com.cn/new/disclosure/detail?stockCode=000821&announcementId=1213252078&orgId=gssz0000821&announcementTime=2022-04-30,2022-05-05,2022-07-29,2.110341
000820,*ST节能,2021,2022-04-30,2021年年度报告,http://www.cninfo.com.cn/new/disclosure/detail?stockCode=000820&announcementId=1213265199&orgId=gssz0000820&announcementTime=2022-04-30,2022-05-05,2022-07-29,0.073034
000822,山东海化,2021,2022-03-25,2021年年度报告,http://www.cninfo.com.cn/new/disclosure/detail?stockCode=000822&announcementId=1212670691&orgId=gssz0000822&announcementTime=2022-03-25,2022-03-28,2022-06-28,0.410318
000823,超声电子,2021,2022-04-23,2021年年度报告,http://www.cninfo.com.cn/new/disclosure/detail?stockCode=000823&announcementId=1213044117&orgId=gssz0000823&announcementTime=2022-04-23,2022-04-25,2022-07-22,0.075391
000825,太钢不锈,2021,2022-04-23,2021年年度报告,http://www.cninfo.com.cn/new/disclosure/detail?stockCode=000825&announcementId=1213056384&orgId=gssz0000825&announcementTime=2022-04-23,2022-04-25,2022-07-22,-0.230268
000826,启迪环境,2021,2022-04-30,2021年年度报告,http://www.cninfo.com.cn/new/disclosure/detail?stockCode=000826&announcementId=1213265412&orgId=gssz0000826&announcementTime=2022-04-30,2022-05-05,2022-07-29,0.269606
000828,东莞控股,2021,2022-04-22,2021年年度报告,http://www.cninfo.com.cn/new/disclosure/detail?stockCode=000828&announcementId=1213028701&orgId=gssz0000828&announcementTime=2022-04-22,2022-04-25,2022-07-22,0.057656
000829,天音控股,2021,2022-04-22,2021年年度报告,http://www.cninfo.com.cn/new/disclosure/detail?stockCode=000829&announcementId=1213026465&orgId=gssz0000829&announcementTime=2022-04-22,2022-04-25,2022-07-22,0.134319
000831,中国稀土,2021,2022-04-29,2021年年度报告,http://www.cninfo.com.cn/new/disclosure/detail?stockCode=000831&announcementId=1213194305&orgId=gssz0000831&announcementTime=2022-04-29,2022-05-05,2022-07-29,0.238743
000830,鲁西化工,2021,2022-04-30,2021年年度报告,http://www.cninfo.com.cn/new/disclosure/detail?stockCode=000830&announcementId=1213263918&orgId=gssz0000830&announcementTime=2022-04-30,2022-05-05,2022-07-29,-0.120734
000833,粤桂股份,2021,2022-03-30,2021年年度报告,http://www.cninfo.com.cn/new/disclosure/detail?stockCode=000833&announcementId=1212729540&orgId=gssz0000833&announcementTime=2022-03-30,2022-03-31,2022-07-01,0.279675
000837,秦川机床,2021,2022-03-29,2021年年度报告,http://www.cninfo.com.cn/new/disclosure/detail?stockCode=000837&announcementId=1212708375&orgId=gssz0000837&announcementTime=2022-03-29,2022-03-30,2022-06-30,0.001204
000838,财信发展,2021,2022-04-12,2021年年度报告,http://www.cninfo.com.cn/new/disclosure/detail?stockCode=000838&announcementId=1212882671&orgId=gssz0000838&announcementTime=2022-04-12,2022-04-13,2022-07-12,-0.190745
000839,国安股份,2021,2022-04-30,2021年年度报告,http://www.cninfo.com.cn/new/disclosure/detail?stockCode=000839&announcementId=1213260006&orgId=gssz0000839&announcementTime=2022-04-30,2022-05-06,2022-08-01,-0.061019
000848,承德露露,2021,2022-04-12,2021年年度报告,http://www.cninfo.com.cn/new/disclosure/detail?stockCode=000848&announcementId=1212881732&orgId=gssz0000848&announcementTime=2022-04-12,2022-04-13,2022-07-12,-0.006767
000852,石化机械,2021,2022-04-29,2021年年度报告,http://www.cninfo.com.cn/new/disclosure/detail?stockCode=000852&announcementId=1213210926&orgId=gssz0000852&announcementTime=2022-04-29,2022-05-05,2022-07-29,0.312356
000850,华茂股份,2021,2022-04-27,2021年年度报告,http://www.cninfo.com.cn/new/disclosure/detail?stockCode=000850&announcementId=1213128513&orgId=gssz0000850&announcementTime=2022-04-27,2022-04-28,2022-07-27,0.086577
000856,冀东装备,2021,2022-03-17,2021年年度报告,http://www.cninfo.com.cn/new/disclosure/detail?stockCode=000856&announcementId=1212593482&orgId=gssz0000856&announcementTime=2022-03-17,2022-03-18,2022-06-20,-0.283367
000858,五 粮 液,2021,2022-04-29,2021年年度报告,http://www.cninfo.com.cn/new/disclosure/detail?stockCode=000858&announcementId=1213222211&orgId=gssz0000858&announcementTime=2022-04-29,2022-05-05,2022-07-29,0.132123
000859,国风新材,2021,2022-03-31,2021年年度报告,http://www.cninfo.com.cn/new/disclosure/detail?stockCode=000859&announcementId=1212746030&orgId=gssz0000859&announcementTime=2022-03-31,2022-04-01,2022-07-04,-0.014101
000860,顺鑫农业,2021,2022-04-28,2021年年度报告,http://www.cninfo.com.cn/new/disclosure/detail?stockCode=000860&announcementId=1213167737&orgId=gssz0000860&announcementTime=2022-04-28,2022-04-29,2022-07-28,0.204136
000862,银星能源,2021,2022-03-22,2021年年度报告,http://www.cninfo.com.cn/new/disclosure/detail?stockCode=000862&announcementId=1212633648&orgId=gssz0000862&announcementTime=2022-03-22,2022-03-23,2022-06-23,-0.190317
000863,三湘印象,2021,2022-04-07,2021年年度报告,http://www.cninfo.com.cn/new/disclosure/detail?stockCode=000863&announcementId=1212826702&orgId=gssz0000863&announcementTime=2022-04-07,2022-04-08,2022-07-07,-0.171735
000868,安凯客车,2021,2022-03-22,2021年年度报告,http://www.cninfo.com.cn/new/disclosure/detail?stockCode=000868&announcementId=1212635750&orgId=gssz0000868&announcementTime=2022-03-22,2022-03-23,2022-06-23,0.221137
000869,张  裕Ａ,2021,2022-04-27,2021年年度报告,http://www.cninfo.com.cn/new/disclosure/detail?stockCode=000869&announcementId=1213131307&orgId=gssz0000869&announcementTime=2022-04-27,2022-04-28,2022-07-27,0.094162
000875,吉电股份,2021,2022-03-31,2021年年度报告,http://www.cninfo.com.cn/new/disclosure/detail?stockCode=000875&announcementId=1212742473&orgId=gssz0000875&announcementTime=2022-03-31,2022-04-01,2022-07-04,-0.123615
000876,新 希 望,2021,2022-04-28,2021年年度报告,http://www.cninfo.com.cn/new/disclosure/detail?stockCode=000876&announcementId=1213172601&orgId=gssz0000876&announcementTime=2022-04-28,2022-04-29,2022-07-28,0.095091
000878,云南铜业,2021,2022-03-30,2021年年度报告,http://www.cninfo.com.cn/new/disclosure/detail?stockCode=000878&announcementId=1212726787&orgId=gssz0000878&announcementTime=2022-03-30,2022-03-31,2022-07-01,0.021082
000877,天山股份,2021,2022-03-22,2021年年度报告,http://www.cninfo.com.cn/new/disclosure/detail?stockCode=000877&announcementId=1212635350&orgId=gssz0000877&announcementTime=2022-03-22,2022-03-23,2022-06-23,-0.056153
000880,潍柴重机,2021,2022-03-31,2021年年度报告,http://www.cninfo.com.cn/new/disclosure/detail?stockCode=000880&announcementId=1212743054&orgId=gssz0000880&announcementTime=2022-03-31,2022-04-01,2022-07-04,0.411861
000881,中广核技,2021,2022-04-30,2021年年度报告,http://www.cninfo.com.cn/new/disclosure/detail?stockCode=000881&announcementId=1213256258&orgId=gssz0000881&announcementTime=2022-04-30,2022-05-05,2022-08-03,-0.012421
000882,华联股份,2021,2022-04-29,2021年年度报告,http://www.cninfo.com.cn/new/disclosure/detail?stockCode=000882&announcementId=1213217992&orgId=gssz0000882&announcementTime=2022-04-29,2022-05-05,2022-07-29,0.081553
000885,城发环境,2021,2022-03-31,2021年年度报告,http://www.cninfo.com.cn/new/disclosure/detail?stockCode=000885&announcementId=1212752096&orgId=gssz0000885&announcementTime=2022-03-31,2022-04-01,2022-07-04,-0.038993
000883,湖北能源,2021,2022-04-28,2021年年度报告,http://www.cninfo.com.cn/new/disclosure/detail?stockCode=000883&announcementId=1213169462&orgId=gssz0000883&announcementTime=2022-04-28,2022-04-29,2022-07-28,0.272079
000886,海南高速,2021,2022-04-28,2021年年度报告,http://www.cninfo.com.cn/new/disclosure/detail?stockCode=000886&announcementId=1213158816&orgId=gssz0000886&announcementTime=2022-04-28,2022-04-29,2022-07-28,0.297585
000887,中鼎股份,2021,2022-04-30,2021年年度报告,http://www.cninfo.com.cn/new/disclosure/detail?stockCode=000887&announcementId=1213256039&orgId=gssz0000887&announcementTime=2022-04-30,2022-05-05,2022-07-29,0.871059
000888,峨眉山Ａ,2021,2022-04-28,2021年年度报告,http://www.cninfo.com.cn/new/disclosure/detail?stockCode=000888&announcementId=1213167703&orgId=gssz0000888&announcementTime=2022-04-28,2022-04-29,2022-07-28,0.214126
000889,中嘉博创,2021,2022-04-30,2021年年度报告,http://www.cninfo.com.cn/new/disclosure/detail?stockCode=000889&announcementId=1213264312&orgId=gssz0000889&announcementTime=2022-04-30,2022-05-06,2022-08-01,-0.274669
000892,欢瑞世纪,2021,2022-04-30,2021年年度报告,http://www.cninfo.com.cn/new/disclosure/detail?stockCode=000892&announcementId=1213253401&orgId=gssz0000892&announcementTime=2022-04-30,2022-05-05,2022-07-29,0.236544
000890,法尔胜,2021,2022-04-23,2021年年度报告,http://www.cninfo.com.cn/new/disclosure/detail?stockCode=000890&announcementId=1213055560&orgId=gssz0000890&announcementTime=2022-04-23,2022-04-25,2022-07-22,0.208386
000893,亚钾国际,2021,2022-04-02,2021年年度报告,http://www.cninfo.com.cn/new/disclosure/detail?stockCode=000893&announcementId=1212810193&orgId=gssz0000893&announcementTime=2022-04-02,2022-04-06,2022-07-06,-0.003604
000897,津滨发展,2021,2022-03-30,2021年年度报告,http://www.cninfo.com.cn/new/disclosure/detail?stockCode=000897&announcementId=1212729763&orgId=gssz0000897&announcementTime=2022-03-30,2022-03-31,2022-07-01,-0.345566
000898,鞍钢股份,2021,2022-03-31,2021年年度报告,http://www.cninfo.com.cn/new/disclosure/detail?stockCode=000898&announcementId=1212751032&orgId=gssz0000898&announcementTime=2022-03-31,2022-04-01,2022-07-04,-0.029548
000900,现代投资,2021,2022-04-02,2021年年度报告,http://www.cninfo.com.cn/new/disclosure/detail?stockCode=000900&announcementId=1212813385&orgId=gssz0000900&announcementTime=2022-04-02,2022-04-06,2022-07-05,-0.005605
000901,航天科技,2021,2022-03-31,2021年年度报告,http://www.cninfo.com.cn/new/disclosure/detail?stockCode=000901&announcementId=1212742578&orgId=gssz0000901&announcementTime=2022-03-31,2022-04-01,2022-07-04,0.021939
000902,新洋丰,2021,2022-04-12,2021年年度报告,http://www.cninfo.com.cn/new/disclosure/detail?stockCode=000902&announcementId=1212885065&orgId=gssz0000902&announcementTime=2022-04-12,2022-04-13,2022-07-12,-0.019865
000903,ST云动,2021,2022-03-31,2021年年度报告,http://www.cninfo.com.cn/new/disclosure/detail?stockCode=000903&announcementId=1212740336&orgId=gssz0000903&announcementTime=2022-03-31,2022-04-01,2022-07-04,-0.044485
000905,厦门港务,2021,2022-03-18,2021年年度报告,http://www.cninfo.com.cn/new/disclosure/detail?stockCode=000905&announcementId=1212607654&orgId=gssz0000905&announcementTime=2022-03-18,2022-03-21,2022-06-21,0.091288
000906,浙商中拓,2021,2022-04-22,2021年年度报告,http://www.cninfo.com.cn/new/disclosure/detail?stockCode=000906&announcementId=1213025834&orgId=gssz0000906&announcementTime=2022-04-22,2022-04-25,2022-07-22,0.208457
000908,*ST景峰,2021,2022-04-30,2021年年度报告,http://www.cninfo.com.cn/new/disclosure/detail?stockCode=000908&announcementId=1213264758&orgId=gssz0000908&announcementTime=2022-04-30,2022-05-05,2022-07-29,0.06181
000909,ST数源,2021,2022-04-30,2021年年度报告,http://www.cninfo.com.cn/new/disclosure/detail?stockCode=000909&announcementId=1213258908&orgId=gssz0000909&announcementTime=2022-04-30,2022-05-05,2022-07-29,0.362031
000910,大亚圣象,2021,2022-03-29,2021年年度报告,http://www.cninfo.com.cn/new/disclosure/detail?stockCode=000910&announcementId=1212705334&orgId=gssz0000910&announcementTime=2022-03-29,2022-03-30,2022-06-30,-0.095275
000911,广农糖业,2021,2022-04-27,2021年年度报告,http://www.cninfo.com.cn/new/disclosure/detail?stockCode=000911&announcementId=1213149263&orgId=gssz0000911&announcementTime=2022-04-27,2022-04-28,2022-07-27,0.021315
000912,泸天化,2021,2022-04-23,2021年年度报告,http://www.cninfo.com.cn/new/disclosure/detail?stockCode=000912&announcementId=1213059359&orgId=gssz0000912&announcementTime=2022-04-23,2022-04-25,2022-07-22,-0.04918
000915,华特达因,2021,2022-03-11,2021年年度报告,http://www.cninfo.com.cn/new/disclosure/detail?stockCode=000915&announcementId=1212538565&orgId=gssz0000915&announcementTime=2022-03-11,2022-03-14,2022-06-14,0.280227
000913,钱江摩托,2021,2022-04-28,2021年年度报告,http://www.cninfo.com.cn/new/disclosure/detail?stockCode=000913&announcementId=1213163546&orgId=gssz0000913&announcementTime=2022-04-28,2022-04-29,2022-07-28,1.280032
000917,电广传媒,2021,2022-04-30,2021年年度报告,http://www.cninfo.com.cn/new/disclosure/detail?stockCode=000917&announcementId=1213264500&orgId=gssz0000917&announcementTime=2022-04-30,2022-05-05,2022-07-29,0.085475
000919,金陵药业,2021,2022-03-29,2021年年度报告,http://www.cninfo.com.cn/new/disclosure/detail?stockCode=000919&announcementId=1212707095&orgId=gssz0000919&announcementTime=2022-03-29,2022-03-30,2022-06-30,-0.064442
000920,沃顿科技,2021,2022-04-30,2021年年度报告,http://www.cninfo.com.cn/new/disclosure/detail?stockCode=000920&announcementId=1213262144&orgId=gssz0000920&announcementTime=2022-04-30,2022-05-05,2022-07-29,0.238918
000921,海信家电,2021,2022-03-31,2021年年度报告,http://www.cninfo.com.cn/new/disclosure/detail?stockCode=000921&announcementId=1212744627&orgId=gssz0000921&announcementTime=2022-03-31,2022-04-01,2022-07-04,0.2394
000922,佳电股份,2021,2022-04-09,2021年年度报告,http://www.cninfo.com.cn/new/disclosure/detail?stockCode=000922&announcementId=1212855079&orgId=gssz0000922&announcementTime=2022-04-09,2022-04-11,2022-07-08,0.134563
000925,众合科技,2021,2022-04-22,2021年年度报告,http://www.cninfo.com.cn/new/disclosure/detail?stockCode=000925&announcementId=1213029200&orgId=gssz0000925&announcementTime=2022-04-22,2022-04-25,2022-07-22,0.088014
000923,河钢资源,2021,2022-04-27,2021年年度报告,http://www.cninfo.com.cn/new/disclosure/detail?stockCode=000923&announcementId=1213154818&orgId=gssz0000923&announcementTime=2022-04-27,2022-04-28,2022-07-27,-0.054545
000926,福星股份,2021,2022-04-27,2021年年度报告,http://www.cninfo.com.cn/new/disclosure/detail?stockCode=000926&announcementId=1213135500&orgId=gssz0000926&announcementTime=2022-04-27,2022-04-28,2022-07-27,0.171784
000927,中国铁物,2021,2022-03-30,2021年年度报告,http://www.cninfo.com.cn/new/disclosure/detail?stockCode=000927&announcementId=1212729143&orgId=gssz0000927&announcementTime=2022-03-30,2022-03-31,2022-07-01,-0.102362
000928,中钢国际,2021,2022-03-26,2021年年度报告,http://www.cninfo.com.cn/new/disclosure/detail?stockCode=000928&announcementId=1212687482&orgId=gssz0000928&announcementTime=2022-03-26,2022-03-28,2022-06-28,-0.039057
000930,中粮科技,2021,2022-04-29,2021年年度报告,http://www.cninfo.com.cn/new/disclosure/detail?stockCode=000930&announcementId=1213194972&orgId=gssz0000930&announcementTime=2022-04-29,2022-05-05,2022-07-29,0.086108
000931,中 关 村,2021,2022-04-27,2021年年度报告,http://www.cninfo.com.cn/new/disclosure/detail?stockCode=000931&announcementId=1213132909&orgId=gssz0000931&announcementTime=2022-04-27,2022-04-28,2022-07-27,0.207459
000932,华菱钢铁,2021,2022-04-30,2021年年度报告,http://www.cninfo.com.cn/new/disclosure/detail?stockCode=000932&announcementId=1213251304&orgId=gssz0000932&announcementTime=2022-04-30,2022-05-05,2022-07-29,-0.17096
000933,神火股份,2021,2022-03-29,2021年年度报告,http://www.cninfo.com.cn/new/disclosure/detail?stockCode=000933&announcementId=1212710445&orgId=gssz0000933&announcementTime=2022-03-29,2022-03-30,2022-07-14,-0.038024
000935,四川双马,2021,2022-04-30,2021年年度报告,http://www.cninfo.com.cn/new/disclosure/detail?stockCode=000935&announcementId=1213245548&orgId=gssz0000935&announcementTime=2022-04-30,2022-05-05,2022-07-29,0.206847
000936,华西股份,2021,2022-04-27,2021年年度报告,http://www.cninfo.com.cn/new/disclosure/detail?stockCode=000936&announcementId=1213127105&orgId=gssz0000936&announcementTime=2022-04-27,2022-04-28,2022-07-27,0.191781
000938,紫光股份,2021,2022-03-26,2021年年度报告,http://www.cninfo.com.cn/new/disclosure/detail?stockCode=000938&announcementId=1212687997&orgId=gssz0000938&announcementTime=2022-03-26,2022-03-28,2022-06-28,-0.003091
000948,南天信息,2021,2022-04-16,2021年年度报告,http://www.cninfo.com.cn/new/disclosure/detail?stockCode=000948&announcementId=1212942592&orgId=gssz0000948&announcementTime=2022-04-16,2022-04-18,2022-07-15,-0.174216
000949,新乡化纤,2021,2022-04-08,2021年年度报告,http://www.cninfo.com.cn/new/disclosure/detail?stockCode=000949&announcementId=1212839068&orgId=gssz0000949&announcementTime=2022-04-08,2022-04-11,2022-07-08,-0.19467
000950,重药控股,2021,2022-04-30,2021年年度报告,http://www.cninfo.com.cn/new/disclosure/detail?stockCode=000950&announcementId=1213245798&orgId=gssz0000950&announcementTime=2022-04-30,2022-05-05,2022-07-29,0.097368
000951,中国重汽,2021,2022-04-01,2021年年度报告,http://www.cninfo.com.cn/new/disclosure/detail?stockCode=000951&announcementId=1212770180&orgId=gssz0000951&announcementTime=2022-04-01,2022-04-06,2022-07-05,0.209993
000952,广济药业,2021,2022-03-25,2021年年度报告,http://www.cninfo.com.cn/new/disclosure/detail?stockCode=000952&announcementId=1212670144&orgId=gssz0000952&announcementTime=2022-03-25,2022-03-28,2022-06-28,-0.041626
000953,河化股份,2021,2022-04-30,2021年年度报告,http://www.cninfo.com.cn/new/disclosure/detail?stockCode=000953&announcementId=1213245837&orgId=gssz0000953&announcementTime=2022-04-30,2022-05-05,2022-07-29,0.071918
000955,欣龙控股,2021,2022-04-29,2021年年度报告,http://www.cninfo.com.cn/new/disclosure/detail?stockCode=000955&announcementId=1213200279&orgId=gssz0000955&announcementTime=2022-04-29,2022-05-05,2022-07-29,0.10664
000958,电投产融,2021,2022-04-26,2021年年度报告,http://www.cninfo.com.cn/new/disclosure/detail?stockCode=000958&announcementId=1213106501&orgId=gssz0000958&announcementTime=2022-04-26,2022-04-27,2022-07-26,0.173774
000959,首钢股份,2021,2022-04-29,2021年年度报告,http://www.cninfo.com.cn/new/disclosure/detail?stockCode=000959&announcementId=1213199333&orgId=gssz0000959&announcementTime=2022-04-29,2022-05-05,2022-07-29,-0.115207
000960,锡业股份,2021,2022-04-15,2021年年度报告,http://www.cninfo.com.cn/new/disclosure/detail?stockCode=000960&announcementId=1212924120&orgId=gssz0000960&announcementTime=2022-04-15,2022-04-18,2022-07-15,-0.276508
000962,东方钽业,2021,2022-03-29,2021年年度报告,http://www.cninfo.com.cn/new/disclosure/detail?stockCode=000962&announcementId=1212706216&orgId=gssz0000962&announcementTime=2022-03-29,2022-03-30,2022-06-30,0.088435
000963,华东医药,2021,2022-04-28,2021年年度报告,http://www.cninfo.com.cn/new/disclosure/detail?stockCode=000963&announcementId=1213170749&orgId=gssz0000963&announcementTime=2022-04-28,2022-04-29,2022-07-28,0.409707
000965,天保基建,2021,2022-04-14,2021年年度报告,http://www.cninfo.com.cn/new/disclosure/detail?stockCode=000965&announcementId=1212913665&orgId=gssz0000965&announcementTime=2022-04-14,2022-04-15,2022-07-14,-0.312248
000967,盈峰环境,2021,2022-04-30,2021年年度报告,http://www.cninfo.com.cn/new/disclosure/detail?stockCode=000967&announcementId=1213256206&orgId=gssz0000967&announcementTime=2022-04-30,2022-05-05,2022-07-29,0.179521
000966,长源电力,2021,2022-04-29,2021年年度报告,http://www.cninfo.com.cn/new/disclosure/detail?stockCode=000966&announcementId=1213219464&orgId=gssz0000966&announcementTime=2022-04-29,2022-05-05,2022-07-29,0.15983
000968,蓝焰控股,2021,2022-04-22,2021年年度报告,http://www.cninfo.com.cn/new/disclosure/detail?stockCode=000968&announcementId=1213025868&orgId=gssz0000968&announcementTime=2022-04-22,2022-04-25,2022-07-22,-0.158787
000969,安泰科技,2021,2022-03-26,2021年年度报告,http://www.cninfo.com.cn/new/disclosure/detail?stockCode=000969&announcementId=1212683737&orgId=gssz0000969&announcementTime=2022-03-26,2022-03-28,2022-06-28,0.141336
000970,中科三环,2021,2022-03-26,2021年年度报告,http://www.cninfo.com.cn/new/disclosure/detail?stockCode=000970&announcementId=1212682605&orgId=gssz0000970&announcementTime=2022-03-26,2022-03-28,2022-06-28,0.453551
000972,*ST中基,2021,2022-03-26,2021年年度报告,http://www.cninfo.com.cn/new/disclosure/detail?stockCode=000972&announcementId=1212688644&orgId=gssz0000972&announcementTime=2022-03-26,2022-03-28,2022-06-28,0.024235
000973,佛塑科技,2021,2022-03-26,2021年年度报告,http://www.cninfo.com.cn/new/disclosure/detail?stockCode=000973&announcementId=1212688308&orgId=gssz0000973&announcementTime=2022-03-26,2022-03-28,2022-06-28,-0.086284
000975,山金国际,2021,2022-04-09,2021年年度报告,http://www.cninfo.com.cn/new/disclosure/detail?stockCode=000975&announcementId=1212858078&orgId=gssz0000975&announcementTime=2022-04-09,2022-04-11,2022-07-08,-0.051749
000978,桂林旅游,2021,2022-03-31,2021年年度报告,http://www.cninfo.com.cn/new/disclosure/detail?stockCode=000978&announcementId=1212748377&orgId=gssz0000978&announcementTime=2022-03-31,2022-04-01,2022-07-04,0.038235
000977,浪潮信息,2021,2022-04-09,2021年年度报告,http://www.cninfo.com.cn/new/disclosure/detail?stockCode=000977&announcementId=1212856805&orgId=gssz0000977&announcementTime=2022-04-09,2022-04-11,2022-07-08,-0.021544
000980,众泰汽车,2021,2022-04-26,2021年年度报告,http://www.cninfo.com.cn/new/disclosure/detail?stockCode=000980&announcementId=1213118013&orgId=gssz0000980&announcementTime=2022-04-26,2022-04-27,2022-07-27,0.192197
000981,山子高科,2021,2022-04-30,2021年年度报告,http://www.cninfo.com.cn/new/disclosure/detail?stockCode=000981&announcementId=1213266953&orgId=gssz0000981&announcementTime=2022-04-30,2022-05-05,2022-07-29,0.205479
000983,山西焦煤,2021,2022-04-29,2021年年度报告,http://www.cninfo.com.cn/new/disclosure/detail?stockCode=000983&announcementId=1213213545&orgId=gssz0000983&announcementTime=2022-04-29,2022-05-05,2022-07-29,-0.11715
000985,大庆华科,2021,2022-04-30,2021年年度报告,http://www.cninfo.com.cn/new/disclosure/detail?stockCode=000985&announcementId=1213249247&orgId=gssz0000985&announcementTime=2022-04-30,2022-05-05,2022-07-29,0.050259
000987,越秀资本,2021,2022-04-02,2021年年度报告,http://www.cninfo.com.cn/new/disclosure/detail?stockCode=000987&announcementId=1212811097&orgId=gssz0000987&announcementTime=2022-04-02,2022-04-06,2022-07-05,0.063467
000989,九芝堂,2021,2022-04-23,2021年年度报告,http://www.cninfo.com.cn/new/disclosure/detail?stockCode=000989&announcementId=1213042739&orgId=gssz0000989&announcementTime=2022-04-23,2022-04-25,2022-07-22,-0.044281
000988,华工科技,2021,2022-03-30,2021年年度报告,http://www.cninfo.com.cn/new/disclosure/detail?stockCode=000988&announcementId=1212728603&orgId=gssz0000988&announcementTime=2022-03-30,2022-03-31,2022-07-01,0.116596
000993,闽东电力,2021,2022-03-31,2021年年度报告,http://www.cninfo.com.cn/new/disclosure/detail?stockCode=000993&announcementId=1212748466&orgId=gssz0000993&announcementTime=2022-03-31,2022-04-01,2022-07-04,0.223837
000990,诚志股份,2021,2022-04-20,2021年年度报告,http://www.cninfo.com.cn/new/disclosure/detail?stockCode=000990&announcementId=1212979242&orgId=gssz0000990&announcementTime=2022-04-20,2022-04-21,2022-07-20,-0.083976
000995,皇台酒业,2021,2022-04-28,2021年年度报告,http://www.cninfo.com.cn/new/disclosure/detail?stockCode=000995&announcementId=1213173230&orgId=gssz0000995&announcementTime=2022-04-28,2022-04-29,2022-07-28,0.242311
000997,新 大 陆,2021,2022-04-27,2021年年度报告,http://www.cninfo.com.cn/new/disclosure/detail?stockCode=000997&announcementId=1213137331&orgId=gssz0000997&announcementTime=2022-04-27,2022-04-28,2022-07-27,0.259508
000999,华润三九,2021,2022-03-26,2021年年度报告,http://www.cninfo.com.cn/new/disclosure/detail?stockCode=000999&announcementId=1212687881&orgId=gssz0000999&announcementTime=2022-03-26,2022-03-28,2022-06-28,0.144603
000998,隆平高科,2021,2022-04-26,2021年年度报告,http://www.cninfo.com.cn/new/disclosure/detail?stockCode=000998&announcementId=1213109016&orgId=gssz0000998&announcementTime=2022-04-26,2022-04-27,2022-07-26,-0.026162
001202,炬申股份,2021,2022-04-15,2021年年度报告,http://www.cninfo.com.cn/new/disclosure/detail?stockCode=001202&announcementId=1212918120&orgId=gfbj0839749&announcementTime=2022-04-15,2022-04-18,2022-07-15,-0.065595
001201,东瑞股份,2021,2022-04-28,2021年年度报告,http://www.cninfo.com.cn/new/disclosure/detail?stockCode=001201&announcementId=1213167484&orgId=9900036405&announcementTime=2022-04-28,2022-04-29,2022-07-28,0.226894
001203,大中矿业,2021,2022-03-04,2021年年度报告,http://www.cninfo.com.cn/new/disclosure/detail?stockCode=001203&announcementId=1212503245&orgId=9900023231&announcementTime=2022-03-04,2022-03-07,2022-06-07,-0.188002
001205,盛航股份,2021,2022-03-10,2021年年度报告,http://www.cninfo.com.cn/new/disclosure/detail?stockCode=001205&announcementId=1212533309&orgId=gfbj0832659&announcementTime=2022-03-10,2022-03-11,2022-06-13,0.164562
001206,依依股份,2021,2022-04-26,2021年年度报告,http://www.cninfo.com.cn/new/disclosure/detail?stockCode=001206&announcementId=1213099742&orgId=gfbj0870245&announcementTime=2022-04-26,2022-04-27,2022-07-26,0.112504
001207,联科科技,2021,2022-04-28,2021年年度报告,http://www.cninfo.com.cn/new/disclosure/detail?stockCode=001207&announcementId=1213163636&orgId=9900041710&announcementTime=2022-04-28,2022-04-29,2022-07-28,0.140571
001209,洪兴股份,2021,2022-04-30,2021年年度报告,http://www.cninfo.com.cn/new/disclosure/detail?stockCode=001209&announcementId=1213254157&orgId=9900041427&announcementTime=2022-04-30,2022-05-05,2022-07-29,0.066199
001208,华菱线缆,2021,2022-04-29,2021年年度报告,http://www.cninfo.com.cn/new/disclosure/detail?stockCode=001208&announcementId=1213202402&orgId=9900023198&announcementTime=2022-04-29,2022-05-05,2022-07-29,0.453631
001210,金房能源,2021,2022-04-29,2021年年度报告,http://www.cninfo.com.cn/new/disclosure/detail?stockCode=001210&announcementId=1213207159&orgId=9900035875&announcementTime=2022-04-29,2022-05-05,2022-07-29,0.206087
001211,双枪科技,2021,2022-04-29,2021年年度报告,http://www.cninfo.com.cn/new/disclosure/detail?stockCode=001211&announcementId=1213203379&orgId=9900041883&announcementTime=2022-04-29,2022-05-05,2022-07-29,0.087868
001212,中旗新材,2021,2022-04-26,2021年年度报告,http://www.cninfo.com.cn/new/disclosure/detail?stockCode=001212&announcementId=1213117740&orgId=nssc1000239&announcementTime=2022-04-26,2022-04-27,2022-07-26,0.915842
001213,中铁特货,2021,2022-04-27,2021年年度报告,http://www.cninfo.com.cn/new/disclosure/detail?stockCode=001213&announcementId=1213138274&orgId=nssc1000059&announcementTime=2022-04-27,2022-04-28,2022-07-27,0.068817
001216,华瓷股份,2021,2022-03-19,2021年年度报告,http://www.cninfo.com.cn/new/disclosure/detail?stockCode=001216&announcementId=1212625155&orgId=9900023696&announcementTime=2022-03-19,2022-03-21,2022-06-21,-0.040208
001215,千味央厨,2021,2022-04-29,2021年年度报告,http://www.cninfo.com.cn/new/disclosure/detail?stockCode=001215&announcementId=1213203691&orgId=9900041525&announcementTime=2022-04-29,2022-05-05,2022-07-29,0.052688
001217,华尔泰,2021,2022-04-22,2021年年度报告,http://www.cninfo.com.cn/new/disclosure/detail?stockCode=001217&announcementId=1213026351&orgId=9900041548&announcementTime=2022-04-22,2022-04-25,2022-07-22,-0.014368
001218,丽臣实业,2021,2022-03-30,2021年年度报告,http://www.cninfo.com.cn/new/disclosure/detail?stockCode=001218&announcementId=1212729683&orgId=9900024906&announcementTime=2022-03-30,2022-03-31,2022-07-01,-0.076923
001219,青岛食品,2021,2022-04-18,2021年年度报告,http://www.cninfo.com.cn/new/disclosure/detail?stockCode=001219&announcementId=1212942265&orgId=gfbj0872387&announcementTime=2022-04-18,2022-04-19,2022-07-18,0.015396
001227,兰州银行,2021,2022-04-28,2021年年度报告,http://www.cninfo.com.cn/new/disclosure/detail?stockCode=001227&announcementId=1213176161&orgId=9900021964&announcementTime=2022-04-28,2022-04-29,2022-07-28,-0.046559
001234,泰慕士,2021,2022-04-25,2021年年度报告,http://www.cninfo.com.cn/new/disclosure/detail?stockCode=001234&announcementId=1213057225&orgId=9900046655&announcementTime=2022-04-25,2022-04-26,2022-07-25,-0.194883
001267,汇绿生态,2021,2022-04-22,2021年年度报告,http://www.cninfo.com.cn/new/disclosure/detail?stockCode=001267&announcementId=1213022482&orgId=gssz0000765&announcementTime=2022-04-22,2022-04-25,2022-07-22,0.0
001289,龙源电力,2021,2022-03-31,2021年年度报告,http://www.cninfo.com.cn/new/disclosure/detail?stockCode=001289&announcementId=1212751084&orgId=9900009768&announcementTime=2022-03-31,2022-04-01,2022-07-04,-0.162977
001296,长江材料,2021,2022-04-25,2021年年度报告,http://www.cninfo.com.cn/new/disclosure/detail?stockCode=001296&announcementId=1213055846&orgId=gfbj0833138&announcementTime=2022-04-25,2022-04-26,2022-07-25,0.089357
001313,粤海饲料,2021,2022-04-29,2021年年度报告,http://www.cninfo.com.cn/new/disclosure/detail?stockCode=001313&announcementId=1213215189&orgId=9900038396&announcementTime=2022-04-29,2022-05-05,2022-07-29,-0.06441
001317,三羊马,2021,2022-04-16,2021年年度报告,http://www.cninfo.com.cn/new/disclosure/detail?stockCode=001317&announcementId=1212939726&orgId=gfbj0838107&announcementTime=2022-04-16,2022-04-18,2022-07-15,-0.14332
001696,宗申动力,2021,2022-04-01,2021年年度报告,http://www.cninfo.com.cn/new/disclosure/detail?stockCode=001696&announcementId=1212764460&orgId=gssz0001696&announcementTime=2022-04-01,2022-04-06,2022-07-05,0.046159
001872,招商港口,2021,2022-03-31,2021年年度报告,http://www.cninfo.com.cn/new/disclosure/detail?stockCode=001872&announcementId=1212752597&orgId=gssz0000022&announcementTime=2022-03-31,2022-04-01,2022-07-04,0.01092
001896,豫能控股,2021,2022-04-09,2021年年度报告,http://www.cninfo.com.cn/new/disclosure/detail?stockCode=001896&announcementId=1212856498&orgId=gssz0001896&announcementTime=2022-04-09,2022-04-11,2022-07-08,0.289203
001965,招商公路,2021,2022-04-02,2021年年度报告,http://www.cninfo.com.cn/new/disclosure/detail?stockCode=001965&announcementId=1212808423&orgId=GD008065&announcementTime=2022-04-02,2022-04-06,2022-07-05,-0.012401
001914,招商积余,2021,2022-03-18,2021年年度报告,http://www.cninfo.com.cn/new/disclosure/detail?stockCode=001914&announcementId=1212609471&orgId=gssz0000043&announcementTime=2022-03-18,2022-03-21,2022-06-21,0.186015
002001,新 和 成,2021,2022-04-15,2021年年度报告,http://www.cninfo.com.cn/new/disclosure/detail?stockCode=002001&announcementId=1212923837&orgId=gssz0002001&announcementTime=2022-04-15,2022-04-18,2022-07-15,-0.199398
001979,招商蛇口,2021,2022-03-22,2021年年度报告,http://www.cninfo.com.cn/new/disclosure/detail?stockCode=001979&announcementId=1212634443&orgId=GD014107&announcementTime=2022-03-22,2022-03-23,2022-06-23,-0.089431
002004,华邦健康,2021,2022-03-19,2021年年度报告,http://www.cninfo.com.cn/new/disclosure/detail?stockCode=002004&announcementId=1212626926&orgId=gssz0002004&announcementTime=2022-03-19,2022-03-21,2022-06-21,-0.055506
002003,伟星股份,2021,2022-04-16,2021年年度报告,http://www.cninfo.com.cn/new/disclosure/detail?stockCode=002003&announcementId=1212942128&orgId=gssz0002003&announcementTime=2022-04-16,2022-04-18,2022-07-15,0.121391
002006,精工科技,2021,2022-03-25,2021年年度报告,http://www.cninfo.com.cn/new/disclosure/detail?stockCode=002006&announcementId=1212668459&orgId=gssz0002006&announcementTime=2022-03-25,2022-03-28,2022-06-28,0.303579
002005,ST德豪,2021,2022-04-29,2021年年度报告,http://www.cninfo.com.cn/new/disclosure/detail?stockCode=002005&announcementId=1213206923&orgId=gssz0002005&announcementTime=2022-04-29,2022-05-05,2022-07-29,0.314943
002008,大族激光,2021,2022-03-31,2021年年度报告,http://www.cninfo.com.cn/new/disclosure/detail?stockCode=002008&announcementId=1212753304&orgId=gssz0002008&announcementTime=2022-03-31,2022-04-01,2022-07-04,-0.145462
002007,华兰生物,2021,2022-03-30,2021年年度报告,http://www.cninfo.com.cn/new/disclosure/detail?stockCode=002007&announcementId=1212729242&orgId=gssz0002007&announcementTime=2022-03-30,2022-03-31,2022-07-01,0.145531
002009,天奇股份,2021,2022-04-19,2021年年度报告,http://www.cninfo.com.cn/new/disclosure/detail?stockCode=002009&announcementId=1212963038&orgId=gssz0002009&announcementTime=2022-04-19,2022-04-20,2022-07-19,0.196206
002010,传化智联,2021,2022-04-26,2021年年度报告,http://www.cninfo.com.cn/new/disclosure/detail?stockCode=002010&announcementId=1213121023&orgId=gssz0002010&announcementTime=2022-04-26,2022-04-27,2022-07-26,0.032271
002011,盾安环境,2021,2022-04-08,2021年年度报告,http://www.cninfo.com.cn/new/disclosure/detail?stockCode=002011&announcementId=1212839637&orgId=gssz0002011&announcementTime=2022-04-08,2022-04-11,2022-07-15,0.655794
002014,永新股份,2021,2022-02-25,2021年年度报告,http://www.cninfo.com.cn/new/disclosure/detail?stockCode=002014&announcementId=1212453505&orgId=gssz0002014&announcementTime=2022-02-25,2022-02-28,2022-05-30,-0.116762
002012,凯恩股份,2021,2022-03-29,2021年年度报告,http://www.cninfo.com.cn/new/disclosure/detail?stockCode=002012&announcementId=1212708948&orgId=gssz0002012&announcementTime=2022-03-29,2022-03-30,2022-06-30,-0.016543
002016,世荣兆业,2021,2022-04-28,2021年年度报告,http://www.cninfo.com.cn/new/disclosure/detail?stockCode=002016&announcementId=1213165855&orgId=gssz0002016&announcementTime=2022-04-28,2022-04-29,2022-07-28,0.336253
002017,东信和平,2021,2022-04-20,2021年年度报告,http://www.cninfo.com.cn/new/disclosure/detail?stockCode=002017&announcementId=1212979292&orgId=gssz0002017&announcementTime=2022-04-20,2022-04-21,2022-07-20,0.166223
002019,亿帆医药,2021,2022-04-13,2021年年度报告,http://www.cninfo.com.cn/new/disclosure/detail?stockCode=002019&announcementId=1212899161&orgId=gssz0002019&announcementTime=2022-04-13,2022-04-14,2022-07-13,-0.050849
002020,京新药业,2021,2022-03-30,2021年年度报告,http://www.cninfo.com.cn/new/disclosure/detail?stockCode=002020&announcementId=1212724599&orgId=gssz0002020&announcementTime=2022-03-30,2022-03-31,2022-07-01,-0.031564
002022,科华生物,2021,2022-04-30,2021年年度报告,http://www.cninfo.com.cn/new/disclosure/detail?stockCode=002022&announcementId=1213259679&orgId=gssz0002022&announcementTime=2022-04-30,2022-05-06,2022-08-01,0.218247
002021,中捷资源,2021,2022-04-29,2021年年度报告,http://www.cninfo.com.cn/new/disclosure/detail?stockCode=002021&announcementId=1213211281&orgId=gssz0002021&announcementTime=2022-04-29,2022-05-05,2022-07-29,0.230501
002024,ST易购,2021,2022-04-30,2021年年度报告,http://www.cninfo.com.cn/new/disclosure/detail?stockCode=002024&announcementId=1213266285&orgId=gssz0002024&announcementTime=2022-04-30,2022-05-06,2022-08-01,-0.32247
002025,航天电器,2021,2022-04-12,2021年年度报告,http://www.cninfo.com.cn/new/disclosure/detail?stockCode=002025&announcementId=1212883073&orgId=gssz0002025&announcementTime=2022-04-12,2022-04-13,2022-07-12,0.20713
002023,海特高新,2021,2022-04-26,2021年年度报告,http://www.cninfo.com.cn/new/disclosure/detail?stockCode=002023&announcementId=1213101734&orgId=gssz0002023&announcementTime=2022-04-26,2022-04-27,2022-07-26,0.232713
002026,山东威达,2021,2022-04-26,2021年年度报告,http://www.cninfo.com.cn/new/disclosure/detail?stockCode=002026&announcementId=1213101838&orgId=gssz0002026&announcementTime=2022-04-26,2022-04-27,2022-07-26,0.60389
002027,分众传媒,2021,2022-04-29,2021年年度报告,http://www.cninfo.com.cn/new/disclosure/detail?stockCode=002027&announcementId=1213205440&orgId=gssz0002027&announcementTime=2022-04-29,2022-05-05,2022-07-29,0.019034
002029,七 匹 狼,2021,2022-04-02,2021年年度报告,http://www.cninfo.com.cn/new/disclosure/detail?stockCode=002029&announcementId=1212809627&orgId=gssz0002029&announcementTime=2022-04-02,2022-04-06,2022-07-05,-0.016031
002028,思源电气,2021,2022-04-16,2021年年度报告,http://www.cninfo.com.cn/new/disclosure/detail?stockCode=002028&announcementId=1212942957&orgId=gssz0002028&announcementTime=2022-04-16,2022-04-18,2022-07-15,0.392417
002031,巨轮智能,2021,2022-04-15,2021年年度报告,http://www.cninfo.com.cn/new/disclosure/detail?stockCode=002031&announcementId=1212925185&orgId=gssz0002031&announcementTime=2022-04-15,2022-04-18,2022-07-15,1.265187
002030,达安基因,2021,2022-03-31,2021年年度报告,http://www.cninfo.com.cn/new/disclosure/detail?stockCode=002030&announcementId=1212752717&orgId=gssz0002030&announcementTime=2022-03-31,2022-04-01,2022-07-04,0.022414
002032,苏 泊 尔,2021,2022-04-01,2021年年度报告,http://www.cninfo.com.cn/new/disclosure/detail?stockCode=002032&announcementId=1212768014&orgId=gssz0002032&announcementTime=2022-04-01,2022-04-06,2022-07-05,0.075634
002033,丽江股份,2021,2022-03-08,2021年年度报告,http://www.cninfo.com.cn/new/disclosure/detail?stockCode=002033&announcementId=1212519729&orgId=gssz0002033&announcementTime=2022-03-08,2022-03-09,2022-06-09,0.073094
002034,旺能环境,2021,2022-04-28,2021年年度报告,http://www.cninfo.com.cn/new/disclosure/detail?stockCode=002034&announcementId=1213165206&orgId=gssz0002034&announcementTime=2022-04-28 00:00:00,2022-04-29,2022-07-28,0.29272
002035,华帝股份,2021,2022-04-29,2021年年度报告,http://www.cninfo.com.cn/new/disclosure/detail?stockCode=002035&announcementId=1213213955&orgId=gssz0002035&announcementTime=2022-04-29,2022-05-05,2022-07-29,0.275063
002036,联创电子,2021,2022-04-26,2021年年度报告,http://www.cninfo.com.cn/new/disclosure/detail?stockCode=002036&announcementId=1213105905&orgId=gssz0002036&announcementTime=2022-04-26,2022-04-27,2022-07-26,0.652981
002037,保利联合,2021,2022-04-30,2021年年度报告,http://www.cninfo.com.cn/new/disclosure/detail?stockCode=002037&announcementId=1213260509&orgId=gssz0002037&announcementTime=2022-04-30,2022-05-05,2022-07-29,0.114001
002038,双鹭药业,2021,2022-04-26,2021年年度报告,http://www.cninfo.com.cn/new/disclosure/detail?stockCode=002038&announcementId=1213106753&orgId=gssz0002038&announcementTime=2022-04-26,2022-04-27,2022-07-26,0.026178
002039,黔源电力,2021,2022-04-01,2021年年度报告,http://www.cninfo.com.cn/new/disclosure/detail?stockCode=002039&announcementId=1212764854&orgId=gssz0002039&announcementTime=2022-04-01,2022-04-06,2022-07-05,0.247561
002041,登海种业,2021,2022-04-19,2021年年度报告,http://www.cninfo.com.cn/new/disclosure/detail?stockCode=002041&announcementId=1212966700&orgId=gssz0002041&announcementTime=2022-04-19,2022-04-20,2022-07-19,-0.204047
002042,华孚时尚,2021,2022-04-28,2021年年度报告,http://www.cninfo.com.cn/new/disclosure/detail?stockCode=002042&announcementId=1213171928&orgId=gssz0002042&announcementTime=2022-04-28,2022-04-29,2022-07-28,0.039261
002043,兔 宝 宝,2021,2022-04-28,2021年年度报告,http://www.cninfo.com.cn/new/disclosure/detail?stockCode=002043&announcementId=1213164754&orgId=gssz0002043&announcementTime=2022-04-28,2022-04-29,2022-07-28,0.141896
002044,美年健康,2021,2022-04-16,2021年年度报告,http://www.cninfo.com.cn/new/disclosure/detail?stockCode=002044&announcementId=1212944048&orgId=gssz0002044&announcementTime=2022-04-16,2022-04-18,2022-07-15,-0.123278
002045,国光电器,2021,2022-04-28,2021年年度报告,http://www.cninfo.com.cn/new/disclosure/detail?stockCode=002045&announcementId=1213164895&orgId=gssz0002045&announcementTime=2022-04-28,2022-04-29,2022-07-28,0.407645
002046,国机精工,2021,2022-04-13,2021年年度报告,http://www.cninfo.com.cn/new/disclosure/detail?stockCode=002046&announcementId=1212899089&orgId=gssz0002046&announcementTime=2022-04-13,2022-04-14,2022-07-13,0.467814
002047,*ST宝鹰,2021,2022-04-30,2021年年度报告,http://www.cninfo.com.cn/new/disclosure/detail?stockCode=002047&announcementId=1213258409&orgId=gssz0002047&announcementTime=2022-04-30,2022-05-05,2022-07-29,0.458785
002048,宁波华翔,2021,2022-04-29,2021年年度报告,http://www.cninfo.com.cn/new/disclosure/detail?stockCode=002048&announcementId=1213204963&orgId=gssz0002048&announcementTime=2022-04-29,2022-05-05,2022-07-29,0.276097
002049,紫光国微,2021,2022-04-21,2021年年度报告,http://www.cninfo.com.cn/new/disclosure/detail?stockCode=002049&announcementId=1213000423&orgId=gssz0002049&announcementTime=2022-04-21,2022-04-22,2022-07-21,0.267849
002050,三花智控,2021,2022-03-25,2021年年度报告,http://www.cninfo.com.cn/new/disclosure/detail?stockCode=002050&announcementId=1212667588&orgId=gssz0002050&announcementTime=2022-03-25,2022-03-28,2022-06-28,0.698199
002051,中工国际,2021,2022-04-02,2021年年度报告,http://www.cninfo.com.cn/new/disclosure/detail?stockCode=002051&announcementId=1212809581&orgId=gssz0002051&announcementTime=2022-04-02,2022-04-06,2022-07-05,0.091655
002053,云南能投,2021,2022-03-25,2021年年度报告,http://www.cninfo.com.cn/new/disclosure/detail?stockCode=002053&announcementId=1212671080&orgId=gssz0002053&announcementTime=2022-03-25,2022-03-28,2022-06-28,-0.047086
002056,横店东磁,2021,2022-03-11,2021年年度报告,http://www.cninfo.com.cn/new/disclosure/detail?stockCode=002056&announcementId=1212541133&orgId=9900000141&announcementTime=2022-03-11,2022-03-14,2022-06-14,0.793937
002055,ST得润,2021,2022-04-28,2021年年度报告,http://www.cninfo.com.cn/new/disclosure/detail?stockCode=002055&announcementId=1213173329&orgId=9900000123&announcementTime=2022-04-28,2022-04-29,2022-07-28,0.430518
002057,中钢天源,2021,2022-04-20,2021年年度报告,http://www.cninfo.com.cn/new/disclosure/detail?stockCode=002057&announcementId=1212977969&orgId=9900000181&announcementTime=2022-04-20,2022-04-21,2022-07-20,0.594721
002058,*ST威尔,2021,2022-04-30,2021年年度报告,http://www.cninfo.com.cn/new/disclosure/detail?stockCode=002058&announcementId=1213255805&orgId=9900000201&announcementTime=2022-04-30,2022-05-05,2022-08-01,0.57111
002059,云南旅游,2021,2022-03-30,2021年年度报告,http://www.cninfo.com.cn/new/disclosure/detail?stockCode=002059&announcementId=1212731805&orgId=9900000241&announcementTime=2022-03-30,2022-03-31,2022-07-01,0.163751
002060,广东建工,2021,2022-03-30,2021年年度报告,http://www.cninfo.com.cn/new/disclosure/detail?stockCode=002060&announcementId=1212731619&orgId=9900000281&announcementTime=2022-03-30,2022-03-31,2022-07-01,-0.07973
002061,浙江交科,2021,2022-04-29,2021年年度报告,http://www.cninfo.com.cn/new/disclosure/detail?stockCode=002061&announcementId=1213214562&orgId=9900000341&announcementTime=2022-04-29,2022-05-05,2022-07-29,0.005643
002062,宏润建设,2021,2022-04-23,2021年年度报告,http://www.cninfo.com.cn/new/disclosure/detail?stockCode=002062&announcementId=1213045297&orgId=9900000362&announcementTime=2022-04-23,2022-04-25,2022-07-22,0.288142
002063,远光软件,2021,2022-04-22,2021年年度报告,http://www.cninfo.com.cn/new/disclosure/detail?stockCode=002063&announcementId=1213028619&orgId=9900000382&announcementTime=2022-04-22,2022-04-25,2022-07-22,0.28441
002064,华峰化学,2021,2022-04-30,2021年年度报告,http://www.cninfo.com.cn/new/disclosure/detail?stockCode=002064&announcementId=1213261891&orgId=9900000404&announcementTime=2022-04-30,2022-05-05,2022-07-29,0.008874
002065,东华软件,2021,2022-04-29,2021年年度报告,http://www.cninfo.com.cn/new/disclosure/detail?stockCode=002065&announcementId=1213213836&orgId=9900000405&announcementTime=2022-04-29,2022-05-05,2022-07-29,0.087946
002066,瑞泰科技,2021,2022-03-26,2021年年度报告,http://www.cninfo.com.cn/new/disclosure/detail?stockCode=002066&announcementId=1212686540&orgId=9900000421&announcementTime=2022-03-26,2022-03-28,2022-06-28,0.108059
002067,景兴纸业,2021,2022-04-16,2021年年度报告,http://www.cninfo.com.cn/new/disclosure/detail?stockCode=002067&announcementId=1212941396&orgId=9900000601&announcementTime=2022-04-16,2022-04-18,2022-07-15,-0.110907
002068,黑猫股份,2021,2022-04-22,2021年年度报告,http://www.cninfo.com.cn/new/disclosure/detail?stockCode=002068&announcementId=1213026072&orgId=9900000622&announcementTime=2022-04-22,2022-04-25,2022-07-22,0.910554
002069,獐子岛,2021,2022-04-30,2021年年度报告,http://www.cninfo.com.cn/new/disclosure/detail?stockCode=002069&announcementId=1213263535&orgId=9900000781&announcementTime=2022-04-30,2022-05-06,2022-08-01,0.218978
002072,凯瑞德,2021,2022-04-29,2021年年度报告,http://www.cninfo.com.cn/new/disclosure/detail?stockCode=002072&announcementId=1213209189&orgId=9900000881&announcementTime=2022-04-29,2022-05-05,2022-07-29,0.133681
002073,软控股份,2021,2022-04-26,2021年年度报告,http://www.cninfo.com.cn/new/disclosure/detail?stockCode=002073&announcementId=1213097165&orgId=9900000961&announcementTime=2022-04-26,2022-04-27,2022-07-26,0.691424
002074,国轩高科,2021,2022-04-29,2021年年度报告,http://www.cninfo.com.cn/new/disclosure/detail?stockCode=002074&announcementId=1213217922&orgId=9900001001&announcementTime=2022-04-29,2022-05-05,2022-07-29,0.494033
002075,沙钢股份,2021,2022-04-09,2021年年度报告,http://www.cninfo.com.cn/new/disclosure/detail?stockCode=002075&announcementId=1212855392&orgId=9900001101&announcementTime=2022-04-09,2022-04-11,2022-07-08,-0.171395
002076,*ST星光,2021,2022-04-28,2021年年度报告,http://www.cninfo.com.cn/new/disclosure/detail?stockCode=002076&announcementId=1213170660&orgId=9900001102&announcementTime=2022-04-28,2022-04-29,2022-07-28,1.185131
002077,大港股份,2021,2022-04-28,2021年年度报告,http://www.cninfo.com.cn/new/disclosure/detail?stockCode=002077&announcementId=1213161998&orgId=9900001222&announcementTime=2022-04-28,2022-04-29,2022-07-28,0.874339
002078,太阳纸业,2021,2022-04-16,2021年年度报告,http://www.cninfo.com.cn/new/disclosure/detail?stockCode=002078&announcementId=1212942863&orgId=9900001223&announcementTime=2022-04-16,2022-04-18,2022-07-15,0.018394
002079,苏州固锝,2021,2022-03-26,2021年年度报告,http://www.cninfo.com.cn/new/disclosure/detail?stockCode=002079&announcementId=1212685425&orgId=9900001221&announcementTime=2022-03-26,2022-03-28,2022-06-28,0.334131
002080,中材科技,2021,2022-03-18,2021年年度报告,http://www.cninfo.com.cn/new/disclosure/detail?stockCode=002080&announcementId=1212608230&orgId=9900001282&announcementTime=2022-03-18,2022-03-21,2022-06-21,0.07327
002081,金 螳 螂,2021,2022-04-30,2021年年度报告,http://www.cninfo.com.cn/new/disclosure/detail?stockCode=002081&announcementId=1213249916&orgId=9900001283&announcementTime=2022-04-30,2022-05-05,2022-07-29,0.004076
002082,万邦德,2021,2022-04-14,2021年年度报告,http://www.cninfo.com.cn/new/disclosure/detail?stockCode=002082&announcementId=1212913990&orgId=9900001284&announcementTime=2022-04-14,2022-04-15,2022-07-14,-0.004676
002084,海鸥住工,2021,2022-04-15,2021年年度报告,http://www.cninfo.com.cn/new/disclosure/detail?stockCode=002084&announcementId=1212924047&orgId=9900001343&announcementTime=2022-04-15,2022-04-18,2022-07-15,-0.070605
002083,孚日股份,2021,2022-04-26,2021年年度报告,http://www.cninfo.com.cn/new/disclosure/detail?stockCode=002083&announcementId=1213097203&orgId=9900001342&announcementTime=2022-04-26,2022-04-27,2022-07-26,0.412013
002086,东方海洋,2021,2022-04-30,2021年年度报告,http://www.cninfo.com.cn/new/disclosure/detail?stockCode=002086&announcementId=1213266521&orgId=9900001344&announcementTime=2022-04-30,2022-05-05,2022-07-29,0.239802
002085,万丰奥威,2021,2022-04-29,2021年年度报告,http://www.cninfo.com.cn/new/disclosure/detail?stockCode=002085&announcementId=1213221999&orgId=9900001341&announcementTime=2022-04-29,2022-05-05,2022-07-29,0.63376
002088,鲁阳节能,2021,2022-04-16,2021年年度报告,http://www.cninfo.com.cn/new/disclosure/detail?stockCode=002088&announcementId=1212939609&orgId=9900001422&announcementTime=2022-04-16,2022-04-18,2022-07-21,0.622823
002090,金智科技,2021,2022-04-12,2021年年度报告,http://www.cninfo.com.cn/new/disclosure/detail?stockCode=002090&announcementId=1212885943&orgId=9900001461&announcementTime=2022-04-12,2022-04-13,2022-07-12,1.048085
002092,中泰化学,2021,2022-02-17,2021年年度报告,http://www.cninfo.com.cn/new/disclosure/detail?stockCode=002092&announcementId=1212386396&orgId=9900001463&announcementTime=2022-02-17,2022-02-18,2022-05-20,-0.283988
002091,江苏国泰,2021,2022-04-23,2021年年度报告,http://www.cninfo.com.cn/new/disclosure/detail?stockCode=002091&announcementId=1213042482&orgId=9900001462&announcementTime=2022-04-23,2022-04-25,2022-07-22,0.148564
002093,国脉科技,2021,2022-04-23,2021年年度报告,http://www.cninfo.com.cn/new/disclosure/detail?stockCode=002093&announcementId=1213046504&orgId=9900001583&announcementTime=2022-04-23,2022-04-25,2022-07-22,0.061074
002094,青岛金王,2021,2022-04-30,2021年年度报告,http://www.cninfo.com.cn/new/disclosure/detail?stockCode=002094&announcementId=1213261613&orgId=9900001581&announcementTime=2022-04-30,2022-05-05,2022-07-29,0.268456
002095,生 意 宝,2021,2022-04-29,2021年年度报告,http://www.cninfo.com.cn/new/disclosure/detail?stockCode=002095&announcementId=1213206956&orgId=9900001582&announcementTime=2022-04-29,2022-05-05,2022-07-29,0.100323
002096,易普力,2021,2022-04-28,2021年年度报告,http://www.cninfo.com.cn/new/disclosure/detail?stockCode=002096&announcementId=1213174109&orgId=9900001622&announcementTime=2022-04-28,2022-04-29,2022-07-28,0.498579
002098,浔兴股份,2021,2022-04-28,2021年年度报告,http://www.cninfo.com.cn/new/disclosure/detail?stockCode=002098&announcementId=1213173830&orgId=9900001623&announcementTime=2022-04-28,2022-04-29,2022-07-28,0.111197
002099,海翔药业,2021,2022-04-23,2021年年度报告,http://www.cninfo.com.cn/new/disclosure/detail?stockCode=002099&announcementId=1213053074&orgId=9900001661&announcementTime=2022-04-23,2022-04-25,2022-07-22,0.217015
002101,广东鸿图,2021,2022-04-26,2021年年度报告,http://www.cninfo.com.cn/new/disclosure/detail?stockCode=002101&announcementId=1213117796&orgId=9900001761&announcementTime=2022-04-26,2022-04-27,2022-07-26,3.316959
002100,天康生物,2021,2022-04-27,2021年年度报告,http://www.cninfo.com.cn/new/disclosure/detail?stockCode=002100&announcementId=1213138243&orgId=9900001641&announcementTime=2022-04-27,2022-04-28,2022-07-27,0.228755
002102,能特科技,2021,2022-04-19,2021年年度报告,http://www.cninfo.com.cn/new/disclosure/detail?stockCode=002102&announcementId=1212959209&orgId=9900001762&announcementTime=2022-04-19,2022-04-20,2022-07-19,-0.044331
002103,广博股份,2021,2022-04-20,2021年年度报告,http://www.cninfo.com.cn/new/disclosure/detail?stockCode=002103&announcementId=1212973903&orgId=9900001821&announcementTime=2022-04-20,2022-04-21,2022-07-20,-0.013023
002104,恒宝股份,2021,2022-04-29,2021年年度报告,http://www.cninfo.com.cn/new/disclosure/detail?stockCode=002104&announcementId=1213220945&orgId=9900001841&announcementTime=2022-04-29,2022-05-05,2022-07-29,0.11711
002105,信隆健康,2021,2022-04-23,2021年年度报告,http://www.cninfo.com.cn/new/disclosure/detail?stockCode=002105&announcementId=1213047724&orgId=9900001922&announcementTime=2022-04-23,2022-04-25,2022-07-22,0.075745
002107,沃华医药,2021,2022-01-21,2021年年度报告,http://www.cninfo.com.cn/new/disclosure/detail?stockCode=002107&announcementId=1212229675&orgId=9900002001&announcementTime=2022-01-21,2022-01-24,2022-04-27,-0.225114
002106,莱宝高科,2021,2022-03-31,2021年年度报告,http://www.cninfo.com.cn/new/disclosure/detail?stockCode=002106&announcementId=1212751513&orgId=9900001921&announcementTime=2022-03-31,2022-04-01,2022-07-04,-0.064383
002108,沧州明珠,2021,2022-04-29,2021年年度报告,http://www.cninfo.com.cn/new/disclosure/detail?stockCode=002108&announcementId=1213207670&orgId=9900002002&announcementTime=2022-04-29,2022-05-05,2022-07-29,0.407383
002109,兴化股份,2021,2022-04-22,2021年年度报告,http://www.cninfo.com.cn/new/disclosure/detail?stockCode=002109&announcementId=1213028136&orgId=9900002009&announcementTime=2022-04-22,2022-04-25,2022-07-22,0.032394
002110,三钢闽光,2021,2022-04-27,2021年年度报告,http://www.cninfo.com.cn/new/disclosure/detail?stockCode=002110&announcementId=1213132744&orgId=9900002010&announcementTime=2022-04-27,2022-04-28,2022-07-27,-0.087458
002111,威海广泰,2021,2022-04-26,2021年年度报告,http://www.cninfo.com.cn/new/disclosure/detail?stockCode=002111&announcementId=1213102872&orgId=9900002021&announcementTime=2022-04-26,2022-04-27,2022-07-26,0.204784
002112,三变科技,2021,2022-04-23,2021年年度报告,http://www.cninfo.com.cn/new/disclosure/detail?stockCode=002112&announcementId=1213042832&orgId=9900002121&announcementTime=2022-04-23,2022-04-25,2022-07-22,0.712444
002114,罗平锌电,2021,2022-03-18,2021年年度报告,http://www.cninfo.com.cn/new/disclosure/detail?stockCode=002114&announcementId=1212606414&orgId=9900002161&announcementTime=2022-03-18,2022-03-21,2022-06-21,-0.122635
002115,三维通信,2021,2022-04-30,2021年年度报告,http://www.cninfo.com.cn/new/disclosure/detail?stockCode=002115&announcementId=1213255684&orgId=9900002162&announcementTime=2022-04-30,2022-05-05,2022-07-29,0.245415
002116,中国海诚,2021,2022-04-22,2021年年度报告,http://www.cninfo.com.cn/new/disclosure/detail?stockCode=002116&announcementId=1213018759&orgId=9900002183&announcementTime=2022-04-22,2022-04-25,2022-07-22,0.209692
002117,东港股份,2021,2022-04-09,2021年年度报告,http://www.cninfo.com.cn/new/disclosure/detail?stockCode=002117&announcementId=1212854254&orgId=9900002186&announcementTime=2022-04-09,2022-04-11,2022-07-08,-0.087302
002120,韵达股份,2021,2022-04-27,2021年年度报告,http://www.cninfo.com.cn/new/disclosure/detail?stockCode=002120&announcementId=1213142400&orgId=9900002261&announcementTime=2022-04-27,2022-04-28,2022-07-27,0.256297
002119,康强电子,2021,2022-03-28,2021年年度报告,http://www.cninfo.com.cn/new/disclosure/detail?stockCode=002119&announcementId=1212687726&orgId=9900002188&announcementTime=2022-03-28,2022-03-29,2022-06-29,-0.089087
002121,科陆电子,2021,2022-04-27,2021年年度报告,http://www.cninfo.com.cn/new/disclosure/detail?stockCode=002121&announcementId=1213148204&orgId=9900002262&announcementTime=2022-04-27,2022-04-28,2022-08-03,1.210482
002122,ST汇洲,2021,2022-04-29,2021年年度报告,http://www.cninfo.com.cn/new/disclosure/detail?stockCode=002122&announcementId=1213216017&orgId=9900002421&announcementTime=2022-04-29,2022-05-05,2022-07-29,0.05162
002123,梦网科技,2021,2022-04-26,2021年年度报告,http://www.cninfo.com.cn/new/disclosure/detail?stockCode=002123&announcementId=1213104235&orgId=9900002422&announcementTime=2022-04-26,2022-04-27,2022-07-26,0.591017
002124,天邦食品,2021,2022-04-28,2021年年度报告,http://www.cninfo.com.cn/new/disclosure/detail?stockCode=002124&announcementId=1213189424&orgId=9900002441&announcementTime=2022-04-28,2022-04-29,2022-07-28,0.044154
002125,湘潭电化,2021,2022-04-20,2021年年度报告,http://www.cninfo.com.cn/new/disclosure/detail?stockCode=002125&announcementId=1212978637&orgId=9900002442&announcementTime=2022-04-20,2022-04-21,2022-07-20,0.798494
002127,南极电商,2021,2022-04-22,2021年年度报告,http://www.cninfo.com.cn/new/disclosure/detail?stockCode=002127&announcementId=1213021635&orgId=9900002701&announcementTime=2022-04-22,2022-04-25,2022-07-22,0.085353
002128,电投能源,2021,2022-04-15,2021年年度报告,http://www.cninfo.com.cn/new/disclosure/detail?stockCode=002128&announcementId=1212922664&orgId=9900002704&announcementTime=2022-04-15,2022-04-18,2022-07-15,-0.157775
002129,TCL中环,2021,2022-04-27,2021年年度报告,http://www.cninfo.com.cn/new/disclosure/detail?stockCode=002129&announcementId=1213148815&orgId=9900002703&announcementTime=2022-04-27,2022-04-28,2022-07-27,0.467331
002130,沃尔核材,2021,2022-04-12,2021年年度报告,http://www.cninfo.com.cn/new/disclosure/detail?stockCode=002130&announcementId=1212886183&orgId=9900002702&announcementTime=2022-04-12,2022-04-13,2022-07-12,0.030811
002131,利欧股份,2021,2022-04-30,2021年年度报告,http://www.cninfo.com.cn/new/disclosure/detail?stockCode=002131&announcementId=1213263067&orgId=9900002724&announcementTime=2022-04-30,2022-05-05,2022-07-29,0.168746
002132,恒星科技,2021,2022-03-30,2021年年度报告,http://www.cninfo.com.cn/new/disclosure/detail?stockCode=002132&announcementId=1212727234&orgId=9900002723&announcementTime=2022-03-30,2022-03-31,2022-07-01,0.428571
002133,广宇集团,2021,2022-04-30,2021年年度报告,http://www.cninfo.com.cn/new/disclosure/detail?stockCode=002133&announcementId=1213253386&orgId=9900002761&announcementTime=2022-04-30,2022-05-05,2022-07-29,-0.019161
002134,天津普林,2021,2022-04-27,2021年年度报告,http://www.cninfo.com.cn/new/disclosure/detail?stockCode=002134&announcementId=1213137536&orgId=9900002821&announcementTime=2022-04-27,2022-04-28,2022-07-27,0.426131
002135,东南网架,2021,2022-04-12,2021年年度报告,http://www.cninfo.com.cn/new/disclosure/detail?stockCode=002135&announcementId=1212883208&orgId=9900002861&announcementTime=2022-04-12,2022-04-13,2022-07-12,-0.110489
002136,安 纳 达,2021,2022-03-22,2021年年度报告,http://www.cninfo.com.cn/new/disclosure/detail?stockCode=002136&announcementId=1212631848&orgId=9900003061&announcementTime=2022-03-22,2022-03-23,2022-06-23,-0.045481
002138,顺络电子,2021,2022-02-26,2021年年度报告,http://www.cninfo.com.cn/new/disclosure/detail?stockCode=002138&announcementId=1212459134&orgId=9900003163&announcementTime=2022-02-26,2022-02-28,2022-05-30,-0.192461
002137,实益达,2021,2022-04-26,2021年年度报告,http://www.cninfo.com.cn/new/disclosure/detail?stockCode=002137&announcementId=1213118771&orgId=9900003141&announcementTime=2022-04-26,2022-04-27,2022-07-26,0.389094
002139,拓邦股份,2021,2022-03-22,2021年年度报告,http://www.cninfo.com.cn/new/disclosure/detail?stockCode=002139&announcementId=1212634739&orgId=9900003222&announcementTime=2022-03-22,2022-03-23,2022-06-23,0.040884
002140,东华科技,2021,2022-04-28,2021年年度报告,http://www.cninfo.com.cn/new/disclosure/detail?stockCode=002140&announcementId=1213167209&orgId=9900003261&announcementTime=2022-04-28,2022-04-29,2022-07-28,0.209239
002141,贤丰控股,2021,2022-04-15,2021年年度报告,http://www.cninfo.com.cn/new/disclosure/detail?stockCode=002141&announcementId=1212919115&orgId=9900003282&announcementTime=2022-04-15,2022-04-18,2022-07-15,0.261615
002142,宁波银行,2021,2022-04-08,2021年年度报告,http://www.cninfo.com.cn/new/disclosure/detail?stockCode=002142&announcementId=1212837560&orgId=9900003281&announcementTime=2022-04-08,2022-04-11,2022-07-08,-0.137076
002145,钛能化学,2021,2022-04-27,2021年年度报告,http://www.cninfo.com.cn/new/disclosure/detail?stockCode=002145&announcementId=1213132213&orgId=9900003342&announcementTime=2022-04-27,2022-04-28,2022-07-27,0.885701
002144,宏达高科,2021,2022-04-23,2021年年度报告,http://www.cninfo.com.cn/new/disclosure/detail?stockCode=002144&announcementId=1213053699&orgId=9900003341&announcementTime=2022-04-23,2022-04-25,2022-07-22,-0.064725
002148,北纬科技,2021,2022-03-31,2021年年度报告,http://www.cninfo.com.cn/new/disclosure/detail?stockCode=002148&announcementId=1212744451&orgId=9900003401&announcementTime=2022-03-31,2022-04-01,2022-07-04,-0.166999
002146,荣盛发展,2021,2022-04-30,2021年年度报告,http://www.cninfo.com.cn/new/disclosure/detail?stockCode=002146&announcementId=1213255153&orgId=9900003361&announcementTime=2022-04-30,2022-05-05,2022-07-29,-0.237039
002149,西部材料,2021,2022-04-14,2021年年度报告,http://www.cninfo.com.cn/new/disclosure/detail?stockCode=002149&announcementId=1212914438&orgId=9900003403&announcementTime=2022-04-14,2022-04-15,2022-07-14,0.186964
002150,正泰电源,2021,2022-04-29,2021年年度报告,http://www.cninfo.com.cn/new/disclosure/detail?stockCode=002150&announcementId=1213205163&orgId=9900003402&announcementTime=2022-04-29,2022-05-05,2022-07-29,1.219322
002151,北斗星通,2021,2022-04-15,2021年年度报告,http://www.cninfo.com.cn/new/disclosure/detail?stockCode=002151&announcementId=1212920491&orgId=9900003421&announcementTime=2022-04-15,2022-04-18,2022-07-15,-0.088847
002153,石基信息,2021,2022-04-28,2021年年度报告,http://www.cninfo.com.cn/new/disclosure/detail?stockCode=002153&announcementId=1213176298&orgId=9900003424&announcementTime=2022-04-28,2022-04-29,2022-07-28,0.213488
002154,报 喜 鸟,2021,2022-04-16,2021年年度报告,http://www.cninfo.com.cn/new/disclosure/detail?stockCode=002154&announcementId=1212943570&orgId=9900003429&announcementTime=2022-04-16,2022-04-18,2022-07-15,0.145179
002155,湖南黄金,2021,2022-03-22,2021年年度报告,http://www.cninfo.com.cn/new/disclosure/detail?stockCode=002155&announcementId=1212634507&orgId=9900003428&announcementTime=2022-03-22,2022-03-23,2022-06-23,0.183806
002156,通富微电,2021,2022-03-30,2021年年度报告,http://www.cninfo.com.cn/new/disclosure/detail?stockCode=002156&announcementId=1212729915&orgId=9900003427&announcementTime=2022-03-30,2022-03-31,2022-07-01,-0.116057
002157,正邦科技,2021,2022-04-30,2021年年度报告,http://www.cninfo.com.cn/new/disclosure/detail?stockCode=002157&announcementId=1213251585&orgId=9900003434&announcementTime=2022-04-30,2022-05-05,2022-07-29,0.041131
002158,汉钟精机,2021,2022-04-30,2021年年度报告,http://www.cninfo.com.cn/new/disclosure/detail?stockCode=002158&announcementId=1213246447&orgId=9900003433&announcementTime=2022-04-30,2022-05-05,2022-07-29,0.620348
002159,三特索道,2021,2022-04-30,2021年年度报告,http://www.cninfo.com.cn/new/disclosure/detail?stockCode=002159&announcementId=1213256572&orgId=9900003435&announcementTime=2022-04-30,2022-05-05,2022-07-29,0.258258
002160,常铝股份,2021,2022-04-27,2021年年度报告,http://www.cninfo.com.cn/new/disclosure/detail?stockCode=002160&announcementId=1213133659&orgId=9900003441&announcementTime=2022-04-27,2022-04-28,2022-07-27,0.476882
002161,远 望 谷,2021,2022-04-29,2021年年度报告,http://www.cninfo.com.cn/new/disclosure/detail?stockCode=002161&announcementId=1213206644&orgId=9900003442&announcementTime=2022-04-29,2022-05-05,2022-07-29,0.657348
002162,悦心健康,2021,2022-04-27,2021年年度报告,http://www.cninfo.com.cn/new/disclosure/detail?stockCode=002162&announcementId=1213131071&orgId=9900003445&announcementTime=2022-04-27,2022-04-28,2022-07-27,0.14671
002163,海南发展,2021,2022-04-28,2021年年度报告,http://www.cninfo.com.cn/new/disclosure/detail?stockCode=002163&announcementId=1213166065&orgId=9900003444&announcementTime=2022-04-28,2022-04-29,2022-07-28,0.149648
002164,宁波东力,2021,2022-04-30,2021年年度报告,http://www.cninfo.com.cn/new/disclosure/detail?stockCode=002164&announcementId=1213253289&orgId=9900003443&announcementTime=2022-04-30,2022-05-05,2022-07-29,0.62304
002165,红 宝 丽,2021,2022-04-16,2021年年度报告,http://www.cninfo.com.cn/new/disclosure/detail?stockCode=002165&announcementId=1212940912&orgId=9900003521&announcementTime=2022-04-16,2022-04-18,2022-07-15,-0.050194
002166,莱茵生物,2021,2022-04-15,2021年年度报告,http://www.cninfo.com.cn/new/disclosure/detail?stockCode=002166&announcementId=1212924105&orgId=9900003561&announcementTime=2022-04-15,2022-04-18,2022-07-15,0.404596
002167,东方锆业,2021,2022-03-16,2021年年度报告,http://www.cninfo.com.cn/new/disclosure/detail?stockCode=002167&announcementId=1212580626&orgId=9900003562&announcementTime=2022-03-16,2022-03-17,2022-06-17,0.0387
002168,*ST惠程,2021,2022-04-30,2021年年度报告,http://www.cninfo.com.cn/new/disclosure/detail?stockCode=002168&announcementId=1213257917&orgId=9900003601&announcementTime=2022-04-30,2022-05-05,2022-07-29,1.15604
002169,智光电气,2021,2022-04-30,2021年年度报告,http://www.cninfo.com.cn/new/disclosure/detail?stockCode=002169&announcementId=1213249481&orgId=9900003602&announcementTime=2022-04-30,2022-05-05,2022-07-29,0.407006
002171,楚江新材,2021,2022-04-15,2021年年度报告,http://www.cninfo.com.cn/new/disclosure/detail?stockCode=002171&announcementId=1212919017&orgId=9900003622&announcementTime=2022-04-15,2022-04-18,2022-07-15,0.108731
002172,澳洋健康,2021,2022-04-29,2021年年度报告,http://www.cninfo.com.cn/new/disclosure/detail?stockCode=002172&announcementId=1213214373&orgId=9900003621&announcementTime=2022-04-29,2022-05-05,2022-07-29,0.264379
002170,芭田股份,2021,2022-04-29,2021年年度报告,http://www.cninfo.com.cn/new/disclosure/detail?stockCode=002170&announcementId=1213209494&orgId=9900003603&announcementTime=2022-04-29,2022-05-05,2022-07-29,0.25
002173,创新医疗,2021,2022-04-30,2021年年度报告,http://www.cninfo.com.cn/new/disclosure/detail?stockCode=002173&announcementId=1213257131&orgId=9900003664&announcementTime=2022-04-30,2022-05-05,2022-07-29,0.217494
002175,东方智造,2021,2022-03-26,2021年年度报告,http://www.cninfo.com.cn/new/disclosure/detail?stockCode=002175&announcementId=1212688660&orgId=9900003698&announcementTime=2022-03-26,2022-03-28,2022-06-29,-0.006293
002174,游族网络,2021,2022-04-30,2021年年度报告,http://www.cninfo.com.cn/new/disclosure/detail?stockCode=002174&announcementId=1213263369&orgId=9900003663&announcementTime=2022-04-30,2022-05-05,2022-07-29,0.010043
002176,江特电机,2021,2022-04-29,2021年年度报告,http://www.cninfo.com.cn/new/disclosure/detail?stockCode=002176&announcementId=1213201355&orgId=9900003697&announcementTime=2022-04-29,2022-05-05,2022-07-29,0.206607
002178,延华智能,2021,2022-04-30,2021年年度报告,http://www.cninfo.com.cn/new/disclosure/detail?stockCode=002178&announcementId=1213265491&orgId=9900003782&announcementTime=2022-04-30,2022-05-05,2022-07-29,0.044582
002180,纳思达,2021,2022-04-28,2021年年度报告,http://www.cninfo.com.cn/new/disclosure/detail?stockCode=002180&announcementId=1213167634&orgId=9900003822&announcementTime=2022-04-28,2022-04-29,2022-07-28,0.253381
002181,粤 传 媒,2021,2022-04-28,2021年年度报告,http://www.cninfo.com.cn/new/disclosure/detail?stockCode=002181&announcementId=1213167431&orgId=9900003823&announcementTime=2022-04-28,2022-04-29,2022-07-28,0.272021
002183,怡 亚 通,2021,2022-04-09,2021年年度报告,http://www.cninfo.com.cn/new/disclosure/detail?stockCode=002183&announcementId=1212857969&orgId=9900003828&announcementTime=2022-04-09,2022-04-11,2022-07-08,0.208946
002182,宝武镁业,2021,2022-03-16,2021年年度报告,http://www.cninfo.com.cn/new/disclosure/detail?stockCode=002182&announcementId=1212578444&orgId=9900003827&announcementTime=2022-03-16,2022-03-17,2022-06-17,0.06285
002185,华天科技,2021,2022-04-26,2021年年度报告,http://www.cninfo.com.cn/new/disclosure/detail?stockCode=002185&announcementId=1213101704&orgId=9900003862&announcementTime=2022-04-26,2022-04-27,2022-07-26,0.108085
002184,海得控制,2021,2022-04-29,2021年年度报告,http://www.cninfo.com.cn/new/disclosure/detail?stockCode=002184&announcementId=1213213717&orgId=9900003861&announcementTime=2022-04-29,2022-05-05,2022-07-29,0.579466
002186,全 聚 德,2021,2022-04-23,2021年年度报告,http://www.cninfo.com.cn/new/disclosure/detail?stockCode=002186&announcementId=1213059454&orgId=9900003863&announcementTime=2022-04-23,2022-04-25,2022-07-22,-0.030198
002187,广百股份,2021,2022-03-26,2021年年度报告,http://www.cninfo.com.cn/new/disclosure/detail?stockCode=002187&announcementId=1212685463&orgId=9900003881&announcementTime=2022-03-26,2022-03-28,2022-06-28,0.087576
002190,成飞集成,2021,2022-03-15,2021年年度报告,http://www.cninfo.com.cn/new/disclosure/detail?stockCode=002190&announcementId=1212568774&orgId=9900003903&announcementTime=2022-03-15,2022-03-16,2022-06-16,-0.04566
002189,中光学,2021,2022-04-27,2021年年度报告,http://www.cninfo.com.cn/new/disclosure/detail?stockCode=002189&announcementId=1213142472&orgId=9900003902&announcementTime=2022-04-27,2022-04-28,2022-07-27,0.313372
002192,融捷股份,2021,2022-04-26,2021年年度报告,http://www.cninfo.com.cn/new/disclosure/detail?stockCode=002192&announcementId=1213102931&orgId=9900003921&announcementTime=2022-04-26,2022-04-27,2022-07-26,0.793164
002191,劲嘉股份,2021,2022-04-16,2021年年度报告,http://www.cninfo.com.cn/new/disclosure/detail?stockCode=002191&announcementId=1212942748&orgId=9900003910&announcementTime=2022-04-16,2022-04-18,2022-07-15,-0.068128
002193,如意集团,2021,2022-04-29,2021年年度报告,http://www.cninfo.com.cn/new/disclosure/detail?stockCode=002193&announcementId=1213213490&orgId=9900003911&announcementTime=2022-04-29,2022-05-05,2022-07-29,0.267273
002194,武汉凡谷,2021,2022-03-30,2021年年度报告,http://www.cninfo.com.cn/new/disclosure/detail?stockCode=002194&announcementId=1212724847&orgId=9900003908&announcementTime=2022-03-30,2022-03-31,2022-07-01,-0.201402
002195,岩山科技,2021,2022-04-30,2021年年度报告,http://www.cninfo.com.cn/new/disclosure/detail?stockCode=002195&announcementId=1213257308&orgId=9900003909&announcementTime=2022-04-30,2022-05-05,2022-07-29,0.126962
002196,方正电机,2021,2022-04-15,2021年年度报告,http://www.cninfo.com.cn/new/disclosure/detail?stockCode=002196&announcementId=1212924995&orgId=9900003913&announcementTime=2022-04-15,2022-04-18,2022-07-15,0.291253
002197,证通电子,2021,2022-04-29,2021年年度报告,http://www.cninfo.com.cn/new/disclosure/detail?stockCode=002197&announcementId=1213209446&orgId=9900003915&announcementTime=2022-04-29,2022-05-05,2022-07-29,0.099881
002198,嘉应制药,2021,2022-03-12,2021年年度报告,http://www.cninfo.com.cn/new/disclosure/detail?stockCode=002198&announcementId=1212550543&orgId=9900003905&announcementTime=2022-03-12,2022-03-14,2022-06-14,-0.156737
002199,*ST东晶,2021,2022-04-16,2021年年度报告,http://www.cninfo.com.cn/new/disclosure/detail?stockCode=002199&announcementId=1212939285&orgId=9900003906&announcementTime=2022-04-16,2022-04-18,2022-07-15,-0.082599
002200,*ST交投,2021,2022-04-26,2021年年度报告,http://www.cninfo.com.cn/new/disclosure/detail?stockCode=002200&announcementId=1213109167&orgId=9900003907&announcementTime=2022-04-26,2022-04-27,2022-07-26,0.242175
002202,金风科技,2021,2022-03-26,2021年年度报告,http://www.cninfo.com.cn/new/disclosure/detail?stockCode=002202&announcementId=1212688229&orgId=9900003947&announcementTime=2022-03-26,2022-03-28,2022-06-28,0.107088
002201,九鼎新材,2021,2022-04-30,2021年年度报告,http://www.cninfo.com.cn/new/disclosure/detail?stockCode=002201&announcementId=1213263148&orgId=9900003944&announcementTime=2022-04-30,2022-05-05,2022-07-29,0.929206
002203,海亮股份,2021,2022-04-28,2021年年度报告,http://www.cninfo.com.cn/new/disclosure/detail?stockCode=002203&announcementId=1213176212&orgId=9900003945&announcementTime=2022-04-28,2022-04-29,2022-07-28,0.377455
002204,大连重工,2021,2022-04-22,2021年年度报告,http://www.cninfo.com.cn/new/disclosure/detail?stockCode=002204&announcementId=1213027512&orgId=9900004001&announcementTime=2022-04-22,2022-04-25,2022-07-22,1.564373
002206,海 利 得,2021,2022-04-20,2021年年度报告,http://www.cninfo.com.cn/new/disclosure/detail?stockCode=002206&announcementId=1212975675&orgId=9900004023&announcementTime=2022-04-20,2022-04-21,2022-07-20,0.155732
002205,国统股份,2021,2022-04-22,2021年年度报告,http://www.cninfo.com.cn/new/disclosure/detail?stockCode=002205&announcementId=1213025896&orgId=9900004002&announcementTime=2022-04-22,2022-04-25,2022-07-22,-0.045337
002207,准油股份,2021,2022-04-29,2021年年度报告,http://www.cninfo.com.cn/new/disclosure/detail?stockCode=002207&announcementId=1213210865&orgId=9900004022&announcementTime=2022-04-29,2022-05-05,2022-07-29,0.14052
002208,合肥城建,2021,2022-04-20,2021年年度报告,http://www.cninfo.com.cn/new/disclosure/detail?stockCode=002208&announcementId=1212979613&orgId=9900003912&announcementTime=2022-04-20,2022-04-21,2022-07-20,-0.015166
002209,达 意 隆,2021,2022-04-15,2021年年度报告,http://www.cninfo.com.cn/new/disclosure/detail?stockCode=002209&announcementId=1212924371&orgId=9900004041&announcementTime=2022-04-15,2022-04-18,2022-07-15,0.045062
002211,ST宏达,2021,2022-04-30,2021年年度报告,http://www.cninfo.com.cn/new/disclosure/detail?stockCode=002211&announcementId=1213267662&orgId=9900004082&announcementTime=2022-04-30,2022-05-06,2022-08-01,0.028103
002210,飞马国际,2021,2022-04-29,2021年年度报告,http://www.cninfo.com.cn/new/disclosure/detail?stockCode=002210&announcementId=1213220251&orgId=9900004061&announcementTime=2022-04-29,2022-05-05,2022-07-29,0.023684
002213,大为股份,2021,2022-04-27,2021年年度报告,http://www.cninfo.com.cn/new/disclosure/detail?stockCode=002213&announcementId=1213137399&orgId=9900004184&announcementTime=2022-04-27,2022-04-28,2022-07-27,0.705821
002212,天融信,2021,2022-04-29,2021年年度报告,http://www.cninfo.com.cn/new/disclosure/detail?stockCode=002212&announcementId=1213220328&orgId=9900004142&announcementTime=2022-04-29,2022-05-05,2022-07-29,-0.004642
002214,*ST大立,2021,2022-04-23,2021年年度报告,http://www.cninfo.com.cn/new/disclosure/detail?stockCode=002214&announcementId=1213054342&orgId=9900004201&announcementTime=2022-04-23,2022-04-25,2022-07-22,0.249907
002215,诺 普 信,2021,2022-04-27,2021年年度报告,http://www.cninfo.com.cn/new/disclosure/detail?stockCode=002215&announcementId=1213141316&orgId=9900004141&announcementTime=2022-04-27,2022-04-28,2022-07-27,0.052044
002216,三全食品,2021,2022-04-19,2021年年度报告,http://www.cninfo.com.cn/new/disclosure/detail?stockCode=002216&announcementId=1212961963&orgId=9900004261&announcementTime=2022-04-19,2022-04-20,2022-07-19,-0.056652
002218,拓日新能,2021,2022-04-22,2021年年度报告,http://www.cninfo.com.cn/new/disclosure/detail?stockCode=002218&announcementId=1213026410&orgId=9900004281&announcementTime=2022-04-22,2022-04-25,2022-07-22,0.467499
002217,合力泰,2021,2022-04-15,2021年年度报告,http://www.cninfo.com.cn/new/disclosure/detail?stockCode=002217&announcementId=1212923152&orgId=9900004262&announcementTime=2022-04-15,2022-04-18,2022-07-15,-0.154396
002219,新里程,2021,2022-04-29,2021年年度报告,http://www.cninfo.com.cn/new/disclosure/detail?stockCode=002219&announcementId=1213209615&orgId=9900004301&announcementTime=2022-04-29,2022-05-05,2022-08-02,0.754999
002221,东华能源,2021,2022-04-21,2021年年度报告,http://www.cninfo.com.cn/new/disclosure/detail?stockCode=002221&announcementId=1213004778&orgId=9900004342&announcementTime=2022-04-21,2022-04-22,2022-07-21,0.078681
002222,福晶科技,2021,2022-04-23,2021年年度报告,http://www.cninfo.com.cn/new/disclosure/detail?stockCode=002222&announcementId=1213042468&orgId=9900004361&announcementTime=2022-04-23,2022-04-25,2022-07-22,0.326481
002223,鱼跃医疗,2021,2022-04-23,2021年年度报告,http://www.cninfo.com.cn/new/disclosure/detail?stockCode=002223&announcementId=1213059325&orgId=9900004462&announcementTime=2022-04-23,2022-04-25,2022-07-22,0.092121
002225,濮耐股份,2021,2022-04-20,2021年年度报告,http://www.cninfo.com.cn/new/disclosure/detail?stockCode=002225&announcementId=1212974209&orgId=9900004522&announcementTime=2022-04-20,2022-04-21,2022-07-20,0.357634
002226,江南化工,2021,2022-03-29,2021年年度报告,http://www.cninfo.com.cn/new/disclosure/detail?stockCode=002226&announcementId=1212710652&orgId=9900004543&announcementTime=2022-03-29,2022-03-30,2022-06-30,-0.133836
002227,奥 特 迅,2021,2022-04-27,2021年年度报告,http://www.cninfo.com.cn/new/disclosure/detail?stockCode=002227&announcementId=1213145872&orgId=9900004544&announcementTime=2022-04-27,2022-04-28,2022-07-27,0.278702
002228,合兴包装,2021,2022-04-21,2021年年度报告,http://www.cninfo.com.cn/new/disclosure/detail?stockCode=002228&announcementId=1213002324&orgId=9900004545&announcementTime=2022-04-21,2022-04-22,2022-07-21,0.025926
002229,鸿博股份,2021,2022-04-08,2021年年度报告,http://www.cninfo.com.cn/new/disclosure/detail?stockCode=002229&announcementId=1212838648&orgId=9900004546&announcementTime=2022-04-08,2022-04-11,2022-07-08,0.17013
002230,科大讯飞,2021,2022-04-22,2021年年度报告,http://www.cninfo.com.cn/new/disclosure/detail?stockCode=002230&announcementId=1213023838&orgId=9900004565&announcementTime=2022-04-22,2022-04-25,2022-07-22,0.076277
002231,*ST奥维,2021,2022-03-18,2021年年度报告,http://www.cninfo.com.cn/new/disclosure/detail?stockCode=002231&announcementId=1212608608&orgId=9900004566&announcementTime=2022-03-18,2022-03-21,2022-06-21,-0.195134
002232,启明信息,2021,2022-03-26,2021年年度报告,http://www.cninfo.com.cn/new/disclosure/detail?stockCode=002232&announcementId=1212682475&orgId=9900004567&announcementTime=2022-03-26,2022-03-28,2022-06-28,-0.080562
002233,塔牌集团,2021,2022-03-15,2021年年度报告,http://www.cninfo.com.cn/new/disclosure/detail?stockCode=002233&announcementId=1212568195&orgId=9900004603&announcementTime=2022-03-15,2022-03-16,2022-06-16,-0.073465
002234,民和股份,2021,2022-03-26,2021年年度报告,http://www.cninfo.com.cn/new/disclosure/detail?stockCode=002234&announcementId=1212685630&orgId=9900004604&announcementTime=2022-03-26,2022-03-28,2022-06-28,0.047035
002235,安妮股份,2021,2022-04-28,2021年年度报告,http://www.cninfo.com.cn/new/disclosure/detail?stockCode=002235&announcementId=1213168501&orgId=9900004605&announcementTime=2022-04-28,2022-04-29,2022-07-28,0.17986
002236,大华股份,2021,2022-04-23,2021年年度报告,http://www.cninfo.com.cn/new/disclosure/detail?stockCode=002236&announcementId=1213056936&orgId=9900004625&announcementTime=2022-04-23,2022-04-25,2022-07-22,-0.085873
002238,天威视讯,2021,2022-04-15,2021年年度报告,http://www.cninfo.com.cn/new/disclosure/detail?stockCode=002238&announcementId=1212920798&orgId=9900004647&announcementTime=2022-04-15,2022-04-18,2022-07-15,-0.064157
002239,奥特佳,2021,2022-04-30,2021年年度报告,http://www.cninfo.com.cn/new/disclosure/detail?stockCode=002239&announcementId=1213263439&orgId=9900004648&announcementTime=2022-04-30,2022-05-05,2022-07-29,0.421256
002241,歌尔股份,2021,2022-03-30,2021年年度报告,http://www.cninfo.com.cn/new/disclosure/detail?stockCode=002241&announcementId=1212730375&orgId=9900004688&announcementTime=2022-03-30,2022-03-31,2022-07-01,-0.066638
002240,盛新锂能,2021,2022-03-29,2021年年度报告,http://www.cninfo.com.cn/new/disclosure/detail?stockCode=002240&announcementId=1212710795&orgId=9900004687&announcementTime=2022-03-29,2022-03-30,2022-06-30,0.103612
002243,力合科创,2021,2022-03-24,2021年年度报告,http://www.cninfo.com.cn/new/disclosure/detail?stockCode=002243&announcementId=1212650380&orgId=9900004731&announcementTime=2022-03-24,2022-03-25,2022-06-27,-0.050437
002242,九阳股份,2021,2022-03-30,2021年年度报告,http://www.cninfo.com.cn/new/disclosure/detail?stockCode=002242&announcementId=1212730075&orgId=9900004732&announcementTime=2022-03-30,2022-03-31,2022-07-01,0.218939
002245,蔚蓝锂芯,2021,2022-03-22,2021年年度报告,http://www.cninfo.com.cn/new/disclosure/detail?stockCode=002245&announcementId=1212634905&orgId=9900004790&announcementTime=2022-03-22,2022-03-23,2022-06-23,0.129962
002244,滨江集团,2021,2022-04-30,2021年年度报告,http://www.cninfo.com.cn/new/disclosure/detail?stockCode=002244&announcementId=1213249284&orgId=9900004730&announcementTime=2022-04-30,2022-05-05,2022-07-29,0.228342
002246,北化股份,2021,2022-04-26,2021年年度报告,http://www.cninfo.com.cn/new/disclosure/detail?stockCode=002246&announcementId=1213106642&orgId=9900004810&announcementTime=2022-04-26,2022-04-27,2022-07-26,0.168734
002248,华东数控,2021,2022-04-28,2021年年度报告,http://www.cninfo.com.cn/new/disclosure/detail?stockCode=002248&announcementId=1213159173&orgId=9900004870&announcementTime=2022-04-28,2022-04-29,2022-07-28,0.462918
002249,大洋电机,2021,2022-04-26,2021年年度报告,http://www.cninfo.com.cn/new/disclosure/detail?stockCode=002249&announcementId=1213116317&orgId=9900004896&announcementTime=2022-04-26,2022-04-27,2022-07-26,0.378456
002250,联化科技,2021,2022-04-22,2021年年度报告,http://www.cninfo.com.cn/new/disclosure/detail?stockCode=002250&announcementId=1213020444&orgId=9900004895&announcementTime=2022-04-22,2022-04-25,2022-07-22,0.354234
002251,步步高,2021,2022-04-30,2021年年度报告,http://www.cninfo.com.cn/new/disclosure/detail?stockCode=002251&announcementId=1213256098&orgId=9900004894&announcementTime=2022-04-30,2022-05-05,2022-07-29,-0.311185
002252,上海莱士,2021,2022-04-28,2021年年度报告,http://www.cninfo.com.cn/new/disclosure/detail?stockCode=002252&announcementId=1213168786&orgId=9900004910&announcementTime=2022-04-28,2022-04-29,2022-07-28,0.156541
002253,*ST智胜,2021,2022-03-25,2021年年度报告,http://www.cninfo.com.cn/new/disclosure/detail?stockCode=002253&announcementId=1212669795&orgId=9900004911&announcementTime=2022-03-25,2022-03-28,2022-06-28,-0.061938
002254,泰和新材,2021,2022-04-11,2021年年度报告,http://www.cninfo.com.cn/new/disclosure/detail?stockCode=002254&announcementId=1212857634&orgId=9900004933&announcementTime=2022-04-11,2022-04-12,2022-07-11,0.067765
002255,海陆重工,2021,2022-04-09,2021年年度报告,http://www.cninfo.com.cn/new/disclosure/detail?stockCode=002255&announcementId=1212855236&orgId=9900004932&announcementTime=2022-04-09,2022-04-11,2022-07-08,0.103418
002256,兆新股份,2021,2022-03-31,2021年年度报告,http://www.cninfo.com.cn/new/disclosure/detail?stockCode=002256&announcementId=1212751406&orgId=9900004931&announcementTime=2022-03-31,2022-04-01,2022-07-04,-0.082052
002258,利尔化学,2021,2022-03-05,2021年年度报告,http://www.cninfo.com.cn/new/disclosure/detail?stockCode=002258&announcementId=1212508215&orgId=9900004975&announcementTime=2022-03-05,2022-03-07,2022-06-07,-0.065664
002259,升达林业,2021,2022-04-29,2021年年度报告,http://www.cninfo.com.cn/new/disclosure/detail?stockCode=002259&announcementId=1213218707&orgId=9900004996&announcementTime=2022-04-29,2022-05-05,2022-07-29,0.059006
002261,拓维信息,2021,2022-04-28,2021年年度报告,http://www.cninfo.com.cn/new/disclosure/detail?stockCode=002261&announcementId=1213170560&orgId=9900005034&announcementTime=2022-04-28,2022-04-29,2022-07-28,0.322718
002262,恩华药业,2021,2022-03-26,2021年年度报告,http://www.cninfo.com.cn/new/disclosure/detail?stockCode=002262&announcementId=1212685521&orgId=9900005035&announcementTime=2022-03-26,2022-03-28,2022-06-28,0.082273
002263,大东南,2021,2022-04-27,2021年年度报告,http://www.cninfo.com.cn/new/disclosure/detail?stockCode=002263&announcementId=1213131493&orgId=9900005061&announcementTime=2022-04-27,2022-04-28,2022-07-27,0.376812
002264,新 华 都,2021,2022-03-30,2021年年度报告,http://www.cninfo.com.cn/new/disclosure/detail?stockCode=002264&announcementId=1212729571&orgId=9900005062&announcementTime=2022-03-30,2022-03-31,2022-07-01,0.113208
002265,建设工业,2021,2022-03-31,2021年年度报告,http://www.cninfo.com.cn/new/disclosure/detail?stockCode=002265&announcementId=1212742504&orgId=9900005074&announcementTime=2022-03-31,2022-04-01,2022-07-04,-0.044944
002266,浙富控股,2021,2022-04-30,2021年年度报告,http://www.cninfo.com.cn/new/disclosure/detail?stockCode=002266&announcementId=1213259364&orgId=9900005075&announcementTime=2022-04-30,2022-05-05,2022-07-29,0.089528
002267,陕天然气,2021,2022-04-12,2021年年度报告,http://www.cninfo.com.cn/new/disclosure/detail?stockCode=002267&announcementId=1212886675&orgId=9900005096&announcementTime=2022-04-12,2022-04-13,2022-07-12,0.136497
002268,电科网安,2021,2022-04-22,2021年年度报告,http://www.cninfo.com.cn/new/disclosure/detail?stockCode=002268&announcementId=1213028832&orgId=9900005097&announcementTime=2022-04-22,2022-04-25,2022-07-22,0.38375
002270,华明装备,2021,2022-04-22,2021年年度报告,http://www.cninfo.com.cn/new/disclosure/detail?stockCode=002270&announcementId=1213022683&orgId=9900005198&announcementTime=2022-04-22,2022-04-25,2022-07-22,0.45729
002269,美邦服饰,2021,2022-04-30,2021年年度报告,http://www.cninfo.com.cn/new/disclosure/detail?stockCode=002269&announcementId=1213263000&orgId=9900005143&announcementTime=2022-04-30,2022-05-05,2022-07-29,0.023468
002271,东方雨虹,2021,2022-04-12,2021年年度报告,http://www.cninfo.com.cn/new/disclosure/detail?stockCode=002271&announcementId=1212886771&orgId=9900005238&announcementTime=2022-04-12,2022-04-13,2022-07-12,-0.005067
002272,川润股份,2021,2022-03-31,2021年年度报告,http://www.cninfo.com.cn/new/disclosure/detail?stockCode=002272&announcementId=1212745653&orgId=9900005281&announcementTime=2022-03-31,2022-04-01,2022-07-04,0.099237
002273,水晶光电,2021,2022-03-10,2021年年度报告,http://www.cninfo.com.cn/new/disclosure/detail?stockCode=002273&announcementId=1212533829&orgId=9900005282&announcementTime=2022-03-10,2022-03-11,2022-06-13,-0.017962
002274,华昌化工,2021,2022-04-22,2021年年度报告,http://www.cninfo.com.cn/new/disclosure/detail?stockCode=002274&announcementId=1213017975&orgId=9900005320&announcementTime=2022-04-22,2022-04-25,2022-07-22,-0.07101
002275,桂林三金,2021,2022-04-27,2021年年度报告,http://www.cninfo.com.cn/new/disclosure/detail?stockCode=002275&announcementId=1213129347&orgId=9900007027&announcementTime=2022-04-27,2022-04-28,2022-07-27,0.213752
002276,万马股份,2021,2022-04-15,2021年年度报告,http://www.cninfo.com.cn/new/disclosure/detail?stockCode=002276&announcementId=1212918044&orgId=9900007107&announcementTime=2022-04-15,2022-04-18,2022-07-15,0.336186
002277,友阿股份,2021,2022-04-30,2021年年度报告,http://www.cninfo.com.cn/new/disclosure/detail?stockCode=002277&announcementId=1213248134&orgId=9900007247&announcementTime=2022-04-30,2022-05-05,2022-07-29,0.359963
002278,神开股份,2021,2022-04-30,2021年年度报告,http://www.cninfo.com.cn/new/disclosure/detail?stockCode=002278&announcementId=1213249608&orgId=9900007787&announcementTime=2022-04-30,2022-05-05,2022-07-29,0.186813
002279,久其软件,2021,2022-04-23,2021年年度报告,http://www.cninfo.com.cn/new/disclosure/detail?stockCode=002279&announcementId=1213056241&orgId=9900000821&announcementTime=2022-04-23,2022-04-25,2022-07-22,0.102211
002281,光迅科技,2021,2022-04-15,2021年年度报告,http://www.cninfo.com.cn/new/disclosure/detail?stockCode=002281&announcementId=1212918512&orgId=9900007888&announcementTime=2022-04-15,2022-04-18,2022-07-15,0.045102
002282,博深股份,2021,2022-04-26,2021年年度报告,http://www.cninfo.com.cn/new/disclosure/detail?stockCode=002282&announcementId=1213099404&orgId=9900007908&announcementTime=2022-04-26,2022-04-27,2022-07-26,0.228364
002284,亚太股份,2021,2022-04-20,2021年年度报告,http://www.cninfo.com.cn/new/disclosure/detail?stockCode=002284&announcementId=1212976384&orgId=9900007913&announcementTime=2022-04-20,2022-04-21,2022-07-20,0.444275
002283,天润工业,2021,2022-03-15,2021年年度报告,http://www.cninfo.com.cn/new/disclosure/detail?stockCode=002283&announcementId=1212568859&orgId=9900007907&announcementTime=2022-03-15,2022-03-16,2022-06-16,-0.185903
002285,世联行,2021,2022-04-13,2021年年度报告,http://www.cninfo.com.cn/new/disclosure/detail?stockCode=002285&announcementId=1212898802&orgId=9900007914&announcementTime=2022-04-13,2022-04-14,2022-07-13,-0.202614
002286,保龄宝,2021,2022-04-29,2021年年度报告,http://www.cninfo.com.cn/new/disclosure/detail?stockCode=002286&announcementId=1213205314&orgId=9900007927&announcementTime=2022-04-29,2022-05-05,2022-07-29,0.136723
002289,*ST宇顺,2021,2022-04-08,2021年年度报告,http://www.cninfo.com.cn/new/disclosure/detail?stockCode=002289&announcementId=1212841246&orgId=9900007948&announcementTime=2022-04-08,2022-04-11,2022-07-08,0.310734
002287,奇正藏药,2021,2022-04-29,2021年年度报告,http://www.cninfo.com.cn/new/disclosure/detail?stockCode=002287&announcementId=1213194546&orgId=9900007928&announcementTime=2022-04-29,2022-05-05,2022-07-29,-0.002151
002290,禾盛新材,2021,2022-04-08,2021年年度报告,http://www.cninfo.com.cn/new/disclosure/detail?stockCode=002290&announcementId=1212836874&orgId=9900007968&announcementTime=2022-04-08,2022-04-11,2022-07-08,0.039801
002291,遥望科技,2021,2022-04-30,2021年年度报告,http://www.cninfo.com.cn/new/disclosure/detail?stockCode=002291&announcementId=1213259401&orgId=9900007969&announcementTime=2022-04-30,2022-05-05,2022-07-29,0.272688
002292,奥飞娱乐,2021,2022-04-30,2021年年度报告,http://www.cninfo.com.cn/new/disclosure/detail?stockCode=002292&announcementId=1213262999&orgId=9900007988&announcementTime=2022-04-30,2022-05-05,2022-07-29,0.263677
002293,罗莱生活,2021,2022-04-20,2021年年度报告,http://www.cninfo.com.cn/new/disclosure/detail?stockCode=002293&announcementId=1212983510&orgId=9900008009&announcementTime=2022-04-20,2022-04-21,2022-07-20,-0.083074
002294,信立泰,2021,2022-03-29,2021年年度报告,http://www.cninfo.com.cn/new/disclosure/detail?stockCode=002294&announcementId=1212711809&orgId=9900008010&announcementTime=2022-03-29,2022-03-30,2022-06-30,0.286929
002295,精艺股份,2021,2022-04-19,2021年年度报告,http://www.cninfo.com.cn/new/disclosure/detail?stockCode=002295&announcementId=1212964652&orgId=9900008168&announcementTime=2022-04-19,2022-04-20,2022-07-19,0.006278
002296,辉煌科技,2021,2022-04-15,2021年年度报告,http://www.cninfo.com.cn/new/disclosure/detail?stockCode=002296&announcementId=1212922740&orgId=9900008169&announcementTime=2022-04-15,2022-04-18,2022-07-15,0.028054
002297,博云新材,2021,2022-04-23,2021年年度报告,http://www.cninfo.com.cn/new/disclosure/detail?stockCode=002297&announcementId=1213053957&orgId=9900008207&announcementTime=2022-04-23,2022-04-25,2022-07-22,0.351793
002298,中电鑫龙,2021,2022-04-28,2021年年度报告,http://www.cninfo.com.cn/new/disclosure/detail?stockCode=002298&announcementId=1213170379&orgId=9900008208&announcementTime=2022-04-28,2022-04-29,2022-07-28,0.345266
002299,圣农发展,2021,2022-04-21,2021年年度报告,http://www.cninfo.com.cn/new/disclosure/detail?stockCode=002299&announcementId=1213004638&orgId=9900008409&announcementTime=2022-04-21,2022-04-22,2022-07-21,-0.038144
002300,太阳电缆,2021,2022-03-31,2021年年度报告,http://www.cninfo.com.cn/new/disclosure/detail?stockCode=002300&announcementId=1212749329&orgId=9900008410&announcementTime=2022-03-31,2022-04-01,2022-07-04,0.022158
002301,齐心集团,2021,2022-04-30,2021年年度报告,http://www.cninfo.com.cn/new/disclosure/detail?stockCode=002301&announcementId=1213261705&orgId=9900008467&announcementTime=2022-04-30,2022-05-05,2022-07-29,0.24247
002302,西部建设,2021,2022-04-02,2021年年度报告,http://www.cninfo.com.cn/new/disclosure/detail?stockCode=002302&announcementId=1212808904&orgId=9900008615&announcementTime=2022-04-02,2022-04-06,2022-07-05,-0.095736
002304,洋河股份,2021,2022-04-29,2021年年度报告,http://www.cninfo.com.cn/new/disclosure/detail?stockCode=002304&announcementId=1213205691&orgId=9900008689&announcementTime=2022-04-29,2022-05-05,2022-07-29,0.063941
002303,美盈森,2021,2022-04-29,2021年年度报告,http://www.cninfo.com.cn/new/disclosure/detail?stockCode=002303&announcementId=1213206206&orgId=9900008616&announcementTime=2022-04-29,2022-05-05,2022-07-29,0.138312
002305,*ST南置,2021,2022-04-23,2021年年度报告,http://www.cninfo.com.cn/new/disclosure/detail?stockCode=002305&announcementId=1213060532&orgId=9900008690&announcementTime=2022-04-23,2022-04-25,2022-07-22,-0.025735
002306,*ST云网,2021,2022-03-18,2021年年度报告,http://www.cninfo.com.cn/new/disclosure/detail?stockCode=002306&announcementId=1212610203&orgId=9900008769&announcementTime=2022-03-18,2022-03-21,2022-06-21,-0.013138
002309,中利集团,2021,2022-04-27,2021年年度报告,http://www.cninfo.com.cn/new/disclosure/detail?stockCode=002309&announcementId=1213137834&orgId=9900008969&announcementTime=2022-04-27,2022-04-28,2022-07-28,0.271924
002307,北新路桥,2021,2022-04-20,2021年年度报告,http://www.cninfo.com.cn/new/disclosure/detail?stockCode=002307&announcementId=1212979270&orgId=9900008770&announcementTime=2022-04-20,2022-04-21,2022-07-20,0.374887
002310,东方新能,2021,2022-04-27,2021年年度报告,http://www.cninfo.com.cn/new/disclosure/detail?stockCode=002310&announcementId=1213148865&orgId=9900009031&announcementTime=2022-04-27,2022-04-28,2022-07-27,0.163622
002311,海大集团,2021,2022-04-12,2021年年度报告,http://www.cninfo.com.cn/new/disclosure/detail?stockCode=002311&announcementId=1212885355&orgId=9900009032&announcementTime=2022-04-12,2022-04-13,2022-07-12,0.056113
002313,日海智能,2021,2022-04-30,2021年年度报告,http://www.cninfo.com.cn/new/disclosure/detail?stockCode=002313&announcementId=1213267491&orgId=9900009111&announcementTime=2022-04-30,2022-05-06,2022-08-01,-0.198095
002312,川发龙蟒,2021,2022-04-13,2021年年度报告,http://www.cninfo.com.cn/new/disclosure/detail?stockCode=002312&announcementId=1212898346&orgId=9900009110&announcementTime=2022-04-13,2022-04-14,2022-07-14,0.351999
002314,南山控股,2021,2022-04-30,2021年年度报告,http://www.cninfo.com.cn/new/disclosure/detail?stockCode=002314&announcementId=1213245602&orgId=9900009112&announcementTime=2022-04-30,2022-05-05,2022-07-29,-0.18633
002317,众生药业,2021,2022-04-26,2021年年度报告,http://www.cninfo.com.cn/new/disclosure/detail?stockCode=002317&announcementId=1213106368&orgId=9900009189&announcementTime=2022-04-26,2022-04-27,2022-07-26,0.227079
002318,久立特材,2021,2022-04-26,2021年年度报告,http://www.cninfo.com.cn/new/disclosure/detail?stockCode=002318&announcementId=1213103407&orgId=9900009190&announcementTime=2022-04-26,2022-04-27,2022-07-26,0.268881
002319,乐通股份,2021,2022-03-31,2021年年度报告,http://www.cninfo.com.cn/new/disclosure/detail?stockCode=002319&announcementId=1212753424&orgId=9900009191&announcementTime=2022-03-31,2022-04-01,2022-07-04,0.078977
002320,海峡股份,2021,2022-03-11,2021年年度报告,http://www.cninfo.com.cn/new/disclosure/detail?stockCode=002320&announcementId=1212541367&orgId=9900009333&announcementTime=2022-03-11,2022-03-14,2022-06-14,-0.007039
002321,华英农业,2021,2022-04-30,2021年年度报告,http://www.cninfo.com.cn/new/disclosure/detail?stockCode=002321&announcementId=1213266621&orgId=9900009334&announcementTime=2022-04-30,2022-05-05,2022-08-01,-0.09364
002322,理工能科,2021,2022-04-23,2021年年度报告,http://www.cninfo.com.cn/new/disclosure/detail?stockCode=002322&announcementId=1213053197&orgId=9900009448&announcementTime=2022-04-23,2022-04-25,2022-07-22,0.115651
002323,雅博股份,2021,2022-03-05,2021年年度报告,http://www.cninfo.com.cn/new/disclosure/detail?stockCode=002323&announcementId=1212511313&orgId=9900009449&announcementTime=2022-03-05,2022-03-07,2022-06-08,0.039365
002324,普利特,2021,2022-03-15,2021年年度报告,http://www.cninfo.com.cn/new/disclosure/detail?stockCode=002324&announcementId=1212568022&orgId=9900009450&announcementTime=2022-03-15,2022-03-16,2022-06-16,0.17293
002326,永太科技,2021,2022-04-23,2021年年度报告,http://www.cninfo.com.cn/new/disclosure/detail?stockCode=002326&announcementId=1213049944&orgId=9900009510&announcementTime=2022-04-23,2022-04-25,2022-07-22,0.210726
002327,富安娜,2021,2022-04-23,2021年年度报告,http://www.cninfo.com.cn/new/disclosure/detail?stockCode=002327&announcementId=1213059647&orgId=9900009727&announcementTime=2022-04-23,2022-04-25,2022-07-22,0.009085
002328,新朋股份,2021,2022-04-23,2021年年度报告,http://www.cninfo.com.cn/new/disclosure/detail?stockCode=002328&announcementId=1213053538&orgId=9900009728&announcementTime=2022-04-23,2022-04-25,2022-07-22,0.51067
002329,皇氏集团,2021,2022-04-28,2021年年度报告,http://www.cninfo.com.cn/new/disclosure/detail?stockCode=002329&announcementId=1213176683&orgId=9900009827&announcementTime=2022-04-28,2022-04-29,2022-07-28,0.613636
002330,得利斯,2021,2022-04-21,2021年年度报告,http://www.cninfo.com.cn/new/disclosure/detail?stockCode=002330&announcementId=1212999765&orgId=9900009828&announcementTime=2022-04-21,2022-04-22,2022-07-21,-0.089422
002332,仙琚制药,2021,2022-04-21,2021年年度报告,http://www.cninfo.com.cn/new/disclosure/detail?stockCode=002332&announcementId=1212999588&orgId=9900009947&announcementTime=2022-04-21,2022-04-22,2022-07-21,0.003342
002331,皖通科技,2021,2022-04-27,2021年年度报告,http://www.cninfo.com.cn/new/disclosure/detail?stockCode=002331&announcementId=1213131464&orgId=9900009829&announcementTime=2022-04-27,2022-04-28,2022-07-27,0.247215
002333,罗普斯金,2021,2022-04-27,2021年年度报告,http://www.cninfo.com.cn/new/disclosure/detail?stockCode=002333&announcementId=1213145032&orgId=9900009948&announcementTime=2022-04-27,2022-04-28,2022-07-27,0.385723
002334,英威腾,2021,2022-04-27,2021年年度报告,http://www.cninfo.com.cn/new/disclosure/detail?stockCode=002334&announcementId=1213142669&orgId=9900010031&announcementTime=2022-04-27,2022-04-28,2022-07-27,0.585406
002335,科华数据,2021,2022-04-30,2021年年度报告,http://www.cninfo.com.cn/new/disclosure/detail?stockCode=002335&announcementId=1213261604&orgId=9900010032&announcementTime=2022-04-30,2022-05-05,2022-07-29,0.994714
002337,赛象科技,2021,2022-04-19,2021年年度报告,http://www.cninfo.com.cn/new/disclosure/detail?stockCode=002337&announcementId=1212957778&orgId=9900010087&announcementTime=2022-04-19,2022-04-20,2022-07-19,0.278532
002339,积成电子,2021,2022-04-23,2021年年度报告,http://www.cninfo.com.cn/new/disclosure/detail?stockCode=002339&announcementId=1213048561&orgId=9900010251&announcementTime=2022-04-23,2022-04-25,2022-07-22,0.429412
002338,奥普光电,2021,2022-04-29,2021年年度报告,http://www.cninfo.com.cn/new/disclosure/detail?stockCode=002338&announcementId=1213205298&orgId=9900010088&announcementTime=2022-04-29,2022-05-05,2022-07-29,0.530963
002342,巨力索具,2021,2022-03-30,2021年年度报告,http://www.cninfo.com.cn/new/disclosure/detail?stockCode=002342&announcementId=1212723902&orgId=9900010327&announcementTime=2022-03-30,2022-03-31,2022-07-01,0.013542
002340,格林美,2021,2022-04-28,2021年年度报告,http://www.cninfo.com.cn/new/disclosure/detail?stockCode=002340&announcementId=1213176561&orgId=9900010252&announcementTime=2022-04-28,2022-04-29,2022-07-28,0.515494
002343,慈文传媒,2021,2022-04-27,2021年年度报告,http://www.cninfo.com.cn/new/disclosure/detail?stockCode=002343&announcementId=1213131758&orgId=9900010328&announcementTime=2022-04-27,2022-04-28,2022-07-27,0.276626
002345,潮宏基,2021,2022-04-30,2021年年度报告,http://www.cninfo.com.cn/new/disclosure/detail?stockCode=002345&announcementId=1213257183&orgId=9900010347&announcementTime=2022-04-30,2022-05-05,2022-07-29,0.179008
002346,柘中股份,2021,2022-03-10,2021年年度报告,http://www.cninfo.com.cn/new/disclosure/detail?stockCode=002346&announcementId=1212538586&orgId=9900010348&announcementTime=2022-03-10,2022-03-11,2022-06-13,-0.104885
002344,海宁皮城,2021,2022-04-16,2021年年度报告,http://www.cninfo.com.cn/new/disclosure/detail?stockCode=002344&announcementId=1212944984&orgId=9900010329&announcementTime=2022-04-16,2022-04-18,2022-07-15,-0.030572
002347,泰尔股份,2021,2022-04-16,2021年年度报告,http://www.cninfo.com.cn/new/disclosure/detail?stockCode=002347&announcementId=1212941744&orgId=9900010349&announcementTime=2022-04-16,2022-04-18,2022-07-15,0.07037
002348,高乐股份,2021,2022-04-29,2021年年度报告,http://www.cninfo.com.cn/new/disclosure/detail?stockCode=002348&announcementId=1213196143&orgId=9900010387&announcementTime=2022-04-29,2022-05-05,2022-07-29,0.306626
002349,精华制药,2021,2022-03-30,2021年年度报告,http://www.cninfo.com.cn/new/disclosure/detail?stockCode=002349&announcementId=1212726110&orgId=9900010389&announcementTime=2022-03-30,2022-03-31,2022-07-01,-0.331011
002350,北京科锐,2021,2022-04-20,2021年年度报告,http://www.cninfo.com.cn/new/disclosure/detail?stockCode=002350&announcementId=1212978588&orgId=9900010388&announcementTime=2022-04-20,2022-04-21,2022-07-20,0.216603
002351,漫步者,2021,2022-04-28,2021年年度报告,http://www.cninfo.com.cn/new/disclosure/detail?stockCode=002351&announcementId=1213169799&orgId=9900010447&announcementTime=2022-04-28,2022-04-29,2022-07-28,0.252708
002352,顺丰控股,2021,2022-03-31,2021年年度报告,http://www.cninfo.com.cn/new/disclosure/detail?stockCode=002352&announcementId=1212744421&orgId=9900010448&announcementTime=2022-03-31,2022-04-01,2022-07-04,0.229271
002353,杰瑞股份,2021,2022-04-15,2021年年度报告,http://www.cninfo.com.cn/new/disclosure/detail?stockCode=002353&announcementId=1212923653&orgId=9900010449&announcementTime=2022-04-15,2022-04-18,2022-07-15,-0.145556
002354,天娱数科,2021,2022-04-16,2021年年度报告,http://www.cninfo.com.cn/new/disclosure/detail?stockCode=002354&announcementId=1212940453&orgId=9900010489&announcementTime=2022-04-16,2022-04-18,2022-07-15,-0.257587
002356,赫美集团,2021,2022-04-30,2021年年度报告,http://www.cninfo.com.cn/new/disclosure/detail?stockCode=002356&announcementId=1213265929&orgId=9900010491&announcementTime=2022-04-30,2022-05-05,2022-08-01,0.02709
002357,富临运业,2021,2022-04-27,2021年年度报告,http://www.cninfo.com.cn/new/disclosure/detail?stockCode=002357&announcementId=1213137836&orgId=9900010527&announcementTime=2022-04-27,2022-04-28,2022-07-27,0.240947
002358,森源电气,2021,2022-04-30,2021年年度报告,http://www.cninfo.com.cn/new/disclosure/detail?stockCode=002358&announcementId=1213262470&orgId=9900010528&announcementTime=2022-04-30,2022-05-05,2022-07-29,0.304045
002360,同德化工,2021,2022-04-12,2021年年度报告,http://www.cninfo.com.cn/new/disclosure/detail?stockCode=002360&announcementId=1212882564&orgId=9900010767&announcementTime=2022-04-12,2022-04-13,2022-07-12,0.017765
002361,神剑股份,2021,2022-04-28,2021年年度报告,http://www.cninfo.com.cn/new/disclosure/detail?stockCode=002361&announcementId=1213161959&orgId=9900010768&announcementTime=2022-04-28,2022-04-29,2022-07-28,0.394272
002363,隆基机械,2021,2022-03-30,2021年年度报告,http://www.cninfo.com.cn/new/disclosure/detail?stockCode=002363&announcementId=1212726660&orgId=9900010847&announcementTime=2022-03-30,2022-03-31,2022-07-01,0.245501
002362,汉王科技,2021,2022-04-02,2021年年度报告,http://www.cninfo.com.cn/new/disclosure/detail?stockCode=002362&announcementId=1212811749&orgId=9900010769&announcementTime=2022-04-02,2022-04-06,2022-07-05,-0.096128
002365,永安药业,2021,2022-03-25,2021年年度报告,http://www.cninfo.com.cn/new/disclosure/detail?stockCode=002365&announcementId=1212669655&orgId=9900010849&announcementTime=2022-03-25,2022-03-28,2022-06-28,0.245089
002364,中恒电气,2021,2022-04-26,2021年年度报告,http://www.cninfo.com.cn/new/disclosure/detail?stockCode=002364&announcementId=1213101961&orgId=9900010848&announcementTime=2022-04-26,2022-04-27,2022-07-26,0.39842
002366,融发核电,2021,2022-04-30,2021年年度报告,http://www.cninfo.com.cn/new/disclosure/detail?stockCode=002366&announcementId=1213263823&orgId=9900010927&announcementTime=2022-04-30,2022-05-06,2022-08-01,0.378035
002367,康力电梯,2021,2022-03-30,2021年年度报告,http://www.cninfo.com.cn/new/disclosure/detail?stockCode=002367&announcementId=1212730622&orgId=9900010928&announcementTime=2022-03-30,2022-03-31,2022-07-01,0.101303
002369,卓翼科技,2021,2022-04-20,2021年年度报告,http://www.cninfo.com.cn/new/disclosure/detail?stockCode=002369&announcementId=1212976297&orgId=9900011030&announcementTime=2022-04-20,2022-04-21,2022-07-20,0.040569
002370,亚太药业,2021,2022-04-30,2021年年度报告,http://www.cninfo.com.cn/new/disclosure/detail?stockCode=002370&announcementId=1213262594&orgId=9900011032&announcementTime=2022-04-30,2022-05-05,2022-07-29,0.256548
002368,太极股份,2021,2022-04-15,2021年年度报告,http://www.cninfo.com.cn/new/disclosure/detail?stockCode=002368&announcementId=1212923553&orgId=9900010929&announcementTime=2022-04-15,2022-04-18,2022-07-15,-0.113375
002371,北方华创,2021,2022-04-28,2021年年度报告,http://www.cninfo.com.cn/new/disclosure/detail?stockCode=002371&announcementId=1213168473&orgId=9900006137&announcementTime=2022-04-28,2022-04-29,2022-07-28,0.118059
002372,伟星新材,2021,2022-03-31,2021年年度报告,http://www.cninfo.com.cn/new/disclosure/detail?stockCode=002372&announcementId=1212750334&orgId=9900011087&announcementTime=2022-03-31,2022-04-01,2022-07-04,0.191468
002373,千方科技,2021,2022-03-30,2021年年度报告,http://www.cninfo.com.cn/new/disclosure/detail?stockCode=002373&announcementId=1212725683&orgId=9900011088&announcementTime=2022-03-30,2022-03-31,2022-07-01,-0.002737
002374,中锐股份,2021,2022-04-29,2021年年度报告,http://www.cninfo.com.cn/new/disclosure/detail?stockCode=002374&announcementId=1213199976&orgId=9900011089&announcementTime=2022-04-29,2022-05-05,2022-07-29,0.458032
002375,亚厦股份,2021,2022-04-30,2021年年度报告,http://www.cninfo.com.cn/new/disclosure/detail?stockCode=002375&announcementId=1213264884&orgId=9900011247&announcementTime=2022-04-30,2022-05-05,2022-07-29,0.051166
002376,新北洋,2021,2022-04-20,2021年年度报告,http://www.cninfo.com.cn/new/disclosure/detail?stockCode=002376&announcementId=1212979490&orgId=9900011249&announcementTime=2022-04-20,2022-04-21,2022-07-20,0.031981
002377,国创高新,2021,2022-04-30,2021年年度报告,http://www.cninfo.com.cn/new/disclosure/detail?stockCode=002377&announcementId=1213264649&orgId=9900011248&announcementTime=2022-04-30,2022-05-05,2022-07-29,0.302132
002378,章源钨业,2021,2022-04-19,2021年年度报告,http://www.cninfo.com.cn/new/disclosure/detail?stockCode=002378&announcementId=1212959527&orgId=9900011447&announcementTime=2022-04-19,2022-04-20,2022-07-19,0.144423
002380,科远智慧,2021,2022-04-29,2021年年度报告,http://www.cninfo.com.cn/new/disclosure/detail?stockCode=002380&announcementId=1213219295&orgId=9900011449&announcementTime=2022-04-29,2022-05-05,2022-07-29,0.536032
002382,蓝帆医疗,2021,2022-04-13,2021年年度报告,http://www.cninfo.com.cn/new/disclosure/detail?stockCode=002382&announcementId=1212899207&orgId=9900011548&announcementTime=2022-04-13,2022-04-14,2022-07-13,-0.271326
002381,双箭股份,2021,2022-04-23,2021年年度报告,http://www.cninfo.com.cn/new/disclosure/detail?stockCode=002381&announcementId=1213042365&orgId=9900011547&announcementTime=2022-04-23,2022-04-25,2022-07-22,0.137413
002383,合众思壮,2021,2022-04-15,2021年年度报告,http://www.cninfo.com.cn/new/disclosure/detail?stockCode=002383&announcementId=1212924630&orgId=9900011549&announcementTime=2022-04-15,2022-04-18,2022-07-15,0.097137
002384,东山精密,2021,2022-04-20,2021年年度报告,http://www.cninfo.com.cn/new/disclosure/detail?stockCode=002384&announcementId=1212978944&orgId=9900011647&announcementTime=2022-04-20,2022-04-21,2022-07-20,0.418832
002385,大北农,2021,2022-04-23,2021年年度报告,http://www.cninfo.com.cn/new/disclosure/detail?stockCode=002385&announcementId=1213062376&orgId=9900011648&announcementTime=2022-04-23,2022-04-25,2022-07-22,-0.055224
002386,天原股份,2021,2022-04-29,2021年年度报告,http://www.cninfo.com.cn/new/disclosure/detail?stockCode=002386&announcementId=1213204354&orgId=9900011649&announcementTime=2022-04-29,2022-05-05,2022-07-29,0.212579
002387,维信诺,2021,2022-04-29,2021年年度报告,http://www.cninfo.com.cn/new/disclosure/detail?stockCode=002387&announcementId=1213217016&orgId=9900011728&announcementTime=2022-04-29,2022-05-05,2022-07-29,0.112796
002388,新亚制程,2021,2022-04-28,2021年年度报告,http://www.cninfo.com.cn/new/disclosure/detail?stockCode=002388&announcementId=1213171995&orgId=9900011729&announcementTime=2022-04-28,2022-04-29,2022-07-28,0.528617
002389,航天彩虹,2021,2022-03-31,2021年年度报告,http://www.cninfo.com.cn/new/disclosure/detail?stockCode=002389&announcementId=1212749701&orgId=9900011727&announcementTime=2022-03-31,2022-04-01,2022-07-04,-0.024104
002390,信邦制药,2021,2022-04-15,2021年年度报告,http://www.cninfo.com.cn/new/disclosure/detail?stockCode=002390&announcementId=1212922614&orgId=9900011847&announcementTime=2022-04-15,2022-04-18,2022-07-15,0.141449
002391,长青股份,2021,2022-04-19,2021年年度报告,http://www.cninfo.com.cn/new/disclosure/detail?stockCode=002391&announcementId=1212964235&orgId=9900011848&announcementTime=2022-04-19,2022-04-20,2022-07-19,-0.033393
002392,北京利尔,2021,2022-04-26,2021年年度报告,http://www.cninfo.com.cn/new/disclosure/detail?stockCode=002392&announcementId=1213105841&orgId=9900012090&announcementTime=2022-04-26,2022-04-27,2022-07-26,0.21933
002394,联发股份,2021,2022-04-23,2021年年度报告,http://www.cninfo.com.cn/new/disclosure/detail?stockCode=002394&announcementId=1213047702&orgId=9900012092&announcementTime=2022-04-23,2022-04-25,2022-07-22,-0.03735
002393,力生制药,2021,2022-03-25,2021年年度报告,http://www.cninfo.com.cn/new/disclosure/detail?stockCode=002393&announcementId=1212668592&orgId=9900012091&announcementTime=2022-03-25,2022-03-28,2022-06-28,-0.088825
002395,双象股份,2021,2022-04-19,2021年年度报告,http://www.cninfo.com.cn/new/disclosure/detail?stockCode=002395&announcementId=1212962670&orgId=9900012130&announcementTime=2022-04-19,2022-04-20,2022-07-19,-0.078367
002397,梦洁股份,2021,2022-04-30,2021年年度报告,http://www.cninfo.com.cn/new/disclosure/detail?stockCode=002397&announcementId=1213264280&orgId=9900012129&announcementTime=2022-04-30,2022-05-05,2022-07-29,0.663993
002398,垒知集团,2021,2022-04-29,2021年年度报告,http://www.cninfo.com.cn/new/disclosure/detail?stockCode=002398&announcementId=1213210089&orgId=9900012290&announcementTime=2022-04-29,2022-05-05,2022-07-29,0.027692
002400,省广集团,2021,2022-03-31,2021年年度报告,http://www.cninfo.com.cn/new/disclosure/detail?stockCode=002400&announcementId=1212745393&orgId=9900012289&announcementTime=2022-03-31,2022-04-01,2022-07-04,-0.013246
002402,和而泰,2021,2022-02-22,2021年年度报告,http://www.cninfo.com.cn/new/disclosure/detail?stockCode=002402&announcementId=1212413557&orgId=9900012348&announcementTime=2022-02-22,2022-02-23,2022-05-25,-0.31431
002401,中远海科,2021,2022-03-29,2021年年度报告,http://www.cninfo.com.cn/new/disclosure/detail?stockCode=002401&announcementId=1212707521&orgId=9900012287&announcementTime=2022-03-29,2022-03-30,2022-06-30,0.021535
002404,嘉欣丝绸,2021,2022-03-31,2021年年度报告,http://www.cninfo.com.cn/new/disclosure/detail?stockCode=002404&announcementId=1212739970&orgId=9900012350&announcementTime=2022-03-31,2022-04-01,2022-07-04,0.005907
002405,四维图新,2021,2022-04-30,2021年年度报告,http://www.cninfo.com.cn/new/disclosure/detail?stockCode=002405&announcementId=1213253589&orgId=9900012447&announcementTime=2022-04-30,2022-05-05,2022-07-29,0.119352
002406,远东传动,2021,2022-04-26,2021年年度报告,http://www.cninfo.com.cn/new/disclosure/detail?stockCode=002406&announcementId=1213101223&orgId=9900012448&announcementTime=2022-04-26,2022-04-27,2022-07-26,0.251129
002407,多氟多,2021,2022-03-22,2021年年度报告,http://www.cninfo.com.cn/new/disclosure/detail?stockCode=002407&announcementId=1212631020&orgId=9900012449&announcementTime=2022-03-22,2022-03-23,2022-06-23,-0.047495
002409,雅克科技,2021,2022-04-28,2021年年度报告,http://www.cninfo.com.cn/new/disclosure/detail?stockCode=002409&announcementId=1213162699&orgId=9900012610&announcementTime=2022-04-28,2022-04-29,2022-07-28,0.291699
002408,齐翔腾达,2021,2022-04-29,2021年年度报告,http://www.cninfo.com.cn/new/disclosure/detail?stockCode=002408&announcementId=1213219774&orgId=9900012450&announcementTime=2022-04-29,2022-05-05,2022-07-29,0.076011
002410,广联达,2021,2022-03-29,2021年年度报告,http://www.cninfo.com.cn/new/disclosure/detail?stockCode=002410&announcementId=1212707869&orgId=9900012609&announcementTime=2022-03-29,2022-03-30,2022-06-30,0.100025
002412,汉森制药,2021,2022-04-28,2021年年度报告,http://www.cninfo.com.cn/new/disclosure/detail?stockCode=002412&announcementId=1213169133&orgId=9900012608&announcementTime=2022-04-28,2022-04-29,2022-07-28,0.07907
002413,雷科防务,2021,2022-04-15,2021年年度报告,http://www.cninfo.com.cn/new/disclosure/detail?stockCode=002413&announcementId=1212919494&orgId=9900012690&announcementTime=2022-04-15,2022-04-18,2022-07-15,0.007489
002414,高德红外,2021,2022-04-08,2021年年度报告,http://www.cninfo.com.cn/new/disclosure/detail?stockCode=002414&announcementId=1212839004&orgId=9900012687&announcementTime=2022-04-08,2022-04-11,2022-07-08,0.043835
002416,爱施德,2021,2022-03-29,2021年年度报告,http://www.cninfo.com.cn/new/disclosure/detail?stockCode=002416&announcementId=1212710950&orgId=9900012689&announcementTime=2022-03-29,2022-03-30,2022-06-30,0.14042
002415,海康威视,2021,2022-04-16,2021年年度报告,http://www.cninfo.com.cn/new/disclosure/detail?stockCode=002415&announcementId=1212941495&orgId=9900012688&announcementTime=2022-04-16,2022-04-18,2022-07-15,-0.205016
002418,康盛股份,2021,2022-04-30,2021年年度报告,http://www.cninfo.com.cn/new/disclosure/detail?stockCode=002418&announcementId=1213254527&orgId=9900012728&announcementTime=2022-04-30,2022-05-05,2022-07-29,0.404889
002419,天虹股份,2021,2022-03-11,2021年年度报告,http://www.cninfo.com.cn/new/disclosure/detail?stockCode=002419&announcementId=1212541881&orgId=9900012729&announcementTime=2022-03-11,2022-03-14,2022-06-14,0.072027
002420,毅昌科技,2021,2022-03-15,2021年年度报告,http://www.cninfo.com.cn/new/disclosure/detail?stockCode=002420&announcementId=1212568318&orgId=9900012730&announcementTime=2022-03-15,2022-03-16,2022-06-16,-0.002911
002422,科伦药业,2021,2022-04-11,2021年年度报告,http://www.cninfo.com.cn/new/disclosure/detail?stockCode=002422&announcementId=1212856903&orgId=9900012788&announcementTime=2022-04-11,2022-04-12,2022-07-11,0.216081
002423,中粮资本,2021,2022-04-14,2021年年度报告,http://www.cninfo.com.cn/new/disclosure/detail?stockCode=002423&announcementId=1212911625&orgId=9900012789&announcementTime=2022-04-14,2022-04-15,2022-07-14,-0.218097
002424,ST百灵,2021,2022-04-23,2021年年度报告,http://www.cninfo.com.cn/new/disclosure/detail?stockCode=002424&announcementId=1213056098&orgId=9900012790&announcementTime=2022-04-23,2022-04-25,2022-07-22,0.155735
002425,凯撒文化,2021,2022-04-27,2021年年度报告,http://www.cninfo.com.cn/new/disclosure/detail?stockCode=002425&announcementId=1213145682&orgId=9900012831&announcementTime=2022-04-27,2022-04-28,2022-07-27,0.07804
002426,胜利精密,2021,2022-04-19,2021年年度报告,http://www.cninfo.com.cn/new/disclosure/detail?stockCode=002426&announcementId=1212960578&orgId=9900012832&announcementTime=2022-04-19,2022-04-20,2022-07-19,0.294705
002427,尤夫股份,2021,2022-04-22,2021年年度报告,http://www.cninfo.com.cn/new/disclosure/detail?stockCode=002427&announcementId=1213026280&orgId=9900012833&announcementTime=2022-04-22,2022-04-25,2022-07-22,0.157413
002429,兆驰股份,2021,2022-04-29,2021年年度报告,http://www.cninfo.com.cn/new/disclosure/detail?stockCode=002429&announcementId=1213214825&orgId=9900012873&announcementTime=2022-04-29,2022-05-05,2022-07-29,0.207743
002428,云南锗业,2021,2022-04-01,2021年年度报告,http://www.cninfo.com.cn/new/disclosure/detail?stockCode=002428&announcementId=1212768191&orgId=9900012834&announcementTime=2022-04-01,2022-04-06,2022-07-05,-0.014795
002430,杭氧股份,2021,2022-03-29,2021年年度报告,http://www.cninfo.com.cn/new/disclosure/detail?stockCode=002430&announcementId=1212708719&orgId=9900012874&announcementTime=2022-03-29,2022-03-30,2022-06-30,0.098788
002431,棕榈股份,2021,2022-04-27,2021年年度报告,http://www.cninfo.com.cn/new/disclosure/detail?stockCode=002431&announcementId=1213149094&orgId=9900012875&announcementTime=2022-04-27,2022-04-28,2022-07-27,0.215709
002432,九安医疗,2021,2022-04-30,2021年年度报告,http://www.cninfo.com.cn/new/disclosure/detail?stockCode=002432&announcementId=1213261085&orgId=9900012876&announcementTime=2022-04-30,2022-05-05,2022-07-29,-0.34951
002434,万里扬,2021,2022-04-20,2021年年度报告,http://www.cninfo.com.cn/new/disclosure/detail?stockCode=002434&announcementId=1212974559&orgId=9900012932&announcementTime=2022-04-20,2022-04-21,2022-07-20,0.318771
002436,兴森科技,2021,2022-04-26,2021年年度报告,http://www.cninfo.com.cn/new/disclosure/detail?stockCode=002436&announcementId=1213099657&orgId=9900012934&announcementTime=2022-04-26,2022-04-27,2022-07-26,0.679067
002437,誉衡药业,2021,2022-04-26,2021年年度报告,http://www.cninfo.com.cn/new/disclosure/detail?stockCode=002437&announcementId=1213106530&orgId=9900012988&announcementTime=2022-04-26,2022-04-27,2022-07-26,0.072816
002438,江苏神通,2021,2022-04-19,2021年年度报告,http://www.cninfo.com.cn/new/disclosure/detail?stockCode=002438&announcementId=1212958682&orgId=9900012990&announcementTime=2022-04-19,2022-04-20,2022-07-19,-0.101895
002440,闰土股份,2021,2022-04-30,2021年年度报告,http://www.cninfo.com.cn/new/disclosure/detail?stockCode=002440&announcementId=1213252709&orgId=9900013207&announcementTime=2022-04-30,2022-05-05,2022-07-29,0.058378
002439,启明星辰,2021,2022-04-08,2021年年度报告,http://www.cninfo.com.cn/new/disclosure/detail?stockCode=002439&announcementId=1212840607&orgId=9900012989&announcementTime=2022-04-08,2022-04-11,2022-07-15,-0.095824
002442,龙星科技,2021,2022-04-15,2021年年度报告,http://www.cninfo.com.cn/new/disclosure/detail?stockCode=002442&announcementId=1212919437&orgId=9900013209&announcementTime=2022-04-15,2022-04-18,2022-07-15,-0.009319
002441,众业达,2021,2022-04-20,2021年年度报告,http://www.cninfo.com.cn/new/disclosure/detail?stockCode=002441&announcementId=1212973954&orgId=9900013208&announcementTime=2022-04-20,2022-04-21,2022-07-20,0.407025
002444,巨星科技,2021,2022-04-12,2021年年度报告,http://www.cninfo.com.cn/new/disclosure/detail?stockCode=002444&announcementId=1212884054&orgId=9900013367&announcementTime=2022-04-12,2022-04-13,2022-07-12,0.143974
002443,金洲管道,2021,2022-04-23,2021年年度报告,http://www.cninfo.com.cn/new/disclosure/detail?stockCode=002443&announcementId=1213042550&orgId=9900013210&announcementTime=2022-04-23,2022-04-25,2022-07-22,0.110423
002445,中南文化,2021,2022-04-13,2021年年度报告,http://www.cninfo.com.cn/new/disclosure/detail?stockCode=002445&announcementId=1212901239&orgId=9900013368&announcementTime=2022-04-13,2022-04-14,2022-07-13,-0.093574
002446,盛路通信,2021,2022-04-28,2021年年度报告,http://www.cninfo.com.cn/new/disclosure/detail?stockCode=002446&announcementId=1213166128&orgId=9900013369&announcementTime=2022-04-28,2022-04-29,2022-07-28,0.339733
002448,中原内配,2021,2022-04-29,2021年年度报告,http://www.cninfo.com.cn/new/disclosure/detail?stockCode=002448&announcementId=1213198120&orgId=9900013432&announcementTime=2022-04-29,2022-05-05,2022-07-29,0.232719
002449,国星光电,2021,2022-03-24,2021年年度报告,http://www.cninfo.com.cn/new/disclosure/detail?stockCode=002449&announcementId=1212652048&orgId=9900013434&announcementTime=2022-03-24,2022-03-25,2022-06-27,-0.074103
002451,摩恩电气,2021,2022-04-26,2021年年度报告,http://www.cninfo.com.cn/new/disclosure/detail?stockCode=002451&announcementId=1213103380&orgId=9900013507&announcementTime=2022-04-26,2022-04-27,2022-07-26,0.476436
002452,长高电新,2021,2022-04-28,2021年年度报告,http://www.cninfo.com.cn/new/disclosure/detail?stockCode=002452&announcementId=1213158735&orgId=9900013508&announcementTime=2022-04-28,2022-04-29,2022-07-28,0.409149
002454,松芝股份,2021,2022-04-29,2021年年度报告,http://www.cninfo.com.cn/new/disclosure/detail?stockCode=002454&announcementId=1213197088&orgId=9900013510&announcementTime=2022-04-29,2022-05-05,2022-07-29,0.996704
002455,百川股份,2021,2022-02-28,2021年年度报告,http://www.cninfo.com.cn/new/disclosure/detail?stockCode=002455&announcementId=1212458027&orgId=9900013692&announcementTime=2022-02-28,2022-03-01,2022-05-31,-0.265975
002456,欧菲光,2021,2022-04-30,2021年年度报告,http://www.cninfo.com.cn/new/disclosure/detail?stockCode=002456&announcementId=1213250036&orgId=9900013691&announcementTime=2022-04-30,2022-05-05,2022-07-29,0.110124
002457,青龙管业,2021,2022-03-30,2021年年度报告,http://www.cninfo.com.cn/new/disclosure/detail?stockCode=002457&announcementId=1212725980&orgId=9900013690&announcementTime=2022-03-30,2022-03-31,2022-07-01,-0.060412
002458,益生股份,2021,2022-02-26,2021年年度报告,http://www.cninfo.com.cn/new/disclosure/detail?stockCode=002458&announcementId=1212457495&orgId=9900013789&announcementTime=2022-02-26,2022-02-28,2022-05-30,-0.091266
002459,晶澳科技,2021,2022-04-30,2021年年度报告,http://www.cninfo.com.cn/new/disclosure/detail?stockCode=002459&announcementId=1213254843&orgId=9900013788&announcementTime=2022-04-30,2022-05-05,2022-07-29,0.325671
002460,赣锋锂业,2021,2022-03-31,2021年年度报告,http://www.cninfo.com.cn/new/disclosure/detail?stockCode=002460&announcementId=1212751615&orgId=9900013787&announcementTime=2022-03-31,2022-04-01,2022-07-04,0.243008
002462,嘉事堂,2021,2022-03-30,2021年年度报告,http://www.cninfo.com.cn/new/disclosure/detail?stockCode=002462&announcementId=1212727246&orgId=9900013928&announcementTime=2022-03-30,2022-03-31,2022-07-01,-0.065495
002461,珠江啤酒,2021,2022-03-25,2021年年度报告,http://www.cninfo.com.cn/new/disclosure/detail?stockCode=002461&announcementId=1212668559&orgId=9900011107&announcementTime=2022-03-25,2022-03-28,2022-06-28,0.10826
002463,沪电股份,2021,2022-03-23,2021年年度报告,http://www.cninfo.com.cn/new/disclosure/detail?stockCode=002463&announcementId=1212643055&orgId=9900013929&announcementTime=2022-03-23,2022-03-24,2022-06-24,0.147685
002465,海格通信,2021,2022-03-26,2021年年度报告,http://www.cninfo.com.cn/new/disclosure/detail?stockCode=002465&announcementId=1212688175&orgId=9900014188&announcementTime=2022-03-26,2022-03-28,2022-06-28,-0.061795
002466,天齐锂业,2021,2022-04-30,2021年年度报告,http://www.cninfo.com.cn/new/disclosure/detail?stockCode=002466&announcementId=1213263241&orgId=9900014189&announcementTime=2022-04-30,2022-05-05,2022-07-29,0.475096
002467,二六三,2021,2022-03-31,2021年年度报告,http://www.cninfo.com.cn/new/disclosure/detail?stockCode=002467&announcementId=1212744599&orgId=9900014250&announcementTime=2022-03-31,2022-04-01,2022-07-04,-0.121279
002468,申通快递,2021,2022-04-30,2021年年度报告,http://www.cninfo.com.cn/new/disclosure/detail?stockCode=002468&announcementId=1213262585&orgId=9900014251&announcementTime=2022-04-30,2022-05-05,2022-07-29,0.421527
002469,三维化学,2021,2022-03-22,2021年年度报告,http://www.cninfo.com.cn/new/disclosure/detail?stockCode=002469&announcementId=1212631234&orgId=9900014267&announcementTime=2022-03-22,2022-03-23,2022-06-23,-0.007978
002470,金正大,2021,2022-04-30,2021年年度报告,http://www.cninfo.com.cn/new/disclosure/detail?stockCode=002470&announcementId=1213264229&orgId=9900014252&announcementTime=2022-04-30,2022-05-05,2022-07-29,-0.15
002472,双环传动,2021,2022-04-27,2021年年度报告,http://www.cninfo.com.cn/new/disclosure/detail?stockCode=002472&announcementId=1213137986&orgId=9900014368&announcementTime=2022-04-27,2022-04-28,2022-07-27,1.080101
002471,中超控股,2021,2022-04-20,2021年年度报告,http://www.cninfo.com.cn/new/disclosure/detail?stockCode=002471&announcementId=1212975669&orgId=9900014367&announcementTime=2022-04-20,2022-04-21,2022-07-20,0.187462
002475,立讯精密,2021,2022-04-28,2021年年度报告,http://www.cninfo.com.cn/new/disclosure/detail?stockCode=002475&announcementId=1213171817&orgId=9900014448&announcementTime=2022-04-28,2022-04-29,2022-07-28,0.143468
002474,榕基软件,2021,2022-04-01,2021年年度报告,http://www.cninfo.com.cn/new/disclosure/detail?stockCode=002474&announcementId=1212768877&orgId=9900014447&announcementTime=2022-04-01,2022-04-06,2022-07-05,-0.106012
002478,常宝股份,2021,2022-03-18,2021年年度报告,http://www.cninfo.com.cn/new/disclosure/detail?stockCode=002478&announcementId=1212609038&orgId=9900014607&announcementTime=2022-03-18,2022-03-21,2022-06-21,0.077471
002480,新筑股份,2021,2022-03-17,2021年年度报告,http://www.cninfo.com.cn/new/disclosure/detail?stockCode=002480&announcementId=1212593248&orgId=9900014609&announcementTime=2022-03-17,2022-03-18,2022-06-20,0.217559
002479,富春环保,2021,2022-03-31,2021年年度报告,http://www.cninfo.com.cn/new/disclosure/detail?stockCode=002479&announcementId=1212745431&orgId=9900014608&announcementTime=2022-03-31,2022-04-01,2022-07-04,-0.094808
002481,双塔食品,2021,2022-04-20,2021年年度报告,http://www.cninfo.com.cn/new/disclosure/detail?stockCode=002481&announcementId=1212973762&orgId=9900014610&announcementTime=2022-04-20,2022-04-21,2022-07-20,-0.117285
002482,广田集团,2021,2022-04-29,2021年年度报告,http://www.cninfo.com.cn/new/disclosure/detail?stockCode=002482&announcementId=1213218026&orgId=9900014775&announcementTime=2022-04-29,2022-05-05,2022-08-01,-0.085958
002483,润邦股份,2021,2022-04-19,2021年年度报告,http://www.cninfo.com.cn/new/disclosure/detail?stockCode=002483&announcementId=1212958858&orgId=9900014776&announcementTime=2022-04-19,2022-04-20,2022-07-19,0.077151
002484,江海股份,2021,2022-03-25,2021年年度报告,http://www.cninfo.com.cn/new/disclosure/detail?stockCode=002484&announcementId=1212667713&orgId=9900014777&announcementTime=2022-03-25,2022-03-28,2022-06-28,0.144689
002485,ST雪发,2021,2022-04-30,2021年年度报告,http://www.cninfo.com.cn/new/disclosure/detail?stockCode=002485&announcementId=1213264140&orgId=9900014994&announcementTime=2022-04-30,2022-05-06,2022-08-01,0.063095
002486,嘉麟杰,2021,2022-04-29,2021年年度报告,http://www.cninfo.com.cn/new/disclosure/detail?stockCode=002486&announcementId=1213218582&orgId=9900014995&announcementTime=2022-04-29,2022-05-05,2022-07-29,0.185688
002487,大金重工,2021,2022-04-28,2021年年度报告,http://www.cninfo.com.cn/new/disclosure/detail?stockCode=002487&announcementId=1213172617&orgId=9900014996&announcementTime=2022-04-28,2022-04-29,2022-07-28,1.236985
002488,金固股份,2021,2022-04-29,2021年年度报告,http://www.cninfo.com.cn/new/disclosure/detail?stockCode=002488&announcementId=1213220227&orgId=9900015174&announcementTime=2022-04-29,2022-05-05,2022-07-29,0.627029
002489,浙江永强,2021,2022-04-19,2021年年度报告,http://www.cninfo.com.cn/new/disclosure/detail?stockCode=002489&announcementId=1212957748&orgId=9900015175&announcementTime=2022-04-19,2022-04-20,2022-07-19,0.039952
002490,山东墨龙,2021,2022-03-31,2021年年度报告,http://www.cninfo.com.cn/new/disclosure/detail?stockCode=002490&announcementId=1212752876&orgId=gshk0000568&announcementTime=2022-03-31,2022-04-01,2022-07-04,-0.067853
002491,通鼎互联,2021,2022-04-28,2021年年度报告,http://www.cninfo.com.cn/new/disclosure/detail?stockCode=002491&announcementId=1213166938&orgId=9900015177&announcementTime=2022-04-28,2022-04-29,2022-07-28,0.412194
002492,恒基达鑫,2021,2022-03-19,2021年年度报告,http://www.cninfo.com.cn/new/disclosure/detail?stockCode=002492&announcementId=1212625986&orgId=9900015501&announcementTime=2022-03-19,2022-03-21,2022-06-21,-0.044938
002493,荣盛石化,2021,2022-04-26,2021年年度报告,http://www.cninfo.com.cn/new/disclosure/detail?stockCode=002493&announcementId=1213105311&orgId=9900015502&announcementTime=2022-04-26,2022-04-27,2022-07-26,0.126373
002494,华斯股份,2021,2022-04-15,2021年年度报告,http://www.cninfo.com.cn/new/disclosure/detail?stockCode=002494&announcementId=1212924868&orgId=9900015503&announcementTime=2022-04-15,2022-04-18,2022-07-15,-0.091062
002496,*ST辉丰,2021,2022-04-22,2021年年度报告,http://www.cninfo.com.cn/new/disclosure/detail?stockCode=002496&announcementId=1213028926&orgId=9900015672&announcementTime=2022-04-22,2022-04-25,2022-07-25,-0.015024
002495,佳隆股份,2021,2022-04-30,2021年年度报告,http://www.cninfo.com.cn/new/disclosure/detail?stockCode=002495&announcementId=1213252096&orgId=9900015504&announcementTime=2022-04-30,2022-05-05,2022-07-29,0.150243
002498,汉缆股份,2021,2022-04-29,2021年年度报告,http://www.cninfo.com.cn/new/disclosure/detail?stockCode=002498&announcementId=1213201521&orgId=9900015674&announcementTime=2022-04-29,2022-05-05,2022-07-29,0.282913
002497,雅化集团,2021,2022-04-23,2021年年度报告,http://www.cninfo.com.cn/new/disclosure/detail?stockCode=002497&announcementId=1213050023&orgId=9900015673&announcementTime=2022-04-23,2022-04-25,2022-07-22,0.12401
002500,山西证券,2021,2022-04-28,2021年年度报告,http://www.cninfo.com.cn/new/disclosure/detail?stockCode=002500&announcementId=1213169920&orgId=qsgn0000279&announcementTime=2022-04-28,2022-04-29,2022-07-28,0.116358
002501,利源股份,2021,2022-04-29,2021年年度报告,http://www.cninfo.com.cn/new/disclosure/detail?stockCode=002501&announcementId=1213223146&orgId=9900015790&announcementTime=2022-04-29,2022-05-05,2022-08-01,0.344775
002506,协鑫集成,2021,2022-04-30,2021年年度报告,http://www.cninfo.com.cn/new/disclosure/detail?stockCode=002506&announcementId=1213265812&orgId=9900015881&announcementTime=2022-04-30,2022-05-05,2022-07-29,0.595609
002507,涪陵榨菜,2021,2022-03-18,2021年年度报告,http://www.cninfo.com.cn/new/disclosure/detail?stockCode=002507&announcementId=1212606350&orgId=9900015937&announcementTime=2022-03-18,2022-03-21,2022-06-21,0.079031
002508,老板电器,2021,2022-04-20,2021年年度报告,http://www.cninfo.com.cn/new/disclosure/detail?stockCode=002508&announcementId=1212978576&orgId=9900015938&announcementTime=2022-04-20,2022-04-21,2022-07-20,-0.046917
002510,天汽模,2021,2022-04-22,2021年年度报告,http://www.cninfo.com.cn/new/disclosure/detail?stockCode=002510&announcementId=1213024492&orgId=9900015998&announcementTime=2022-04-22,2022-04-25,2022-07-22,0.35629
002511,中顺洁柔,2021,2022-04-28,2021年年度报告,http://www.cninfo.com.cn/new/disclosure/detail?stockCode=002511&announcementId=1213161243&orgId=9900015999&announcementTime=2022-04-28,2022-04-29,2022-07-28,0.150024
002512,达华智能,2021,2022-04-28,2021年年度报告,http://www.cninfo.com.cn/new/disclosure/detail?stockCode=002512&announcementId=1213166161&orgId=9900016127&announcementTime=2022-04-28,2022-04-29,2022-07-28,0.587161
002513,蓝丰生化,2021,2022-04-16,2021年年度报告,http://www.cninfo.com.cn/new/disclosure/detail?stockCode=002513&announcementId=1212943689&orgId=9900016128&announcementTime=2022-04-16,2022-04-18,2022-07-15,0.00216
002514,宝馨科技,2021,2022-04-26,2021年年度报告,http://www.cninfo.com.cn/new/disclosure/detail?stockCode=002514&announcementId=1213109672&orgId=9900016129&announcementTime=2022-04-26,2022-04-27,2022-07-26,2.944958
002515,金字火腿,2021,2022-03-16,2021年年度报告,http://www.cninfo.com.cn/new/disclosure/detail?stockCode=002515&announcementId=1212579933&orgId=9900016130&announcementTime=2022-03-16,2022-03-17,2022-06-17,-0.151786
002516,旷达科技,2021,2022-04-12,2021年年度报告,http://www.cninfo.com.cn/new/disclosure/detail?stockCode=002516&announcementId=1212883306&orgId=9900016207&announcementTime=2022-04-12,2022-04-13,2022-07-12,0.267352
002517,恺英网络,2021,2022-04-29,2021年年度报告,http://www.cninfo.com.cn/new/disclosure/detail?stockCode=002517&announcementId=1213209341&orgId=9900016208&announcementTime=2022-04-29,2022-05-05,2022-07-29,0.299861
002518,科士达,2021,2022-04-26,2021年年度报告,http://www.cninfo.com.cn/new/disclosure/detail?stockCode=002518&announcementId=1213118088&orgId=9900016209&announcementTime=2022-04-26,2022-04-27,2022-07-26,1.351498
002519,银河电子,2021,2022-03-31,2021年年度报告,http://www.cninfo.com.cn/new/disclosure/detail?stockCode=002519&announcementId=1212742310&orgId=9900016210&announcementTime=2022-03-31,2022-04-01,2022-07-04,0.096063
002520,日发精机,2021,2022-04-29,2021年年度报告,http://www.cninfo.com.cn/new/disclosure/detail?stockCode=002520&announcementId=1213208525&orgId=9900016327&announcementTime=2022-04-29,2022-05-05,2022-07-29,0.440711
002521,齐峰新材,2021,2022-04-23,2021年年度报告,http://www.cninfo.com.cn/new/disclosure/detail?stockCode=002521&announcementId=1213047939&orgId=9900016328&announcementTime=2022-04-23,2022-04-25,2022-07-22,-0.00321
002522,浙江众成,2021,2022-04-20,2021年年度报告,http://www.cninfo.com.cn/new/disclosure/detail?stockCode=002522&announcementId=1212978821&orgId=9900016329&announcementTime=2022-04-20,2022-04-21,2022-07-20,0.108138
002523,天桥起重,2021,2022-04-16,2021年年度报告,http://www.cninfo.com.cn/new/disclosure/detail?stockCode=002523&announcementId=1212941636&orgId=9900016330&announcementTime=2022-04-16,2022-04-18,2022-07-15,0.089823
002526,山东矿机,2021,2022-04-22,2021年年度报告,http://www.cninfo.com.cn/new/disclosure/detail?stockCode=002526&announcementId=1213018450&orgId=9900016432&announcementTime=2022-04-22,2022-04-25,2022-07-22,0.398714
002527,新时达,2021,2022-04-26,2021年年度报告,http://www.cninfo.com.cn/new/disclosure/detail?stockCode=002527&announcementId=1213118247&orgId=9900016567&announcementTime=2022-04-26,2022-04-27,2022-07-26,0.630282
002528,ST英飞拓,2021,2022-04-21,2021年年度报告,http://www.cninfo.com.cn/new/disclosure/detail?stockCode=002528&announcementId=1213003192&orgId=9900016568&announcementTime=2022-04-21,2022-04-22,2022-07-21,0.052489
002529,*ST海源,2021,2022-04-26,2021年年度报告,http://www.cninfo.com.cn/new/disclosure/detail?stockCode=002529&announcementId=1213118849&orgId=9900006138&announcementTime=2022-04-26,2022-04-27,2022-07-26,1.053424
002530,金财互联,2021,2022-04-29,2021年年度报告,http://www.cninfo.com.cn/new/disclosure/detail?stockCode=002530&announcementId=1213201408&orgId=9900016747&announcementTime=2022-04-29,2022-05-05,2022-07-29,0.266538
002531,天顺风能,2021,2022-04-13,2021年年度报告,http://www.cninfo.com.cn/new/disclosure/detail?stockCode=002531&announcementId=1212896914&orgId=9900016748&announcementTime=2022-04-13,2022-04-14,2022-07-13,0.537718
002533,金杯电工,2021,2022-03-31,2021年年度报告,http://www.cninfo.com.cn/new/disclosure/detail?stockCode=002533&announcementId=1212752023&orgId=9900016750&announcementTime=2022-03-31,2022-04-01,2022-07-04,0.078652
002532,天山铝业,2021,2022-04-08,2021年年度报告,http://www.cninfo.com.cn/new/disclosure/detail?stockCode=002532&announcementId=1212837065&orgId=9900016749&announcementTime=2022-04-08,2022-04-11,2022-07-08,-0.179142
002534,西子洁能,2021,2022-03-31,2021年年度报告,http://www.cninfo.com.cn/new/disclosure/detail?stockCode=002534&announcementId=1212750363&orgId=9900016928&announcementTime=2022-03-31,2022-04-01,2022-07-04,-0.135911
002535,林州重机,2021,2022-04-30,2021年年度报告,http://www.cninfo.com.cn/new/disclosure/detail?stockCode=002535&announcementId=1213260750&orgId=9900016930&announcementTime=2022-04-30,2022-05-05,2022-07-29,0.279793
002536,飞龙股份,2021,2022-04-22,2021年年度报告,http://www.cninfo.com.cn/new/disclosure/detail?stockCode=002536&announcementId=1213017121&orgId=9900016931&announcementTime=2022-04-22,2022-04-25,2022-07-22,0.291928
002537,海联金汇,2021,2022-03-31,2021年年度报告,http://www.cninfo.com.cn/new/disclosure/detail?stockCode=002537&announcementId=1212747899&orgId=9900016929&announcementTime=2022-03-31,2022-04-01,2022-07-04,-0.324269
002538,司尔特,2021,2022-04-20,2021年年度报告,http://www.cninfo.com.cn/new/disclosure/detail?stockCode=002538&announcementId=1212975645&orgId=9900017115&announcementTime=2022-04-20,2022-04-21,2022-07-20,0.196569
002540,亚太科技,2021,2022-04-26,2021年年度报告,http://www.cninfo.com.cn/new/disclosure/detail?stockCode=002540&announcementId=1213103516&orgId=9900017117&announcementTime=2022-04-26,2022-04-27,2022-07-26,0.631995
002539,云图控股,2021,2022-04-15,2021年年度报告,http://www.cninfo.com.cn/new/disclosure/detail?stockCode=002539&announcementId=1212919013&orgId=9900017116&announcementTime=2022-04-15,2022-04-18,2022-07-15,0.082092
002542,中化岩土,2021,2022-04-12,2021年年度报告,http://www.cninfo.com.cn/new/disclosure/detail?stockCode=002542&announcementId=1212884796&orgId=9900017427&announcementTime=2022-04-12,2022-04-13,2022-07-12,-0.085378
002541,鸿路钢构,2021,2022-03-31,2021年年度报告,http://www.cninfo.com.cn/new/disclosure/detail?stockCode=002541&announcementId=1212744531&orgId=9900017118&announcementTime=2022-03-31,2022-04-01,2022-07-04,0.115199
002543,万和电气,2021,2022-04-30,2021年年度报告,http://www.cninfo.com.cn/new/disclosure/detail?stockCode=002543&announcementId=1213262881&orgId=9900017428&announcementTime=2022-04-30,2022-05-05,2022-07-29,0.51853
002544,普天科技,2021,2022-04-22,2021年年度报告,http://www.cninfo.com.cn/new/disclosure/detail?stockCode=002544&announcementId=1213028732&orgId=9900017429&announcementTime=2022-04-22,2022-04-25,2022-07-22,0.174976
002545,东方铁塔,2021,2022-04-21,2021年年度报告,http://www.cninfo.com.cn/new/disclosure/detail?stockCode=002545&announcementId=1212994169&orgId=9900017607&announcementTime=2022-04-21,2022-04-22,2022-07-21,-0.07341
002546,新联电子,2021,2022-02-26,2021年年度报告,http://www.cninfo.com.cn/new/disclosure/detail?stockCode=002546&announcementId=1212458112&orgId=9900017608&announcementTime=2022-02-26,2022-02-28,2022-05-30,-0.185509
002547,春兴精工,2021,2022-04-26,2021年年度报告,http://www.cninfo.com.cn/new/disclosure/detail?stockCode=002547&announcementId=1213118918&orgId=9900017828&announcementTime=2022-04-26,2022-04-27,2022-07-26,1.538506
002548,金新农,2021,2022-04-26,2021年年度报告,http://www.cninfo.com.cn/new/disclosure/detail?stockCode=002548&announcementId=1213109835&orgId=9900017829&announcementTime=2022-04-26,2022-04-27,2022-07-26,0.286861
002550,千红制药,2021,2022-04-23,2021年年度报告,http://www.cninfo.com.cn/new/disclosure/detail?stockCode=002550&announcementId=1213048110&orgId=9900017830&announcementTime=2022-04-23,2022-04-25,2022-07-22,0.159551
002549,凯美特气,2021,2022-03-18,2021年年度报告,http://www.cninfo.com.cn/new/disclosure/detail?stockCode=002549&announcementId=1212609325&orgId=9900017827&announcementTime=2022-03-18,2022-03-21,2022-06-21,0.013545
002552,宝鼎科技,2021,2022-03-10,2021年年度报告,http://www.cninfo.com.cn/new/disclosure/detail?stockCode=002552&announcementId=1212533256&orgId=9900018064&announcementTime=2022-03-10,2022-03-11,2022-06-13,-0.201362
002553,南方精工,2021,2022-04-12,2021年年度报告,http://www.cninfo.com.cn/new/disclosure/detail?stockCode=002553&announcementId=1212887460&orgId=9900018065&announcementTime=2022-04-12,2022-04-13,2022-07-12,0.129661
002554,惠博普,2021,2022-04-28,2021年年度报告,http://www.cninfo.com.cn/new/disclosure/detail?stockCode=002554&announcementId=1213161837&orgId=9900018066&announcementTime=2022-04-28,2022-04-29,2022-07-28,0.323887
002555,三七互娱,2021,2022-04-26,2021年年度报告,http://www.cninfo.com.cn/new/disclosure/detail?stockCode=002555&announcementId=1213106525&orgId=9900018279&announcementTime=2022-04-26,2022-04-27,2022-07-26,0.027887
002556,辉隆股份,2021,2022-04-22,2021年年度报告,http://www.cninfo.com.cn/new/disclosure/detail?stockCode=002556&announcementId=1213026753&orgId=9900018282&announcementTime=2022-04-22,2022-04-25,2022-07-22,0.074572
002557,洽洽食品,2021,2022-04-12,2021年年度报告,http://www.cninfo.com.cn/new/disclosure/detail?stockCode=002557&announcementId=1212887693&orgId=9900018281&announcementTime=2022-04-12,2022-04-13,2022-07-12,-0.133249
002558,巨人网络,2021,2022-04-30,2021年年度报告,http://www.cninfo.com.cn/new/disclosure/detail?stockCode=002558&announcementId=1213264831&orgId=9900018280&announcementTime=2022-04-30,2022-05-05,2022-07-29,0.036013
002559,亚威股份,2021,2022-03-31,2021年年度报告,http://www.cninfo.com.cn/new/disclosure/detail?stockCode=002559&announcementId=1212743585&orgId=9900018387&announcementTime=2022-03-31,2022-04-01,2022-07-04,0.116269
002560,通达股份,2021,2022-03-19,2021年年度报告,http://www.cninfo.com.cn/new/disclosure/detail?stockCode=002560&announcementId=1212625515&orgId=9900018388&announcementTime=2022-03-19,2022-03-21,2022-06-21,0.079487
002561,徐家汇,2021,2022-03-26,2021年年度报告,http://www.cninfo.com.cn/new/disclosure/detail?stockCode=002561&announcementId=1212683293&orgId=9900018389&announcementTime=2022-03-26,2022-03-28,2022-06-28,0.526062
002562,兄弟科技,2021,2022-04-28,2021年年度报告,http://www.cninfo.com.cn/new/disclosure/detail?stockCode=002562&announcementId=1213167113&orgId=9900018667&announcementTime=2022-04-28,2022-04-29,2022-07-28,0.292447
002563,森马服饰,2021,2022-03-31,2021年年度报告,http://www.cninfo.com.cn/new/disclosure/detail?stockCode=002563&announcementId=1212742968&orgId=9900018668&announcementTime=2022-03-31,2022-04-01,2022-07-04,-0.026767
002564,天沃科技,2021,2022-03-25,2021年年度报告,http://www.cninfo.com.cn/new/disclosure/detail?stockCode=002564&announcementId=1212671439&orgId=9900018669&announcementTime=2022-03-25,2022-03-28,2022-06-28,-0.040052
002566,益盛药业,2021,2022-04-20,2021年年度报告,http://www.cninfo.com.cn/new/disclosure/detail?stockCode=002566&announcementId=1212973798&orgId=9900018831&announcementTime=2022-04-20,2022-04-21,2022-07-20,-0.067517
002565,顺灏股份,2021,2022-04-30,2021年年度报告,http://www.cninfo.com.cn/new/disclosure/detail?stockCode=002565&announcementId=1213252546&orgId=9900018830&announcementTime=2022-04-30,2022-05-05,2022-07-29,0.355159
002567,唐人神,2021,2022-04-29,2021年年度报告,http://www.cninfo.com.cn/new/disclosure/detail?stockCode=002567&announcementId=1213212330&orgId=9900018892&announcementTime=2022-04-29,2022-05-05,2022-07-29,0.343386
002568,百润股份,2021,2022-04-26,2021年年度报告,http://www.cninfo.com.cn/new/disclosure/detail?stockCode=002568&announcementId=1213106404&orgId=9900018893&announcementTime=2022-04-26,2022-04-27,2022-07-26,0.490484
002570,贝因美,2021,2022-04-30,2021年年度报告,http://www.cninfo.com.cn/new/disclosure/detail?stockCode=002570&announcementId=1213257641&orgId=9900019035&announcementTime=2022-04-30,2022-05-05,2022-07-29,0.11032
002571,德力股份,2021,2022-04-12,2021年年度报告,http://www.cninfo.com.cn/new/disclosure/detail?stockCode=002571&announcementId=1212885551&orgId=9900019036&announcementTime=2022-04-12,2022-04-13,2022-07-12,0.104056
002572,索菲亚,2021,2022-04-12,2021年年度报告,http://www.cninfo.com.cn/new/disclosure/detail?stockCode=002572&announcementId=1212886337&orgId=9900019037&announcementTime=2022-04-12,2022-04-13,2022-07-12,0.006509
002573,清新环境,2021,2022-04-30,2021年年度报告,http://www.cninfo.com.cn/new/disclosure/detail?stockCode=002573&announcementId=1213261834&orgId=9900019152&announcementTime=2022-04-30,2022-05-05,2022-07-29,0.136403
002574,明牌珠宝,2021,2022-04-29,2021年年度报告,http://www.cninfo.com.cn/new/disclosure/detail?stockCode=002574&announcementId=1213205311&orgId=9900019212&announcementTime=2022-04-29,2022-05-05,2022-07-29,0.10039
002575,群兴玩具,2021,2022-04-20,2021年年度报告,http://www.cninfo.com.cn/new/disclosure/detail?stockCode=002575&announcementId=1212977226&orgId=9900019213&announcementTime=2022-04-20,2022-04-21,2022-07-21,0.013287
002577,雷柏科技,2021,2022-03-30,2021年年度报告,http://www.cninfo.com.cn/new/disclosure/detail?stockCode=002577&announcementId=1212730903&orgId=9900019313&announcementTime=2022-03-30,2022-03-31,2022-07-01,0.001897
002576,通达动力,2021,2022-04-26,2021年年度报告,http://www.cninfo.com.cn/new/disclosure/detail?stockCode=002576&announcementId=1213098692&orgId=9900019312&announcementTime=2022-04-26,2022-04-27,2022-07-26,0.694631
002579,中京电子,2021,2022-04-26,2021年年度报告,http://www.cninfo.com.cn/new/disclosure/detail?stockCode=002579&announcementId=1213109053&orgId=9900019410&announcementTime=2022-04-26,2022-04-27,2022-07-26,0.421926
002578,闽发铝业,2021,2022-04-02,2021年年度报告,http://www.cninfo.com.cn/new/disclosure/detail?stockCode=002578&announcementId=1212810123&orgId=9900019314&announcementTime=2022-04-02,2022-04-06,2022-07-05,0.285968
002580,圣阳股份,2021,2022-04-27,2021年年度报告,http://www.cninfo.com.cn/new/disclosure/detail?stockCode=002580&announcementId=1213138385&orgId=9900019411&announcementTime=2022-04-27,2022-04-28,2022-07-27,0.487209
002581,ST未名,2021,2022-04-30,2021年年度报告,http://www.cninfo.com.cn/new/disclosure/detail?stockCode=002581&announcementId=1213263171&orgId=9900019530&announcementTime=2022-04-30,2022-05-05,2022-07-29,0.092432
002582,好想你,2021,2022-04-29,2021年年度报告,http://www.cninfo.com.cn/new/disclosure/detail?stockCode=002582&announcementId=1213207137&orgId=9900019704&announcementTime=2022-04-29,2022-05-05,2022-07-29,0.063086
002583,海能达,2021,2022-04-08,2021年年度报告,http://www.cninfo.com.cn/new/disclosure/detail?stockCode=002583&announcementId=1212840417&orgId=9900019838&announcementTime=2022-04-08,2022-04-11,2022-07-08,-0.056854
002584,西陇科学,2021,2022-04-22,2021年年度报告,http://www.cninfo.com.cn/new/disclosure/detail?stockCode=002584&announcementId=1213022113&orgId=9900019958&announcementTime=2022-04-22,2022-04-25,2022-07-22,0.047689
002585,双星新材,2021,2022-03-28,2021年年度报告,http://www.cninfo.com.cn/new/disclosure/detail?stockCode=002585&announcementId=1212687963&orgId=9900019959&announcementTime=2022-03-28,2022-03-29,2022-06-29,-0.018712
002586,ST围海,2021,2022-04-30,2021年年度报告,http://www.cninfo.com.cn/new/disclosure/detail?stockCode=002586&announcementId=1213267712&orgId=9900019960&announcementTime=2022-04-30,2022-05-05,2022-07-29,0.0
002587,奥拓电子,2021,2022-04-01,2021年年度报告,http://www.cninfo.com.cn/new/disclosure/detail?stockCode=002587&announcementId=1212768863&orgId=9900020087&announcementTime=2022-04-01,2022-04-06,2022-07-05,-0.071745
002588,史丹利,2021,2022-04-20,2021年年度报告,http://www.cninfo.com.cn/new/disclosure/detail?stockCode=002588&announcementId=1212977656&orgId=9900020088&announcementTime=2022-04-20,2022-04-21,2022-07-20,0.011575
002589,瑞康医药,2021,2022-04-30,2021年年度报告,http://www.cninfo.com.cn/new/disclosure/detail?stockCode=002589&announcementId=1213256003&orgId=9900020089&announcementTime=2022-04-30,2022-05-05,2022-07-29,0.219291
002591,恒大高新,2021,2022-04-12,2021年年度报告,http://www.cninfo.com.cn/new/disclosure/detail?stockCode=002591&announcementId=1212884515&orgId=9900009048&announcementTime=2022-04-12,2022-04-13,2022-07-12,0.089249
002593,日上集团,2021,2022-04-19,2021年年度报告,http://www.cninfo.com.cn/new/disclosure/detail?stockCode=002593&announcementId=1212963193&orgId=9900020387&announcementTime=2022-04-19,2022-04-20,2022-07-19,0.031303
002594,比亚迪,2021,2022-03-30,2021年年度报告,http://www.cninfo.com.cn/new/disclosure/detail?stockCode=002594&announcementId=1212730520&orgId=gshk0001211&announcementTime=2022-03-30,2022-03-31,2022-07-01,0.405584
002595,豪迈科技,2021,2022-03-31,2021年年度报告,http://www.cninfo.com.cn/new/disclosure/detail?stockCode=002595&announcementId=1212748028&orgId=9900020389&announcementTime=2022-03-31,2022-04-01,2022-07-04,0.210532
002596,海南瑞泽,2021,2022-03-30,2021年年度报告,http://www.cninfo.com.cn/new/disclosure/detail?stockCode=002596&announcementId=1212726626&orgId=9900020487&announcementTime=2022-03-30,2022-03-31,2022-07-01,-0.121369
002598,山东章鼓,2021,2022-03-31,2021年年度报告,http://www.cninfo.com.cn/new/disclosure/detail?stockCode=002598&announcementId=1212747949&orgId=9900020704&announcementTime=2022-03-31,2022-04-01,2022-07-04,0.312322
002597,金禾实业,2021,2022-03-22,2021年年度报告,http://www.cninfo.com.cn/new/disclosure/detail?stockCode=002597&announcementId=1212633727&orgId=9900020703&announcementTime=2022-03-22,2022-03-23,2022-06-23,-0.006812
002599,盛通股份,2021,2022-04-30,2021年年度报告,http://www.cninfo.com.cn/new/disclosure/detail?stockCode=002599&announcementId=1213250009&orgId=9900020847&announcementTime=2022-04-30,2022-05-05,2022-07-29,0.174324
002600,领益智造,2021,2022-04-08,2021年年度报告,http://www.cninfo.com.cn/new/disclosure/detail?stockCode=002600&announcementId=1212840934&orgId=9900020848&announcementTime=2022-04-08,2022-04-11,2022-07-08,0.028571
002601,龙佰集团,2021,2022-04-13,2021年年度报告,http://www.cninfo.com.cn/new/disclosure/detail?stockCode=002601&announcementId=1212898664&orgId=9900020849&announcementTime=2022-04-13,2022-04-14,2022-07-13,0.0554
002603,以岭药业,2021,2022-04-29,2021年年度报告,http://www.cninfo.com.cn/new/disclosure/detail?stockCode=002603&announcementId=1213194798&orgId=9900021072&announcementTime=2022-04-29,2022-05-05,2022-07-29,-0.099807
002602,世纪华通,2021,2022-04-30,2021年年度报告,http://www.cninfo.com.cn/new/disclosure/detail?stockCode=002602&announcementId=1213264545&orgId=9900021007&announcementTime=2022-04-30,2022-05-05,2022-07-29,-0.022015
002605,姚记科技,2021,2022-04-30,2021年年度报告,http://www.cninfo.com.cn/new/disclosure/detail?stockCode=002605&announcementId=1213246354&orgId=9900021171&announcementTime=2022-04-30,2022-05-05,2022-07-29,-0.008229
002606,大连电瓷,2021,2022-04-22,2021年年度报告,http://www.cninfo.com.cn/new/disclosure/detail?stockCode=002606&announcementId=1213026423&orgId=9900021172&announcementTime=2022-04-22,2022-04-25,2022-07-22,0.353145
002608,江苏国信,2021,2022-04-29,2021年年度报告,http://www.cninfo.com.cn/new/disclosure/detail?stockCode=002608&announcementId=1213211362&orgId=9900021237&announcementTime=2022-04-29,2022-05-05,2022-07-29,0.227151
002607,中公教育,2021,2022-04-29,2021年年度报告,http://www.cninfo.com.cn/new/disclosure/detail?stockCode=002607&announcementId=1213212116&orgId=9900021221&announcementTime=2022-04-29,2022-05-05,2022-07-29,0.106992
002609,捷顺科技,2021,2022-04-23,2021年年度报告,http://www.cninfo.com.cn/new/disclosure/detail?stockCode=002609&announcementId=1213055701&orgId=9900021238&announcementTime=2022-04-23,2022-04-25,2022-07-22,0.039023
002611,东方精工,2021,2022-03-15,2021年年度报告,http://www.cninfo.com.cn/new/disclosure/detail?stockCode=002611&announcementId=1212569136&orgId=9900021298&announcementTime=2022-03-15,2022-03-16,2022-06-16,-0.069253
002612,朗姿股份,2021,2022-04-23,2021年年度报告,http://www.cninfo.com.cn/new/disclosure/detail?stockCode=002612&announcementId=1213043647&orgId=9900021326&announcementTime=2022-04-23,2022-04-25,2022-07-22,0.356167
002613,北玻股份,2021,2022-04-23,2021年年度报告,http://www.cninfo.com.cn/new/disclosure/detail?stockCode=002613&announcementId=1213042277&orgId=9900021350&announcementTime=2022-04-23,2022-04-25,2022-07-22,0.136266
002614,奥佳华,2021,2022-04-28,2021年年度报告,http://www.cninfo.com.cn/new/disclosure/detail?stockCode=002614&announcementId=1213172687&orgId=9900021412&announcementTime=2022-04-28,2022-04-29,2022-07-28,0.03092
002615,哈尔斯,2021,2022-04-26,2021年年度报告,http://www.cninfo.com.cn/new/disclosure/detail?stockCode=002615&announcementId=1213117228&orgId=9900021413&announcementTime=2022-04-26,2022-04-27,2022-07-26,0.681738
002616,长青集团,2021,2022-03-31,2021年年度报告,http://www.cninfo.com.cn/new/disclosure/detail?stockCode=002616&announcementId=1212747718&orgId=9900021434&announcementTime=2022-03-31,2022-04-01,2022-07-04,0.005719
002617,露笑科技,2021,2022-04-30,2021年年度报告,http://www.cninfo.com.cn/new/disclosure/detail?stockCode=002617&announcementId=1213261714&orgId=9900021430&announcementTime=2022-04-30,2022-05-05,2022-07-29,0.792838
002620,ST瑞和,2021,2022-04-30,2021年年度报告,http://www.cninfo.com.cn/new/disclosure/detail?stockCode=002620&announcementId=1213263489&orgId=9900021475&announcementTime=2022-04-30,2022-05-05,2022-07-29,0.441658
002622,皓宸医疗,2021,2022-04-29,2021年年度报告,http://www.cninfo.com.cn/new/disclosure/detail?stockCode=002622&announcementId=1213212724&orgId=9900021500&announcementTime=2022-04-29,2022-05-05,2022-07-29,0.385305
002624,完美世界,2021,2022-04-26,2021年年度报告,http://www.cninfo.com.cn/new/disclosure/detail?stockCode=002624&announcementId=1213116065&orgId=9900021520&announcementTime=2022-04-26,2022-04-27,2022-07-26,0.188074
002625,光启技术,2021,2022-04-29,2021年年度报告,http://www.cninfo.com.cn/new/disclosure/detail?stockCode=002625&announcementId=1213214495&orgId=9900021556&announcementTime=2022-04-29,2022-05-05,2022-07-29,0.346284
002627,三峡旅游,2021,2022-04-25,2021年年度报告,http://www.cninfo.com.cn/new/disclosure/detail?stockCode=002627&announcementId=1213056186&orgId=9900021537&announcementTime=2022-04-25,2022-04-26,2022-07-25,0.123193
002628,成都路桥,2021,2022-03-30,2021年年度报告,http://www.cninfo.com.cn/new/disclosure/detail?stockCode=002628&announcementId=1212728307&orgId=9900021545&announcementTime=2022-03-30,2022-03-31,2022-07-01,-0.042752
002629,仁智股份,2021,2022-03-21,2021年年度报告,http://www.cninfo.com.cn/new/disclosure/detail?stockCode=002629&announcementId=1212626299&orgId=9900021552&announcementTime=2022-03-21,2022-03-22,2022-06-22,-0.102495
002630,ST华西,2021,2022-04-28,2021年年度报告,http://www.cninfo.com.cn/new/disclosure/detail?stockCode=002630&announcementId=1213176333&orgId=9900021630&announcementTime=2022-04-28,2022-04-29,2022-07-28,0.540761
002631,德尔未来,2021,2022-04-20,2021年年度报告,http://www.cninfo.com.cn/new/disclosure/detail?stockCode=002631&announcementId=1212978716&orgId=9900021631&announcementTime=2022-04-20,2022-04-21,2022-07-20,-0.035361
002632,道明光学,2021,2022-04-26,2021年年度报告,http://www.cninfo.com.cn/new/disclosure/detail?stockCode=002632&announcementId=1213104001&orgId=9900021691&announcementTime=2022-04-26,2022-04-27,2022-07-26,0.388101
002633,申科股份,2021,2022-04-22,2021年年度报告,http://www.cninfo.com.cn/new/disclosure/detail?stockCode=002633&announcementId=1213022096&orgId=9900021749&announcementTime=2022-04-22,2022-04-25,2022-07-29,0.288177
002634,棒杰股份,2021,2022-04-28,2021年年度报告,http://www.cninfo.com.cn/new/disclosure/detail?stockCode=002634&announcementId=1213169254&orgId=9900021794&announcementTime=2022-04-28,2022-04-29,2022-07-28,0.312762
002635,安洁科技,2021,2022-04-08,2021年年度报告,http://www.cninfo.com.cn/new/disclosure/detail?stockCode=002635&announcementId=1212840738&orgId=9900021759&announcementTime=2022-04-08,2022-04-11,2022-07-08,0.18859
002636,金安国纪,2021,2022-04-29,2021年年度报告,http://www.cninfo.com.cn/new/disclosure/detail?stockCode=002636&announcementId=1213196274&orgId=9900021766&announcementTime=2022-04-29,2022-05-05,2022-07-29,0.174464
002638,勤上股份,2021,2022-04-23,2021年年度报告,http://www.cninfo.com.cn/new/disclosure/detail?stockCode=002638&announcementId=1213050157&orgId=9900021768&announcementTime=2022-04-23,2022-04-25,2022-07-29,0.275711
002637,赞宇科技,2021,2022-04-20,2021年年度报告,http://www.cninfo.com.cn/new/disclosure/detail?stockCode=002637&announcementId=1212978904&orgId=9900021767&announcementTime=2022-04-20,2022-04-21,2022-07-20,-0.122218
002640,跨境通,2021,2022-04-30,2021年年度报告,http://www.cninfo.com.cn/new/disclosure/detail?stockCode=002640&announcementId=1213258478&orgId=9900021795&announcementTime=2022-04-30,2022-05-05,2022-07-29,-0.041032
002639,雪人集团,2021,2022-04-28,2021年年度报告,http://www.cninfo.com.cn/new/disclosure/detail?stockCode=002639&announcementId=1213176959&orgId=9900021772&announcementTime=2022-04-28,2022-04-29,2022-07-28,0.205181
002642,荣联科技,2021,2022-04-22,2021年年度报告,http://www.cninfo.com.cn/new/disclosure/detail?stockCode=002642&announcementId=1213026799&orgId=9900021847&announcementTime=2022-04-22,2022-04-25,2022-07-22,0.153748
002641,公元股份,2021,2022-04-12,2021年年度报告,http://www.cninfo.com.cn/new/disclosure/detail?stockCode=002641&announcementId=1212885995&orgId=9900021802&announcementTime=2022-04-12,2022-04-13,2022-07-12,-0.085997
002643,万润股份,2021,2022-03-26,2021年年度报告,http://www.cninfo.com.cn/new/disclosure/detail?stockCode=002643&announcementId=1212684210&orgId=9900021848&announcementTime=2022-03-26,2022-03-28,2022-06-28,0.088743
002644,佛慈制药,2021,2022-03-16,2021年年度报告,http://www.cninfo.com.cn/new/disclosure/detail?stockCode=002644&announcementId=1212582093&orgId=9900021870&announcementTime=2022-03-16,2022-03-17,2022-06-17,-0.068298
002645,华宏科技,2021,2022-04-19,2021年年度报告,http://www.cninfo.com.cn/new/disclosure/detail?stockCode=002645&announcementId=1212959453&orgId=9900021858&announcementTime=2022-04-19,2022-04-20,2022-07-19,0.009956
002646,天佑德酒,2021,2022-04-26,2021年年度报告,http://www.cninfo.com.cn/new/disclosure/detail?stockCode=002646&announcementId=1213100838&orgId=9900021859&announcementTime=2022-04-26,2022-04-27,2022-07-26,0.042818
002647,*ST仁东,2021,2022-04-30,2021年年度报告,http://www.cninfo.com.cn/new/disclosure/detail?stockCode=002647&announcementId=1213255629&orgId=9900021885&announcementTime=2022-04-30,2022-05-05,2022-07-29,0.069824
002649,博彦科技,2021,2022-03-23,2021年年度报告,http://www.cninfo.com.cn/new/disclosure/detail?stockCode=002649&announcementId=1212642855&orgId=9900021913&announcementTime=2022-03-23,2022-03-24,2022-06-24,-0.155164
002650,ST加加,2021,2022-04-21,2021年年度报告,http://www.cninfo.com.cn/new/disclosure/detail?stockCode=002650&announcementId=1213000148&orgId=9900021914&announcementTime=2022-04-21,2022-04-22,2022-07-21,-0.030799
002651,利君股份,2021,2022-04-27,2021年年度报告,http://www.cninfo.com.cn/new/disclosure/detail?stockCode=002651&announcementId=1213126135&orgId=9900021920&announcementTime=2022-04-27,2022-04-28,2022-07-27,0.301999
002653,海思科,2021,2022-04-27,2021年年度报告,http://www.cninfo.com.cn/new/disclosure/detail?stockCode=002653&announcementId=1213137759&orgId=9900021961&announcementTime=2022-04-27,2022-04-28,2022-07-27,0.162054
002652,扬子新材,2021,2022-04-30,2021年年度报告,http://www.cninfo.com.cn/new/disclosure/detail?stockCode=002652&announcementId=1213263105&orgId=9900021982&announcementTime=2022-04-30,2022-05-05,2022-07-29,0.258987
002654,万润科技,2021,2022-04-26,2021年年度报告,http://www.cninfo.com.cn/new/disclosure/detail?stockCode=002654&announcementId=1213106856&orgId=9900022054&announcementTime=2022-04-26,2022-04-27,2022-07-26,0.278697
002655,共达电声,2021,2022-04-09,2021年年度报告,http://www.cninfo.com.cn/new/disclosure/detail?stockCode=002655&announcementId=1212856970&orgId=9900022079&announcementTime=2022-04-09,2022-04-11,2022-07-08,0.33438
002657,中科金财,2021,2022-04-23,2021年年度报告,http://www.cninfo.com.cn/new/disclosure/detail?stockCode=002657&announcementId=1213054559&orgId=9900022100&announcementTime=2022-04-23,2022-04-25,2022-07-22,0.151528
002656,*ST摩登,2021,2022-04-27,2021年年度报告,http://www.cninfo.com.cn/new/disclosure/detail?stockCode=002656&announcementId=1213149400&orgId=9900022094&announcementTime=2022-04-27,2022-04-28,2022-07-27,0.156686
002659,凯文教育,2021,2022-04-20,2021年年度报告,http://www.cninfo.com.cn/new/disclosure/detail?stockCode=002659&announcementId=1212975853&orgId=9900022143&announcementTime=2022-04-20,2022-04-21,2022-07-20,-0.139442
002658,雪迪龙,2021,2022-03-30,2021年年度报告,http://www.cninfo.com.cn/new/disclosure/detail?stockCode=002658&announcementId=1212727002&orgId=9900022113&announcementTime=2022-03-30,2022-03-31,2022-07-01,0.10168
002661,克明食品,2021,2022-04-26,2021年年度报告,http://www.cninfo.com.cn/new/disclosure/detail?stockCode=002661&announcementId=1213100358&orgId=9900022153&announcementTime=2022-04-26,2022-04-27,2022-07-26,0.052044
002660,茂硕电源,2021,2022-03-31,2021年年度报告,http://www.cninfo.com.cn/new/disclosure/detail?stockCode=002660&announcementId=1212751504&orgId=9900022169&announcementTime=2022-03-31,2022-04-01,2022-07-04,-0.041456
002662,峰璟股份,2021,2022-03-24,2021年年度报告,http://www.cninfo.com.cn/new/disclosure/detail?stockCode=002662&announcementId=1212650741&orgId=9900022144&announcementTime=2022-03-24,2022-03-25,2022-06-27,0.068248
002664,信质集团,2021,2022-03-18,2021年年度报告,http://www.cninfo.com.cn/new/disclosure/detail?stockCode=002664&announcementId=1212609607&orgId=9900022159&announcementTime=2022-03-18,2022-03-21,2022-06-21,0.081684
002668,TCL智家,2021,2022-04-22,2021年年度报告,http://www.cninfo.com.cn/new/disclosure/detail?stockCode=002668&announcementId=1213028857&orgId=9900022336&announcementTime=2022-04-22,2022-04-25,2022-07-22,0.251475
002669,康达新材,2021,2022-04-26,2021年年度报告,http://www.cninfo.com.cn/new/disclosure/detail?stockCode=002669&announcementId=1213105663&orgId=9900022368&announcementTime=2022-04-26,2022-04-27,2022-07-26,0.651198
002666,德联集团,2021,2022-04-13,2021年年度报告,http://www.cninfo.com.cn/new/disclosure/detail?stockCode=002666&announcementId=1212898281&orgId=9900022216&announcementTime=2022-04-13,2022-04-14,2022-07-13,0.104936
002670,国盛证券,2021,2022-04-16,2021年年度报告,http://www.cninfo.com.cn/new/disclosure/detail?stockCode=002670&announcementId=1212942559&orgId=9900022401&announcementTime=2022-04-16,2022-04-18,2022-08-26,-0.132589
002672,东江环保,2021,2022-03-26,2021年年度报告,http://www.cninfo.com.cn/new/disclosure/detail?stockCode=002672&announcementId=1212688365&orgId=gshk0008230&announcementTime=2022-03-26,2022-03-28,2022-06-28,-0.091422
002673,西部证券,2021,2022-04-28,2021年年度报告,http://www.cninfo.com.cn/new/disclosure/detail?stockCode=002673&announcementId=1213167474&orgId=qsgn0000644&announcementTime=2022-04-28,2022-04-29,2022-07-28,0.056158
002674,兴业科技,2021,2022-04-26,2021年年度报告,http://www.cninfo.com.cn/new/disclosure/detail?stockCode=002674&announcementId=1213106197&orgId=9900022573&announcementTime=2022-04-26,2022-04-27,2022-07-26,0.364985
002671,龙泉股份,2021,2022-03-31,2021年年度报告,http://www.cninfo.com.cn/new/disclosure/detail?stockCode=002671&announcementId=1212745553&orgId=9900022509&announcementTime=2022-03-31,2022-04-01,2022-07-04,-0.144419
002675,东诚药业,2021,2022-04-29,2021年年度报告,http://www.cninfo.com.cn/new/disclosure/detail?stockCode=002675&announcementId=1213201324&orgId=9900022707&announcementTime=2022-04-29,2022-05-05,2022-07-29,0.382277
002676,顺威股份,2021,2022-04-29,2021年年度报告,http://www.cninfo.com.cn/new/disclosure/detail?stockCode=002676&announcementId=1213202635&orgId=9900022708&announcementTime=2022-04-29,2022-05-05,2022-07-29,0.337719
002677,浙江美大,2021,2022-04-08,2021年年度报告,http://www.cninfo.com.cn/new/disclosure/detail?stockCode=002677&announcementId=1212837803&orgId=9900022709&announcementTime=2022-04-08,2022-04-11,2022-07-08,0.041292
002678,珠江钢琴,2021,2022-03-30,2021年年度报告,http://www.cninfo.com.cn/new/disclosure/detail?stockCode=002678&announcementId=1212728359&orgId=9900022739&announcementTime=2022-03-30,2022-03-31,2022-07-01,-0.033989
002679,福建金森,2021,2022-04-30,2021年年度报告,http://www.cninfo.com.cn/new/disclosure/detail?stockCode=002679&announcementId=1213253319&orgId=9900022738&announcementTime=2022-04-30,2022-05-05,2022-07-29,0.248615
002682,龙洲股份,2021,2022-04-26,2021年年度报告,http://www.cninfo.com.cn/new/disclosure/detail?stockCode=002682&announcementId=1213098772&orgId=9900022781&announcementTime=2022-04-26,2022-04-27,2022-07-26,0.268293
002681,奋达科技,2021,2022-04-29,2021年年度报告,http://www.cninfo.com.cn/new/disclosure/detail?stockCode=002681&announcementId=1213210188&orgId=9900022749&announcementTime=2022-04-29,2022-05-05,2022-07-29,0.506633
002683,广东宏大,2021,2022-03-26,2021年年度报告,http://www.cninfo.com.cn/new/disclosure/detail?stockCode=002683&announcementId=1212684946&orgId=9900006140&announcementTime=2022-03-26,2022-03-28,2022-06-28,0.091364
002685,华东重机,2021,2022-04-28,2021年年度报告,http://www.cninfo.com.cn/new/disclosure/detail?stockCode=002685&announcementId=1213169379&orgId=9900022782&announcementTime=2022-04-28,2022-04-29,2022-07-28,0.438339
002687,乔治白,2021,2022-04-16,2021年年度报告,http://www.cninfo.com.cn/new/disclosure/detail?stockCode=002687&announcementId=1212940642&orgId=9900022920&announcementTime=2022-04-16,2022-04-18,2022-07-15,-0.059614
002686,亿利达,2021,2022-04-02,2021年年度报告,http://www.cninfo.com.cn/new/disclosure/detail?stockCode=002686&announcementId=1212810299&orgId=9900022841&announcementTime=2022-04-02,2022-04-06,2022-07-05,-0.098854
002688,金河生物,2021,2022-04-22,2021年年度报告,http://www.cninfo.com.cn/new/disclosure/detail?stockCode=002688&announcementId=1213030146&orgId=9900023128&announcementTime=2022-04-22,2022-04-25,2022-07-22,0.067124
002690,美亚光电,2021,2022-03-31,2021年年度报告,http://www.cninfo.com.cn/new/disclosure/detail?stockCode=002690&announcementId=1212739355&orgId=9900023234&announcementTime=2022-03-31,2022-04-01,2022-07-04,0.11483
002691,冀凯股份,2021,2022-04-20,2021年年度报告,http://www.cninfo.com.cn/new/disclosure/detail?stockCode=002691&announcementId=1212976284&orgId=9900023236&announcementTime=2022-04-20,2022-04-21,2022-07-20,0.018579
002693,*ST双成,2021,2022-04-08,2021年年度报告,http://www.cninfo.com.cn/new/disclosure/detail?stockCode=002693&announcementId=1212838083&orgId=9900022952&announcementTime=2022-04-08,2022-04-11,2022-07-08,0.072695
002692,远程股份,2021,2022-03-29,2021年年度报告,http://www.cninfo.com.cn/new/disclosure/detail?stockCode=002692&announcementId=1212706863&orgId=9900023230&announcementTime=2022-03-29,2022-03-30,2022-06-30,-0.038262
002695,煌上煌,2021,2022-04-29,2021年年度报告,http://www.cninfo.com.cn/new/disclosure/detail?stockCode=002695&announcementId=1213198455&orgId=9900023215&announcementTime=2022-04-29,2022-05-05,2022-07-29,0.050543
002694,顾地科技,2021,2022-04-22,2021年年度报告,http://www.cninfo.com.cn/new/disclosure/detail?stockCode=002694&announcementId=1213021700&orgId=9900023214&announcementTime=2022-04-22,2022-04-25,2022-07-22,0.040275
002696,百洋股份,2021,2022-04-27,2021年年度报告,http://www.cninfo.com.cn/new/disclosure/detail?stockCode=002696&announcementId=1213135924&orgId=9900023143&announcementTime=2022-04-27,2022-04-28,2022-07-27,0.299237
002697,红旗连锁,2021,2022-04-02,2021年年度报告,http://www.cninfo.com.cn/new/disclosure/detail?stockCode=002697&announcementId=1212807235&orgId=9900023218&announcementTime=2022-04-02,2022-04-06,2022-07-05,0.005957
002698,博实股份,2021,2022-04-15,2021年年度报告,http://www.cninfo.com.cn/new/disclosure/detail?stockCode=002698&announcementId=1212918342&orgId=9900023192&announcementTime=2022-04-15,2022-04-18,2022-07-15,0.156129
002700,万憬能源,2021,2022-04-27,2021年年度报告,http://www.cninfo.com.cn/new/disclosure/detail?stockCode=002700&announcementId=1213141232&orgId=9900023125&announcementTime=2022-04-27,2022-04-28,2022-07-27,0.414574
002701,奥瑞金,2021,2022-04-23,2021年年度报告,http://www.cninfo.com.cn/new/disclosure/detail?stockCode=002701&announcementId=1213054556&orgId=9900023208&announcementTime=2022-04-23,2022-04-25,2022-07-22,0.070152
002703,浙江世宝,2021,2022-03-28,2021年年度报告,http://www.cninfo.com.cn/new/disclosure/detail?stockCode=002703&announcementId=1212684049&orgId=gshk0008331&announcementTime=2022-03-28,2022-03-29,2022-07-06,1.42614
002702,海欣食品,2021,2022-04-27,2021年年度报告,http://www.cninfo.com.cn/new/disclosure/detail?stockCode=002702&announcementId=1213135765&orgId=9900023240&announcementTime=2022-04-27,2022-04-28,2022-07-27,0.139591
002705,新宝股份,2021,2022-04-28,2021年年度报告,http://www.cninfo.com.cn/new/disclosure/detail?stockCode=002705&announcementId=1213165863&orgId=9900023005&announcementTime=2022-04-28,2022-04-29,2022-07-28,0.585729
002706,良信股份,2021,2022-04-29,2021年年度报告,http://www.cninfo.com.cn/new/disclosure/detail?stockCode=002706&announcementId=1213211795&orgId=9900023117&announcementTime=2022-04-29,2022-05-05,2022-07-29,0.477859
002707,众信旅游,2021,2022-04-16,2021年年度报告,http://www.cninfo.com.cn/new/disclosure/detail?stockCode=002707&announcementId=1212943875&orgId=9900023126&announcementTime=2022-04-16,2022-04-18,2022-07-15,-0.015254
002708,光洋股份,2021,2022-04-30,2021年年度报告,http://www.cninfo.com.cn/new/disclosure/detail?stockCode=002708&announcementId=1213257329&orgId=9900023255&announcementTime=2022-04-30,2022-05-05,2022-07-29,0.992679
002709,天赐材料,2021,2022-03-22,2021年年度报告,http://www.cninfo.com.cn/new/disclosure/detail?stockCode=002709&announcementId=1212635843&orgId=9900022986&announcementTime=2022-03-22,2022-03-23,2022-06-23,0.174379
002712,思美传媒,2021,2022-04-23,2021年年度报告,http://www.cninfo.com.cn/new/disclosure/detail?stockCode=002712&announcementId=1213053354&orgId=9900022963&announcementTime=2022-04-23,2022-04-25,2022-07-22,0.009079
002713,*ST东易,2021,2022-04-15,2021年年度报告,http://www.cninfo.com.cn/new/disclosure/detail?stockCode=002713&announcementId=1212920856&orgId=9900022996&announcementTime=2022-04-15,2022-04-18,2022-07-15,-0.145963
002714,牧原股份,2021,2022-04-30,2021年年度报告,http://www.cninfo.com.cn/new/disclosure/detail?stockCode=002714&announcementId=1213254727&orgId=9900022995&announcementTime=2022-04-30,2022-05-05,2022-07-29,0.134406
002715,登云股份,2021,2022-03-31,2021年年度报告,http://www.cninfo.com.cn/new/disclosure/detail?stockCode=002715&announcementId=1212748583&orgId=9900023194&announcementTime=2022-03-31,2022-04-01,2022-07-04,0.053406
002716,湖南白银,2021,2022-04-25,2021年年度报告,http://www.cninfo.com.cn/new/disclosure/detail?stockCode=002716&announcementId=1213053388&orgId=9900023224&announcementTime=2022-04-25,2022-04-26,2022-07-25,0.150219
002717,ST岭南,2021,2022-04-30,2021年年度报告,http://www.cninfo.com.cn/new/disclosure/detail?stockCode=002717&announcementId=1213267593&orgId=9900023171&announcementTime=2022-04-30,2022-05-05,2022-07-29,0.044166
002719,麦趣尔,2021,2022-04-26,2021年年度报告,http://www.cninfo.com.cn/new/disclosure/detail?stockCode=002719&announcementId=1213106351&orgId=9900023119&announcementTime=2022-04-26,2022-04-27,2022-07-26,0.01936
002718,友邦吊顶,2021,2022-04-29,2021年年度报告,http://www.cninfo.com.cn/new/disclosure/detail?stockCode=002718&announcementId=1213204664&orgId=9900022985&announcementTime=2022-04-29,2022-05-05,2022-07-29,0.222712
002721,金一文化,2021,2022-04-30,2021年年度报告,http://www.cninfo.com.cn/new/disclosure/detail?stockCode=002721&announcementId=1213258175&orgId=9900023233&announcementTime=2022-04-30,2022-05-05,2022-07-29,0.264706
002722,物产金轮,2021,2022-04-30,2021年年度报告,http://www.cninfo.com.cn/new/disclosure/detail?stockCode=002722&announcementId=1213249067&orgId=9900023197&announcementTime=2022-04-30,2022-05-05,2022-07-29,0.17368
002723,小崧股份,2021,2022-03-30,2021年年度报告,http://www.cninfo.com.cn/new/disclosure/detail?stockCode=002723&announcementId=1212727856&orgId=9900027909&announcementTime=2022-03-30,2022-03-31,2022-07-01,-0.183462
002724,海洋王,2021,2022-04-28,2021年年度报告,http://www.cninfo.com.cn/new/disclosure/detail?stockCode=002724&announcementId=1213165199&orgId=9900023121&announcementTime=2022-04-28,2022-04-29,2022-07-28,0.276517
002726,龙大美食,2021,2022-04-30,2021年年度报告,http://www.cninfo.com.cn/new/disclosure/detail?stockCode=002726&announcementId=1213259962&orgId=9900023003&announcementTime=2022-04-30,2022-05-05,2022-07-29,0.0
002725,跃岭股份,2021,2022-04-19,2021年年度报告,http://www.cninfo.com.cn/new/disclosure/detail?stockCode=002725&announcementId=1212963925&orgId=9900023238&announcementTime=2022-04-19,2022-04-20,2022-07-19,0.090873
002727,一心堂,2021,2022-03-30,2021年年度报告,http://www.cninfo.com.cn/new/disclosure/detail?stockCode=002727&announcementId=1212724946&orgId=9900023195&announcementTime=2022-03-30,2022-03-31,2022-07-01,-0.036303
002728,特一药业,2021,2022-03-15,2021年年度报告,http://www.cninfo.com.cn/new/disclosure/detail?stockCode=002728&announcementId=1212565437&orgId=9900023186&announcementTime=2022-03-15,2022-03-16,2022-06-16,-0.05051
002729,好利科技,2021,2022-04-29,2021年年度报告,http://www.cninfo.com.cn/new/disclosure/detail?stockCode=002729&announcementId=1213215341&orgId=9900023135&announcementTime=2022-04-29,2022-05-05,2022-07-29,0.404731
002730,电光科技,2021,2022-04-28,2021年年度报告,http://www.cninfo.com.cn/new/disclosure/detail?stockCode=002730&announcementId=1213161954&orgId=9900023237&announcementTime=2022-04-28,2022-04-29,2022-07-28,0.389087
002731,萃华珠宝,2021,2022-03-16,2021年年度报告,http://www.cninfo.com.cn/new/disclosure/detail?stockCode=002731&announcementId=1212578748&orgId=9900022974&announcementTime=2022-03-16,2022-03-17,2022-06-21,0.446396
002732,燕塘乳业,2021,2022-04-28,2021年年度报告,http://www.cninfo.com.cn/new/disclosure/detail?stockCode=002732&announcementId=1213170188&orgId=9900022959&announcementTime=2022-04-28,2022-04-29,2022-07-28,0.112311
002733,雄韬股份,2021,2022-04-29,2021年年度报告,http://www.cninfo.com.cn/new/disclosure/detail?stockCode=002733&announcementId=1213214615&orgId=9900023165&announcementTime=2022-04-29,2022-05-05,2022-07-29,0.673359
002734,利民股份,2021,2022-04-20,2021年年度报告,http://www.cninfo.com.cn/new/disclosure/detail?stockCode=002734&announcementId=1212978255&orgId=9900022967&announcementTime=2022-04-20,2022-04-21,2022-07-20,-0.055704
002735,王子新材,2021,2022-04-30,2021年年度报告,http://www.cninfo.com.cn/new/disclosure/detail?stockCode=002735&announcementId=1213248472&orgId=9900023181&announcementTime=2022-04-30,2022-05-05,2022-07-29,0.075183
002736,国信证券,2021,2022-04-19,2021年年度报告,http://www.cninfo.com.cn/new/disclosure/detail?stockCode=002736&announcementId=1212963223&orgId=9900004734&announcementTime=2022-04-19,2022-04-20,2022-07-19,-0.023915
002737,葵花药业,2021,2022-04-22,2021年年度报告,http://www.cninfo.com.cn/new/disclosure/detail?stockCode=002737&announcementId=1213022410&orgId=9900023185&announcementTime=2022-04-22,2022-04-25,2022-07-22,-0.009917
002738,中矿资源,2021,2022-04-26,2021年年度报告,http://www.cninfo.com.cn/new/disclosure/detail?stockCode=002738&announcementId=1213106601&orgId=9900015289&announcementTime=2022-04-26,2022-04-27,2022-07-26,1.021311
002739,万达电影,2021,2022-04-29,2021年年度报告,http://www.cninfo.com.cn/new/disclosure/detail?stockCode=002739&announcementId=1213203322&orgId=9900022983&announcementTime=2022-04-29,2022-05-05,2022-07-29,0.104094
002743,富煌钢构,2021,2022-04-22,2021年年度报告,http://www.cninfo.com.cn/new/disclosure/detail?stockCode=002743&announcementId=1213017966&orgId=9900023252&announcementTime=2022-04-22,2022-04-25,2022-07-22,0.131488
002742,*ST三圣,2021,2022-04-28,2021年年度报告,http://www.cninfo.com.cn/new/disclosure/detail?stockCode=002742&announcementId=1213170533&orgId=9900022970&announcementTime=2022-04-28,2022-04-29,2022-07-28,0.098872
002745,木林森,2021,2022-03-30,2021年年度报告,http://www.cninfo.com.cn/new/disclosure/detail?stockCode=002745&announcementId=1212730276&orgId=9900023188&announcementTime=2022-03-30,2022-03-31,2022-07-01,-0.137889
002746,仙坛股份,2021,2022-04-26,2021年年度报告,http://www.cninfo.com.cn/new/disclosure/detail?stockCode=002746&announcementId=1213098650&orgId=9900023137&announcementTime=2022-04-26,2022-04-27,2022-07-26,0.105966
002747,埃斯顿,2021,2022-04-29,2021年年度报告,http://www.cninfo.com.cn/new/disclosure/detail?stockCode=002747&announcementId=1213215599&orgId=9900022936&announcementTime=2022-04-29,2022-05-05,2022-07-29,0.8733
002748,世龙实业,2021,2022-04-28,2021年年度报告,http://www.cninfo.com.cn/new/disclosure/detail?stockCode=002748&announcementId=1213176624&orgId=9900023138&announcementTime=2022-04-28,2022-04-29,2022-07-28,0.455386
002749,国光股份,2021,2022-04-15,2021年年度报告,http://www.cninfo.com.cn/new/disclosure/detail?stockCode=002749&announcementId=1212918445&orgId=9900023788&announcementTime=2022-04-15,2022-04-18,2022-07-15,0.043297
002752,昇兴股份,2021,2022-04-28,2021年年度报告,http://www.cninfo.com.cn/new/disclosure/detail?stockCode=002752&announcementId=1213164410&orgId=9900022981&announcementTime=2022-04-28,2022-04-29,2022-07-28,0.31114
002755,奥赛康,2021,2022-04-30,2021年年度报告,http://www.cninfo.com.cn/new/disclosure/detail?stockCode=002755&announcementId=1213253231&orgId=9900022950&announcementTime=2022-04-30,2022-05-05,2022-07-29,0.007477
002753,永东股份,2021,2022-04-29,2021年年度报告,http://www.cninfo.com.cn/new/disclosure/detail?stockCode=002753&announcementId=1213211506&orgId=9900022937&announcementTime=2022-04-29,2022-05-05,2022-07-29,0.500794
002756,永兴材料,2021,2022-04-26,2021年年度报告,http://www.cninfo.com.cn/new/disclosure/detail?stockCode=002756&announcementId=1213099899&orgId=9900022998&announcementTime=2022-04-26,2022-04-27,2022-07-26,0.869391
002757,南兴股份,2021,2022-04-23,2021年年度报告,http://www.cninfo.com.cn/new/disclosure/detail?stockCode=002757&announcementId=1213055913&orgId=9900023647&announcementTime=2022-04-23,2022-04-25,2022-07-22,-0.062437
002758,浙农股份,2021,2022-04-27,2021年年度报告,http://www.cninfo.com.cn/new/disclosure/detail?stockCode=002758&announcementId=1213133393&orgId=9900023652&announcementTime=2022-04-27,2022-04-28,2022-07-27,0.05375
002759,天际股份,2021,2022-02-22,2021年年度报告,http://www.cninfo.com.cn/new/disclosure/detail?stockCode=002759&announcementId=1212411501&orgId=9900023778&announcementTime=2022-02-22,2022-02-23,2022-05-25,-0.175581
002760,凤形股份,2021,2022-04-09,2021年年度报告,http://www.cninfo.com.cn/new/disclosure/detail?stockCode=002760&announcementId=1212855561&orgId=9900023679&announcementTime=2022-04-09,2022-04-11,2022-07-08,-0.105601
002761,浙江建投,2021,2022-04-28,2021年年度报告,http://www.cninfo.com.cn/new/disclosure/detail?stockCode=002761&announcementId=1213168555&orgId=9900023671&announcementTime=2022-04-28,2022-04-29,2022-07-28,-0.088174
002762,*ST金比,2021,2022-04-18,2021年年度报告,http://www.cninfo.com.cn/new/disclosure/detail?stockCode=002762&announcementId=1212957789&orgId=9900023705&announcementTime=2022-04-18,2022-04-19,2022-07-18,0.029104
002763,汇洁股份,2021,2022-04-28,2021年年度报告,http://www.cninfo.com.cn/new/disclosure/detail?stockCode=002763&announcementId=1213172984&orgId=9900023669&announcementTime=2022-04-28,2022-04-29,2022-07-28,0.096894
002766,索菱股份,2021,2022-04-27,2021年年度报告,http://www.cninfo.com.cn/new/disclosure/detail?stockCode=002766&announcementId=1213131786&orgId=9900023703&announcementTime=2022-04-27,2022-04-28,2022-07-28,0.77375
002767,先锋电子,2021,2022-04-29,2021年年度报告,http://www.cninfo.com.cn/new/disclosure/detail?stockCode=002767&announcementId=1213205381&orgId=9900023515&announcementTime=2022-04-29,2022-05-05,2022-07-29,0.318799
002768,国恩股份,2021,2022-04-26,2021年年度报告,http://www.cninfo.com.cn/new/disclosure/detail?stockCode=002768&announcementId=1213109888&orgId=9900023787&announcementTime=2022-04-26,2022-04-27,2022-07-26,0.257729
002769,普路通,2021,2022-04-30,2021年年度报告,http://www.cninfo.com.cn/new/disclosure/detail?stockCode=002769&announcementId=1213262404&orgId=9900023993&announcementTime=2022-04-30,2022-05-05,2022-07-29,0.401381
002771,真视通,2021,2022-04-30,2021年年度报告,http://www.cninfo.com.cn/new/disclosure/detail?stockCode=002771&announcementId=1213262931&orgId=9900023511&announcementTime=2022-04-30,2022-05-05,2022-07-29,0.331519
002773,康弘药业,2021,2022-04-30,2021年年度报告,http://www.cninfo.com.cn/new/disclosure/detail?stockCode=002773&announcementId=1213265577&orgId=9900022951&announcementTime=2022-04-30,2022-05-05,2022-07-29,0.042491
002772,众兴菌业,2021,2022-03-24,2021年年度报告,http://www.cninfo.com.cn/new/disclosure/detail?stockCode=002772&announcementId=1212652075&orgId=9900024538&announcementTime=2022-03-24,2022-03-25,2022-06-27,-0.095266
002774,快意电梯,2021,2022-04-08,2021年年度报告,http://www.cninfo.com.cn/new/disclosure/detail?stockCode=002774&announcementId=1212840612&orgId=9900030589&announcementTime=2022-04-08,2022-04-11,2022-07-08,-0.121212
002775,文科股份,2021,2022-04-30,2021年年度报告,http://www.cninfo.com.cn/new/disclosure/detail?stockCode=002775&announcementId=1213265727&orgId=9900023734&announcementTime=2022-04-30,2022-05-05,2022-07-29,0.116966
002777,久远银海,2021,2022-03-14,2021年年度报告,http://www.cninfo.com.cn/new/disclosure/detail?stockCode=002777&announcementId=1212548347&orgId=9900023743&announcementTime=2022-03-14,2022-03-15,2022-06-15,-0.178069
002778,中晟高科,2021,2022-04-19,2021年年度报告,http://www.cninfo.com.cn/new/disclosure/detail?stockCode=002778&announcementId=1212964478&orgId=9900023987&announcementTime=2022-04-19,2022-04-20,2022-07-19,-0.1482
002780,三夫户外,2021,2022-04-28,2021年年度报告,http://www.cninfo.com.cn/new/disclosure/detail?stockCode=002780&announcementId=1213161459&orgId=9900023789&announcementTime=2022-04-28,2022-04-29,2022-07-28,0.146647
002779,中坚科技,2021,2022-04-29,2021年年度报告,http://www.cninfo.com.cn/new/disclosure/detail?stockCode=002779&announcementId=1213204996&orgId=9900023448&announcementTime=2022-04-29,2022-05-05,2022-07-29,0.330604
002782,可立克,2021,2022-04-27,2021年年度报告,http://www.cninfo.com.cn/new/disclosure/detail?stockCode=002782&announcementId=1213141048&orgId=9900023239&announcementTime=2022-04-27,2022-04-28,2022-07-27,1.365079
002783,凯龙股份,2021,2022-04-27,2021年年度报告,http://www.cninfo.com.cn/new/disclosure/detail?stockCode=002783&announcementId=1213136180&orgId=9900022957&announcementTime=2022-04-27,2022-04-28,2022-07-27,0.304389
002786,银宝山新,2021,2022-04-30,2021年年度报告,http://www.cninfo.com.cn/new/disclosure/detail?stockCode=002786&announcementId=1213259250&orgId=9900023708&announcementTime=2022-04-30,2022-05-05,2022-07-29,0.420567
002785,万里石,2021,2022-04-20,2021年年度报告,http://www.cninfo.com.cn/new/disclosure/detail?stockCode=002785&announcementId=1212979813&orgId=9900023763&announcementTime=2022-04-20,2022-04-21,2022-07-20,0.164066
002787,华源控股,2021,2022-04-22,2021年年度报告,http://www.cninfo.com.cn/new/disclosure/detail?stockCode=002787&announcementId=1213028353&orgId=9900026421&announcementTime=2022-04-22,2022-04-25,2022-07-22,0.140228
002788,鹭燕医药,2021,2022-04-26,2021年年度报告,http://www.cninfo.com.cn/new/disclosure/detail?stockCode=002788&announcementId=1213100941&orgId=9900023613&announcementTime=2022-04-26,2022-04-27,2022-07-26,0.184756
002789,*ST建艺,2021,2022-04-30,2021年年度报告,http://www.cninfo.com.cn/new/disclosure/detail?stockCode=002789&announcementId=1213260080&orgId=9900026451&announcementTime=2022-04-30,2022-05-05,2022-07-29,-0.015715
002790,瑞尔特,2021,2022-04-19,2021年年度报告,http://www.cninfo.com.cn/new/disclosure/detail?stockCode=002790&announcementId=1212964382&orgId=9900024907&announcementTime=2022-04-19,2022-04-20,2022-07-19,0.288173
002791,坚朗五金,2021,2022-04-27,2021年年度报告,http://www.cninfo.com.cn/new/disclosure/detail?stockCode=002791&announcementId=1213134491&orgId=9900023709&announcementTime=2022-04-27,2022-04-28,2022-07-27,0.142591
002792,通宇通讯,2021,2022-04-28,2021年年度报告,http://www.cninfo.com.cn/new/disclosure/detail?stockCode=002792&announcementId=1213177153&orgId=9900023217&announcementTime=2022-04-28,2022-04-29,2022-07-28,0.212871
002793,罗欣药业,2021,2022-03-05,2021年年度报告,http://www.cninfo.com.cn/new/disclosure/detail?stockCode=002793&announcementId=1212509129&orgId=9900026645&announcementTime=2022-03-05,2022-03-07,2022-06-07,-0.123193
002795,永和智控,2021,2022-04-30,2021年年度报告,http://www.cninfo.com.cn/new/disclosure/detail?stockCode=002795&announcementId=1213246935&orgId=9900026670&announcementTime=2022-04-30,2022-05-05,2022-07-29,0.206701
002796,世嘉科技,2021,2022-04-29,2021年年度报告,http://www.cninfo.com.cn/new/disclosure/detail?stockCode=002796&announcementId=1213197178&orgId=9900026564&announcementTime=2022-04-29,2022-05-05,2022-07-29,0.51192
002797,第一创业,2021,2022-03-29,2021年年度报告,http://www.cninfo.com.cn/new/disclosure/detail?stockCode=002797&announcementId=1212710802&orgId=qsgn0000069&announcementTime=2022-03-29,2022-03-30,2022-06-30,0.112051
002798,帝欧水华,2021,2022-04-30,2021年年度报告,http://www.cninfo.com.cn/new/disclosure/detail?stockCode=002798&announcementId=1213264605&orgId=9900023663&announcementTime=2022-04-30,2022-05-05,2022-07-29,-0.012048
002799,环球印务,2021,2022-04-26,2021年年度报告,http://www.cninfo.com.cn/new/disclosure/detail?stockCode=002799&announcementId=1213100424&orgId=9900023953&announcementTime=2022-04-26,2022-04-27,2022-07-26,0.430556
002800,天顺股份,2021,2022-04-21,2021年年度报告,http://www.cninfo.com.cn/new/disclosure/detail?stockCode=002800&announcementId=1213000591&orgId=9900026802&announcementTime=2022-04-21,2022-04-22,2022-07-21,0.050932
002801,微光股份,2021,2022-03-23,2021年年度报告,http://www.cninfo.com.cn/new/disclosure/detail?stockCode=002801&announcementId=1212642637&orgId=9900026210&announcementTime=2022-03-23,2022-03-24,2022-06-24,0.383308
002802,洪汇新材,2021,2022-04-30,2021年年度报告,http://www.cninfo.com.cn/new/disclosure/detail?stockCode=002802&announcementId=1213248624&orgId=9900024761&announcementTime=2022-04-30,2022-05-05,2022-07-29,0.170168
002803,吉宏股份,2021,2022-04-26,2021年年度报告,http://www.cninfo.com.cn/new/disclosure/detail?stockCode=002803&announcementId=1213109071&orgId=9900026644&announcementTime=2022-04-26,2022-04-27,2022-07-26,0.234697
002805,丰元股份,2021,2022-04-28,2021年年度报告,http://www.cninfo.com.cn/new/disclosure/detail?stockCode=002805&announcementId=1213305195&orgId=9900023727&announcementTime=2022-04-28,2022-04-29,2022-07-28,1.262466
002806,华锋股份,2021,2022-04-27,2021年年度报告,http://www.cninfo.com.cn/new/disclosure/detail?stockCode=002806&announcementId=1213137885&orgId=9900024944&announcementTime=2022-04-27,2022-04-28,2022-07-27,0.459975
002807,江阴银行,2021,2022-03-30,2021年年度报告,http://www.cninfo.com.cn/new/disclosure/detail?stockCode=002807&announcementId=1212725604&orgId=9900022947&announcementTime=2022-03-30,2022-03-31,2022-07-01,0.154128
002809,红墙股份,2021,2022-04-29,2021年年度报告,http://www.cninfo.com.cn/new/disclosure/detail?stockCode=002809&announcementId=1213209305&orgId=9900026563&announcementTime=2022-04-29,2022-05-05,2022-07-29,0.145735
002810,山东赫达,2021,2022-04-26,2021年年度报告,http://www.cninfo.com.cn/new/disclosure/detail?stockCode=002810&announcementId=1213102077&orgId=9900026449&announcementTime=2022-04-26,2022-04-27,2022-07-26,-0.084109
002811,郑中设计,2021,2022-04-20,2021年年度报告,http://www.cninfo.com.cn/new/disclosure/detail?stockCode=002811&announcementId=1212977586&orgId=9900026798&announcementTime=2022-04-20,2022-04-21,2022-07-20,0.037789
002812,恩捷股份,2021,2022-04-12,2021年年度报告,http://www.cninfo.com.cn/new/disclosure/detail?stockCode=002812&announcementId=1212886603&orgId=9900026450&announcementTime=2022-04-12 00:00:00,2022-04-13,2022-07-12,0.149393
002813,路畅科技,2021,2022-04-13,2021年年度报告,http://www.cninfo.com.cn/new/disclosure/detail?stockCode=002813&announcementId=1212897584&orgId=9900026536&announcementTime=2022-04-13,2022-04-14,2022-07-18,0.460377
002815,崇达技术,2021,2022-04-16,2021年年度报告,http://www.cninfo.com.cn/new/disclosure/detail?stockCode=002815&announcementId=1212942029&orgId=9900023139&announcementTime=2022-04-16,2022-04-18,2022-07-15,0.009804
002816,*ST和科,2021,2022-04-26,2021年年度报告,http://www.cninfo.com.cn/new/disclosure/detail?stockCode=002816&announcementId=1213117935&orgId=9900026779&announcementTime=2022-04-26,2022-04-27,2022-07-26,0.181073
002817,黄山胶囊,2021,2022-03-12,2021年年度报告,http://www.cninfo.com.cn/new/disclosure/detail?stockCode=002817&announcementId=1212548824&orgId=9900026805&announcementTime=2022-03-12,2022-03-14,2022-06-14,-0.086118
002818,富森美,2021,2022-03-31,2021年年度报告,http://www.cninfo.com.cn/new/disclosure/detail?stockCode=002818&announcementId=1212748612&orgId=9900026774&announcementTime=2022-03-31,2022-04-01,2022-07-04,0.127108
002819,东方中科,2021,2022-03-29,2021年年度报告,http://www.cninfo.com.cn/new/disclosure/detail?stockCode=002819&announcementId=1212712194&orgId=9900024446&announcementTime=2022-03-29,2022-03-30,2022-06-30,-0.20015
002820,桂发祥,2021,2022-04-23,2021年年度报告,http://www.cninfo.com.cn/new/disclosure/detail?stockCode=002820&announcementId=1213054112&orgId=9900027320&announcementTime=2022-04-23,2022-04-25,2022-07-22,-0.15889
002821,凯莱英,2021,2022-03-31,2021年年度报告,http://www.cninfo.com.cn/new/disclosure/detail?stockCode=002821&announcementId=1212750308&orgId=9900026806&announcementTime=2022-03-31,2022-04-01,2022-07-04,-0.165759
002823,凯中精密,2021,2022-04-28,2021年年度报告,http://www.cninfo.com.cn/new/disclosure/detail?stockCode=002823&announcementId=1213164842&orgId=9900028776&announcementTime=2022-04-28,2022-04-29,2022-07-28,0.448604
002824,和胜股份,2021,2022-04-22,2021年年度报告,http://www.cninfo.com.cn/new/disclosure/detail?stockCode=002824&announcementId=1213026874&orgId=9900029032&announcementTime=2022-04-22,2022-04-25,2022-07-22,1.263889
002825,纳尔股份,2021,2022-04-19,2021年年度报告,http://www.cninfo.com.cn/new/disclosure/detail?stockCode=002825&announcementId=1212963974&orgId=9900028910&announcementTime=2022-04-19,2022-04-20,2022-07-19,0.219283
002826,易明医药,2021,2022-04-22,2021年年度报告,http://www.cninfo.com.cn/new/disclosure/detail?stockCode=002826&announcementId=1213026482&orgId=9900032175&announcementTime=2022-04-22,2022-04-25,2022-07-22,0.246285
002827,高争民爆,2021,2022-04-14,2021年年度报告,http://www.cninfo.com.cn/new/disclosure/detail?stockCode=002827&announcementId=1212911316&orgId=9900031912&announcementTime=2022-04-14,2022-04-15,2022-07-14,-0.091522
002828,贝肯能源,2021,2022-04-22,2021年年度报告,http://www.cninfo.com.cn/new/disclosure/detail?stockCode=002828&announcementId=1213029318&orgId=9900028824&announcementTime=2022-04-22,2022-04-25,2022-07-22,0.003142
002829,星网宇达,2021,2022-03-30,2021年年度报告,http://www.cninfo.com.cn/new/disclosure/detail?stockCode=002829&announcementId=1212730099&orgId=9900028875&announcementTime=2022-03-30,2022-03-31,2022-07-01,-0.176046
002830,名雕股份,2021,2022-04-30,2021年年度报告,http://www.cninfo.com.cn/new/disclosure/detail?stockCode=002830&announcementId=1213256159&orgId=9900023978&announcementTime=2022-04-30,2022-05-05,2022-07-29,0.173848
002831,裕同科技,2021,2022-04-27,2021年年度报告,http://www.cninfo.com.cn/new/disclosure/detail?stockCode=002831&announcementId=1213134314&orgId=9900029473&announcementTime=2022-04-27,2022-04-28,2022-07-27,0.102586
002832,比音勒芬,2021,2022-04-16,2021年年度报告,http://www.cninfo.com.cn/new/disclosure/detail?stockCode=002832&announcementId=1212943228&orgId=9900026776&announcementTime=2022-04-16,2022-04-18,2022-07-15,-0.094696
002833,弘亚数控,2021,2022-04-30,2021年年度报告,http://www.cninfo.com.cn/new/disclosure/detail?stockCode=002833&announcementId=1213258539&orgId=9900029438&announcementTime=2022-04-30,2022-05-05,2022-07-29,0.117438
002835,同为股份,2021,2022-04-26,2021年年度报告,http://www.cninfo.com.cn/new/disclosure/detail?stockCode=002835&announcementId=1213103953&orgId=9900028957&announcementTime=2022-04-26,2022-04-27,2022-07-26,0.387115
002836,新宏泽,2021,2022-04-29,2021年年度报告,http://www.cninfo.com.cn/new/disclosure/detail?stockCode=002836&announcementId=1213218666&orgId=GD030325&announcementTime=2022-04-29,2022-05-05,2022-07-29,0.249593
002837,英维克,2021,2022-04-26,2021年年度报告,http://www.cninfo.com.cn/new/disclosure/detail?stockCode=002837&announcementId=1213101810&orgId=9900029666&announcementTime=2022-04-26,2022-04-27,2022-07-26,0.852848
002838,道恩股份,2021,2022-03-18,2021年年度报告,http://www.cninfo.com.cn/new/disclosure/detail?stockCode=002838&announcementId=1212607865&orgId=9900022768&announcementTime=2022-03-18,2022-03-21,2022-06-21,0.117772
002839,张家港行,2021,2022-03-29,2021年年度报告,http://www.cninfo.com.cn/new/disclosure/detail?stockCode=002839&announcementId=1212708657&orgId=9900022943&announcementTime=2022-03-29,2022-03-30,2022-06-30,0.068249
002841,视源股份,2021,2022-04-20,2021年年度报告,http://www.cninfo.com.cn/new/disclosure/detail?stockCode=002841&announcementId=1212979474&orgId=9900029752&announcementTime=2022-04-20,2022-04-21,2022-07-20,0.049565
002842,翔鹭钨业,2021,2022-04-30,2021年年度报告,http://www.cninfo.com.cn/new/disclosure/detail?stockCode=002842&announcementId=1213256807&orgId=9900029049&announcementTime=2022-04-30,2022-05-05,2022-07-29,0.214818
002843,泰嘉股份,2021,2022-03-01,2021年年度报告,http://www.cninfo.com.cn/new/disclosure/detail?stockCode=002843&announcementId=1212470597&orgId=9900023212&announcementTime=2022-03-01,2022-03-02,2022-06-01,-0.189398
002845,同兴达,2021,2022-04-15,2021年年度报告,http://www.cninfo.com.cn/new/disclosure/detail?stockCode=002845&announcementId=1212923320&orgId=9900029474&announcementTime=2022-04-15,2022-04-18,2022-07-15,-0.086934
002846,英联股份,2021,2022-04-26,2021年年度报告,http://www.cninfo.com.cn/new/disclosure/detail?stockCode=002846&announcementId=1213118705&orgId=9900030302&announcementTime=2022-04-26,2022-04-27,2022-07-26,0.276696
002847,盐津铺子,2021,2022-03-31,2021年年度报告,http://www.cninfo.com.cn/new/disclosure/detail?stockCode=002847&announcementId=1212750970&orgId=9900030301&announcementTime=2022-03-31,2022-04-01,2022-07-04,0.54835
002848,*ST高斯,2021,2022-04-29,2021年年度报告,http://www.cninfo.com.cn/new/disclosure/detail?stockCode=002848&announcementId=1213219945&orgId=9900029751&announcementTime=2022-04-29,2022-05-05,2022-07-29,0.509091
002849,威星智能,2021,2022-04-28,2021年年度报告,http://www.cninfo.com.cn/new/disclosure/detail?stockCode=002849&announcementId=1213164423&orgId=9900033359&announcementTime=2022-04-28,2022-04-29,2022-07-28,0.243467
002850,科达利,2021,2022-03-31,2021年年度报告,http://www.cninfo.com.cn/new/disclosure/detail?stockCode=002850&announcementId=1212750117&orgId=9900029916&announcementTime=2022-03-31,2022-04-01,2022-07-04,0.105335
002852,道道全,2021,2022-04-29,2021年年度报告,http://www.cninfo.com.cn/new/disclosure/detail?stockCode=002852&announcementId=1213220178&orgId=9900030528&announcementTime=2022-04-29,2022-05-05,2022-07-29,0.162222
002851,麦格米特,2021,2022-04-22,2021年年度报告,http://www.cninfo.com.cn/new/disclosure/detail?stockCode=002851&announcementId=1213026169&orgId=9900023251&announcementTime=2022-04-22,2022-04-25,2022-07-22,0.695882
002855,捷荣技术,2021,2022-04-28,2021年年度报告,http://www.cninfo.com.cn/new/disclosure/detail?stockCode=002855&announcementId=1213169523&orgId=9900030092&announcementTime=2022-04-28,2022-04-29,2022-07-28,0.285503
002853,皮阿诺,2021,2022-04-28,2021年年度报告,http://www.cninfo.com.cn/new/disclosure/detail?stockCode=002853&announcementId=1213176602&orgId=9900030400&announcementTime=2022-04-28,2022-04-29,2022-07-28,0.308993
002856,美芝股份,2021,2022-04-29,2021年年度报告,http://www.cninfo.com.cn/new/disclosure/detail?stockCode=002856&announcementId=1213218679&orgId=9900028823&announcementTime=2022-04-29,2022-05-05,2022-07-29,0.478044
002857,三晖电气,2021,2022-04-29,2021年年度报告,http://www.cninfo.com.cn/new/disclosure/detail?stockCode=002857&announcementId=1213214955&orgId=9900029748&announcementTime=2022-04-29,2022-05-05,2022-07-29,0.189688
002858,力盛体育,2021,2022-04-08,2021年年度报告,http://www.cninfo.com.cn/new/disclosure/detail?stockCode=002858&announcementId=1212840883&orgId=9900029827&announcementTime=2022-04-08,2022-04-11,2022-07-08,-0.06312
002859,洁美科技,2021,2022-04-12,2021年年度报告,http://www.cninfo.com.cn/new/disclosure/detail?stockCode=002859&announcementId=1212885860&orgId=9900030782&announcementTime=2022-04-12,2022-04-13,2022-07-12,-0.01055
002860,星帅尔,2021,2022-04-22,2021年年度报告,http://www.cninfo.com.cn/new/disclosure/detail?stockCode=002860&announcementId=1213019198&orgId=9900023097&announcementTime=2022-04-22,2022-04-25,2022-07-22,0.48103
002862,实丰文化,2021,2022-04-30,2021年年度报告,http://www.cninfo.com.cn/new/disclosure/detail?stockCode=002862&announcementId=1213260328&orgId=9900030606&announcementTime=2022-04-30,2022-05-05,2022-07-29,0.206339
002861,瀛通通讯,2021,2022-04-28,2021年年度报告,http://www.cninfo.com.cn/new/disclosure/detail?stockCode=002861&announcementId=1213169186&orgId=9900029915&announcementTime=2022-04-28,2022-04-29,2022-07-28,0.101164
002864,盘龙药业,2021,2022-04-26,2021年年度报告,http://www.cninfo.com.cn/new/disclosure/detail?stockCode=002864&announcementId=1213118821&orgId=9900034531&announcementTime=2022-04-26,2022-04-27,2022-07-26,0.048047
002863,今飞凯达,2021,2022-04-27,2021年年度报告,http://www.cninfo.com.cn/new/disclosure/detail?stockCode=002863&announcementId=1213141151&orgId=9900030825&announcementTime=2022-04-27,2022-04-28,2022-07-27,0.648196
002865,钧达股份,2021,2022-03-18,2021年年度报告,http://www.cninfo.com.cn/new/disclosure/detail?stockCode=002865&announcementId=1212609152&orgId=9900029046&announcementTime=2022-03-18,2022-03-21,2022-06-21,0.267863
002867,周大生,2021,2022-04-30,2021年年度报告,http://www.cninfo.com.cn/new/disclosure/detail?stockCode=002867&announcementId=1213260833&orgId=9900029978&announcementTime=2022-04-30,2022-05-05,2022-07-29,0.11819
002868,*ST绿康,2021,2022-04-12,2021年年度报告,http://www.cninfo.com.cn/new/disclosure/detail?stockCode=002868&announcementId=1212886092&orgId=9900030698&announcementTime=2022-04-12,2022-04-13,2022-07-12,-0.039128
002869,金溢科技,2021,2022-04-26,2021年年度报告,http://www.cninfo.com.cn/new/disclosure/detail?stockCode=002869&announcementId=1213117927&orgId=9900030824&announcementTime=2022-04-26,2022-04-27,2022-07-26,0.749861
002870,香山股份,2021,2022-04-26,2021年年度报告,http://www.cninfo.com.cn/new/disclosure/detail?stockCode=002870&announcementId=1213097584&orgId=9900030780&announcementTime=2022-04-26,2022-04-27,2022-07-26,0.074642
002871,伟隆股份,2021,2022-04-28,2021年年度报告,http://www.cninfo.com.cn/new/disclosure/detail?stockCode=002871&announcementId=1213163004&orgId=9900030830&announcementTime=2022-04-28,2022-04-29,2022-07-28,0.64986
002872,ST天圣,2021,2022-04-26,2021年年度报告,http://www.cninfo.com.cn/new/disclosure/detail?stockCode=002872&announcementId=1213118455&orgId=9900030826&announcementTime=2022-04-26,2022-04-27,2022-07-26,0.065187
002873,新天药业,2021,2022-03-25,2021年年度报告,http://www.cninfo.com.cn/new/disclosure/detail?stockCode=002873&announcementId=1212670529&orgId=9900023814&announcementTime=2022-03-25,2022-03-28,2022-06-28,-0.238891
002875,安奈儿,2021,2022-04-13,2021年年度报告,http://www.cninfo.com.cn/new/disclosure/detail?stockCode=002875&announcementId=1212898437&orgId=9900030588&announcementTime=2022-04-13,2022-04-14,2022-07-13,-0.060225
002876,三利谱,2021,2022-03-18,2021年年度报告,http://www.cninfo.com.cn/new/disclosure/detail?stockCode=002876&announcementId=1212608794&orgId=9900030828&announcementTime=2022-03-18,2022-03-21,2022-06-21,0.089368
002877,智能自控,2021,2022-04-16,2021年年度报告,http://www.cninfo.com.cn/new/disclosure/detail?stockCode=002877&announcementId=1212940154&orgId=9900031501&announcementTime=2022-04-16,2022-04-18,2022-07-15,-0.040349
002878,元隆雅图,2021,2022-04-22,2021年年度报告,http://www.cninfo.com.cn/new/disclosure/detail?stockCode=002878&announcementId=1213025821&orgId=9900030663&announcementTime=2022-04-22,2022-04-25,2022-07-22,0.121815
002880,卫光生物,2021,2022-04-15,2021年年度报告,http://www.cninfo.com.cn/new/disclosure/detail?stockCode=002880&announcementId=1212922383&orgId=9900031439&announcementTime=2022-04-15,2022-04-18,2022-07-15,-0.103038
002879,长缆科技,2021,2022-03-18,2021年年度报告,http://www.cninfo.com.cn/new/disclosure/detail?stockCode=002879&announcementId=1212609203&orgId=9900031441&announcementTime=2022-03-18,2022-03-21,2022-06-21,0.011628
002881,美格智能,2021,2022-04-28,2021年年度报告,http://www.cninfo.com.cn/new/disclosure/detail?stockCode=002881&announcementId=1213165327&orgId=9900032572&announcementTime=2022-04-28,2022-04-29,2022-07-28,0.458965
002882,金龙羽,2021,2022-04-27,2021年年度报告,http://www.cninfo.com.cn/new/disclosure/detail?stockCode=002882&announcementId=1213140881&orgId=9900030699&announcementTime=2022-04-27,2022-04-28,2022-07-27,0.59812
002883,中设股份,2021,2022-04-29,2021年年度报告,http://www.cninfo.com.cn/new/disclosure/detail?stockCode=002883&announcementId=1213199483&orgId=9900031776&announcementTime=2022-04-29,2022-05-05,2022-08-05,0.271679
002885,京泉华,2021,2022-04-23,2021年年度报告,http://www.cninfo.com.cn/new/disclosure/detail?stockCode=002885&announcementId=1213049826&orgId=9900032561&announcementTime=2022-04-23,2022-04-25,2022-07-22,2.005848
002886,沃特股份,2021,2022-04-26,2021年年度报告,http://www.cninfo.com.cn/new/disclosure/detail?stockCode=002886&announcementId=1213117166&orgId=9900031440&announcementTime=2022-04-26,2022-04-27,2022-07-26,0.457238
002888,惠威科技,2021,2022-04-28,2021年年度报告,http://www.cninfo.com.cn/new/disclosure/detail?stockCode=002888&announcementId=1213173275&orgId=9900032420&announcementTime=2022-04-28,2022-04-29,2022-07-28,0.422055
002889,东方嘉盛,2021,2022-04-29,2021年年度报告,http://www.cninfo.com.cn/new/disclosure/detail?stockCode=002889&announcementId=1213213678&orgId=9900014832&announcementTime=2022-04-29,2022-05-05,2022-07-29,0.042266
002891,中宠股份,2021,2022-03-31,2021年年度报告,http://www.cninfo.com.cn/new/disclosure/detail?stockCode=002891&announcementId=1212749512&orgId=9900032780&announcementTime=2022-03-31,2022-04-01,2022-07-04,0.265387
002890,弘宇股份,2021,2022-04-13,2021年年度报告,http://www.cninfo.com.cn/new/disclosure/detail?stockCode=002890&announcementId=1212898188&orgId=9900031913&announcementTime=2022-04-13,2022-04-14,2022-07-13,0.060838
002893,京能热力,2021,2022-04-30,2021年年度报告,http://www.cninfo.com.cn/new/disclosure/detail?stockCode=002893&announcementId=1213254218&orgId=GD116217&announcementTime=2022-04-30,2022-05-05,2022-07-29,0.243531
002892,科力尔,2021,2022-04-25,2021年年度报告,http://www.cninfo.com.cn/new/disclosure/detail?stockCode=002892&announcementId=1213059571&orgId=9900032990&announcementTime=2022-04-25,2022-04-26,2022-07-25,0.610503
002895,川恒股份,2021,2022-04-16,2021年年度报告,http://www.cninfo.com.cn/new/disclosure/detail?stockCode=002895&announcementId=1212944582&orgId=9900032889&announcementTime=2022-04-16,2022-04-18,2022-07-15,0.349393
002896,中大力德,2021,2022-04-15,2021年年度报告,http://www.cninfo.com.cn/new/disclosure/detail?stockCode=002896&announcementId=1212922775&orgId=9900033209&announcementTime=2022-04-15,2022-04-18,2022-07-15,0.410194
002897,意华股份,2021,2022-04-29,2021年年度报告,http://www.cninfo.com.cn/new/disclosure/detail?stockCode=002897&announcementId=1213197986&orgId=9900032890&announcementTime=2022-04-29,2022-05-05,2022-07-29,1.744258
002898,*ST赛隆,2021,2022-04-27,2021年年度报告,http://www.cninfo.com.cn/new/disclosure/detail?stockCode=002898&announcementId=1213143111&orgId=9900032573&announcementTime=2022-04-27,2022-04-28,2022-07-27,0.311195
002899,英派斯,2021,2022-04-30,2021年年度报告,http://www.cninfo.com.cn/new/disclosure/detail?stockCode=002899&announcementId=1213255343&orgId=9900033211&announcementTime=2022-04-30,2022-05-05,2022-07-29,0.138117
002900,哈三联,2021,2022-04-27,2021年年度报告,http://www.cninfo.com.cn/new/disclosure/detail?stockCode=002900&announcementId=1213127017&orgId=9900031438&announcementTime=2022-04-27,2022-04-28,2022-07-27,0.327041
002901,大博医疗,2021,2022-03-30,2021年年度报告,http://www.cninfo.com.cn/new/disclosure/detail?stockCode=002901&announcementId=1212724975&orgId=9900032888&announcementTime=2022-03-30,2022-03-31,2022-07-01,-0.094693
002903,宇环数控,2021,2022-03-31,2021年年度报告,http://www.cninfo.com.cn/new/disclosure/detail?stockCode=002903&announcementId=1212744940&orgId=9900033226&announcementTime=2022-03-31,2022-04-01,2022-07-04,0.118992
002905,金逸影视,2021,2022-04-15,2021年年度报告,http://www.cninfo.com.cn/new/disclosure/detail?stockCode=002905&announcementId=1212925025&orgId=9900023145&announcementTime=2022-04-15,2022-04-18,2022-07-15,-0.047045
002906,华阳集团,2021,2022-04-27,2021年年度报告,http://www.cninfo.com.cn/new/disclosure/detail?stockCode=002906&announcementId=1213141314&orgId=9900030637&announcementTime=2022-04-27,2022-04-28,2022-07-27,0.89735
002907,华森制药,2021,2022-04-20,2021年年度报告,http://www.cninfo.com.cn/new/disclosure/detail?stockCode=002907&announcementId=1212977920&orgId=9900033357&announcementTime=2022-04-20,2022-04-21,2022-07-20,0.076265
002908,德生科技,2021,2022-04-16,2021年年度报告,http://www.cninfo.com.cn/new/disclosure/detail?stockCode=002908&announcementId=1212943952&orgId=9900033187&announcementTime=2022-04-16,2022-04-18,2022-07-15,0.063565
002909,集泰股份,2021,2022-03-26,2021年年度报告,http://www.cninfo.com.cn/new/disclosure/detail?stockCode=002909&announcementId=1212686340&orgId=9900031818&announcementTime=2022-03-26,2022-03-28,2022-06-28,2.06418
002911,佛燃能源,2021,2022-04-29,2021年年度报告,http://www.cninfo.com.cn/new/disclosure/detail?stockCode=002911&announcementId=1213212637&orgId=9900023979&announcementTime=2022-04-29,2022-05-05,2022-07-29,1.068031
002910,庄园牧场,2021,2022-03-31,2021年年度报告,http://www.cninfo.com.cn/new/disclosure/detail?stockCode=002910&announcementId=1212748046&orgId=9900025273&announcementTime=2022-03-31,2022-04-01,2022-07-04,-0.147601
002912,中新赛克,2021,2022-03-16,2021年年度报告,http://www.cninfo.com.cn/new/disclosure/detail?stockCode=002912&announcementId=1212582488&orgId=9900033221&announcementTime=2022-03-16,2022-03-17,2022-06-17,-0.219678
002913,奥士康,2021,2022-04-20,2021年年度报告,http://www.cninfo.com.cn/new/disclosure/detail?stockCode=002913&announcementId=1212983780&orgId=9900033854&announcementTime=2022-04-20,2022-04-21,2022-07-20,-0.067691
002915,中欣氟材,2021,2022-04-25,2021年年度报告,http://www.cninfo.com.cn/new/disclosure/detail?stockCode=002915&announcementId=1213058725&orgId=9900033856&announcementTime=2022-04-25,2022-04-26,2022-07-25,0.246134
002916,深南电路,2021,2022-03-15,2021年年度报告,http://www.cninfo.com.cn/new/disclosure/detail?stockCode=002916&announcementId=1212566170&orgId=9900022488&announcementTime=2022-03-15,2022-03-16,2022-06-16,-0.032418
002918,蒙娜丽莎,2021,2022-04-23,2021年年度报告,http://www.cninfo.com.cn/new/disclosure/detail?stockCode=002918&announcementId=1213056018&orgId=9900033052&announcementTime=2022-04-23,2022-04-25,2022-07-22,-0.130806
002917,金奥博,2021,2022-04-25,2021年年度报告,http://www.cninfo.com.cn/new/disclosure/detail?stockCode=002917&announcementId=1213059630&orgId=9900034453&announcementTime=2022-04-25,2022-04-26,2022-07-25,0.248223
002919,名臣健康,2021,2022-04-29,2021年年度报告,http://www.cninfo.com.cn/new/disclosure/detail?stockCode=002919&announcementId=1213214572&orgId=9900033207&announcementTime=2022-04-29,2022-05-05,2022-07-29,0.274943
002920,德赛西威,2021,2022-04-15,2021年年度报告,http://www.cninfo.com.cn/new/disclosure/detail?stockCode=002920&announcementId=1212921809&orgId=9900032987&announcementTime=2022-04-15,2022-04-18,2022-07-15,0.499644
002921,联诚精密,2021,2022-04-26,2021年年度报告,http://www.cninfo.com.cn/new/disclosure/detail?stockCode=002921&announcementId=1213101053&orgId=9900033213&announcementTime=2022-04-26,2022-04-27,2022-07-26,0.179283
002922,伊戈尔,2021,2022-04-21,2021年年度报告,http://www.cninfo.com.cn/new/disclosure/detail?stockCode=002922&announcementId=1213003256&orgId=9900023654&announcementTime=2022-04-21,2022-04-22,2022-07-21,0.544576
002923,润都股份,2021,2022-04-20,2021年年度报告,http://www.cninfo.com.cn/new/disclosure/detail?stockCode=002923&announcementId=1212975555&orgId=9900025272&announcementTime=2022-04-20,2022-04-21,2022-07-20,0.112968
002925,盈趣科技,2021,2022-04-23,2021年年度报告,http://www.cninfo.com.cn/new/disclosure/detail?stockCode=002925&announcementId=1213058483&orgId=9900033915&announcementTime=2022-04-23,2022-04-25,2022-07-22,0.016569
002926,华西证券,2021,2022-04-26,2021年年度报告,http://www.cninfo.com.cn/new/disclosure/detail?stockCode=002926&announcementId=1213107069&orgId=qsgn0000140&announcementTime=2022-04-26,2022-04-27,2022-07-26,0.118326
002927,泰永长征,2021,2022-04-22,2021年年度报告,http://www.cninfo.com.cn/new/disclosure/detail?stockCode=002927&announcementId=1213028999&orgId=9900035338&announcementTime=2022-04-22,2022-04-25,2022-07-22,0.251252
002928,华夏航空,2021,2022-03-31,2021年年度报告,http://www.cninfo.com.cn/new/disclosure/detail?stockCode=002928&announcementId=1212746799&orgId=9900034642&announcementTime=2022-03-31,2022-04-01,2022-07-04,0.064502
002929,润建股份,2021,2022-04-26,2021年年度报告,http://www.cninfo.com.cn/new/disclosure/detail?stockCode=002929&announcementId=1213105292&orgId=gfbj0834571&announcementTime=2022-04-26,2022-04-27,2022-07-26,0.46348
002930,宏川智慧,2021,2022-04-28,2021年年度报告,http://www.cninfo.com.cn/new/disclosure/detail?stockCode=002930&announcementId=1213176895&orgId=gfbj0834337&announcementTime=2022-04-28,2022-04-29,2022-07-28,0.307945
002931,锋龙股份,2021,2022-04-23,2021年年度报告,http://www.cninfo.com.cn/new/disclosure/detail?stockCode=002931&announcementId=1213050931&orgId=9900035297&announcementTime=2022-04-23,2022-04-25,2022-07-22,0.144506
002932,明德生物,2021,2022-04-27,2021年年度报告,http://www.cninfo.com.cn/new/disclosure/detail?stockCode=002932&announcementId=1213130448&orgId=gfbj0430591&announcementTime=2022-04-27,2022-04-28,2022-07-27,-0.102387
002933,新兴装备,2021,2022-04-30,2021年年度报告,http://www.cninfo.com.cn/new/disclosure/detail?stockCode=002933&announcementId=1213258501&orgId=9900033914&announcementTime=2022-04-30,2022-05-05,2022-07-29,0.306685
002935,天奥电子,2021,2022-04-08,2021年年度报告,http://www.cninfo.com.cn/new/disclosure/detail?stockCode=002935&announcementId=1212840313&orgId=9900031437&announcementTime=2022-04-08,2022-04-11,2022-07-08,-0.036597
002936,郑州银行,2021,2022-03-31,2021年年度报告,http://www.cninfo.com.cn/new/disclosure/detail?stockCode=002936&announcementId=1212750886&orgId=9900011028&announcementTime=2022-03-31,2022-04-01,2022-07-04,-0.090909
002937,兴瑞科技,2021,2022-03-30,2021年年度报告,http://www.cninfo.com.cn/new/disclosure/detail?stockCode=002937&announcementId=1212730454&orgId=9900035540&announcementTime=2022-03-30,2022-03-31,2022-07-01,0.18196
002939,长城证券,2021,2022-04-12,2021年年度报告,http://www.cninfo.com.cn/new/disclosure/detail?stockCode=002939&announcementId=1212884778&orgId=qsgn0000030&announcementTime=2022-04-12,2022-04-13,2022-07-12,-0.004028
002938,鹏鼎控股,2021,2022-03-17,2021年年度报告,http://www.cninfo.com.cn/new/disclosure/detail?stockCode=002938&announcementId=1212593714&orgId=9900036236&announcementTime=2022-03-17,2022-03-18,2022-06-20,-0.081512
002940,昂利康,2021,2022-04-16,2021年年度报告,http://www.cninfo.com.cn/new/disclosure/detail?stockCode=002940&announcementId=1212942853&orgId=9900035538&announcementTime=2022-04-16,2022-04-18,2022-07-15,0.070671
002941,新疆交建,2021,2022-04-27,2021年年度报告,http://www.cninfo.com.cn/new/disclosure/detail?stockCode=002941&announcementId=1213131554&orgId=9900024967&announcementTime=2022-04-27,2022-04-28,2022-07-27,-0.058606
002943,宇晶股份,2021,2022-03-31,2021年年度报告,http://www.cninfo.com.cn/new/disclosure/detail?stockCode=002943&announcementId=1212748441&orgId=gfbj0834124&announcementTime=2022-03-31,2022-04-01,2022-07-04,0.497391
002942,新农股份,2021,2022-04-27,2021年年度报告,http://www.cninfo.com.cn/new/disclosure/detail?stockCode=002942&announcementId=1213142851&orgId=gfbj0831868&announcementTime=2022-04-27,2022-04-28,2022-07-27,0.223165
002946,新乳业,2021,2022-04-29,2021年年度报告,http://www.cninfo.com.cn/new/disclosure/detail?stockCode=002946&announcementId=1213215065&orgId=9900035998&announcementTime=2022-04-29,2022-05-05,2022-07-29,-0.042088
002947,恒铭达,2021,2022-02-22,2021年年度报告,http://www.cninfo.com.cn/new/disclosure/detail?stockCode=002947&announcementId=1212413535&orgId=9900035996&announcementTime=2022-02-22,2022-02-23,2022-05-25,-0.378864
002948,青岛银行,2021,2022-03-26,2021年年度报告,http://www.cninfo.com.cn/new/disclosure/detail?stockCode=002948&announcementId=1212688371&orgId=9900025494&announcementTime=2022-03-26,2022-03-28,2022-06-28,-0.010917
002949,华阳国际,2021,2022-04-08,2021年年度报告,http://www.cninfo.com.cn/new/disclosure/detail?stockCode=002949&announcementId=1212839516&orgId=gfbj0836762&announcementTime=2022-04-08,2022-04-11,2022-07-08,-0.137243
002950,奥美医疗,2021,2022-04-26,2021年年度报告,http://www.cninfo.com.cn/new/disclosure/detail?stockCode=002950&announcementId=1213105783&orgId=9900036281&announcementTime=2022-04-26,2022-04-27,2022-07-26,0.356139
002952,亚世光电,2021,2022-04-27,2021年年度报告,http://www.cninfo.com.cn/new/disclosure/detail?stockCode=002952&announcementId=1213131932&orgId=gfbj0832840&announcementTime=2022-04-27,2022-04-28,2022-07-27,0.468077
002951,金时科技,2021,2022-04-21,2021年年度报告,http://www.cninfo.com.cn/new/disclosure/detail?stockCode=002951&announcementId=1213002990&orgId=9900036403&announcementTime=2022-04-21,2022-04-22,2022-07-21,0.071346
002955,鸿合科技,2021,2022-04-28,2021年年度报告,http://www.cninfo.com.cn/new/disclosure/detail?stockCode=002955&announcementId=1213177051&orgId=9900037182&announcementTime=2022-04-28,2022-04-29,2022-07-28,0.453333
002953,日丰股份,2021,2022-04-29,2021年年度报告,http://www.cninfo.com.cn/new/disclosure/detail?stockCode=002953&announcementId=1213210446&orgId=9900030006&announcementTime=2022-04-29,2022-05-05,2022-07-29,0.567211
002956,西麦食品,2021,2022-04-23,2021年年度报告,http://www.cninfo.com.cn/new/disclosure/detail?stockCode=002956&announcementId=1213054656&orgId=9900036485&announcementTime=2022-04-23,2022-04-25,2022-07-22,-0.088076
002957,科瑞技术,2021,2022-04-27,2021年年度报告,http://www.cninfo.com.cn/new/disclosure/detail?stockCode=002957&announcementId=1213148169&orgId=9900036562&announcementTime=2022-04-27,2022-04-28,2022-07-27,0.457627
002958,青农商行,2021,2022-04-29,2021年年度报告,http://www.cninfo.com.cn/new/disclosure/detail?stockCode=002958&announcementId=1213207177&orgId=9900031174&announcementTime=2022-04-29,2022-05-05,2022-07-29,-0.048913
002959,小熊电器,2021,2022-04-09,2021年年度报告,http://www.cninfo.com.cn/new/disclosure/detail?stockCode=002959&announcementId=1212857533&orgId=9900037093&announcementTime=2022-04-09,2022-04-11,2022-07-08,0.367582
002960,青鸟消防,2021,2022-03-31,2021年年度报告,http://www.cninfo.com.cn/new/disclosure/detail?stockCode=002960&announcementId=1212751601&orgId=9900029804&announcementTime=2022-03-31,2022-04-01,2022-07-04,-0.026549
002961,瑞达期货,2021,2022-03-31,2021年年度报告,http://www.cninfo.com.cn/new/disclosure/detail?stockCode=002961&announcementId=1212752641&orgId=9900030586&announcementTime=2022-03-31,2022-04-01,2022-07-04,-0.067876
002962,五方光电,2021,2022-04-22,2021年年度报告,http://www.cninfo.com.cn/new/disclosure/detail?stockCode=002962&announcementId=1213021550&orgId=9900037010&announcementTime=2022-04-22,2022-04-25,2022-07-22,0.106796
002963,豪尔赛,2021,2022-04-15,2021年年度报告,http://www.cninfo.com.cn/new/disclosure/detail?stockCode=002963&announcementId=1212918974&orgId=9900037235&announcementTime=2022-04-15,2022-04-18,2022-07-15,-0.151994
002965,祥鑫科技,2021,2022-04-22,2021年年度报告,http://www.cninfo.com.cn/new/disclosure/detail?stockCode=002965&announcementId=1213018138&orgId=9900030905&announcementTime=2022-04-22,2022-04-25,2022-07-22,2.226685
002966,苏州银行,2021,2022-03-29,2021年年度报告,http://www.cninfo.com.cn/new/disclosure/detail?stockCode=002966&announcementId=1212710689&orgId=9900027389&announcementTime=2022-03-29,2022-03-30,2022-06-30,0.004087
002967,广电计量,2021,2022-03-31,2021年年度报告,http://www.cninfo.com.cn/new/disclosure/detail?stockCode=002967&announcementId=1212751475&orgId=gfbj0832462&announcementTime=2022-03-31,2022-04-01,2022-07-04,0.033401
002968,新大正,2021,2022-03-29,2021年年度报告,http://www.cninfo.com.cn/new/disclosure/detail?stockCode=002968&announcementId=1212711231&orgId=gfbj0870776&announcementTime=2022-03-29,2022-03-30,2022-06-30,0.024706
002969,嘉美包装,2021,2022-04-22,2021年年度报告,http://www.cninfo.com.cn/new/disclosure/detail?stockCode=002969&announcementId=1213024594&orgId=9900037304&announcementTime=2022-04-22,2022-04-25,2022-07-22,-0.045131
002971,和远气体,2021,2022-04-21,2021年年度报告,http://www.cninfo.com.cn/new/disclosure/detail?stockCode=002971&announcementId=1213001907&orgId=9900037686&announcementTime=2022-04-21,2022-04-22,2022-07-21,0.231839
002970,锐明技术,2021,2022-04-28,2021年年度报告,http://www.cninfo.com.cn/new/disclosure/detail?stockCode=002970&announcementId=1213170060&orgId=9900033057&announcementTime=2022-04-28,2022-04-29,2022-07-28,0.27433
002973,侨银股份,2021,2022-04-27,2021年年度报告,http://www.cninfo.com.cn/new/disclosure/detail?stockCode=002973&announcementId=1213141023&orgId=9900037236&announcementTime=2022-04-27,2022-04-28,2022-07-27,0.351378
002972,科安达,2021,2022-04-28,2021年年度报告,http://www.cninfo.com.cn/new/disclosure/detail?stockCode=002972&announcementId=1213172468&orgId=9900030394&announcementTime=2022-04-28,2022-04-29,2022-07-28,0.114957
002975,博杰股份,2021,2022-04-26,2021年年度报告,http://www.cninfo.com.cn/new/disclosure/detail?stockCode=002975&announcementId=1213098720&orgId=9900038155&announcementTime=2022-04-26,2022-04-27,2022-07-26,0.295924
002976,瑞玛精密,2021,2022-04-29,2021年年度报告,http://www.cninfo.com.cn/new/disclosure/detail?stockCode=002976&announcementId=1213218615&orgId=9900038395&announcementTime=2022-04-29,2022-05-05,2022-07-29,0.482607
002977,天箭科技,2021,2022-04-15,2021年年度报告,http://www.cninfo.com.cn/new/disclosure/detail?stockCode=002977&announcementId=1212923585&orgId=9900037750&announcementTime=2022-04-15,2022-04-18,2022-07-15,0.043319
002978,安宁股份,2021,2022-03-22,2021年年度报告,http://www.cninfo.com.cn/new/disclosure/detail?stockCode=002978&announcementId=1212634604&orgId=9900034946&announcementTime=2022-03-22,2022-03-23,2022-06-23,-0.099174
002979,雷赛智能,2021,2022-04-22,2021年年度报告,http://www.cninfo.com.cn/new/disclosure/detail?stockCode=002979&announcementId=1213026145&orgId=9900023947&announcementTime=2022-04-22,2022-04-25,2022-07-22,0.263686
002980,华盛昌,2021,2022-04-30,2021年年度报告,http://www.cninfo.com.cn/new/disclosure/detail?stockCode=002980&announcementId=1213260204&orgId=9900037842&announcementTime=2022-04-30,2022-05-05,2022-07-29,0.110729
002981,朝阳科技,2021,2022-04-26,2021年年度报告,http://www.cninfo.com.cn/new/disclosure/detail?stockCode=002981&announcementId=1213116831&orgId=9900035176&announcementTime=2022-04-26,2022-04-27,2022-07-26,0.252725
002982,湘佳股份,2021,2022-03-23,2021年年度报告,http://www.cninfo.com.cn/new/disclosure/detail?stockCode=002982&announcementId=1212642636&orgId=gfbj0831102&announcementTime=2022-03-23,2022-03-24,2022-06-24,0.024736
002983,芯瑞达,2021,2022-04-20,2021年年度报告,http://www.cninfo.com.cn/new/disclosure/detail?stockCode=002983&announcementId=1212974252&orgId=9900038397&announcementTime=2022-04-20,2022-04-21,2022-07-20,0.085271
002984,森麒麟,2021,2022-02-15,2021年年度报告,http://www.cninfo.com.cn/new/disclosure/detail?stockCode=002984&announcementId=1212363554&orgId=9900037009&announcementTime=2022-02-15,2022-02-16,2022-05-18,-0.167049
002985,北摩高科,2021,2022-04-16,2021年年度报告,http://www.cninfo.com.cn/new/disclosure/detail?stockCode=002985&announcementId=1212944107&orgId=9900038313&announcementTime=2022-04-16,2022-04-18,2022-07-15,0.145474
002986,宇新股份,2021,2022-04-09,2021年年度报告,http://www.cninfo.com.cn/new/disclosure/detail?stockCode=002986&announcementId=1212858457&orgId=9900039828&announcementTime=2022-04-09,2022-04-11,2022-07-08,-0.052791
002987,京北方,2021,2022-04-19,2021年年度报告,http://www.cninfo.com.cn/new/disclosure/detail?stockCode=002987&announcementId=1212960129&orgId=9900038942&announcementTime=2022-04-19,2022-04-20,2022-07-19,-0.046731
002988,豪美新材,2021,2022-03-29,2021年年度报告,http://www.cninfo.com.cn/new/disclosure/detail?stockCode=002988&announcementId=1212707882&orgId=9900039755&announcementTime=2022-03-29,2022-03-30,2022-06-30,0.106355
002989,中天精装,2021,2022-04-28,2021年年度报告,http://www.cninfo.com.cn/new/disclosure/detail?stockCode=002989&announcementId=1213175805&orgId=9900034522&announcementTime=2022-04-28,2022-04-29,2022-07-28,0.515707
002990,盛视科技,2021,2022-04-14,2021年年度报告,http://www.cninfo.com.cn/new/disclosure/detail?stockCode=002990&announcementId=1212911862&orgId=9900039822&announcementTime=2022-04-14,2022-04-15,2022-07-14,0.149404
002992,宝明科技,2021,2022-04-29,2021年年度报告,http://www.cninfo.com.cn/new/disclosure/detail?stockCode=002992&announcementId=1213214898&orgId=9900035527&announcementTime=2022-04-29,2022-05-05,2022-07-29,1.684102
002991,甘源食品,2021,2022-04-28,2021年年度报告,http://www.cninfo.com.cn/new/disclosure/detail?stockCode=002991&announcementId=1213168589&orgId=9900039782&announcementTime=2022-04-28,2022-04-29,2022-07-28,0.455125
002993,奥海科技,2021,2022-04-20,2021年年度报告,http://www.cninfo.com.cn/new/disclosure/detail?stockCode=002993&announcementId=1212983889&orgId=9900038941&announcementTime=2022-04-20,2022-04-21,2022-07-20,0.597951
002996,顺博合金,2021,2022-03-15,2021年年度报告,http://www.cninfo.com.cn/new/disclosure/detail?stockCode=002996&announcementId=1212565809&orgId=gfbj0833081&announcementTime=2022-03-15,2022-03-16,2022-06-16,0.149919
002997,瑞鹄模具,2021,2022-04-12,2021年年度报告,http://www.cninfo.com.cn/new/disclosure/detail?stockCode=002997&announcementId=1212883882&orgId=gfbj0837440&announcementTime=2022-04-12,2022-04-13,2022-07-12,0.393443
002998,优彩资源,2021,2022-04-14,2021年年度报告,http://www.cninfo.com.cn/new/disclosure/detail?stockCode=002998&announcementId=1212913782&orgId=9900039845&announcementTime=2022-04-14,2022-04-15,2022-07-14,-0.069645
002999,天禾股份,2021,2022-04-28,2021年年度报告,http://www.cninfo.com.cn/new/disclosure/detail?stockCode=002999&announcementId=1213161470&orgId=9900033717&announcementTime=2022-04-28,2022-04-29,2022-07-28,0.092091
003000,劲仔食品,2021,2022-03-18,2021年年度报告,http://www.cninfo.com.cn/new/disclosure/detail?stockCode=003000&announcementId=1212609101&orgId=9900039825&announcementTime=2022-03-18,2022-03-21,2022-06-21,0.010588
003001,中岩大地,2021,2022-04-20,2021年年度报告,http://www.cninfo.com.cn/new/disclosure/detail?stockCode=003001&announcementId=1212979699&orgId=gfbj0835524&announcementTime=2022-04-20,2022-04-21,2022-07-20,-0.079273
003002,壶化股份,2021,2022-04-27,2021年年度报告,http://www.cninfo.com.cn/new/disclosure/detail?stockCode=003002&announcementId=1213132402&orgId=9900030582&announcementTime=2022-04-27,2022-04-28,2022-07-27,0.4365
003003,天元股份,2021,2022-04-29,2021年年度报告,http://www.cninfo.com.cn/new/disclosure/detail?stockCode=003003&announcementId=1213213037&orgId=gfbj0836099&announcementTime=2022-04-29,2022-05-05,2022-07-29,0.149343
003004,*ST声迅,2021,2022-03-30,2021年年度报告,http://www.cninfo.com.cn/new/disclosure/detail?stockCode=003004&announcementId=1212729148&orgId=9900036362&announcementTime=2022-03-30,2022-03-31,2022-07-01,-0.148029
003006,百亚股份,2021,2022-03-26,2021年年度报告,http://www.cninfo.com.cn/new/disclosure/detail?stockCode=003006&announcementId=1212686467&orgId=9900032173&announcementTime=2022-03-26,2022-03-28,2022-06-28,-0.048558
003005,竞业达,2021,2022-04-15,2021年年度报告,http://www.cninfo.com.cn/new/disclosure/detail?stockCode=003005&announcementId=1212923040&orgId=9900039784&announcementTime=2022-04-15,2022-04-18,2022-07-15,-0.124125
003008,开普检测,2021,2022-04-11,2021年年度报告,http://www.cninfo.com.cn/new/disclosure/detail?stockCode=003008&announcementId=1212856683&orgId=9900038903&announcementTime=2022-04-11,2022-04-12,2022-07-11,0.00737
003007,直真科技,2021,2022-04-26,2021年年度报告,http://www.cninfo.com.cn/new/disclosure/detail?stockCode=003007&announcementId=1213109138&orgId=9900039727&announcementTime=2022-04-26,2022-04-27,2022-07-26,0.110768
003009,中天火箭,2021,2022-04-21,2021年年度报告,http://www.cninfo.com.cn/new/disclosure/detail?stockCode=003009&announcementId=1213002665&orgId=9900039724&announcementTime=2022-04-21,2022-04-22,2022-07-21,0.24137
003010,若羽臣,2021,2022-04-23,2021年年度报告,http://www.cninfo.com.cn/new/disclosure/detail?stockCode=003010&announcementId=1213054802&orgId=gfbj0834647&announcementTime=2022-04-23,2022-04-25,2022-07-22,0.074074
003011,海象新材,2021,2022-04-07,2021年年度报告,http://www.cninfo.com.cn/new/disclosure/detail?stockCode=003011&announcementId=1212825631&orgId=9900039851&announcementTime=2022-04-07,2022-04-08,2022-07-07,-0.041834
003012,东鹏控股,2021,2022-04-29,2021年年度报告,http://www.cninfo.com.cn/new/disclosure/detail?stockCode=003012&announcementId=1213219429&orgId=9900035896&announcementTime=2022-04-29,2022-05-05,2022-07-29,-0.020906
003013,地铁设计,2021,2022-03-30,2021年年度报告,http://www.cninfo.com.cn/new/disclosure/detail?stockCode=003013&announcementId=1212726547&orgId=9900039775&announcementTime=2022-03-30,2022-03-31,2022-07-01,-0.014404
003015,日久光电,2021,2022-04-12,2021年年度报告,http://www.cninfo.com.cn/new/disclosure/detail?stockCode=003015&announcementId=1212885716&orgId=gfbj0835229&announcementTime=2022-04-12,2022-04-13,2022-07-12,-0.032017
003017,大洋生物,2021,2022-04-20,2021年年度报告,http://www.cninfo.com.cn/new/disclosure/detail?stockCode=003017&announcementId=1212979218&orgId=gfbj0837112&announcementTime=2022-04-20,2022-04-21,2022-07-20,-0.046608
003016,欣贺股份,2021,2022-04-28,2021年年度报告,http://www.cninfo.com.cn/new/disclosure/detail?stockCode=003016&announcementId=1213161763&orgId=9900028775&announcementTime=2022-04-28,2022-04-29,2022-07-28,0.167085
003018,金富科技,2021,2022-03-29,2021年年度报告,http://www.cninfo.com.cn/new/disclosure/detail?stockCode=003018&announcementId=1212710543&orgId=9900039757&announcementTime=2022-03-29,2022-03-30,2022-06-30,-0.08642
003019,宸展光电,2021,2022-04-15,2021年年度报告,http://www.cninfo.com.cn/new/disclosure/detail?stockCode=003019&announcementId=1212919487&orgId=9900039765&announcementTime=2022-04-15,2022-04-18,2022-07-15,0.367654
003020,立方制药,2021,2022-04-19,2021年年度报告,http://www.cninfo.com.cn/new/disclosure/detail?stockCode=003020&announcementId=1212959026&orgId=9900030695&announcementTime=2022-04-19,2022-04-20,2022-07-19,-0.139525
003021,兆威机电,2021,2022-04-19,2021年年度报告,http://www.cninfo.com.cn/new/disclosure/detail?stockCode=003021&announcementId=1212962773&orgId=9900039718&announcementTime=2022-04-19,2022-04-20,2022-07-19,0.492066
003023,彩虹集团,2021,2022-04-19,2021年年度报告,http://www.cninfo.com.cn/new/disclosure/detail?stockCode=003023&announcementId=1212963832&orgId=GD005978&announcementTime=2022-04-19,2022-04-20,2022-07-19,-0.0051
003022,联泓新科,2021,2022-03-30,2021年年度报告,http://www.cninfo.com.cn/new/disclosure/detail?stockCode=003022&announcementId=1212729087&orgId=9900039749&announcementTime=2022-03-30,2022-03-31,2022-07-01,0.217354
003025,思进智能,2021,2022-04-28,2021年年度报告,http://www.cninfo.com.cn/new/disclosure/detail?stockCode=003025&announcementId=1213172750&orgId=9900030867&announcementTime=2022-04-28,2022-04-29,2022-07-28,0.312227
003026,中晶科技,2021,2022-04-26,2021年年度报告,http://www.cninfo.com.cn/new/disclosure/detail?stockCode=003026&announcementId=1213105920&orgId=gfbj0831214&announcementTime=2022-04-26,2022-04-27,2022-07-26,0.251131
003027,同兴科技,2021,2022-04-19,2021年年度报告,http://www.cninfo.com.cn/new/disclosure/detail?stockCode=003027&announcementId=1212966681&orgId=9900039712&announcementTime=2022-04-19,2022-04-20,2022-07-19,0.01795
003028,振邦智能,2021,2022-04-12,2021年年度报告,http://www.cninfo.com.cn/new/disclosure/detail?stockCode=003028&announcementId=1212885171&orgId=9900039781&announcementTime=2022-04-12,2022-04-13,2022-07-12,0.583984
003029,吉大正元,2021,2022-04-26,2021年年度报告,http://www.cninfo.com.cn/new/disclosure/detail?stockCode=003029&announcementId=1213103744&orgId=9900039732&announcementTime=2022-04-26,2022-04-27,2022-07-26,0.093311
003030,祖名股份,2021,2022-04-20,2021年年度报告,http://www.cninfo.com.cn/new/disclosure/detail?stockCode=003030&announcementId=1212977264&orgId=gfbj0836494&announcementTime=2022-04-20,2022-04-21,2022-07-20,-0.028282
003031,中瓷电子,2021,2022-04-22,2021年年度报告,http://www.cninfo.com.cn/new/disclosure/detail?stockCode=003031&announcementId=1213020351&orgId=9900040654&announcementTime=2022-04-22,2022-04-25,2022-07-22,0.660798
003032,*ST传智,2021,2022-04-20,2021年年度报告,http://www.cninfo.com.cn/new/disclosure/detail?stockCode=003032&announcementId=1212977029&orgId=gfbj0839976&announcementTime=2022-04-20,2022-04-21,2022-07-20,-0.126147
003036,泰坦股份,2021,2022-03-16,2021年年度报告,http://www.cninfo.com.cn/new/disclosure/detail?stockCode=003036&announcementId=1212581944&orgId=9900023478&announcementTime=2022-03-16,2022-03-17,2022-06-17,-0.137043
003035,南网能源,2021,2022-04-15,2021年年度报告,http://www.cninfo.com.cn/new/disclosure/detail?stockCode=003035&announcementId=1212918303&orgId=nssc1000233&announcementTime=2022-04-15,2022-04-18,2022-07-15,0.067588
003037,三和管桩,2021,2022-04-28,2021年年度报告,http://www.cninfo.com.cn/new/disclosure/detail?stockCode=003037&announcementId=1213162900&orgId=9900041435&announcementTime=2022-04-28,2022-04-29,2022-07-28,-0.027386
003039,顺控发展,2021,2022-04-19,2021年年度报告,http://www.cninfo.com.cn/new/disclosure/detail?stockCode=003039&announcementId=1212961296&orgId=gfbj0836242&announcementTime=2022-04-19,2022-04-20,2022-07-19,0.242312
003038,鑫铂股份,2021,2022-02-25,2021年年度报告,http://www.cninfo.com.cn/new/disclosure/detail?stockCode=003038&announcementId=1212454435&orgId=9900041546&announcementTime=2022-02-25,2022-02-28,2022-05-30,-0.129259
003040,楚天龙,2021,2022-04-30,2021年年度报告,http://www.cninfo.com.cn/new/disclosure/detail?stockCode=003040&announcementId=1213258374&orgId=9900041451&announcementTime=2022-04-30,2022-05-05,2022-07-29,0.251121
003041,真爱美家,2021,2022-04-29,2021年年度报告,http://www.cninfo.com.cn/new/disclosure/detail?stockCode=003041&announcementId=1213213830&orgId=9900030776&announcementTime=2022-04-29,2022-05-05,2022-07-29,0.09422
003043,华亚智能,2021,2022-04-19,2021年年度报告,http://www.cninfo.com.cn/new/disclosure/detail?stockCode=003043&announcementId=1212965674&orgId=9900037303&announcementTime=2022-04-19,2022-04-20,2022-07-19,0.383962
003816,中国广核,2021,2022-03-18,2021年年度报告,http://www.cninfo.com.cn/new/disclosure/detail?stockCode=003816&announcementId=1212609411&orgId=9900027002&announcementTime=2022-03-18,2022-03-21,2022-06-21,0.013652
003042,中农联合,2021,2022-04-28,2021年年度报告,http://www.cninfo.com.cn/new/disclosure/detail?stockCode=003042&announcementId=1213159145&orgId=gfbj0871103&announcementTime=2022-04-28,2022-04-29,2022-07-28,0.216976
600000,浦发银行,2021,2022-04-28,上海浦东发展银行股份有限公司2021年年度报告（全文）,http://www.cninfo.com.cn/new/disclosure/detail?stockCode=600000&announcementId=1213175151&orgId=gssh0600000&announcementTime=2022-04-28,2022-04-29,2022-07-28,-0.030346
600004,白云机场,2021,2022-04-09,广州白云国际机场股份有限公司2021年年度报告,http://www.cninfo.com.cn/new/disclosure/detail?stockCode=600004&announcementId=1212857452&orgId=gssh0600004&announcementTime=2022-04-09,2022-04-11,2022-07-08,0.091562
600006,东风股份,2021,2022-03-31,东风汽车股份有限公司2021年年度报告,http://www.cninfo.com.cn/new/disclosure/detail?stockCode=600006&announcementId=1212751055&orgId=gssh0600006&announcementTime=2022-03-31,2022-04-01,2022-07-08,0.35198
600007,中国国贸,2021,2022-03-31,中国国贸2021年年度报告全文,http://www.cninfo.com.cn/new/disclosure/detail?stockCode=600007&announcementId=1212741239&orgId=gssh0600007&announcementTime=2022-03-31,2022-04-01,2022-07-04,0.046351
600009,上海机场,2021,2022-04-16,上海机场2021年年度报告,http://www.cninfo.com.cn/new/disclosure/detail?stockCode=600009&announcementId=1212941560&orgId=gssh0600009&announcementTime=2022-04-16,2022-04-18,2022-07-15,-0.004007
600008,首创环保,2021,2022-04-09,首创环保2021年年度报告,http://www.cninfo.com.cn/new/disclosure/detail?stockCode=600008&announcementId=1212856175&orgId=gssh0600008&announcementTime=2022-04-09,2022-04-11,2022-07-08,-0.101216
600011,华能国际,2021,2022-03-23,华能国际2021年年度报告全文,http://www.cninfo.com.cn/new/disclosure/detail?stockCode=600011&announcementId=1212645177&orgId=gssh0600011&announcementTime=2022-03-23,2022-03-24,2022-06-24,-0.059679
600010,包钢股份,2021,2022-04-15,包钢股份2021年年度报告,http://www.cninfo.com.cn/new/disclosure/detail?stockCode=600010&announcementId=1212922824&orgId=gssh0600010&announcementTime=2022-04-15,2022-04-18,2022-07-15,-0.032973
600012,皖通高速,2021,2022-03-29,皖通高速2021年年度报告,http://www.cninfo.com.cn/new/disclosure/detail?stockCode=600012&announcementId=1212712055&orgId=gssh0600012&announcementTime=2022-03-29,2022-03-30,2022-06-30,-0.022031
600015,华夏银行,2021,2022-04-30,华夏银行2021年年度报告,http://www.cninfo.com.cn/new/disclosure/detail?stockCode=600015&announcementId=1213267957&orgId=gssh0600015&announcementTime=2022-04-30,2022-05-05,2022-07-29,0.004612
600016,民生银行,2021,2022-03-30,中国民生银行2021年年度报告A股,http://www.cninfo.com.cn/new/disclosure/detail?stockCode=600016&announcementId=1212728507&orgId=gssh0600016&announcementTime=2022-03-30,2022-03-31,2022-07-01,0.031465
600017,日照港,2021,2022-03-31,日照港2021年年度报告,http://www.cninfo.com.cn/new/disclosure/detail?stockCode=600017&announcementId=1222353404&orgId=9900000981&announcementTime=2022-03-31,2022-04-01,2022-07-04,0.086911
600018,上港集团,2021,2022-03-30,上港集团2021年年度报告,http://www.cninfo.com.cn/new/disclosure/detail?stockCode=600018&announcementId=1212726440&orgId=9900001281&announcementTime=2022-03-30,2022-03-31,2022-07-01,0.078849
600020,中原高速,2021,2022-04-16,河南中原高速公路股份有限公司2021年年度报告,http://www.cninfo.com.cn/new/disclosure/detail?stockCode=600020&announcementId=1212939313&orgId=gssh0600020&announcementTime=2022-04-16,2022-04-18,2022-07-15,-0.03141
600019,宝钢股份,2021,2022-04-29,宝钢股份2021年年度报告全文,http://www.cninfo.com.cn/new/disclosure/detail?stockCode=600019&announcementId=1213210388&orgId=gssh0600019&announcementTime=2022-04-29,2022-05-05,2022-07-29,-0.084476
600021,上海电力,2021,2022-04-29,上海电力股份有限公司2021年年度报告,http://www.cninfo.com.cn/new/disclosure/detail?stockCode=600021&announcementId=1213210493&orgId=gssh0600021&announcementTime=2022-04-29,2022-05-05,2022-07-29,0.083709
600022,山东钢铁,2021,2022-03-23,山东钢铁股份有限公司2021年年度报告,http://www.cninfo.com.cn/new/disclosure/detail?stockCode=600022&announcementId=1212641215&orgId=gssh0600022&announcementTime=2022-03-23,2022-03-24,2022-06-24,0.060041
600023,浙能电力,2021,2022-04-29,2021年年度报告,http://www.cninfo.com.cn/new/disclosure/detail?stockCode=600023&announcementId=1213204415&orgId=9900027828&announcementTime=2022-04-29,2022-05-05,2022-07-29,0.017685
600025,华能水电,2021,2022-04-23,2021年年度报告,http://www.cninfo.com.cn/new/disclosure/detail?stockCode=600025&announcementId=1213054833&orgId=9900030360&announcementTime=2022-04-23,2022-04-25,2022-07-22,0.15864
600027,华电国际,2021,2022-03-26,2021年年度报告,http://www.cninfo.com.cn/new/disclosure/detail?stockCode=600027&announcementId=1212687612&orgId=gssh0600027&announcementTime=2022-03-26,2022-03-28,2022-06-28,0.14645
600026,中远海能,2021,2022-03-31,中远海能2021年年度报告,http://www.cninfo.com.cn/new/disclosure/detail?stockCode=600026&announcementId=1212751767&orgId=gssh0600026&announcementTime=2022-03-31,2022-04-01,2022-07-04,0.582447
600028,中国石化,2021,2022-03-28,中国石化2021年年度报告,http://www.cninfo.com.cn/new/disclosure/detail?stockCode=600028&announcementId=1212698707&orgId=gssh0600028&announcementTime=2022-03-28,2022-03-29,2022-06-29,0.032667
600029,南方航空,2021,2022-03-31,南方航空2021年度报告,http://www.cninfo.com.cn/new/disclosure/detail?stockCode=600029&announcementId=1212748163&orgId=gssh0600029&announcementTime=2022-03-31,2022-04-01,2022-07-04,0.098095
600031,三一重工,2021,2022-04-23,三一重工股份有限公司2021年年度报告,http://www.cninfo.com.cn/new/disclosure/detail?stockCode=600031&announcementId=1213052092&orgId=gssh0600031&announcementTime=2022-04-23,2022-04-25,2022-07-22,0.14907
600030,中信证券,2021,2022-03-29,中信证券股份有限公司2021年年度报告,http://www.cninfo.com.cn/new/disclosure/detail?stockCode=600030&announcementId=1212709852&orgId=gssh0600030&announcementTime=2022-03-29,2022-03-30,2022-06-30,0.060248
600032,浙江新能,2021,2022-04-20,浙江新能2021年年度报告,http://www.cninfo.com.cn/new/disclosure/detail?stockCode=600032&announcementId=1212984486&orgId=9900041932&announcementTime=2022-04-20,2022-04-21,2022-07-20,0.229402
600033,福建高速,2021,2022-03-30,福建高速2021年年度报告,http://www.cninfo.com.cn/new/disclosure/detail?stockCode=600033&announcementId=1212726448&orgId=gssh0600033&announcementTime=2022-03-30,2022-03-31,2022-07-01,0.028289
600035,楚天高速,2021,2022-04-29,湖北楚天智能交通股份有限公司2021年年度报告,http://www.cninfo.com.cn/new/disclosure/detail?stockCode=600035&announcementId=1213195188&orgId=gssh0600035&announcementTime=2022-04-29,2022-05-05,2022-07-29,0.1665
600036,招商银行,2021,2022-03-19,招商银行股份有限公司2021年度报告,http://www.cninfo.com.cn/new/disclosure/detail?stockCode=600036&announcementId=1212626208&orgId=gssh0600036&announcementTime=2022-03-19,2022-03-21,2022-06-21,-0.121157
600037,歌华有线,2021,2022-04-16,歌华有线2021年年度报告,http://www.cninfo.com.cn/new/disclosure/detail?stockCode=600037&announcementId=1212940215&orgId=gssh0600037&announcementTime=2022-04-16,2022-04-18,2022-07-15,-0.013898
600038,中直股份,2021,2022-03-31,中航直升机股份有限公司2021年年度报告,http://www.cninfo.com.cn/new/disclosure/detail?stockCode=600038&announcementId=1212741992&orgId=gssh0600038&announcementTime=2022-03-31,2022-04-01,2022-07-04,-0.081533
600048,保利发展,2021,2022-04-19,保利发展控股集团股份有限公司2021年年度报告,http://www.cninfo.com.cn/new/disclosure/detail?stockCode=600048&announcementId=1212964021&orgId=9900000161&announcementTime=2022-04-19,2022-04-20,2022-07-19,-0.071596
600039,四川路桥,2021,2022-03-30,四川路桥2021年年度报告,http://www.cninfo.com.cn/new/disclosure/detail?stockCode=600039&announcementId=1212731035&orgId=gssh0600039&announcementTime=2022-03-30,2022-03-31,2022-07-01,0.057945
600050,中国联通,2021,2022-03-12,中国联合网络通信股份有限公司2021年年度报告全文,http://www.cninfo.com.cn/new/disclosure/detail?stockCode=600050&announcementId=1212551711&orgId=gssh0600050&announcementTime=2022-03-12,2022-03-14,2022-06-14,-0.048576
600051,宁波联合,2021,2022-04-12,宁波联合2021年度报告,http://www.cninfo.com.cn/new/disclosure/detail?stockCode=600051&announcementId=1212885765&orgId=gssh0600051&announcementTime=2022-04-12,2022-04-13,2022-07-12,-0.211935
600052,东望时代,2021,2022-04-15,浙江东望时代科技股份有限公司2021年年度报告,http://www.cninfo.com.cn/new/disclosure/detail?stockCode=600052&announcementId=1212924735&orgId=gssh0600052&announcementTime=2022-04-15,2022-04-18,2022-07-15,0.127924
600053,九鼎投资,2021,2022-04-22,九鼎投资2021年年度报告,http://www.cninfo.com.cn/new/disclosure/detail?stockCode=600053&announcementId=1213026538&orgId=gssh0600053&announcementTime=2022-04-22,2022-04-25,2022-07-22,0.239087
600054,黄山旅游,2021,2022-04-16,黄山旅游2021年年度报告,http://www.cninfo.com.cn/new/disclosure/detail?stockCode=600054&announcementId=1212940931&orgId=gssh0600054&announcementTime=2022-04-16,2022-04-18,2022-07-15,-0.022337
600055,万东医疗,2021,2022-04-23,万东医疗2021年年度报告,http://www.cninfo.com.cn/new/disclosure/detail?stockCode=600055&announcementId=1213046858&orgId=gssh0600055&announcementTime=2022-04-23,2022-04-25,2022-07-22,0.046052
600056,中国医药,2021,2022-04-30,2021年年度报告,http://www.cninfo.com.cn/new/disclosure/detail?stockCode=600056&announcementId=1213268013&orgId=gssh0600056&announcementTime=2022-04-30,2022-05-05,2022-07-29,-0.014764
600057,厦门象屿,2021,2022-04-19,2021年年度报告,http://www.cninfo.com.cn/new/disclosure/detail?stockCode=600057&announcementId=1212964780&orgId=gssh0600057&announcementTime=2022-04-19,2022-04-20,2022-07-19,-0.046983
600058,五矿发展,2021,2022-03-15,五矿发展股份有限公司2021年年度报告,http://www.cninfo.com.cn/new/disclosure/detail?stockCode=600058&announcementId=1212567125&orgId=gssh0600058&announcementTime=2022-03-15,2022-03-16,2022-06-16,0.348098
600059,古越龙山,2021,2022-04-15,古越龙山2021年年度报告,http://www.cninfo.com.cn/new/disclosure/detail?stockCode=600059&announcementId=1212917485&orgId=gssh0600059&announcementTime=2022-04-15,2022-04-18,2022-07-15,0.027103
600060,海信视像,2021,2022-04-30,海信视像2021年年度报告,http://www.cninfo.com.cn/new/disclosure/detail?stockCode=600060&announcementId=1213268040&orgId=gssh0600060&announcementTime=2022-04-30,2022-05-05,2022-07-29,0.193759
600061,国投资本,2021,2022-03-31,国投资本股份有限公司2021年年度报告,http://www.cninfo.com.cn/new/disclosure/detail?stockCode=600061&announcementId=1212744119&orgId=gssh0600061&announcementTime=2022-03-31,2022-04-01,2022-07-04,-0.086957
600062,华润双鹤,2021,2022-03-25,华润双鹤2021年年度报告,http://www.cninfo.com.cn/new/disclosure/detail?stockCode=600062&announcementId=1212669442&orgId=gssh0600062&announcementTime=2022-03-25,2022-03-28,2022-06-28,0.555556
600063,皖维高新,2021,2022-03-10,皖维高新2021年年度报告全文,http://www.cninfo.com.cn/new/disclosure/detail?stockCode=600063&announcementId=1212533707&orgId=gssh0600063&announcementTime=2022-03-10,2022-03-11,2022-06-13,0.396394
600064,南京高科,2021,2022-04-20,南京高科2021年年度报告,http://www.cninfo.com.cn/new/disclosure/detail?stockCode=600064&announcementId=1212978089&orgId=gssh0600064&announcementTime=2022-04-20,2022-04-21,2022-07-20,-0.077047
600066,宇通客车,2021,2022-03-29,2021年年度报告,http://www.cninfo.com.cn/new/disclosure/detail?stockCode=600066&announcementId=1212711340&orgId=gssh0600066&announcementTime=2022-03-29,2022-03-30,2022-06-30,0.056774
600067,冠城新材,2021,2022-04-02,冠城大通2021年年度报告,http://www.cninfo.com.cn/new/disclosure/detail?stockCode=600067&announcementId=1212809785&orgId=gssh0600067&announcementTime=2022-04-02,2022-04-06,2022-07-05,-0.182926
600071,凤凰光学,2021,2022-04-02,凤凰光学股份有限公司2021年年度报告,http://www.cninfo.com.cn/new/disclosure/detail?stockCode=600071&announcementId=1212807663&orgId=gssh0600071&announcementTime=2022-04-02,2022-04-06,2022-07-05,-0.417644
600072,中船科技,2021,2022-04-23,中船科技股份有限公司2021年年度报告,http://www.cninfo.com.cn/new/disclosure/detail?stockCode=600072&announcementId=1213059013&orgId=gssh0600072&announcementTime=2022-04-23,2022-04-25,2022-07-22,0.114694
600073,光明肉业,2021,2022-03-30,上海梅林2021年年度报告,http://www.cninfo.com.cn/new/disclosure/detail?stockCode=600073&announcementId=1212724307&orgId=gssh0600073&announcementTime=2022-03-30,2022-03-31,2022-07-01,0.091525
600075,新疆天业,2021,2022-04-22,新疆天业股份有限公司2021年度报告,http://www.cninfo.com.cn/new/disclosure/detail?stockCode=600075&announcementId=1213024622&orgId=gssh0600075&announcementTime=2022-04-22,2022-04-25,2022-07-22,0.004915
600076,康欣新材,2021,2022-04-02,2021年度年报全文,http://www.cninfo.com.cn/new/disclosure/detail?stockCode=600076&announcementId=1212810718&orgId=gssh0600076&announcementTime=2022-04-02,2022-04-06,2022-07-05,-0.095772
600078,澄星股份,2021,2022-04-30,澄星股份2021年年度报告,http://www.cninfo.com.cn/new/disclosure/detail?stockCode=600078&announcementId=1213268100&orgId=gssh0600078&announcementTime=2022-04-30,2022-05-05,2022-07-29,0.360381
600079,ST人福,2021,2022-04-28,人福医药2021年年度报告,http://www.cninfo.com.cn/new/disclosure/detail?stockCode=600079&announcementId=1213167230&orgId=gssh0600079&announcementTime=2022-04-28,2022-04-29,2022-07-28,0.283735
600080,金花股份,2021,2022-04-22,金花企业（集团）股份有限公司2021年年度报告,http://www.cninfo.com.cn/new/disclosure/detail?stockCode=600080&announcementId=1213016129&orgId=gssh0600080&announcementTime=2022-04-22,2022-04-25,2022-07-22,0.100315
600081,东风科技,2021,2022-03-31,东风电子科技股份有限公司2021年年度报告,http://www.cninfo.com.cn/new/disclosure/detail?stockCode=600081&announcementId=1212740365&orgId=gssh0600081&announcementTime=2022-03-31,2022-04-01,2022-07-04,0.0753
600082,海泰发展,2021,2022-04-30,天津海泰科技发展股份有限公司2021年年度报告,http://www.cninfo.com.cn/new/disclosure/detail?stockCode=600082&announcementId=1213268123&orgId=gssh0600082&announcementTime=2022-04-30,2022-05-05,2022-07-29,-0.056312
600084,中信尼雅,2021,2022-04-26,中信国安葡萄酒业股份有限公司2021年年度报告,http://www.cninfo.com.cn/new/disclosure/detail?stockCode=600084&announcementId=1213101451&orgId=gssh0600084&announcementTime=2022-04-26,2022-04-27,2022-07-27,0.297714
600085,同仁堂,2021,2022-03-26,同仁堂2021年年度报告,http://www.cninfo.com.cn/new/disclosure/detail?stockCode=600085&announcementId=1212687620&orgId=gssh0600085&announcementTime=2022-03-26,2022-03-28,2022-06-28,0.278001
600089,特变电工,2021,2022-04-12,特变电工股份有限公司2021年年度报告,http://www.cninfo.com.cn/new/disclosure/detail?stockCode=600089&announcementId=1219211557&orgId=gssh0600089&announcementTime=2022-04-12,2022-04-13,2022-07-12,0.459202
600088,中视传媒,2021,2022-04-16,中视传媒股份有限公司2021年年度报告,http://www.cninfo.com.cn/new/disclosure/detail?stockCode=600088&announcementId=1212940490&orgId=gssh0600088&announcementTime=2022-04-16,2022-04-18,2022-07-15,-0.016744
600094,大名城,2021,2022-04-30,大名城2021年年度报告,http://www.cninfo.com.cn/new/disclosure/detail?stockCode=600094&announcementId=1213255431&orgId=gssh0600094&announcementTime=2022-04-30,2022-05-05,2022-07-29,0.01573
600095,湘财股份,2021,2022-04-28,湘财股份2021年年度报告全文,http://www.cninfo.com.cn/new/disclosure/detail?stockCode=600095&announcementId=1213175162&orgId=gssh0600095&announcementTime=2022-04-28,2022-04-29,2022-07-28,0.105
600096,云天化,2021,2022-03-31,云天化2021年年度报告,http://www.cninfo.com.cn/new/disclosure/detail?stockCode=600096&announcementId=1212748180&orgId=gssh0600096&announcementTime=2022-03-31,2022-04-01,2022-07-04,0.336738
600098,广州发展,2021,2022-04-09,广州发展集团股份有限公司2021年年度报告,http://www.cninfo.com.cn/new/disclosure/detail?stockCode=600098&announcementId=1212858115&orgId=gssh0600098&announcementTime=2022-04-09,2022-04-11,2022-07-08,0.005476
600097,开创国际,2021,2022-04-01,开创国际2021年年度报告,http://www.cninfo.com.cn/new/disclosure/detail?stockCode=600097&announcementId=1212764262&orgId=gssh0600097&announcementTime=2022-04-01,2022-04-06,2022-07-05,-0.161677
600100,同方股份,2021,2022-04-28,同方股份有限公司2021年年度报告,http://www.cninfo.com.cn/new/disclosure/detail?stockCode=600100&announcementId=1213178161&orgId=gssh0600100&announcementTime=2022-04-28,2022-04-29,2022-07-28,0.111034
600099,林海股份,2021,2022-04-27,林海股份有限公司2021年年度报告,http://www.cninfo.com.cn/new/disclosure/detail?stockCode=600099&announcementId=1213131934&orgId=gssh0600099&announcementTime=2022-04-27,2022-04-28,2022-07-27,0.263852
600101,明星电力,2021,2022-03-31,四川明星电力股份有限公司2021年年度报告,http://www.cninfo.com.cn/new/disclosure/detail?stockCode=600101&announcementId=1212751102&orgId=gssh0600101&announcementTime=2022-03-31,2022-04-01,2022-07-04,0.40892
600103,青山纸业,2021,2022-03-29,2021年年度报告,http://www.cninfo.com.cn/new/disclosure/detail?stockCode=600103&announcementId=1212708146&orgId=gssh0600103&announcementTime=2022-03-29,2022-03-30,2022-06-30,-0.046165
600104,上汽集团,2021,2022-04-30,上汽集团2021年年度报告,http://www.cninfo.com.cn/new/disclosure/detail?stockCode=600104&announcementId=1213268172&orgId=gssh0600104&announcementTime=2022-04-30,2022-05-05,2022-07-29,0.041498
600105,永鼎股份,2021,2022-04-26,永鼎股份2021年年度报告,http://www.cninfo.com.cn/new/disclosure/detail?stockCode=600105&announcementId=1213107801&orgId=gssh0600105&announcementTime=2022-04-26,2022-04-27,2022-07-26,0.334521
600106,重庆路桥,2021,2022-04-15,重庆路桥股份有限公司2021年年度报告,http://www.cninfo.com.cn/new/disclosure/detail?stockCode=600106&announcementId=1212920570&orgId=gssh0600106&announcementTime=2022-04-15,2022-04-18,2022-07-15,-0.008862
600107,ST尔雅,2021,2022-04-29,湖北美尔雅股份有限公司2021年年度报告,http://www.cninfo.com.cn/new/disclosure/detail?stockCode=600107&announcementId=1213204458&orgId=gssh0600107&announcementTime=2022-04-29,2022-05-05,2022-07-29,0.240768
600108,亚盛集团,2021,2022-04-20,亚盛集团2021年年度报告,http://www.cninfo.com.cn/new/disclosure/detail?stockCode=600108&announcementId=1212981327&orgId=gssh0600108&announcementTime=2022-04-20,2022-04-21,2022-07-20,-0.130115
600109,国金证券,2021,2022-04-29,国金证券股份有限公司2021年年度报告,http://www.cninfo.com.cn/new/disclosure/detail?stockCode=600109&announcementId=1213222817&orgId=gssh0600109&announcementTime=2022-04-29,2022-05-05,2022-07-29,0.04534
600110,诺德股份,2021,2022-04-19,诺德投资股份有限公司2021年年度报告,http://www.cninfo.com.cn/new/disclosure/detail?stockCode=600110&announcementId=1212965786&orgId=gssh0600110&announcementTime=2022-04-19,2022-04-20,2022-07-19,0.16052
600111,北方稀土,2021,2022-04-15,北方稀土2021年度报告全文,http://www.cninfo.com.cn/new/disclosure/detail?stockCode=600111&announcementId=1212920574&orgId=gssh0600111&announcementTime=2022-04-15,2022-04-18,2022-07-15,-0.082387
600113,浙江东日,2021,2022-03-12,浙江东日股份有限公司2021年年度报告（全文）,http://www.cninfo.com.cn/new/disclosure/detail?stockCode=600113&announcementId=1212549840&orgId=gssh0600113&announcementTime=2022-03-12,2022-03-14,2022-06-14,-0.178378
600114,东睦股份,2021,2022-04-23,东睦股份2021年年度报告,http://www.cninfo.com.cn/new/disclosure/detail?stockCode=600114&announcementId=1213045939&orgId=gssh0600114&announcementTime=2022-04-23,2022-04-25,2022-07-22,0.479138
600116,三峡水利,2021,2022-04-28,重庆三峡水利电力（集团）股份有限公司2021年年度报告,http://www.cninfo.com.cn/new/disclosure/detail?stockCode=600116&announcementId=1213175228&orgId=gssh0600116&announcementTime=2022-04-28,2022-04-29,2022-07-28,0.208535
600115,中国东航,2021,2022-03-31,中国东方航空股份有限公司2021年度报告,http://www.cninfo.com.cn/new/disclosure/detail?stockCode=600115&announcementId=1212751777&orgId=gssh0600115&announcementTime=2022-03-31,2022-04-01,2022-07-04,0.114907
600117,西宁特钢,2021,2022-04-30,西宁特殊钢股份公司2021年年度报告,http://www.cninfo.com.cn/new/disclosure/detail?stockCode=600117&announcementId=1213268237&orgId=gssh0600117&announcementTime=2022-04-30,2022-05-05,2022-07-29,0.152888
600118,中国卫星,2021,2022-03-31,中国东方红卫星股份有限公司2021年年度报告,http://www.cninfo.com.cn/new/disclosure/detail?stockCode=600118&announcementId=1212751116&orgId=gssh0600118&announcementTime=2022-03-31,2022-04-01,2022-07-04,-0.073616
600120,浙江东方,2021,2022-04-28,浙江东方金融控股集团股份有限公司2021年年度报告,http://www.cninfo.com.cn/new/disclosure/detail?stockCode=600120&announcementId=1213167296&orgId=gssh0600120&announcementTime=2022-04-28,2022-04-29,2022-07-28,0.127958
600119,长江投资,2021,2022-04-28,长江投资：2021年年度报告,http://www.cninfo.com.cn/new/disclosure/detail?stockCode=600119&announcementId=1213163250&orgId=gssh0600119&announcementTime=2022-04-28,2022-04-29,2022-07-28,0.043956
600123,兰花科创,2021,2022-04-26,兰花科创2021年度报告,http://www.cninfo.com.cn/new/disclosure/detail?stockCode=600123&announcementId=1213099951&orgId=gssh0600123&announcementTime=2022-04-26,2022-04-27,2022-07-26,0.245152
600121,郑州煤电,2021,2022-04-19,郑州煤电股份有限公司2021年年度报告,http://www.cninfo.com.cn/new/disclosure/detail?stockCode=600121&announcementId=1212961386&orgId=gssh0600121&announcementTime=2022-04-19,2022-04-20,2022-07-19,0.294981
600125,铁龙物流,2021,2022-04-09,中铁铁龙集装箱物流股份有限公司2021年年度报告,http://www.cninfo.com.cn/new/disclosure/detail?stockCode=600125&announcementId=1212853362&orgId=gssh0600125&announcementTime=2022-04-09,2022-04-11,2022-07-08,-0.019282
600126,杭钢股份,2021,2022-04-09,杭州钢铁股份有限公司2021年年度报告,http://www.cninfo.com.cn/new/disclosure/detail?stockCode=600126&announcementId=1212853925&orgId=gssh0600126&announcementTime=2022-04-09,2022-04-11,2022-07-08,-0.094351
600127,金健米业,2021,2022-03-31,金健米业2021年年度报告全文,http://www.cninfo.com.cn/new/disclosure/detail?stockCode=600127&announcementId=1212748210&orgId=gssh0600127&announcementTime=2022-03-31,2022-04-01,2022-07-04,-0.008313
600128,苏豪弘业,2021,2022-04-16,弘业股份2021年年度报告,http://www.cninfo.com.cn/new/disclosure/detail?stockCode=600128&announcementId=1212941346&orgId=gssh0600128&announcementTime=2022-04-16,2022-04-18,2022-07-15,0.047859
600129,太极集团,2021,2022-03-31,太极集团2021年年度报告,http://www.cninfo.com.cn/new/disclosure/detail?stockCode=600129&announcementId=1212751154&orgId=gssh0600129&announcementTime=2022-03-31,2022-04-01,2022-07-04,0.07189
600131,国网信通,2021,2022-04-22,国网信息通信股份有限公司2021年年度报告,http://www.cninfo.com.cn/new/disclosure/detail?stockCode=600131&announcementId=1213023981&orgId=gssh0600131&announcementTime=2022-04-22,2022-04-25,2022-07-22,0.335708
600130,*ST波导,2021,2022-03-29,波导股份2021年年度报告,http://www.cninfo.com.cn/new/disclosure/detail?stockCode=600130&announcementId=1212704859&orgId=gssh0600130&announcementTime=2022-03-29,2022-03-30,2022-06-30,-0.002591
600133,东湖高新,2021,2022-04-30,东湖高新2021年年度报告,http://www.cninfo.com.cn/new/disclosure/detail?stockCode=600133&announcementId=1213268272&orgId=gssh0600133&announcementTime=2022-04-30,2022-05-05,2022-07-29,0.170445
600132,重庆啤酒,2021,2022-04-02,重庆啤酒股份有限公司2021年年度报告,http://www.cninfo.com.cn/new/disclosure/detail?stockCode=600132&announcementId=1212810235&orgId=gssh0600132&announcementTime=2022-04-02,2022-04-06,2022-07-05,0.285231
600136,ST明诚,2021,2022-04-30,武汉当代明诚文化体育集团股份有限公司2021年年度报告,http://www.cninfo.com.cn/new/disclosure/detail?stockCode=600136&announcementId=1213268318&orgId=gssh0600136&announcementTime=2022-04-30,2022-05-06,2022-08-01,-0.386621
600135,乐凯胶片,2021,2022-03-31,乐凯胶片股份有限公司2021年年度报告,http://www.cninfo.com.cn/new/disclosure/detail?stockCode=600135&announcementId=1212753953&orgId=gssh0600135&announcementTime=2022-03-31,2022-04-01,2022-07-04,0.072882
600137,浪莎股份,2021,2022-04-26,浪莎股份2021年度报告,http://www.cninfo.com.cn/new/disclosure/detail?stockCode=600137&announcementId=1213101469&orgId=gssh0600137&announcementTime=2022-04-26,2022-04-27,2022-07-26,-0.066189
600138,中青旅,2021,2022-03-31,中青旅2021年年度报告,http://www.cninfo.com.cn/new/disclosure/detail?stockCode=600138&announcementId=1212748248&orgId=gssh0600138&announcementTime=2022-03-31,2022-04-01,2022-07-04,-0.012253
600141,兴发集团,2021,2022-03-22,湖北兴发化工集团股份有限公司2021年度报告,http://www.cninfo.com.cn/new/disclosure/detail?stockCode=600141&announcementId=1212633075&orgId=gssh0600141&announcementTime=2022-03-22,2022-03-23,2022-06-23,0.195511
600143,金发科技,2021,2022-04-26,金发科技2021年年度报告,http://www.cninfo.com.cn/new/disclosure/detail?stockCode=600143&announcementId=1213110670&orgId=gssh0600143&announcementTime=2022-04-26,2022-04-27,2022-07-26,0.316851
600148,长春一东,2021,2022-04-29,长春一东2021年年度报告,http://www.cninfo.com.cn/new/disclosure/detail?stockCode=600148&announcementId=1213196900&orgId=gssh0600148&announcementTime=2022-04-29,2022-05-05,2022-07-29,0.253135
600149,廊坊发展,2021,2022-04-23,廊坊发展股份有限公司2021年年度报告全文,http://www.cninfo.com.cn/new/disclosure/detail?stockCode=600149&announcementId=1213054194&orgId=gssh0600149&announcementTime=2022-04-23,2022-04-25,2022-07-22,0.213415
600150,中国船舶,2021,2022-04-29,中国船舶2021年年度报告,http://www.cninfo.com.cn/new/disclosure/detail?stockCode=600150&announcementId=1213222874&orgId=gssh0600150&announcementTime=2022-04-29,2022-05-05,2022-07-29,0.507114
600151,航天机电,2021,2022-03-18,2021年年度报告,http://www.cninfo.com.cn/new/disclosure/detail?stockCode=600151&announcementId=1212605767&orgId=gssh0600151&announcementTime=2022-03-18,2022-03-21,2022-06-21,0.052881
600152,维科技术,2021,2022-04-26,维科技术2021年年度报告,http://www.cninfo.com.cn/new/disclosure/detail?stockCode=600152&announcementId=1213098415&orgId=gssh0600152&announcementTime=2022-04-26,2022-04-27,2022-07-26,0.694015
600153,建发股份,2021,2022-04-19,建发股份2021年年度报告,http://www.cninfo.com.cn/new/disclosure/detail?stockCode=600153&announcementId=1212963559&orgId=gssh0600153&announcementTime=2022-04-19,2022-04-20,2022-07-19,-0.089913
600155,华创云信,2021,2022-04-29,华创阳安2021年年度报告,http://www.cninfo.com.cn/new/disclosure/detail?stockCode=600155&announcementId=1213222897&orgId=gssh0600155&announcementTime=2022-04-29,2022-05-05,2022-07-29,0.050924
600156,华升股份,2021,2022-04-21,华升股份2021年年度报告,http://www.cninfo.com.cn/new/disclosure/detail?stockCode=600156&announcementId=1212995642&orgId=gssh0600156&announcementTime=2022-04-21,2022-04-22,2022-07-21,0.065292
600157,永泰能源,2021,2022-04-26,永泰能源股份有限公司2021年年度报告,http://www.cninfo.com.cn/new/disclosure/detail?stockCode=600157&announcementId=1213121089&orgId=gssh0600157&announcementTime=2022-04-26,2022-04-27,2022-07-26,0.18486
600158,中体产业,2021,2022-04-26,中体产业2021年年度报告,http://www.cninfo.com.cn/new/disclosure/detail?stockCode=600158&announcementId=1213104049&orgId=gssh0600158&announcementTime=2022-04-26,2022-04-27,2022-07-26,0.224201
600159,大龙地产,2021,2022-04-16,2021年年度报告,http://www.cninfo.com.cn/new/disclosure/detail?stockCode=600159&announcementId=1212940679&orgId=gssh0600159&announcementTime=2022-04-16,2022-04-18,2022-07-15,-0.21712
600160,巨化股份,2021,2022-04-22,巨化股份2021年年度报告,http://www.cninfo.com.cn/new/disclosure/detail?stockCode=600160&announcementId=1213021705&orgId=gssh0600160&announcementTime=2022-04-22,2022-04-25,2022-07-22,0.31546
600161,天坛生物,2021,2022-04-26,天坛生物2021年年度报告,http://www.cninfo.com.cn/new/disclosure/detail?stockCode=600161&announcementId=1213101479&orgId=gssh0600161&announcementTime=2022-04-26,2022-04-27,2022-07-26,0.329201
600162,香江控股,2021,2022-04-29,香江控股2021年年度报告全文,http://www.cninfo.com.cn/new/disclosure/detail?stockCode=600162&announcementId=1213222920&orgId=gssh0600162&announcementTime=2022-04-29,2022-05-05,2022-07-29,-0.147453
600163,中闽能源,2021,2022-04-22,中闽能源2021年年度报告,http://www.cninfo.com.cn/new/disclosure/detail?stockCode=600163&announcementId=1213021817&orgId=gssh0600163&announcementTime=2022-04-22,2022-04-25,2022-07-22,-0.034464
600165,ST宁科,2021,2022-04-27,新日恒力2021年年度报告,http://www.cninfo.com.cn/new/disclosure/detail?stockCode=600165&announcementId=1213147395&orgId=gssh0600165&announcementTime=2022-04-27,2022-04-28,2022-07-27,0.444886
600166,福田汽车,2021,2022-04-30,2021年度报告全文,http://www.cninfo.com.cn/new/disclosure/detail?stockCode=600166&announcementId=1213268378&orgId=gssh0600166&announcementTime=2022-04-30,2022-05-05,2022-07-29,0.296761
600167,联美控股,2021,2022-04-29,联美量子股份有限公司2021年年度报告,http://www.cninfo.com.cn/new/disclosure/detail?stockCode=600167&announcementId=1213210652&orgId=gssh0600167&announcementTime=2022-04-29,2022-05-05,2022-07-29,0.103396
600168,武汉控股,2021,2022-03-19,武汉三镇实业控股股份有限公司2021年年度报告,http://www.cninfo.com.cn/new/disclosure/detail?stockCode=600168&announcementId=1212624564&orgId=gssh0600168&announcementTime=2022-03-19,2022-03-21,2022-06-21,-0.12425
600169,ST太重,2021,2022-04-28,太原重工2021年年度报告全文,http://www.cninfo.com.cn/new/disclosure/detail?stockCode=600169&announcementId=1213175238&orgId=gssh0600169&announcementTime=2022-04-28,2022-04-29,2022-07-28,0.436002
600170,上海建工,2021,2022-04-18,上海建工2021年年度报告,http://www.cninfo.com.cn/new/disclosure/detail?stockCode=600170&announcementId=1212951435&orgId=gssh0600170&announcementTime=2022-04-18,2022-04-19,2022-07-18,-0.095652
600171,上海贝岭,2021,2022-03-29,上海贝岭2021年年度报告,http://www.cninfo.com.cn/new/disclosure/detail?stockCode=600171&announcementId=1212705965&orgId=gssh0600171&announcementTime=2022-03-29,2022-03-30,2022-06-30,0.266269
600172,黄河旋风,2021,2022-04-23,河南黄河旋风股份有限公司2021年年度报告,http://www.cninfo.com.cn/new/disclosure/detail?stockCode=600172&announcementId=1213060122&orgId=gssh0600172&announcementTime=2022-04-23,2022-04-25,2022-07-22,0.017562
600173,卧龙新能,2021,2022-04-13,卧龙地产2021年年度报告,http://www.cninfo.com.cn/new/disclosure/detail?stockCode=600173&announcementId=1212898682&orgId=gssh0600173&announcementTime=2022-04-13,2022-04-14,2022-07-13,-0.095205
600176,中国巨石,2021,2022-03-19,中国巨石2021年年度报告,http://www.cninfo.com.cn/new/disclosure/detail?stockCode=600176&announcementId=1212627223&orgId=gssh0600176&announcementTime=2022-03-19,2022-03-21,2022-06-21,0.073167
600177,雅戈尔,2021,2022-04-26,雅戈尔2021年年度报告,http://www.cninfo.com.cn/new/disclosure/detail?stockCode=600177&announcementId=1213101544&orgId=gssh0600177&announcementTime=2022-04-26,2022-04-27,2022-07-26,0.091833
600178,东安动力,2021,2022-03-15,东安动力2021年年度报告,http://www.cninfo.com.cn/new/disclosure/detail?stockCode=600178&announcementId=1212568831&orgId=gssh0600178&announcementTime=2022-03-15,2022-03-16,2022-06-16,-0.020548
600179,安通控股,2021,2022-04-30,2021年年度报告,http://www.cninfo.com.cn/new/disclosure/detail?stockCode=600179&announcementId=1213268401&orgId=gssh0600179&announcementTime=2022-04-30,2022-05-05,2022-07-29,0.144284
600180,瑞茂通,2021,2022-04-28,瑞茂通2021年年度报告,http://www.cninfo.com.cn/new/disclosure/detail?stockCode=600180&announcementId=1213175303&orgId=gssh0600180&announcementTime=2022-04-28,2022-04-29,2022-07-28,-0.096841
600182,S佳通,2021,2022-04-29,佳通轮胎股份有限公司2021年年度报告,http://www.cninfo.com.cn/new/disclosure/detail?stockCode=600182&announcementId=1213222962&orgId=gssh0600182&announcementTime=2022-04-29,2022-05-05,2022-07-29,0.746078
600183,生益科技,2021,2022-03-29,生益科技2021年年度报告,http://www.cninfo.com.cn/new/disclosure/detail?stockCode=600183&announcementId=1212709283&orgId=gssh0600183&announcementTime=2022-03-29,2022-03-30,2022-06-30,0.078295
600184,光电股份,2021,2022-03-31,北方光电股份有限公司2021年年度报告,http://www.cninfo.com.cn/new/disclosure/detail?stockCode=600184&announcementId=1212751222&orgId=gssh0600184&announcementTime=2022-03-31,2022-04-01,2022-07-04,-0.01246
600185,珠免集团,2021,2022-04-30,2021年年度报告,http://www.cninfo.com.cn/new/disclosure/detail?stockCode=600185&announcementId=1213268446&orgId=gssh0600185&announcementTime=2022-04-30,2022-05-05,2022-07-29,0.154611
600186,莲花控股,2021,2022-04-30,莲花健康2021年年度报告,http://www.cninfo.com.cn/new/disclosure/detail?stockCode=600186&announcementId=1213268461&orgId=gssh0600186&announcementTime=2022-04-30,2022-05-05,2022-07-29,0.164292
600187,国中水务,2021,2022-04-30,2021年年度报告,http://www.cninfo.com.cn/new/disclosure/detail?stockCode=600187&announcementId=1213268505&orgId=gssh0600187&announcementTime=2022-04-30,2022-05-05,2022-07-29,0.257436
600188,兖矿能源,2021,2022-03-31,兖矿能源集团股份有限公司2021年年度报告,http://www.cninfo.com.cn/new/disclosure/detail?stockCode=600188&announcementId=1212754364&orgId=gssh0600188&announcementTime=2022-03-31,2022-04-01,2022-07-04,0.028665
600189,泉阳泉,2021,2022-04-30,2021年年报全文,http://www.cninfo.com.cn/new/disclosure/detail?stockCode=600189&announcementId=1213268549&orgId=gssh0600189&announcementTime=2022-04-30,2022-05-05,2022-07-29,0.285803
600191,华资实业,2021,2022-04-30,华资实业2021年年度报告,http://www.cninfo.com.cn/new/disclosure/detail?stockCode=600191&announcementId=1213268561&orgId=gssh0600191&announcementTime=2022-04-30,2022-05-05,2022-07-29,0.152157
600192,长城电工,2021,2022-04-09,长城电工2021年年度报告,http://www.cninfo.com.cn/new/disclosure/detail?stockCode=600192&announcementId=1212855840&orgId=gssh0600192&announcementTime=2022-04-09,2022-04-11,2022-07-08,0.104978
600193,*ST创兴,2021,2022-03-31,上海创兴资源开发股份有限公司2021年年度报告,http://www.cninfo.com.cn/new/disclosure/detail?stockCode=600193&announcementId=1212754691&orgId=gssh0600193&announcementTime=2022-03-31,2022-04-01,2022-07-04,-0.032898
600196,复星医药,2021,2022-03-23,复星医药2021年年度报告,http://www.cninfo.com.cn/new/disclosure/detail?stockCode=600196&announcementId=1212645084&orgId=gssh0600196&announcementTime=2022-03-23,2022-03-24,2022-06-24,-0.124599
600195,中牧股份,2021,2022-04-15,中牧实业股份有限公司2021年年度报告全文,http://www.cninfo.com.cn/new/disclosure/detail?stockCode=600195&announcementId=1212920624&orgId=gssh0600195&announcementTime=2022-04-15,2022-04-18,2022-07-15,0.060433
600198,大唐电信,2021,2022-04-08,大唐电信科技股份有限公司2021年年度报告,http://www.cninfo.com.cn/new/disclosure/detail?stockCode=600198&announcementId=1212839775&orgId=gssh0600198&announcementTime=2022-04-08,2022-04-11,2022-07-11,-0.148095
600197,伊力特,2021,2022-04-28,新疆伊力特实业股份有限公司2021年年度报告,http://www.cninfo.com.cn/new/disclosure/detail?stockCode=600197&announcementId=1213167311&orgId=gssh0600197&announcementTime=2022-04-28,2022-04-29,2022-07-28,0.170729
600199,金种子酒,2021,2022-04-30,2021年年度报告,http://www.cninfo.com.cn/new/disclosure/detail?stockCode=600199&announcementId=1213268611&orgId=gssh0600199&announcementTime=2022-04-30,2022-05-05,2022-07-29,-0.005908
600201,生物股份,2021,2022-04-22,金宇生物技术股份有限公司2021年年度报告,http://www.cninfo.com.cn/new/disclosure/detail?stockCode=600201&announcementId=1213028005&orgId=gssh0600201&announcementTime=2022-04-22,2022-04-25,2022-07-22,-0.03123
600202,哈空调,2021,2022-03-28,哈尔滨空调股份有限公司2021年年度报告,http://www.cninfo.com.cn/new/disclosure/detail?stockCode=600202&announcementId=1212698733&orgId=gssh0600202&announcementTime=2022-03-28,2022-03-29,2022-06-29,-0.024263
600203,福日电子,2021,2022-04-29,福日电子2021年年度报告,http://www.cninfo.com.cn/new/disclosure/detail?stockCode=600203&announcementId=1213204515&orgId=gssh0600203&announcementTime=2022-04-29,2022-05-05,2022-07-29,0.087273
600206,有研新材,2021,2022-04-16,有研新材2021年年度报告,http://www.cninfo.com.cn/new/disclosure/detail?stockCode=600206&announcementId=1212940689&orgId=gssh0600206&announcementTime=2022-04-16,2022-04-18,2022-07-15,0.183041
600207,安彩高科,2021,2022-03-17,安彩高科2021年年度报告,http://www.cninfo.com.cn/new/disclosure/detail?stockCode=600207&announcementId=1212592431&orgId=gssh0600207&announcementTime=2022-03-17,2022-03-18,2022-06-20,0.144778
600208,衢州发展,2021,2022-04-30,2021年年度报告,http://www.cninfo.com.cn/new/disclosure/detail?stockCode=600208&announcementId=1213268640&orgId=gssh0600208&announcementTime=2022-04-30,2022-05-05,2022-07-29,-0.033054
600210,紫江企业,2021,2022-03-19,上海紫江企业集团股份有限公司2021年年度报告,http://www.cninfo.com.cn/new/disclosure/detail?stockCode=600210&announcementId=1212627008&orgId=gssh0600210&announcementTime=2022-03-19,2022-03-21,2022-06-21,-0.041546
600211,西藏药业,2021,2022-03-12,西藏诺迪康药业股份有限公司2021年年度报告全文,http://www.cninfo.com.cn/new/disclosure/detail?stockCode=600211&announcementId=1212547573&orgId=gssh0600211&announcementTime=2022-03-12,2022-03-14,2022-06-14,-0.075262
600212,绿能慧充,2021,2022-03-11,山东江泉实业股份有限公司2021年年度报告,http://www.cninfo.com.cn/new/disclosure/detail?stockCode=600212&announcementId=1212540636&orgId=gssh0600212&announcementTime=2022-03-11,2022-03-14,2022-06-14,0.055782
600215,派斯林,2021,2022-04-30,派斯林2021年年度报告,http://www.cninfo.com.cn/new/disclosure/detail?stockCode=600215&announcementId=1213268675&orgId=gssh0600215&announcementTime=2022-04-30,2022-05-05,2022-07-29,0.194724
600216,浙江医药,2021,2022-04-27,浙江医药2021年年度报告,http://www.cninfo.com.cn/new/disclosure/detail?stockCode=600216&announcementId=1213133452&orgId=gssh0600216&announcementTime=2022-04-27,2022-04-28,2022-07-27,0.165317
600217,中再资环,2021,2022-04-23,中再资环2021年年度报告,http://www.cninfo.com.cn/new/disclosure/detail?stockCode=600217&announcementId=1213048046&orgId=gssh0600217&announcementTime=2022-04-23,2022-04-25,2022-07-22,0.033195
600218,全柴动力,2021,2022-03-26,全柴动力2021年度报告,http://www.cninfo.com.cn/new/disclosure/detail?stockCode=600218&announcementId=1212684499&orgId=gssh0600218&announcementTime=2022-03-26,2022-03-28,2022-06-28,-0.022591
600219,南山铝业,2021,2022-03-31,山东南山铝业股份有限公司2021年年度报告,http://www.cninfo.com.cn/new/disclosure/detail?stockCode=600219&announcementId=1212742710&orgId=gssh0600219&announcementTime=2022-03-31,2022-04-01,2022-07-04,-0.068729
600221,海航控股,2021,2022-04-30,*ST海航：2021年年度报告,http://www.cninfo.com.cn/new/disclosure/detail?stockCode=600221&announcementId=1213268700&orgId=gssh0600221&announcementTime=2022-04-30,2022-05-05,2022-08-01,-0.22242
600222,太龙药业,2021,2022-04-20,太龙药业2021年年度报告,http://www.cninfo.com.cn/new/disclosure/detail?stockCode=600222&announcementId=1212977696&orgId=gssh0600222&announcementTime=2022-04-20,2022-04-21,2022-07-20,-0.109682
600223,福瑞达,2021,2022-04-15,鲁商健康产业发展股份有限公司2021年年度报告,http://www.cninfo.com.cn/new/disclosure/detail?stockCode=600223&announcementId=1212922857&orgId=gssh0600223&announcementTime=2022-04-15,2022-04-18,2022-07-15,-0.198258
600226,亨通股份,2021,2022-04-28,浙江瀚叶股份有限公司2021年年度报告,http://www.cninfo.com.cn/new/disclosure/detail?stockCode=600226&announcementId=1213178194&orgId=gssh0600226&announcementTime=2022-04-28,2022-04-29,2022-07-28,0.128407
600227,赤天化,2021,2022-04-23,贵州圣济堂医药产业股份有限公司2021年年度报告,http://www.cninfo.com.cn/new/disclosure/detail?stockCode=600227&announcementId=1213055608&orgId=gssh0600227&announcementTime=2022-04-23,2022-04-25,2022-07-22,-0.034992
600229,城市传媒,2021,2022-04-26,青岛城市传媒股份有限公司2021年年度报告,http://www.cninfo.com.cn/new/disclosure/detail?stockCode=600229&announcementId=1213104061&orgId=gssh0600229&announcementTime=2022-04-26,2022-04-27,2022-07-26,0.124048
600228,*ST返利,2021,2022-04-30,返利网数字科技股份有限公司2021年年度报告,http://www.cninfo.com.cn/new/disclosure/detail?stockCode=600228&announcementId=1213268739&orgId=gssh0600228&announcementTime=2022-04-30,2022-05-05,2022-07-29,-0.020251
600231,凌钢股份,2021,2022-03-02,凌源钢铁股份有限公司2021年年度报告,http://www.cninfo.com.cn/new/disclosure/detail?stockCode=600231&announcementId=1212479156&orgId=gssh0600231&announcementTime=2022-03-02,2022-03-03,2022-06-02,0.008434
600230,沧州大化,2021,2022-04-22,沧州大化股份有限公司2021年年度报告,http://www.cninfo.com.cn/new/disclosure/detail?stockCode=600230&announcementId=1213021870&orgId=gssh0600230&announcementTime=2022-04-22,2022-04-25,2022-07-22,0.060972
600232,金鹰股份,2021,2022-03-22,600232_2021年_年度报告.docx,http://www.cninfo.com.cn/new/disclosure/detail?stockCode=600232&announcementId=1212632505&orgId=gssh0600232&announcementTime=2022-03-22,2022-03-23,2022-06-23,-0.00057
600233,圆通速递,2021,2022-04-27,圆通速递股份有限公司2021年年度报告,http://www.cninfo.com.cn/new/disclosure/detail?stockCode=600233&announcementId=1213138514&orgId=gssh0600233&announcementTime=2022-04-27,2022-04-28,2022-07-27,0.163408
600234,科新发展,2021,2022-04-29,山西科新发展股份有限公司2021年年度报告,http://www.cninfo.com.cn/new/disclosure/detail?stockCode=600234&announcementId=1213211579&orgId=gssh0600234&announcementTime=2022-04-29,2022-05-05,2022-07-29,0.205834
600235,民丰特纸,2021,2022-03-31,民丰特纸2021年年度报告,http://www.cninfo.com.cn/new/disclosure/detail?stockCode=600235&announcementId=1212741567&orgId=gssh0600235&announcementTime=2022-03-31,2022-04-01,2022-07-04,-0.066667
600236,桂冠电力,2021,2022-04-28,广西桂冠电力股份有限公司2021年年度报告,http://www.cninfo.com.cn/new/disclosure/detail?stockCode=600236&announcementId=1213167376&orgId=gssh0600236&announcementTime=2022-04-28,2022-04-29,2022-07-28,0.124879
600237,铜峰电子,2021,2022-03-22,铜峰电子2021年年度报告,http://www.cninfo.com.cn/new/disclosure/detail?stockCode=600237&announcementId=1212632010&orgId=gssh0600237&announcementTime=2022-03-22,2022-03-23,2022-06-23,-0.034439
600238,*ST椰岛,2021,2022-04-26,海南椰岛2021年年度报告,http://www.cninfo.com.cn/new/disclosure/detail?stockCode=600238&announcementId=1213104103&orgId=gssh0600238&announcementTime=2022-04-26,2022-04-27,2022-07-26,0.199201
600239,云南城投,2021,2022-04-26,云南城投置业股份有限公司2021年年度报告全文,http://www.cninfo.com.cn/new/disclosure/detail?stockCode=600239&announcementId=1213110729&orgId=gssh0600239&announcementTime=2022-04-26,2022-04-27,2022-07-27,-0.005082
600241,时代万恒,2021,2022-04-22,辽宁时代万恒股份公司2021年年度报告,http://www.cninfo.com.cn/new/disclosure/detail?stockCode=600241&announcementId=1213016864&orgId=gssh0600241&announcementTime=2022-04-22,2022-04-25,2022-07-22,0.221033
600243,*ST海华,2021,2022-04-26,青海华鼎2021年年度报告,http://www.cninfo.com.cn/new/disclosure/detail?stockCode=600243&announcementId=1213107877&orgId=gssh0600243&announcementTime=2022-04-26,2022-04-27,2022-07-26,0.090247
600246,万通发展,2021,2022-04-16,2021年年度报告,http://www.cninfo.com.cn/new/disclosure/detail?stockCode=600246&announcementId=1212941123&orgId=gssh0600246&announcementTime=2022-04-16,2022-04-18,2022-07-15,-0.018155
600249,两面针,2021,2022-03-31,两面针2021年年度报告,http://www.cninfo.com.cn/new/disclosure/detail?stockCode=600249&announcementId=1212743381&orgId=gssh0600249&announcementTime=2022-03-31,2022-04-01,2022-07-04,-0.128012
600248,陕建股份,2021,2022-04-28,陕西建工集团股份有限公司2021年年度报告,http://www.cninfo.com.cn/new/disclosure/detail?stockCode=600248&announcementId=1213175642&orgId=gssh0600248&announcementTime=2022-04-28,2022-04-29,2022-07-28,-0.037579
600251,冠农股份,2021,2022-03-26,新疆冠农果茸股份有限公司2021年年度报告,http://www.cninfo.com.cn/new/disclosure/detail?stockCode=600251&announcementId=1212686903&orgId=gssh0600251&announcementTime=2022-03-26,2022-03-28,2022-06-28,0.106438
600250,南京商旅,2021,2022-04-30,南纺股份2021年年度报告,http://www.cninfo.com.cn/new/disclosure/detail?stockCode=600250&announcementId=1213268787&orgId=gssh0600250&announcementTime=2022-04-30,2022-05-05,2022-07-29,0.148936
600255,鑫科材料,2021,2022-03-02,鑫科材料2021年年度报告,http://www.cninfo.com.cn/new/disclosure/detail?stockCode=600255&announcementId=1212479906&orgId=gssh0600255&announcementTime=2022-03-02,2022-03-03,2022-06-02,-0.2
600252,中恒集团,2021,2022-04-18,广西梧州中恒集团股份有限公司2021年年度报告,http://www.cninfo.com.cn/new/disclosure/detail?stockCode=600252&announcementId=1212951769&orgId=gssh0600252&announcementTime=2022-04-18,2022-04-19,2022-07-18,-0.058968
600256,广汇能源,2021,2022-04-15,广汇能源股份有限公司2021年年度报告,http://www.cninfo.com.cn/new/disclosure/detail?stockCode=600256&announcementId=1212920642&orgId=gssh0600256&announcementTime=2022-04-15,2022-04-18,2022-07-15,0.101447
600257,大湖股份,2021,2022-04-30,大湖水殖股份有限公司2021年年度报告,http://www.cninfo.com.cn/new/disclosure/detail?stockCode=600257&announcementId=1213268819&orgId=gssh0600257&announcementTime=2022-04-30,2022-05-05,2022-07-29,0.04596
600258,首旅酒店,2021,2022-03-31,北京首旅酒店（集团）股份有限公司2021年年度报告,http://www.cninfo.com.cn/new/disclosure/detail?stockCode=600258&announcementId=1212751240&orgId=gssh0600258&announcementTime=2022-03-31,2022-04-01,2022-07-04,0.057564
600259,中稀有色,2021,2022-04-29,2021年年度报告,http://www.cninfo.com.cn/new/disclosure/detail?stockCode=600259&announcementId=1213224796&orgId=gssh0600259&announcementTime=2022-04-29,2022-05-05,2022-07-29,0.465558
600261,阳光照明,2021,2022-04-30,阳光照明2021年年度报告,http://www.cninfo.com.cn/new/disclosure/detail?stockCode=600261&announcementId=1213268872&orgId=gssh0600261&announcementTime=2022-04-30,2022-05-05,2022-07-29,0.153983
600262,北方股份,2021,2022-04-19,内蒙古北方重型汽车股份有限公司2021年年度报告,http://www.cninfo.com.cn/new/disclosure/detail?stockCode=600262&announcementId=1212964481&orgId=gssh0600262&announcementTime=2022-04-19,2022-04-20,2022-07-19,-0.023681
600265,ST景谷,2021,2022-04-27,2021年年度报告,http://www.cninfo.com.cn/new/disclosure/detail?stockCode=600265&announcementId=1213158895&orgId=gssh0600265&announcementTime=2022-04-28,2022-04-28,2022-07-28,0.07568
600266,城建发展,2021,2022-04-16,2021年年度报告,http://www.cninfo.com.cn/new/disclosure/detail?stockCode=600266&announcementId=1212942161&orgId=gssh0600266&announcementTime=2022-04-16,2022-04-18,2022-07-15,-0.253639
600268,国电南自,2021,2022-03-25,国电南自2021年度报告,http://www.cninfo.com.cn/new/disclosure/detail?stockCode=600268&announcementId=1212670209&orgId=gssh0600268&announcementTime=2022-03-25,2022-03-28,2022-06-28,0.085188
600267,海正药业,2021,2022-03-29,浙江海正药业股份有限公司2021年年度报告,http://www.cninfo.com.cn/new/disclosure/detail?stockCode=600267&announcementId=1212711413&orgId=gssh0600267&announcementTime=2022-03-29,2022-03-30,2022-06-30,-0.137506
600269,赣粤高速,2021,2022-03-29,赣粤高速2021年年度报告,http://www.cninfo.com.cn/new/disclosure/detail?stockCode=600269&announcementId=1212706282&orgId=gssh0600269&announcementTime=2022-03-29,2022-03-30,2022-06-30,-0.005544
600271,航天信息,2021,2022-03-31,航天信息股份有限公司2021年年度报告,http://www.cninfo.com.cn/new/disclosure/detail?stockCode=600271&announcementId=1212748278&orgId=gssh0600271&announcementTime=2022-03-31,2022-04-01,2022-07-04,-0.106446
600272,开开实业,2021,2022-01-28,2021年年度报告全文,http://www.cninfo.com.cn/new/disclosure/detail?stockCode=600272&announcementId=1212298165&orgId=gssh0600272&announcementTime=2022-01-28,2022-02-07,2022-05-09,-0.067851
600273,嘉化能源,2021,2022-03-30,嘉化能源：2021年年度报告,http://www.cninfo.com.cn/new/disclosure/detail?stockCode=600273&announcementId=1212731828&orgId=gssh0600273&announcementTime=2022-03-30,2022-03-31,2022-07-01,0.123782
600276,恒瑞医药,2021,2022-04-23,恒瑞医药2021年年度报告,http://www.cninfo.com.cn/new/disclosure/detail?stockCode=600276&announcementId=1213053755&orgId=gssh0600276&announcementTime=2022-04-23,2022-04-25,2022-07-22,0.298578
600278,东方创业,2021,2022-04-26,东方创业2021年年度报告全文,http://www.cninfo.com.cn/new/disclosure/detail?stockCode=600278&announcementId=1213107902&orgId=gssh0600278&announcementTime=2022-04-26,2022-04-27,2022-07-26,0.127072
600279,重庆港,2021,2022-03-26,重庆港2021年年度报告,http://www.cninfo.com.cn/new/disclosure/detail?stockCode=600279&announcementId=1212684347&orgId=gssh0600279&announcementTime=2022-03-26,2022-03-28,2022-06-28,-0.044465
600280,中央商场,2021,2022-04-28,南京中央商场（集团）股份有限公司2021年年度报告,http://www.cninfo.com.cn/new/disclosure/detail?stockCode=600280&announcementId=1213175663&orgId=gssh0600280&announcementTime=2022-04-28,2022-04-29,2022-07-28,0.016918
600281,华阳新材,2021,2022-04-20,华阳新材2021年年度报告,http://www.cninfo.com.cn/new/disclosure/detail?stockCode=600281&announcementId=1212984291&orgId=gssh0600281&announcementTime=2022-04-20,2022-04-21,2022-07-20,0.069296
600282,南钢股份,2021,2022-03-23,南京钢铁股份有限公司2021年年度报告,http://www.cninfo.com.cn/new/disclosure/detail?stockCode=600282&announcementId=1212644203&orgId=gssh0600282&announcementTime=2022-03-23,2022-03-24,2022-06-24,-0.065521
600283,钱江水利,2021,2022-04-20,钱江水利2021年度报告,http://www.cninfo.com.cn/new/disclosure/detail?stockCode=600283&announcementId=1212974302&orgId=gssh0600283&announcementTime=2022-04-20,2022-04-21,2022-07-20,0.197162
600284,浦东建设,2021,2022-03-22,浦东建设2021年年度报告,http://www.cninfo.com.cn/new/disclosure/detail?stockCode=600284&announcementId=1212632588&orgId=gssh0600284&announcementTime=2022-03-22,2022-03-23,2022-06-23,0.055061
600287,苏豪时尚,2021,2022-04-30,江苏舜天2021年年度报告,http://www.cninfo.com.cn/new/disclosure/detail?stockCode=600287&announcementId=1213268943&orgId=gssh0600287&announcementTime=2022-04-30,2022-05-05,2022-07-29,0.246161
600285,羚锐制药,2021,2022-04-26,羚锐制药2021年年度报告,http://www.cninfo.com.cn/new/disclosure/detail?stockCode=600285&announcementId=1213104121&orgId=gssh0600285&announcementTime=2022-04-26,2022-04-27,2022-07-26,0.226941
600289,ST信通,2021,2022-04-29,亿阳信通2021年年度报告,http://www.cninfo.com.cn/new/disclosure/detail?stockCode=600289&announcementId=1213224852&orgId=gssh0600289&announcementTime=2022-04-29,2022-05-05,2022-07-29,0.006745
600288,大恒科技,2021,2022-04-20,大恒新纪元科技股份有限公司2021年年度报告,http://www.cninfo.com.cn/new/disclosure/detail?stockCode=600288&announcementId=1212983609&orgId=gssh0600288&announcementTime=2022-04-20,2022-04-21,2022-07-20,0.271682
600292,电投水电,2021,2022-03-31,远达环保2021年年度报告全文,http://www.cninfo.com.cn/new/disclosure/detail?stockCode=600292&announcementId=1212741600&orgId=gssh0600292&announcementTime=2022-03-31,2022-04-01,2022-07-04,-0.0209
600293,三峡新材,2021,2022-04-29,2021年报,http://www.cninfo.com.cn/new/disclosure/detail?stockCode=600293&announcementId=1213223299&orgId=gssh0600293&announcementTime=2022-04-29,2022-05-05,2022-07-29,0.220192
600295,鄂尔多斯,2021,2022-04-15,内蒙古鄂尔多斯资源股份有限公司2021年年度报告,http://www.cninfo.com.cn/new/disclosure/detail?stockCode=600295&announcementId=1212920691&orgId=gssh0600295&announcementTime=2022-04-15,2022-04-18,2022-07-15,-0.150631
600298,安琪酵母,2021,2022-03-29,安琪酵母股份有限公司2021年年度报告,http://www.cninfo.com.cn/new/disclosure/detail?stockCode=600298&announcementId=1212711931&orgId=gssh0600298&announcementTime=2022-03-29,2022-03-30,2022-06-30,0.202059
600299,安迪苏,2021,2022-03-31,安迪苏2021年年度报告,http://www.cninfo.com.cn/new/disclosure/detail?stockCode=600299&announcementId=1212746107&orgId=gssh0600299&announcementTime=2022-03-31,2022-04-01,2022-07-04,0.042603
600301,华锡有色,2021,2022-04-13,南宁化工股份有限公司2021年年度报告,http://www.cninfo.com.cn/new/disclosure/detail?stockCode=600301&announcementId=1212896804&orgId=gssh0600301&announcementTime=2022-04-13,2022-04-14,2022-07-14,-0.276435
600300,维维股份,2021,2022-03-05,维维股份2021年年度报告,http://www.cninfo.com.cn/new/disclosure/detail?stockCode=600300&announcementId=1212511441&orgId=gssh0600300&announcementTime=2022-03-05,2022-03-07,2022-06-08,-0.214711
600302,标准股份,2021,2022-04-28,标准股份2021年年度报告,http://www.cninfo.com.cn/new/disclosure/detail?stockCode=600302&announcementId=1213159905&orgId=gssh0600302&announcementTime=2022-04-28,2022-04-29,2022-07-28,0.326207
600303,曙光股份,2021,2022-04-30,年度报告,http://www.cninfo.com.cn/new/disclosure/detail?stockCode=600303&announcementId=1213273946&orgId=gssh0600303&announcementTime=2022-04-30,2022-05-06,2022-08-01,-0.166069
600305,恒顺醋业,2021,2022-04-26,江苏恒顺醋业股份有限公司2021年年度报告,http://www.cninfo.com.cn/new/disclosure/detail?stockCode=600305&announcementId=1213121119&orgId=gssh0600305&announcementTime=2022-04-26,2022-04-27,2022-07-26,0.17221
600307,酒钢宏兴,2021,2022-04-20,酒钢宏兴2021年年度报告全文,http://www.cninfo.com.cn/new/disclosure/detail?stockCode=600307&announcementId=1212974704&orgId=gssh0600307&announcementTime=2022-04-20,2022-04-21,2022-07-20,-0.152505
600308,华泰股份,2021,2022-03-31,华泰股份2021年年度报告,http://www.cninfo.com.cn/new/disclosure/detail?stockCode=600308&announcementId=1212740891&orgId=gssh0600308&announcementTime=2022-03-31,2022-04-01,2022-07-04,0.059146
600309,万华化学,2021,2022-03-15,万华化学2021年度报告,http://www.cninfo.com.cn/new/disclosure/detail?stockCode=600309&announcementId=1212567907&orgId=gssh0600309&announcementTime=2022-03-15,2022-03-16,2022-06-16,0.211463
600310,广西能源,2021,2022-03-31,广西桂东电力股份有限公司2021年年度报告,http://www.cninfo.com.cn/new/disclosure/detail?stockCode=600310&announcementId=1212751811&orgId=gssh0600310&announcementTime=2022-03-31,2022-04-01,2022-07-04,0.169565
600312,平高电气,2021,2022-04-15,河南平高电气股份有限公司2021年年度报告,http://www.cninfo.com.cn/new/disclosure/detail?stockCode=600312&announcementId=1212920716&orgId=gssh0600312&announcementTime=2022-04-15,2022-04-18,2022-07-15,0.226638
600313,农发种业,2021,2022-03-31,中农发种业集团股份有限公司2021年年度报告,http://www.cninfo.com.cn/new/disclosure/detail?stockCode=600313&announcementId=1212742020&orgId=gssh0600313&announcementTime=2022-03-31,2022-04-01,2022-07-04,0.321026
600315,上海家化,2021,2022-03-17,上海家化2021年年度报告,http://www.cninfo.com.cn/new/disclosure/detail?stockCode=600315&announcementId=1212591150&orgId=gssh0600315&announcementTime=2022-03-17,2022-03-18,2022-06-20,0.052894
600316,洪都航空,2021,2022-03-31,洪都航空2021年年度报告,http://www.cninfo.com.cn/new/disclosure/detail?stockCode=600316&announcementId=1212754399&orgId=gssh0600316&announcementTime=2022-03-31,2022-04-01,2022-07-04,0.14046
600319,亚星化学,2021,2022-03-05,潍坊亚星化学股份有限公司2021年年度报告,http://www.cninfo.com.cn/new/disclosure/detail?stockCode=600319&announcementId=1212511349&orgId=gssh0600319&announcementTime=2022-03-05,2022-03-07,2022-06-08,-0.112576
600318,新力金融,2021,2022-03-26,安徽新力金融股份有限公司2021年年度报告,http://www.cninfo.com.cn/new/disclosure/detail?stockCode=600318&announcementId=1212686620&orgId=gssh0600318&announcementTime=2022-03-26,2022-03-28,2022-06-28,-0.395101
600320,振华重工,2021,2022-04-14,振华重工2021年年度报告,http://www.cninfo.com.cn/new/disclosure/detail?stockCode=600320&announcementId=1212914655&orgId=gssh0600320&announcementTime=2022-04-14,2022-04-15,2022-07-14,0.046831
600323,瀚蓝环境,2021,2022-03-31,瀚蓝环境股份有限公司2021年年度报告,http://www.cninfo.com.cn/new/disclosure/detail?stockCode=600323&announcementId=1212748312&orgId=gssh0600323&announcementTime=2022-03-31,2022-04-01,2022-07-04,0.110824
600325,华发股份,2021,2022-04-09,华发股份2021年年度报告,http://www.cninfo.com.cn/new/disclosure/detail?stockCode=600325&announcementId=1212857761&orgId=gssh0600325&announcementTime=2022-04-09,2022-04-11,2022-07-08,-0.036635
600326,西藏天路,2021,2022-04-19,西藏天路2021年年度报告,http://www.cninfo.com.cn/new/disclosure/detail?stockCode=600326&announcementId=1212965403&orgId=gssh0600326&announcementTime=2022-04-19,2022-04-20,2022-07-19,-0.095023
600327,大东方,2021,2022-04-20,大东方2021年年度报告,http://www.cninfo.com.cn/new/disclosure/detail?stockCode=600327&announcementId=1212974928&orgId=gssh0600327&announcementTime=2022-04-20,2022-04-21,2022-07-20,-0.146397
600328,中盐化工,2021,2022-04-22,600328_2021年_年度报告,http://www.cninfo.com.cn/new/disclosure/detail?stockCode=600328&announcementId=1213021184&orgId=gssh0600328&announcementTime=2022-04-22,2022-04-25,2022-07-22,0.124532
600322,津投城开,2021,2022-04-12,天房发展2021年年度报告,http://www.cninfo.com.cn/new/disclosure/detail?stockCode=600322&announcementId=1212887628&orgId=gssh0600322&announcementTime=2022-04-12,2022-04-13,2022-07-12,-0.276451
600329,达仁堂,2021,2022-03-31,中新药业2021年年度报告,http://www.cninfo.com.cn/new/disclosure/detail?stockCode=600329&announcementId=1212748663&orgId=gssh0600329&announcementTime=2022-03-31,2022-04-01,2022-07-04,-0.037889
600331,宏达股份,2021,2022-04-30,宏达股份2021年年度报告,http://www.cninfo.com.cn/new/disclosure/detail?stockCode=600331&announcementId=1213255518&orgId=gssh0600331&announcementTime=2022-04-30,2022-05-05,2022-07-29,0.139456
600330,天通股份,2021,2022-03-22,天通股份2021年年度报告,http://www.cninfo.com.cn/new/disclosure/detail?stockCode=600330&announcementId=1212631113&orgId=gssh0600330&announcementTime=2022-03-22,2022-03-23,2022-06-23,0.045054
600332,白云山,2021,2022-03-19,广州白云山医药集团股份有限公司2021年年度报告全文,http://www.cninfo.com.cn/new/disclosure/detail?stockCode=600332&announcementId=1212628215&orgId=gssh0600332&announcementTime=2022-03-19,2022-03-21,2022-06-21,0.028529
600333,长春燃气,2021,2022-04-30,长春燃气2021年年度报告,http://www.cninfo.com.cn/new/disclosure/detail?stockCode=600333&announcementId=1213269067&orgId=gssh0600333&announcementTime=2022-04-30,2022-05-05,2022-07-29,0.205882
600335,国机汽车,2021,2022-04-13,国机汽车2021年年度报告,http://www.cninfo.com.cn/new/disclosure/detail?stockCode=600335&announcementId=1212897637&orgId=gssh0600335&announcementTime=2022-04-13,2022-04-14,2022-07-13,0.268036
600336,澳柯玛,2021,2022-04-23,澳柯玛2021年年度报告,http://www.cninfo.com.cn/new/disclosure/detail?stockCode=600336&announcementId=1213050467&orgId=gssh0600336&announcementTime=2022-04-23,2022-04-25,2022-07-22,0.149414
600338,西藏珠峰,2021,2022-04-20,公司2021年年度报告全文,http://www.cninfo.com.cn/new/disclosure/detail?stockCode=600338&announcementId=1212984401&orgId=gssh0600338&announcementTime=2022-04-20,2022-04-21,2022-07-20,0.374145
600337,美克家居,2021,2022-04-28,美克国际家居用品股份有限公司2021年年度报告,http://www.cninfo.com.cn/new/disclosure/detail?stockCode=600337&announcementId=1213175750&orgId=gssh0600337&announcementTime=2022-04-28,2022-04-29,2022-07-28,0.013817
600340,华夏幸福,2021,2022-04-30,华夏幸福2021年年度报告,http://www.cninfo.com.cn/new/disclosure/detail?stockCode=600340&announcementId=1213269121&orgId=gssh0600340&announcementTime=2022-04-30,2022-05-05,2022-07-29,-0.109113
600339,中油工程,2021,2022-04-30,中油工程2021年年度报告,http://www.cninfo.com.cn/new/disclosure/detail?stockCode=600339&announcementId=1213269094&orgId=gssh0600339&announcementTime=2022-04-30,2022-05-05,2022-07-29,0.021295
600343,航天动力,2021,2022-04-29,航天动力2021年年度报告,http://www.cninfo.com.cn/new/disclosure/detail?stockCode=600343&announcementId=1213211604&orgId=gssh0600343&announcementTime=2022-04-29,2022-05-05,2022-07-29,0.4223
600345,长江通信,2021,2022-04-30,长江通信2021年年度报告,http://www.cninfo.com.cn/new/disclosure/detail?stockCode=600345&announcementId=1213255567&orgId=gssh0600345&announcementTime=2022-04-30,2022-05-05,2022-07-29,0.257261
600346,恒力石化,2021,2022-04-07,恒力石化2021年年度报告,http://www.cninfo.com.cn/new/disclosure/detail?stockCode=600346&announcementId=1212825554&orgId=gssh0600346&announcementTime=2022-04-07,2022-04-08,2022-07-07,0.03405
600348,华阳股份,2021,2022-04-15,山西华阳集团新能股份有限公司2021年年度报告,http://www.cninfo.com.cn/new/disclosure/detail?stockCode=600348&announcementId=1212924399&orgId=gssh0600348&announcementTime=2022-04-15,2022-04-18,2022-07-15,0.318252
600350,山东高速,2021,2022-03-31,山东高速股份有限公司2021年年度报告,http://www.cninfo.com.cn/new/disclosure/detail?stockCode=600350&announcementId=1212748693&orgId=gssh0600350&announcementTime=2022-03-31,2022-04-01,2022-07-04,0.057635
600351,亚宝药业,2021,2022-04-28,亚宝药业集团股份有限公司2021年年度报告,http://www.cninfo.com.cn/new/disclosure/detail?stockCode=600351&announcementId=1213168004&orgId=gssh0600351&announcementTime=2022-04-28,2022-04-29,2022-07-28,0.095021
600352,浙江龙盛,2021,2022-04-19,浙江龙盛2021年年度报告,http://www.cninfo.com.cn/new/disclosure/detail?stockCode=600352&announcementId=1212958738&orgId=gssh0600352&announcementTime=2022-04-19,2022-04-20,2022-07-19,-0.037743
600353,旭光电子,2021,2022-03-16,旭光电子2021年年度报告,http://www.cninfo.com.cn/new/disclosure/detail?stockCode=600353&announcementId=1212577957&orgId=gssh0600353&announcementTime=2022-03-16,2022-03-17,2022-06-17,-0.027037
600354,敦煌种业,2021,2022-03-24,甘肃省敦煌种业集团股份有限公司2021年年度报告,http://www.cninfo.com.cn/new/disclosure/detail?stockCode=600354&announcementId=1212650563&orgId=gssh0600354&announcementTime=2022-03-24,2022-03-25,2022-06-27,0.227042
600355,*ST精伦,2021,2022-03-31,精伦电子2021年年度报告,http://www.cninfo.com.cn/new/disclosure/detail?stockCode=600355&announcementId=1212753979&orgId=gssh0600355&announcementTime=2022-03-31,2022-04-01,2022-07-04,-0.145843
600356,恒丰纸业,2021,2022-04-22,恒丰纸业2021年年度报告,http://www.cninfo.com.cn/new/disclosure/detail?stockCode=600356&announcementId=1213019986&orgId=gssh0600356&announcementTime=2022-04-22,2022-04-25,2022-07-22,0.056259
600358,ST联合,2021,2022-03-31,国旅联合股份有限公司2021年年度报告,http://www.cninfo.com.cn/new/disclosure/detail?stockCode=600358&announcementId=1212751819&orgId=gssh0600358&announcementTime=2022-03-31,2022-04-01,2022-07-04,-0.070996
600360,*ST华微,2021,2022-04-29,吉林华微电子股份有限公司2021年年度报告,http://www.cninfo.com.cn/new/disclosure/detail?stockCode=600360&announcementId=1213211666&orgId=gssh0600360&announcementTime=2022-04-29,2022-05-05,2022-07-29,0.204616
600359,新农开发,2021,2022-04-30,新疆塔里木农业综合开发股份有限公司2021年年度报告,http://www.cninfo.com.cn/new/disclosure/detail?stockCode=600359&announcementId=1213269166&orgId=gssh0600359&announcementTime=2022-04-30,2022-05-05,2022-07-29,0.040848
600362,江西铜业,2021,2022-03-26,江西铜业股份有限公司2021年度报告,http://www.cninfo.com.cn/new/disclosure/detail?stockCode=600362&announcementId=1212685850&orgId=gssh0600362&announcementTime=2022-03-26,2022-03-28,2022-06-28,-0.05408
600361,创新新材,2021,2022-03-31,华联综超2021年年度报告,http://www.cninfo.com.cn/new/disclosure/detail?stockCode=600361&announcementId=1212748713&orgId=gssh0600361&announcementTime=2022-03-31,2022-04-01,2022-07-04,0.169701
600363,联创光电,2021,2022-04-27,联创光电2021年年度报告,http://www.cninfo.com.cn/new/disclosure/detail?stockCode=600363&announcementId=1213138560&orgId=gssh0600363&announcementTime=2022-04-27,2022-04-28,2022-07-27,0.741573
600365,ST通葡,2021,2022-04-23,通化葡萄酒股份有限公司2021年年度报告,http://www.cninfo.com.cn/new/disclosure/detail?stockCode=600365&announcementId=1213049423&orgId=gssh0600365&announcementTime=2022-04-23,2022-04-25,2022-07-22,-0.137008
600367,红星发展,2021,2022-04-22,红星发展2021年年度报告全文,http://www.cninfo.com.cn/new/disclosure/detail?stockCode=600367&announcementId=1213021914&orgId=gssh0600367&announcementTime=2022-04-22,2022-04-25,2022-07-22,0.391962
600366,宁波韵升,2021,2022-03-16,宁波韵升2021年年度报告,http://www.cninfo.com.cn/new/disclosure/detail?stockCode=600366&announcementId=1212577969&orgId=gssh0600366&announcementTime=2022-03-16,2022-03-17,2022-06-17,0.036435
600369,西南证券,2021,2022-04-27,西南证券股份有限公司2021年年度报告,http://www.cninfo.com.cn/new/disclosure/detail?stockCode=600369&announcementId=1213141691&orgId=gssh0600369&announcementTime=2022-04-27,2022-04-28,2022-07-27,0.057015
600368,五洲交通,2021,2022-03-31,五洲交通2021年年度报告全文,http://www.cninfo.com.cn/new/disclosure/detail?stockCode=600368&announcementId=1212746136&orgId=gssh0600368&announcementTime=2022-03-31,2022-04-01,2022-07-04,-0.058862
600371,万向德农,2021,2022-04-19,万向德农股份有限公司2021年年度报告,http://www.cninfo.com.cn/new/disclosure/detail?stockCode=600371&announcementId=1212957177&orgId=gssh0600371&announcementTime=2022-04-19,2022-04-20,2022-07-19,-0.108048
600370,三房巷,2021,2022-03-29,江苏三房巷聚材股份有限公司2021年年度报告,http://www.cninfo.com.cn/new/disclosure/detail?stockCode=600370&announcementId=1212708458&orgId=gssh0600370&announcementTime=2022-03-29,2022-03-30,2022-06-30,0.286383
600372,中航机载,2021,2022-03-31,中航电子2021年年度报告,http://www.cninfo.com.cn/new/disclosure/detail?stockCode=600372&announcementId=1212754415&orgId=gssh0600372&announcementTime=2022-03-31,2022-04-01,2022-07-18,0.031601
600373,中文传媒,2021,2022-04-15,中文传媒2021年年度报告,http://www.cninfo.com.cn/new/disclosure/detail?stockCode=600373&announcementId=1212920892&orgId=gssh0600373&announcementTime=2022-04-15,2022-04-18,2022-07-15,-0.105605
600375,汉马科技,2021,2022-03-26,汉马科技2021年年度报告,http://www.cninfo.com.cn/new/disclosure/detail?stockCode=600375&announcementId=1212684638&orgId=gssh0600375&announcementTime=2022-03-26,2022-03-28,2022-06-28,0.049614
600376,首开股份,2021,2022-04-16,首开股份2021年年度报告,http://www.cninfo.com.cn/new/disclosure/detail?stockCode=600376&announcementId=1212940956&orgId=gssh0600376&announcementTime=2022-04-16,2022-04-18,2022-07-15,-0.322064
600377,宁沪高速,2021,2022-03-28,2021年度报告,http://www.cninfo.com.cn/new/disclosure/detail?stockCode=600377&announcementId=1212698750&orgId=gssh0600377&announcementTime=2022-03-28,2022-03-29,2022-06-29,0.008624
600379,宝光股份,2021,2022-03-31,宝光股份2021年度报告,http://www.cninfo.com.cn/new/disclosure/detail?stockCode=600379&announcementId=1212751853&orgId=gssh0600379&announcementTime=2022-03-31,2022-04-01,2022-07-04,-0.085625
600378,昊华科技,2021,2022-04-20,昊华科技2021年年度报告,http://www.cninfo.com.cn/new/disclosure/detail?stockCode=600378&announcementId=1212978127&orgId=gssh0600378&announcementTime=2022-04-20,2022-04-21,2022-07-20,0.163304
600381,*ST春天,2021,2022-04-26,青海春天2021年年度报告,http://www.cninfo.com.cn/new/disclosure/detail?stockCode=600381&announcementId=1213104162&orgId=gssh0600381&announcementTime=2022-04-26,2022-04-27,2022-07-26,-0.094406
600380,健康元,2021,2022-03-31,健康元药业集团股份有限公司2021年年度报告,http://www.cninfo.com.cn/new/disclosure/detail?stockCode=600380&announcementId=1212742738&orgId=gssh0600380&announcementTime=2022-03-31,2022-04-01,2022-07-04,0.076365
600382,广东明珠,2021,2022-04-28,广东明珠集团股份有限公司2021年年度报告,http://www.cninfo.com.cn/new/disclosure/detail?stockCode=600382&announcementId=1213175760&orgId=gssh0600382&announcementTime=2022-04-28,2022-04-29,2022-07-29,0.043724
600383,金地集团,2021,2022-04-25,2021年年度报告,http://www.cninfo.com.cn/new/disclosure/detail?stockCode=600383&announcementId=1213086449&orgId=gssh0600383&announcementTime=2022-04-25,2022-04-26,2022-07-25,-0.101659
600386,北巴传媒,2021,2022-03-18,北京巴士传媒股份有限公司2021年年度报告,http://www.cninfo.com.cn/new/disclosure/detail?stockCode=600386&announcementId=1212607685&orgId=gssh0600386&announcementTime=2022-03-18,2022-03-21,2022-06-21,0.040245
600388,龙净环保,2021,2022-04-30,2021年年度报告,http://www.cninfo.com.cn/new/disclosure/detail?stockCode=600388&announcementId=1213269240&orgId=gssh0600388&announcementTime=2022-04-30,2022-05-06,2022-08-01,0.56393
600389,江山股份,2021,2022-04-19,江山股份2021年年度报告,http://www.cninfo.com.cn/new/disclosure/detail?stockCode=600389&announcementId=1212960759&orgId=gssh0600389&announcementTime=2022-04-19,2022-04-20,2022-07-19,-0.063093
600390,五矿资本,2021,2022-04-27,五矿资本股份有限公司2021年年度报告,http://www.cninfo.com.cn/new/disclosure/detail?stockCode=600390&announcementId=1213136990&orgId=gssh0600390&announcementTime=2022-04-27,2022-04-28,2022-07-27,0.097101
600392,盛和资源,2021,2022-04-23,盛和资源2021年年度报告,http://www.cninfo.com.cn/new/disclosure/detail?stockCode=600392&announcementId=1213053797&orgId=gssh0600392&announcementTime=2022-04-23,2022-04-25,2022-07-22,0.403738
600391,航发科技,2021,2022-04-12,中国航发航空科技股份有限公司2021年年度报告,http://www.cninfo.com.cn/new/disclosure/detail?stockCode=600391&announcementId=1212882229&orgId=gssh0600391&announcementTime=2022-04-12,2022-04-13,2022-07-12,0.036971
600395,盘江股份,2021,2022-04-28,盘江股份2021年年度报告,http://www.cninfo.com.cn/new/disclosure/detail?stockCode=600395&announcementId=1213168026&orgId=gssh0600395&announcementTime=2022-04-28,2022-04-29,2022-07-28,0.144156
600396,华电辽能,2021,2022-04-08,金山股份2021年年度报告,http://www.cninfo.com.cn/new/disclosure/detail?stockCode=600396&announcementId=1212839910&orgId=gssh0600396&announcementTime=2022-04-08,2022-04-11,2022-07-08,0.024517
600397,江钨装备,2021,2022-04-23,安源煤业2021年年度报告,http://www.cninfo.com.cn/new/disclosure/detail?stockCode=600397&announcementId=1213050981&orgId=gssh0600397&announcementTime=2022-04-23,2022-04-25,2022-07-22,-0.047093
600399,抚顺特钢,2021,2022-03-31,抚顺特钢：2021年年度报告,http://www.cninfo.com.cn/new/disclosure/detail?stockCode=600399&announcementId=1212748743&orgId=gssh0600399&announcementTime=2022-03-31,2022-04-01,2022-07-04,0.266495
600400,红豆股份,2021,2022-04-27,红豆股份2021年年度报告,http://www.cninfo.com.cn/new/disclosure/detail?stockCode=600400&announcementId=1213140183&orgId=gssh0600400&announcementTime=2022-04-27,2022-04-28,2022-07-27,0.77892
600403,大有能源,2021,2022-03-31,河南大有能源股份有限公司2021年年度报告,http://www.cninfo.com.cn/new/disclosure/detail?stockCode=600403&announcementId=1212748788&orgId=gssh0600403&announcementTime=2022-03-31,2022-04-01,2022-07-05,0.099642
600405,动力源,2021,2022-04-29,2021年年度报告,http://www.cninfo.com.cn/new/disclosure/detail?stockCode=600405&announcementId=1213211686&orgId=gssh0600405&announcementTime=2022-04-29,2022-05-05,2022-07-29,0.496863
600406,国电南瑞,2021,2022-04-29,国电南瑞2021年年度报告,http://www.cninfo.com.cn/new/disclosure/detail?stockCode=600406&announcementId=1213223374&orgId=gssh0600406&announcementTime=2022-04-29,2022-05-05,2022-07-29,0.055766
600408,安泰集团,2021,2022-04-16,ST安泰2021年年度报告,http://www.cninfo.com.cn/new/disclosure/detail?stockCode=600408&announcementId=1212943373&orgId=gssh0600408&announcementTime=2022-04-16,2022-04-18,2022-07-18,-0.152553
600409,三友化工,2021,2022-03-16,2021年年度报告,http://www.cninfo.com.cn/new/disclosure/detail?stockCode=600409&announcementId=1212579242&orgId=gssh0600409&announcementTime=2022-03-16,2022-03-17,2022-06-17,0.018347
600410,华胜天成,2021,2022-04-29,北京华胜天成科技股份有限公司2021年年度报告,http://www.cninfo.com.cn/new/disclosure/detail?stockCode=600410&announcementId=1213211718&orgId=gssh0600410&announcementTime=2022-04-29,2022-05-05,2022-07-29,0.035363
600415,小商品城,2021,2022-03-22,2021年年度报告,http://www.cninfo.com.cn/new/disclosure/detail?stockCode=600415&announcementId=1212632144&orgId=gssh0600415&announcementTime=2022-03-22,2022-03-23,2022-06-23,0.051579
600416,湘电股份,2021,2022-04-08,湘潭电机股份有限公司2021年年度报告全文,http://www.cninfo.com.cn/new/disclosure/detail?stockCode=600416&announcementId=1212836749&orgId=gssh0600416&announcementTime=2022-04-08,2022-04-11,2022-07-08,0.61434
600418,江淮汽车,2021,2022-03-25,江淮汽车2021年年度报告,http://www.cninfo.com.cn/new/disclosure/detail?stockCode=600418&announcementId=1212669682&orgId=gssh0600418&announcementTime=2022-03-25,2022-03-28,2022-06-28,0.411979
600419,天润乳业,2021,2022-04-28,新疆天润乳业股份有限公司2021年年度报告,http://www.cninfo.com.cn/new/disclosure/detail?stockCode=600419&announcementId=1213168197&orgId=gssh0600419&announcementTime=2022-04-28,2022-04-29,2022-07-28,0.045327
600420,国药现代,2021,2022-03-26,2021年年度报告,http://www.cninfo.com.cn/new/disclosure/detail?stockCode=600420&announcementId=1212686930&orgId=gssh0600420&announcementTime=2022-03-26,2022-03-28,2022-06-28,-0.150069
600421,*ST华嵘,2021,2022-03-31,华嵘控股2021年年度报告全文,http://www.cninfo.com.cn/new/disclosure/detail?stockCode=600421&announcementId=1212743392&orgId=gssh0600421&announcementTime=2022-03-31,2022-04-01,2022-07-04,0.136016
600423,柳化股份,2021,2022-02-26,柳化股份2021年年度报告,http://www.cninfo.com.cn/new/disclosure/detail?stockCode=600423&announcementId=1212458950&orgId=gssh0600423&announcementTime=2022-02-26,2022-02-28,2022-05-30,-0.138396
600422,昆药集团,2021,2022-03-19,昆药集团2021年年度报告,http://www.cninfo.com.cn/new/disclosure/detail?stockCode=600422&announcementId=1212626647&orgId=gssh0600422&announcementTime=2022-03-19,2022-03-21,2022-06-23,0.095888
600425,青松建化,2021,2022-03-31,青松建化2021年年度报告,http://www.cninfo.com.cn/new/disclosure/detail?stockCode=600425&announcementId=1212748796&orgId=gssh0600425&announcementTime=2022-03-31,2022-04-01,2022-07-04,0.0
600426,华鲁恒升,2021,2022-03-30,华鲁恒升2021年年度报告,http://www.cninfo.com.cn/new/disclosure/detail?stockCode=600426&announcementId=1212724164&orgId=gssh0600426&announcementTime=2022-03-30,2022-03-31,2022-07-01,-0.078419
600428,中远海特,2021,2022-03-31,中远海运特种运输股份有限公司2021年年度报告,http://www.cninfo.com.cn/new/disclosure/detail?stockCode=600428&announcementId=1212744968&orgId=gssh0600428&announcementTime=2022-03-31,2022-04-01,2022-07-04,0.065457
600429,三元股份,2021,2022-04-22,三元股份2021年年度报告,http://www.cninfo.com.cn/new/disclosure/detail?stockCode=600429&announcementId=1213029774&orgId=gssh0600429&announcementTime=2022-04-22,2022-04-25,2022-07-22,-0.088348
600435,北方导航,2021,2022-03-22,北方导航2021年年度报告,http://www.cninfo.com.cn/new/disclosure/detail?stockCode=600435&announcementId=1212631639&orgId=gssh0600435&announcementTime=2022-03-22,2022-03-23,2022-06-23,-0.051415
600433,冠豪高新,2021,2022-03-11,冠豪高新2021年年度报告,http://www.cninfo.com.cn/new/disclosure/detail?stockCode=600433&announcementId=1212541530&orgId=gssh0600433&announcementTime=2022-03-11,2022-03-14,2022-06-14,-0.060643
600436,片仔癀,2021,2022-04-16,漳州片仔癀药业股份有限公司2021年年度报告,http://www.cninfo.com.cn/new/disclosure/detail?stockCode=600436&announcementId=1212943402&orgId=gssh0600436&announcementTime=2022-04-16,2022-04-18,2022-07-15,0.021157
600439,瑞贝卡,2021,2022-04-30,瑞贝卡2021年年度报告,http://www.cninfo.com.cn/new/disclosure/detail?stockCode=600439&announcementId=1213261379&orgId=gssh0600439&announcementTime=2022-04-30,2022-05-05,2022-07-29,0.052432
600438,通威股份,2021,2022-04-26,通威股份有限公司2021年年度报告,http://www.cninfo.com.cn/new/disclosure/detail?stockCode=600438&announcementId=1213101598&orgId=gssh0600438&announcementTime=2022-04-26,2022-04-27,2022-07-26,0.516196
600444,国机通用,2021,2022-04-09,国机通用2021年度报告,http://www.cninfo.com.cn/new/disclosure/detail?stockCode=600444&announcementId=1212855695&orgId=gssh0600444&announcementTime=2022-04-09,2022-04-11,2022-07-08,-0.082022
600446,金证股份,2021,2022-04-15,金证股份2021年年度报告,http://www.cninfo.com.cn/new/disclosure/detail?stockCode=600446&announcementId=1212920940&orgId=gssh0600446&announcementTime=2022-04-15,2022-04-18,2022-07-15,-0.173537
600448,华纺股份,2021,2022-04-30,华纺股份：2021年年度报告,http://www.cninfo.com.cn/new/disclosure/detail?stockCode=600448&announcementId=1213261405&orgId=gssh0600448&announcementTime=2022-04-30,2022-05-05,2022-07-29,0.067114
600449,宁夏建材,2021,2022-03-19,宁夏建材2021年年度报告,http://www.cninfo.com.cn/new/disclosure/detail?stockCode=600449&announcementId=1212623888&orgId=gssh0600449&announcementTime=2022-03-19,2022-03-21,2022-07-05,0.039976
600452,涪陵电力,2021,2022-04-15,2021年年度报告全文,http://www.cninfo.com.cn/new/disclosure/detail?stockCode=600452&announcementId=1212920945&orgId=gssh0600452&announcementTime=2022-04-15,2022-04-18,2022-07-15,0.140483
600455,博通股份,2021,2022-04-29,博通股份2021年年度报告,http://www.cninfo.com.cn/new/disclosure/detail?stockCode=600455&announcementId=1213211747&orgId=gssh0600455&announcementTime=2022-04-29,2022-05-05,2022-07-29,0.208037
600456,宝钛股份,2021,2022-04-16,宝鸡钛业股份有限公司2021年年度报告全文,http://www.cninfo.com.cn/new/disclosure/detail?stockCode=600456&announcementId=1212941662&orgId=gssh0600456&announcementTime=2022-04-16,2022-04-18,2022-07-15,0.172961
600458,时代新材,2021,2022-03-31,2021年年度报告,http://www.cninfo.com.cn/new/disclosure/detail?stockCode=600458&announcementId=1212746161&orgId=gssh0600458&announcementTime=2022-03-31,2022-04-01,2022-07-04,-0.047081
600459,贵研铂业,2021,2022-04-15,贵研铂业2021年年度报告,http://www.cninfo.com.cn/new/disclosure/detail?stockCode=600459&announcementId=1212920981&orgId=gssh0600459&announcementTime=2022-04-15,2022-04-18,2022-07-15,-0.061196
600460,士兰微,2021,2022-03-29,杭州士兰微电子股份有限公司2021年年度报告,http://www.cninfo.com.cn/new/disclosure/detail?stockCode=600460&announcementId=1212705143&orgId=gssh0600460&announcementTime=2022-03-29,2022-03-30,2022-06-30,0.015623
600461,洪城环境,2021,2022-04-22,江西洪城环境股份有限公司2021年年度报告,http://www.cninfo.com.cn/new/disclosure/detail?stockCode=600461&announcementId=1213026034&orgId=gssh0600461&announcementTime=2022-04-22,2022-04-25,2022-07-22,0.057927
600463,空港股份,2021,2022-04-15,空港股份2021年年度报告,http://www.cninfo.com.cn/new/disclosure/detail?stockCode=600463&announcementId=1212922894&orgId=gssh0600463&announcementTime=2022-04-15,2022-04-18,2022-07-15,-0.31859
600467,好当家,2021,2022-04-26,好当家2021年年度报告,http://www.cninfo.com.cn/new/disclosure/detail?stockCode=600467&announcementId=1213099997&orgId=gssh0600467&announcementTime=2022-04-26,2022-04-27,2022-07-26,0.072695
600468,百利电气,2021,2022-04-20,2021年年度报告,http://www.cninfo.com.cn/new/disclosure/detail?stockCode=600468&announcementId=1212977321&orgId=gssh0600468&announcementTime=2022-04-20,2022-04-21,2022-07-20,0.148989
600469,风神股份,2021,2022-04-29,风神轮胎股份有限公司2021年年度报告,http://www.cninfo.com.cn/new/disclosure/detail?stockCode=600469&announcementId=1213213265&orgId=gssh0600469&announcementTime=2022-04-29,2022-05-05,2022-07-29,0.56594
600475,华光环能,2021,2022-04-19,无锡华光环保能源集团股份有限公司2021年年度报告,http://www.cninfo.com.cn/new/disclosure/detail?stockCode=600475&announcementId=1212961196&orgId=gssh0600475&announcementTime=2022-04-19,2022-04-20,2022-07-19,0.097196
600470,六国化工,2021,2022-03-22,六国化工2021年年度报告,http://www.cninfo.com.cn/new/disclosure/detail?stockCode=600470&announcementId=1212631575&orgId=gssh0600470&announcementTime=2022-03-22,2022-03-23,2022-06-23,0.129572
600477,杭萧钢构,2021,2022-04-20,杭萧钢构2021年年度报告,http://www.cninfo.com.cn/new/disclosure/detail?stockCode=600477&announcementId=1212984075&orgId=gssh0600477&announcementTime=2022-04-20,2022-04-21,2022-07-20,0.393551
600476,湘邮科技,2021,2022-04-29,湖南湘邮科技股份有限公司2021年年度报告,http://www.cninfo.com.cn/new/disclosure/detail?stockCode=600476&announcementId=1213213303&orgId=gssh0600476&announcementTime=2022-04-29,2022-05-05,2022-07-29,0.259052
600478,科力远,2021,2022-04-26,科力远2021年年度报告,http://www.cninfo.com.cn/new/disclosure/detail?stockCode=600478&announcementId=1213101882&orgId=gssh0600478&announcementTime=2022-04-26,2022-04-27,2022-07-26,0.971248
600479,千金药业,2021,2022-04-15,千金药业2021年年度报告全文,http://www.cninfo.com.cn/new/disclosure/detail?stockCode=600479&announcementId=1212921027&orgId=gssh0600479&announcementTime=2022-04-15,2022-04-18,2022-07-15,-0.093684
600480,凌云股份,2021,2022-04-26,凌云股份2021年年度报告,http://www.cninfo.com.cn/new/disclosure/detail?stockCode=600480&announcementId=1213104193&orgId=gssh0600480&announcementTime=2022-04-26,2022-04-27,2022-07-26,0.381871
600481,双良节能,2021,2022-03-08,双良节能系统股份有限公司2021年年度报告,http://www.cninfo.com.cn/new/disclosure/detail?stockCode=600481&announcementId=1212521667&orgId=gssh0600481&announcementTime=2022-03-08,2022-03-09,2022-06-09,0.082243
600482,中国动力,2021,2022-04-29,中国船舶重工集团动力股份有限公司2021年年度报告,http://www.cninfo.com.cn/new/disclosure/detail?stockCode=600482&announcementId=1213201499&orgId=gssh0600482&announcementTime=2022-04-29,2022-05-05,2022-07-29,0.125118
600483,福能股份,2021,2022-04-26,福能股份2021年年度报告,http://www.cninfo.com.cn/new/disclosure/detail?stockCode=600483&announcementId=1213104298&orgId=gssh0600483&announcementTime=2022-04-26,2022-04-27,2022-07-26,0.014921
600486,扬农化工,2021,2022-03-29,2021年年度报告,http://www.cninfo.com.cn/new/disclosure/detail?stockCode=600486&announcementId=1212709630&orgId=gssh0600486&announcementTime=2022-03-29,2022-03-30,2022-06-30,0.094542
600487,亨通光电,2021,2022-04-26,亨通光电2021年年度报告,http://www.cninfo.com.cn/new/disclosure/detail?stockCode=600487&announcementId=1213110738&orgId=gssh0600487&announcementTime=2022-04-26,2022-04-27,2022-07-26,0.838256
600488,津药药业,2021,2022-03-30,天津天药药业股份有限公司2021年年度报告,http://www.cninfo.com.cn/new/disclosure/detail?stockCode=600488&announcementId=1212730118&orgId=gssh0600488&announcementTime=2022-03-30,2022-03-31,2022-07-01,-0.136453
600489,中金黄金,2021,2022-04-21,中金黄金股份有限公司2021年年度报告,http://www.cninfo.com.cn/new/disclosure/detail?stockCode=600489&announcementId=1213003737&orgId=gssh0600489&announcementTime=2022-04-21,2022-04-22,2022-07-21,-0.040579
600490,鹏欣资源,2021,2022-04-30,2021年年度报告,http://www.cninfo.com.cn/new/disclosure/detail?stockCode=600490&announcementId=1213269332&orgId=gssh0600490&announcementTime=2022-04-30,2022-05-05,2022-07-29,0.044149
600491,龙元建设,2021,2022-04-15,龙元建设2021年年度报告,http://www.cninfo.com.cn/new/disclosure/detail?stockCode=600491&announcementId=1212922919&orgId=gssh0600491&announcementTime=2022-04-15,2022-04-18,2022-07-15,0.146414
600493,凤竹纺织,2021,2022-04-16,凤竹纺织2021年年度报告,http://www.cninfo.com.cn/new/disclosure/detail?stockCode=600493&announcementId=1212939140&orgId=gssh0600493&announcementTime=2022-04-16,2022-04-18,2022-07-15,-0.058704
600495,晋西车轴,2021,2022-03-31,晋西车轴2021年年度报告,http://www.cninfo.com.cn/new/disclosure/detail?stockCode=600495&announcementId=1212751880&orgId=gssh0600495&announcementTime=2022-03-31,2022-04-01,2022-07-04,0.02565
600496,精工钢构,2021,2022-04-30,精工钢构2021年年度报告,http://www.cninfo.com.cn/new/disclosure/detail?stockCode=600496&announcementId=1213269369&orgId=gssh0600496&announcementTime=2022-04-30,2022-05-05,2022-07-29,0.109791
600497,驰宏锌锗,2021,2022-04-22,驰宏锌锗2021年年度报告,http://www.cninfo.com.cn/new/disclosure/detail?stockCode=600497&announcementId=1213022750&orgId=gssh0600497&announcementTime=2022-04-22,2022-04-25,2022-07-22,-0.004387
600498,烽火通信,2021,2022-04-16,烽火通信科技股份有限公司2021年年度报告,http://www.cninfo.com.cn/new/disclosure/detail?stockCode=600498&announcementId=1212943039&orgId=gssh0600498&announcementTime=2022-04-16,2022-04-18,2022-07-15,-0.026443
600499,科达制造,2021,2022-03-31,科达制造股份有限公司2021年年度报告,http://www.cninfo.com.cn/new/disclosure/detail?stockCode=600499&announcementId=1212751891&orgId=gssh0600499&announcementTime=2022-03-31,2022-04-01,2022-07-04,0.326371
600500,中化国际,2021,2022-04-16,中化国际2021年年度报告,http://www.cninfo.com.cn/new/disclosure/detail?stockCode=600500&announcementId=1212944506&orgId=gssh0600500&announcementTime=2022-04-16,2022-04-18,2022-07-15,-0.070161
600501,航天晨光,2021,2022-04-30,航天晨光股份有限公司2021年年度报告,http://www.cninfo.com.cn/new/disclosure/detail?stockCode=600501&announcementId=1213269429&orgId=gssh0600501&announcementTime=2022-04-30,2022-05-05,2022-07-29,0.41927
600502,安徽建工,2021,2022-03-31,安徽建工2021年年度报告,http://www.cninfo.com.cn/new/disclosure/detail?stockCode=600502&announcementId=1212751996&orgId=gssh0600502&announcementTime=2022-03-31,2022-04-01,2022-07-04,0.445312
600503,华丽家族,2021,2022-04-27,华丽家族股份有限公司2021年年度报告,http://www.cninfo.com.cn/new/disclosure/detail?stockCode=600503&announcementId=1213126944&orgId=gssh0600503&announcementTime=2022-04-27,2022-04-28,2022-07-27,0.189698
600505,西昌电力,2021,2022-04-14,西昌电力2021年年度报告,http://www.cninfo.com.cn/new/disclosure/detail?stockCode=600505&announcementId=1212911268&orgId=gssh0600505&announcementTime=2022-04-14,2022-04-15,2022-07-14,0.19437
600506,统一股份,2021,2022-04-20,新疆库尔勒香梨股份有限公司2021年年度报告,http://www.cninfo.com.cn/new/disclosure/detail?stockCode=600506&announcementId=1212984186&orgId=gssh0600506&announcementTime=2022-04-20,2022-04-21,2022-07-21,0.0
600507,方大特钢,2021,2022-03-19,方大特钢2021年年度报告,http://www.cninfo.com.cn/new/disclosure/detail?stockCode=600507&announcementId=1212626578&orgId=gssh0600507&announcementTime=2022-03-19,2022-03-21,2022-06-21,-0.087509
600508,上海能源,2021,2022-03-25,上海能源2021年年度报告,http://www.cninfo.com.cn/new/disclosure/detail?stockCode=600508&announcementId=1212668806&orgId=gssh0600508&announcementTime=2022-03-25,2022-03-28,2022-06-28,0.774731
600509,天富能源,2021,2022-04-15,新疆天富能源股份有限公司2021年年度报告全文,http://www.cninfo.com.cn/new/disclosure/detail?stockCode=600509&announcementId=1212924748&orgId=gssh0600509&announcementTime=2022-04-15,2022-04-18,2022-07-15,-0.011416
600510,黑牡丹,2021,2022-04-26,黑牡丹2021年年度报告,http://www.cninfo.com.cn/new/disclosure/detail?stockCode=600510&announcementId=1213108040&orgId=gssh0600510&announcementTime=2022-04-26,2022-04-27,2022-07-26,-0.027647
600511,国药股份,2021,2022-03-17,国药股份2021年年度报告,http://www.cninfo.com.cn/new/disclosure/detail?stockCode=600511&announcementId=1212593867&orgId=gssh0600511&announcementTime=2022-03-17,2022-03-18,2022-06-20,0.000642
600512,腾达建设,2021,2022-04-29,腾达建设2021年年度报告,http://www.cninfo.com.cn/new/disclosure/detail?stockCode=600512&announcementId=1213195284&orgId=gssh0600512&announcementTime=2022-04-29,2022-05-05,2022-07-29,-0.107787
600513,联环药业,2021,2022-04-28,联环药业2021年年度报告,http://www.cninfo.com.cn/new/disclosure/detail?stockCode=600513&announcementId=1213168280&orgId=gssh0600513&announcementTime=2022-04-28,2022-04-29,2022-07-28,0.178973
600515,海南机场,2021,2022-04-29,2021年年度报告全文,http://www.cninfo.com.cn/new/disclosure/detail?stockCode=600515&announcementId=1213224872&orgId=gssh0600515&announcementTime=2022-04-29,2022-05-05,2022-08-01,-0.114012
600516,方大炭素,2021,2022-04-23,方大炭素2021年年度报告,http://www.cninfo.com.cn/new/disclosure/detail?stockCode=600516&announcementId=1213054854&orgId=gssh0600516&announcementTime=2022-04-23,2022-04-25,2022-07-22,-0.006866
600517,国网英大,2021,2022-04-21,国网英大2021年年度报告,http://www.cninfo.com.cn/new/disclosure/detail?stockCode=600517&announcementId=1213003782&orgId=gssh0600517&announcementTime=2022-04-21,2022-04-22,2022-07-21,0.237683
600518,康美药业,2021,2022-04-29,康美药业2021年年度报告,http://www.cninfo.com.cn/new/disclosure/detail?stockCode=600518&announcementId=1213223732&orgId=gssh0600518&announcementTime=2022-04-29,2022-05-05,2022-08-01,-0.141734
600519,贵州茅台,2021,2022-03-31,贵州茅台2021年年度报告,http://www.cninfo.com.cn/new/disclosure/detail?stockCode=600519&announcementId=1212755849&orgId=gssh0600519&announcementTime=2022-03-31,2022-04-01,2022-07-04,0.179094
600520,三佳科技,2021,2022-04-28,文一科技2021年年度报告,http://www.cninfo.com.cn/new/disclosure/detail?stockCode=600520&announcementId=1213159946&orgId=gssh0600520&announcementTime=2022-04-28,2022-04-29,2022-07-28,0.434086
600522,中天科技,2021,2022-04-30,江苏中天科技股份有限公司2021年年度报告,http://www.cninfo.com.cn/new/disclosure/detail?stockCode=600522&announcementId=1213261440&orgId=gssh0600522&announcementTime=2022-04-30,2022-05-05,2022-07-29,0.437464
600521,华海药业,2021,2022-04-26,浙江华海药业股份有限公司2021年年度报告,http://www.cninfo.com.cn/new/disclosure/detail?stockCode=600521&announcementId=1213108065&orgId=gssh0600521&announcementTime=2022-04-26,2022-04-27,2022-07-26,0.457776
600523,贵航股份,2021,2022-03-15,2021年年度报告,http://www.cninfo.com.cn/new/disclosure/detail?stockCode=600523&announcementId=1212564482&orgId=gssh0600523&announcementTime=2022-03-15,2022-03-16,2022-06-16,0.095982
600525,ST长园,2021,2022-04-28,2021年年度报告,http://www.cninfo.com.cn/new/disclosure/detail?stockCode=600525&announcementId=1213175918&orgId=gssh0600525&announcementTime=2022-04-28,2022-04-29,2022-07-28,0.508078
600526,菲达环保,2021,2022-04-01,浙江菲达环保科技股份有限公司2021年年度报告,http://www.cninfo.com.cn/new/disclosure/detail?stockCode=600526&announcementId=1212770033&orgId=gssh0600526&announcementTime=2022-04-01,2022-04-06,2022-07-06,-0.130503
600527,江南高纤,2021,2022-04-26,江南高纤2021年年度报告,http://www.cninfo.com.cn/new/disclosure/detail?stockCode=600527&announcementId=1213104343&orgId=gssh0600527&announcementTime=2022-04-26,2022-04-27,2022-07-26,0.17855
600528,中铁工业,2021,2022-03-29,中铁工业2021年年度报告,http://www.cninfo.com.cn/new/disclosure/detail?stockCode=600528&announcementId=1212710200&orgId=gssh0600528&announcementTime=2022-03-29,2022-03-30,2022-06-30,0.030584
600529,山东药玻,2021,2022-04-26,山东省药用玻璃股份有限公司2021年年度报告,http://www.cninfo.com.cn/new/disclosure/detail?stockCode=600529&announcementId=1213101907&orgId=gssh0600529&announcementTime=2022-04-26,2022-04-27,2022-07-26,0.424805
600530,交大昂立,2021,2022-04-28,2021年年度报告,http://www.cninfo.com.cn/new/disclosure/detail?stockCode=600530&announcementId=1213161550&orgId=gssh0600530&announcementTime=2022-04-28,2022-04-29,2022-07-28,0.137115
600531,豫光金铅,2021,2022-03-31,河南豫光金铅股份有限公司年年度报告,http://www.cninfo.com.cn/new/disclosure/detail?stockCode=600531&announcementId=1212745021&orgId=gssh0600531&announcementTime=2022-03-31,2022-04-01,2022-07-04,-0.009102
600533,栖霞建设,2021,2022-04-30,栖霞建设2021年年度报告,http://www.cninfo.com.cn/new/disclosure/detail?stockCode=600533&announcementId=1213269486&orgId=gssh0600533&announcementTime=2022-04-30,2022-05-05,2022-07-29,-0.096998
600535,天士力,2021,2022-03-31,天士力2021年年度报告,http://www.cninfo.com.cn/new/disclosure/detail?stockCode=600535&announcementId=1212741638&orgId=gssh0600535&announcementTime=2022-03-31,2022-04-01,2022-07-04,-0.267946
600536,中国软件,2021,2022-04-19,《中国软件2021年年度报告》,http://www.cninfo.com.cn/new/disclosure/detail?stockCode=600536&announcementId=1212966725&orgId=gssh0600536&announcementTime=2022-04-19,2022-04-20,2022-07-19,0.378727
600537,亿晶光电,2021,2022-04-26,亿晶光电科技股份有限公司2021年年度报告,http://www.cninfo.com.cn/new/disclosure/detail?stockCode=600537&announcementId=1213108482&orgId=gssh0600537&announcementTime=2022-04-26,2022-04-27,2022-07-26,0.806356
600538,国发股份,2021,2022-03-29,国发股份2021年年度报告全文,http://www.cninfo.com.cn/new/disclosure/detail?stockCode=600538&announcementId=1212711494&orgId=gssh0600538&announcementTime=2022-03-29,2022-03-30,2022-06-30,-0.026576
600539,狮头股份,2021,2022-04-19,2021年年度报告,http://www.cninfo.com.cn/new/disclosure/detail?stockCode=600539&announcementId=1212960456&orgId=gssh0600539&announcementTime=2022-04-19,2022-04-20,2022-07-19,-0.06432
600540,新赛股份,2021,2022-04-28,新疆赛里木现代农业股份有限公司2021年年度报告,http://www.cninfo.com.cn/new/disclosure/detail?stockCode=600540&announcementId=1213168826&orgId=gssh0600540&announcementTime=2022-04-28,2022-04-29,2022-07-28,0.111559
600543,莫高股份,2021,2022-04-28,莫高股份2021年年度报告,http://www.cninfo.com.cn/new/disclosure/detail?stockCode=600543&announcementId=1213175952&orgId=gssh0600543&announcementTime=2022-04-28,2022-04-29,2022-07-28,0.155131
600545,卓郎智能,2021,2022-04-30,卓郎智能2021年年度报告,http://www.cninfo.com.cn/new/disclosure/detail?stockCode=600545&announcementId=1213269508&orgId=gssh0600545&announcementTime=2022-04-30,2022-05-05,2022-07-29,0.275573
600547,山东黄金,2021,2022-03-29,山东黄金矿业股份有限公司2021年年度报告,http://www.cninfo.com.cn/new/disclosure/detail?stockCode=600547&announcementId=1212708767&orgId=gssh0600547&announcementTime=2022-03-29,2022-03-30,2022-06-30,-0.141127
600546,山煤国际,2021,2022-04-30,山煤国际2021年年度报告,http://www.cninfo.com.cn/new/disclosure/detail?stockCode=600546&announcementId=1213269543&orgId=gssh0600546&announcementTime=2022-04-30,2022-05-05,2022-07-29,0.123961
600548,深高速,2021,2022-03-30,2021年年度报告全文,http://www.cninfo.com.cn/new/disclosure/detail?stockCode=600548&announcementId=1212725093&orgId=gssh0600548&announcementTime=2022-03-30,2022-03-31,2022-07-01,-0.004132
600549,厦门钨业,2021,2022-03-31,厦门钨业2021年年度报告,http://www.cninfo.com.cn/new/disclosure/detail?stockCode=600549&announcementId=1212754030&orgId=gssh0600549&announcementTime=2022-03-31,2022-04-01,2022-07-04,0.277691
600550,保变电气,2021,2022-04-12,保定天威保变电气股份有限公司2021年年度报告,http://www.cninfo.com.cn/new/disclosure/detail?stockCode=600550&announcementId=1212884283&orgId=gssh0600550&announcementTime=2022-04-12,2022-04-13,2022-07-12,0.051939
600551,时代出版,2021,2022-04-22,时代出版传媒股份有限公司2021年年度报告,http://www.cninfo.com.cn/new/disclosure/detail?stockCode=600551&announcementId=1213016898&orgId=gssh0600551&announcementTime=2022-04-22,2022-04-25,2022-07-22,0.36785
600552,凯盛科技,2021,2022-03-10,2021年年度报告全文,http://www.cninfo.com.cn/new/disclosure/detail?stockCode=600552&announcementId=1212533026&orgId=gssh0600552&announcementTime=2022-03-10,2022-03-11,2022-06-13,0.067087
600556,天下秀,2021,2022-04-19,天下秀数字科技（集团）股份有限公司2021年年度报告,http://www.cninfo.com.cn/new/disclosure/detail?stockCode=600556&announcementId=1212962102&orgId=gssh0600556&announcementTime=2022-04-19,2022-04-20,2022-07-19,-0.126662
600557,康缘药业,2021,2022-03-04,江苏康缘药业股份有限公司2021年年度报告,http://www.cninfo.com.cn/new/disclosure/detail?stockCode=600557&announcementId=1212503437&orgId=gssh0600557&announcementTime=2022-03-04,2022-03-07,2022-06-07,0.025926
600558,大西洋,2021,2022-04-01,大西洋2021年年度报告,http://www.cninfo.com.cn/new/disclosure/detail?stockCode=600558&announcementId=1212764032&orgId=gssh0600558&announcementTime=2022-04-01,2022-04-06,2022-07-05,0.017647
600559,老白干酒,2021,2022-04-29,河北衡水老白干酒业股份有限公司2021年年度报告,http://www.cninfo.com.cn/new/disclosure/detail?stockCode=600559&announcementId=1213213359&orgId=gssh0600559&announcementTime=2022-04-29,2022-05-05,2022-07-29,0.186127
600560,金自天正,2021,2022-03-26,北京金自天正智能控制股份有限公司2021年年度报告,http://www.cninfo.com.cn/new/disclosure/detail?stockCode=600560&announcementId=1212683833&orgId=gssh0600560&announcementTime=2022-03-26,2022-03-28,2022-06-28,0.129082
600561,江西长运,2021,2022-04-16,江西长运2021年年度报告,http://www.cninfo.com.cn/new/disclosure/detail?stockCode=600561&announcementId=1212940096&orgId=gssh0600561&announcementTime=2022-04-16,2022-04-18,2022-07-15,-0.03393
600562,国睿科技,2021,2022-04-28,国睿科技股份有限公司2021年年度报告,http://www.cninfo.com.cn/new/disclosure/detail?stockCode=600562&announcementId=1213168830&orgId=gssh0600562&announcementTime=2022-04-28,2022-04-29,2022-07-28,0.196378
600563,法拉电子,2021,2022-03-26,法拉电子2021年年度报告,http://www.cninfo.com.cn/new/disclosure/detail?stockCode=600563&announcementId=1212683666&orgId=gssh0600563&announcementTime=2022-03-26,2022-03-28,2022-06-28,0.061523
600567,山鹰国际,2021,2022-04-16,2021年年度报告,http://www.cninfo.com.cn/new/disclosure/detail?stockCode=600567&announcementId=1212945047&orgId=gssh0600567&announcementTime=2022-04-16,2022-04-18,2022-07-15,-0.08965
600566,济川药业,2021,2022-04-16,湖北济川药业股份有限公司2021年年度报告,http://www.cninfo.com.cn/new/disclosure/detail?stockCode=600566&announcementId=1212943430&orgId=gssh0600566&announcementTime=2022-04-16,2022-04-18,2022-07-15,0.033802
600568,ST中珠,2021,2022-04-20,中珠医疗控股股份有限公司2021年年度报告,http://www.cninfo.com.cn/new/disclosure/detail?stockCode=600568&announcementId=1212978167&orgId=gssh0600568&announcementTime=2022-04-20,2022-04-21,2022-07-20,0.0
600569,安阳钢铁,2021,2022-04-26,安阳钢铁股份有限公司2021年年度报告,http://www.cninfo.com.cn/new/disclosure/detail?stockCode=600569&announcementId=1213100029&orgId=gssh0600569&announcementTime=2022-04-26,2022-04-27,2022-07-26,-0.072886
600570,恒生电子,2021,2022-03-31,恒生电子股份有限公司2021年年度报告,http://www.cninfo.com.cn/new/disclosure/detail?stockCode=600570&announcementId=1212754057&orgId=gssh0600570&announcementTime=2022-03-31,2022-04-01,2022-07-04,0.043541
600571,信雅达,2021,2022-03-31,信雅达科技股份有限公司2021年年度报告,http://www.cninfo.com.cn/new/disclosure/detail?stockCode=600571&announcementId=1212748825&orgId=gssh0600571&announcementTime=2022-03-31,2022-04-01,2022-07-04,-0.338428
600572,康恩贝,2021,2022-04-22,年报全文,http://www.cninfo.com.cn/new/disclosure/detail?stockCode=600572&announcementId=1213022880&orgId=gssh0600572&announcementTime=2022-04-22,2022-04-25,2022-07-22,-0.033964
600573,惠泉啤酒,2021,2022-04-26,福建省燕京惠泉啤酒股份有限公司2021年年度报告,http://www.cninfo.com.cn/new/disclosure/detail?stockCode=600573&announcementId=1213101954&orgId=gssh0600573&announcementTime=2022-04-26,2022-04-27,2022-07-26,0.069991
600575,淮河能源,2021,2022-03-25,淮河能源（集团）股份有限公司2021年年度报告,http://www.cninfo.com.cn/new/disclosure/detail?stockCode=600575&announcementId=1212670494&orgId=gssh0600575&announcementTime=2022-03-25,2022-03-28,2022-06-28,-0.006076
600576,祥源文旅,2021,2022-04-20,2021年年度报告,http://www.cninfo.com.cn/new/disclosure/detail?stockCode=600576&announcementId=1212979850&orgId=gssh0600576&announcementTime=2022-04-20,2022-04-21,2022-07-20,-0.074576
600577,精达股份,2021,2022-04-19,精达股份2021年年度报告,http://www.cninfo.com.cn/new/disclosure/detail?stockCode=600577&announcementId=1212963604&orgId=gssh0600577&announcementTime=2022-04-19,2022-04-20,2022-07-19,0.286716
600578,京能电力,2021,2022-04-26,京能电力：2021年年度报告,http://www.cninfo.com.cn/new/disclosure/detail?stockCode=600578&announcementId=1213108590&orgId=gssh0600578&announcementTime=2022-04-26,2022-04-27,2022-07-26,0.268277
600579,中化装备,2021,2022-04-30,克劳斯玛菲股份有限公司2021年年度报告,http://www.cninfo.com.cn/new/disclosure/detail?stockCode=600579&announcementId=1213269600&orgId=gssh0600579&announcementTime=2022-04-30,2022-05-05,2022-07-29,0.258459
600581,八一钢铁,2021,2022-04-12,新疆八一钢铁股份有限公司2021年年度报告,http://www.cninfo.com.cn/new/disclosure/detail?stockCode=600581&announcementId=1212881470&orgId=gssh0600581&announcementTime=2022-04-12,2022-04-13,2022-07-12,-0.262558
600580,卧龙电驱,2021,2022-04-30,卧龙电驱2021年年度报告,http://www.cninfo.com.cn/new/disclosure/detail?stockCode=600580&announcementId=1213261476&orgId=gssh0600580&announcementTime=2022-04-30,2022-05-05,2022-07-29,0.363556
600582,天地科技,2021,2022-04-21,天地科技2021年年度报告,http://www.cninfo.com.cn/new/disclosure/detail?stockCode=600582&announcementId=1212995090&orgId=gssh0600582&announcementTime=2022-04-21,2022-04-22,2022-07-21,0.128347
600583,海油工程,2021,2022-03-22,海油工程2021年度报告,http://www.cninfo.com.cn/new/disclosure/detail?stockCode=600583&announcementId=1212631880&orgId=gssh0600583&announcementTime=2022-03-22,2022-03-23,2022-06-23,-0.030996
600584,长电科技,2021,2022-03-31,江苏长电科技股份有限公司2021年年度报告,http://www.cninfo.com.cn/new/disclosure/detail?stockCode=600584&announcementId=1212740906&orgId=gssh0600584&announcementTime=2022-03-31,2022-04-01,2022-07-04,0.074365
600585,海螺水泥,2021,2022-03-26,2021年度报告,http://www.cninfo.com.cn/new/disclosure/detail?stockCode=600585&announcementId=1212686416&orgId=gssh0600585&announcementTime=2022-03-26,2022-03-28,2022-06-28,-0.006517
600586,金晶科技,2021,2022-04-12,金晶科技2021年度报告全文,http://www.cninfo.com.cn/new/disclosure/detail?stockCode=600586&announcementId=1212884080&orgId=gssh0600586&announcementTime=2022-04-12,2022-04-13,2022-07-12,-0.068035
600587,新华医疗,2021,2022-04-29,新华医疗2021年年度报告,http://www.cninfo.com.cn/new/disclosure/detail?stockCode=600587&announcementId=1213205785&orgId=gssh0600587&announcementTime=2022-04-29,2022-05-05,2022-07-29,0.105306
600588,用友网络,2021,2022-03-19,用友网络2021年年度报告,http://www.cninfo.com.cn/new/disclosure/detail?stockCode=600588&announcementId=1212626485&orgId=gssh0600588&announcementTime=2022-03-19,2022-03-21,2022-06-21,-0.181432
600589,大位科技,2021,2022-04-30,广东榕泰：2021年年度报告,http://www.cninfo.com.cn/new/disclosure/detail?stockCode=600589&announcementId=1213269648&orgId=gssh0600589&announcementTime=2022-04-30,2022-05-05,2022-07-29,0.184729
600590,泰豪科技,2021,2022-04-28,泰豪科技股份有限公司2021年年度报告,http://www.cninfo.com.cn/new/disclosure/detail?stockCode=600590&announcementId=1213163342&orgId=gssh0600590&announcementTime=2022-04-28,2022-04-29,2022-07-28,0.336957
600592,龙溪股份,2021,2022-04-23,龙溪股份2021年年度报告,http://www.cninfo.com.cn/new/disclosure/detail?stockCode=600592&announcementId=1213049492&orgId=gssh0600592&announcementTime=2022-04-23,2022-04-25,2022-07-22,-0.032112
600593,大连圣亚,2021,2022-04-23,2021年年度报告,http://www.cninfo.com.cn/new/disclosure/detail?stockCode=600593&announcementId=1213057558&orgId=gssh0600593&announcementTime=2022-04-23,2022-04-25,2022-07-25,-0.018147
600594,益佰制药,2021,2022-04-23,贵州益佰制药股份有限公司2021年年度报告,http://www.cninfo.com.cn/new/disclosure/detail?stockCode=600594&announcementId=1213056253&orgId=gssh0600594&announcementTime=2022-04-23,2022-04-25,2022-07-22,-0.057656
600595,中孚实业,2021,2022-04-30,河南中孚实业股份有限公司2021年年度报告,http://www.cninfo.com.cn/new/disclosure/detail?stockCode=600595&announcementId=1213269694&orgId=gssh0600595&announcementTime=2022-04-30,2022-05-05,2022-08-01,-0.062955
600596,新安股份,2021,2022-03-22,新安股份2021年年度报告,http://www.cninfo.com.cn/new/disclosure/detail?stockCode=600596&announcementId=1212634557&orgId=gssh0600596&announcementTime=2022-03-22,2022-03-23,2022-06-23,0.119936
600597,光明乳业,2021,2022-03-29,光明乳业2021年年度报告,http://www.cninfo.com.cn/new/disclosure/detail?stockCode=600597&announcementId=1212709644&orgId=gssh0600597&announcementTime=2022-03-29,2022-03-30,2022-06-30,0.092452
600598,北大荒,2021,2022-03-30,黑龙江北大荒农业股份有限公司2021年年度报告,http://www.cninfo.com.cn/new/disclosure/detail?stockCode=600598&announcementId=1212721730&orgId=gssh0600598&announcementTime=2022-03-30,2022-03-31,2022-07-01,-0.001801
600599,*ST熊猫,2021,2022-04-23,ST熊猫2021年年度报告全文,http://www.cninfo.com.cn/new/disclosure/detail?stockCode=600599&announcementId=1213050045&orgId=gssh0600599&announcementTime=2022-04-23,2022-04-25,2022-07-22,0.177907
600600,青岛啤酒,2021,2022-03-29,青啤公司2021年年度报告,http://www.cninfo.com.cn/new/disclosure/detail?stockCode=600600&announcementId=1212709321&orgId=gssh0600600&announcementTime=2022-03-29,2022-03-30,2022-06-30,0.353148
600601,方正科技,2021,2022-04-30,方正科技集团股份有限公司2021年年度报告,http://www.cninfo.com.cn/new/disclosure/detail?stockCode=600601&announcementId=1213269723&orgId=gssh0600601&announcementTime=2022-04-30,2022-05-06,2022-08-01,0.173516
600602,云赛智联,2021,2022-03-29,云赛智联2021年年度报告全文,http://www.cninfo.com.cn/new/disclosure/detail?stockCode=600602&announcementId=1212706032&orgId=gssh0600602&announcementTime=2022-03-29,2022-03-30,2022-06-30,-0.119651
600603,广汇物流,2021,2022-03-10,广汇物流股份有限公司2021年年度报告,http://www.cninfo.com.cn/new/disclosure/detail?stockCode=600603&announcementId=1212536524&orgId=gssh0600603&announcementTime=2022-03-10,2022-03-11,2022-06-13,0.776874
600604,市北高新,2021,2022-04-15,市北高新2021年年度报告,http://www.cninfo.com.cn/new/disclosure/detail?stockCode=600604&announcementId=1212921059&orgId=gssh0600604&announcementTime=2022-04-15,2022-04-18,2022-07-15,-0.072086
600605,汇通能源,2021,2022-04-02,上海汇通能源股份有限公司2021年年度报告,http://www.cninfo.com.cn/new/disclosure/detail?stockCode=600605&announcementId=1212811517&orgId=gssh0600605&announcementTime=2022-04-02,2022-04-06,2022-07-05,-0.152264
600606,绿地控股,2021,2022-04-30,绿地控股2021年年度报告,http://www.cninfo.com.cn/new/disclosure/detail?stockCode=600606&announcementId=1213269739&orgId=gssh0600606&announcementTime=2022-04-30,2022-05-05,2022-07-29,-0.261956
600608,*ST沪科,2021,2022-04-26,ST沪科2021年年度报告,http://www.cninfo.com.cn/new/disclosure/detail?stockCode=600608&announcementId=1213098553&orgId=gssh0600608&announcementTime=2022-04-26,2022-04-27,2022-07-26,0.099753
600609,金杯汽车,2021,2022-04-21,金杯汽车股份有限公司2021年年度报告,http://www.cninfo.com.cn/new/disclosure/detail?stockCode=600609&announcementId=1213001585&orgId=gssh0600609&announcementTime=2022-04-21,2022-04-22,2022-07-21,0.204109
600610,中毅达,2021,2022-04-19,中毅达：2021年年度报告,http://www.cninfo.com.cn/new/disclosure/detail?stockCode=600610&announcementId=1212962485&orgId=gssh0600610&announcementTime=2022-04-19,2022-04-20,2022-07-19,0.279859
600611,大众交通,2021,2022-03-31,大众交通（集团）股份有限公司2021年度报告,http://www.cninfo.com.cn/new/disclosure/detail?stockCode=600611&announcementId=1212752341&orgId=gssh0600611&announcementTime=2022-03-31,2022-04-01,2022-07-04,-0.032417
600612,老凤祥,2021,2022-04-29,老凤祥股份有限公司2021年年度报告,http://www.cninfo.com.cn/new/disclosure/detail?stockCode=600612&announcementId=1213223783&orgId=gssh0600612&announcementTime=2022-04-29,2022-05-05,2022-07-29,-0.023309
600615,鑫源智造,2021,2022-04-26,上海丰华（集团）股份有限公司2021年年度报告,http://www.cninfo.com.cn/new/disclosure/detail?stockCode=600615&announcementId=1213098563&orgId=gssh0600615&announcementTime=2022-04-26,2022-04-27,2022-07-26,-0.008598
600613,神奇制药,2021,2022-04-30,神奇制药：2021年年度报告,http://www.cninfo.com.cn/new/disclosure/detail?stockCode=600613&announcementId=1213269765&orgId=gssh0600613&announcementTime=2022-04-30,2022-05-05,2022-07-29,0.203737
600616,金枫酒业,2021,2022-04-02,金枫酒业2021年度报告,http://www.cninfo.com.cn/new/disclosure/detail?stockCode=600616&announcementId=1212808211&orgId=gssh0600616&announcementTime=2022-04-02,2022-04-06,2022-07-05,0.178572
600617,国新能源,2021,2022-04-19,山西省国新能源股份有限公司2021年年度报告,http://www.cninfo.com.cn/new/disclosure/detail?stockCode=600617&announcementId=1212959971&orgId=gssh0600617&announcementTime=2022-04-19,2022-04-20,2022-07-19,0.010734
600618,氯碱化工,2021,2022-03-26,氯碱化工2021年年度报告,http://www.cninfo.com.cn/new/disclosure/detail?stockCode=600618&announcementId=1212685868&orgId=gssh0600618&announcementTime=2022-03-26,2022-03-28,2022-06-28,0.102037
600619,海立股份,2021,2022-04-29,海立股份2021年年度报告,http://www.cninfo.com.cn/new/disclosure/detail?stockCode=600619&announcementId=1213223791&orgId=gssh0600619&announcementTime=2022-04-29,2022-05-05,2022-07-29,0.285199
600620,天宸股份,2021,2022-03-26,上海市天宸股份有限公司2021年年度报告,http://www.cninfo.com.cn/new/disclosure/detail?stockCode=600620&announcementId=1212682876&orgId=gssh0600620&announcementTime=2022-03-26,2022-03-28,2022-06-28,0.052573
600621,华鑫股份,2021,2022-03-30,华鑫股份2021年年度报告,http://www.cninfo.com.cn/new/disclosure/detail?stockCode=600621&announcementId=1212723683&orgId=gssh0600621&announcementTime=2022-03-30,2022-03-31,2022-07-01,0.084787
600622,光大嘉宝,2021,2022-04-30,光大嘉宝股份有限公司2021年年度报告,http://www.cninfo.com.cn/new/disclosure/detail?stockCode=600622&announcementId=1213269798&orgId=gssh0600622&announcementTime=2022-04-30,2022-05-05,2022-07-29,-0.196017
600623,华谊集团,2021,2022-03-29,2021年年度报告,http://www.cninfo.com.cn/new/disclosure/detail?stockCode=600623&announcementId=1212711705&orgId=gssh0600623&announcementTime=2022-03-29,2022-03-30,2022-06-30,-0.022379
600624,ST复华,2021,2022-04-30,上海复旦复华科技股份有限公司2021年年度报告,http://www.cninfo.com.cn/new/disclosure/detail?stockCode=600624&announcementId=1213269860&orgId=gssh0600624&announcementTime=2022-04-30,2022-05-05,2022-07-29,0.1837
600626,申达股份,2021,2022-04-29,申达股份2021年年度报告,http://www.cninfo.com.cn/new/disclosure/detail?stockCode=600626&announcementId=1213213421&orgId=gssh0600626&announcementTime=2022-04-29,2022-05-05,2022-07-29,0.126582
600628,新世界,2021,2022-04-30,新世界2021年年度报告,http://www.cninfo.com.cn/new/disclosure/detail?stockCode=600628&announcementId=1213269868&orgId=gssh0600628&announcementTime=2022-04-30,2022-05-05,2022-07-29,-0.076412
600629,华建集团,2021,2022-04-30,年报全文,http://www.cninfo.com.cn/new/disclosure/detail?stockCode=600629&announcementId=1213269899&orgId=gssh0600629&announcementTime=2022-04-30,2022-05-05,2022-07-29,-0.046852
600630,龙头股份,2021,2022-04-28,2021年年报全文,http://www.cninfo.com.cn/new/disclosure/detail?stockCode=600630&announcementId=1213175988&orgId=gssh0600630&announcementTime=2022-04-28,2022-04-29,2022-07-28,0.476563
600635,大众公用,2021,2022-03-31,上海大众公用事业（集团）股份有限公司2021年年度报告,http://www.cninfo.com.cn/new/disclosure/detail?stockCode=600635&announcementId=1212752409&orgId=gssh0600635&announcementTime=2022-03-31,2022-04-01,2022-07-04,-0.062665
600636,*ST国化,2021,2022-04-28,国新文化控股股份有限公司2021年年度报告,http://www.cninfo.com.cn/new/disclosure/detail?stockCode=600636&announcementId=1213163397&orgId=gssh0600636&announcementTime=2022-04-28,2022-04-29,2022-07-28,0.175874
600633,浙数文化,2021,2022-04-28,浙数文化2021年年度报告,http://www.cninfo.com.cn/new/disclosure/detail?stockCode=600633&announcementId=1213178268&orgId=gssh0600633&announcementTime=2022-04-28,2022-04-29,2022-07-28,0.146514
600637,东方明珠,2021,2022-04-30,东方明珠2021年度报告,http://www.cninfo.com.cn/new/disclosure/detail?stockCode=600637&announcementId=1213269952&orgId=gssh0600637&announcementTime=2022-04-30,2022-05-05,2022-07-29,-0.018614
600638,新黄浦,2021,2022-04-30,新黄浦2021年年度报告,http://www.cninfo.com.cn/new/disclosure/detail?stockCode=600638&announcementId=1213261549&orgId=gssh0600638&announcementTime=2022-04-30,2022-05-05,2022-07-29,-0.001289
600639,浦东金桥,2021,2022-04-15,浦东金桥2021年年度报告,http://www.cninfo.com.cn/new/disclosure/detail?stockCode=600639&announcementId=1212921077&orgId=gssh0600639&announcementTime=2022-04-15,2022-04-18,2022-07-15,-0.212429
600640,国脉文化,2021,2022-04-30,新国脉数字文化股份公司2021年年度报告,http://www.cninfo.com.cn/new/disclosure/detail?stockCode=600640&announcementId=1213269984&orgId=gssh0600640&announcementTime=2022-04-30,2022-05-05,2022-07-29,0.21794
600641,先导基电,2021,2022-04-30,上海万业企业股份有限公司2021年年度报告,http://www.cninfo.com.cn/new/disclosure/detail?stockCode=600641&announcementId=1213263554&orgId=gssh0600641&announcementTime=2022-04-30,2022-05-05,2022-07-29,0.577723
600642,申能股份,2021,2022-04-09,申能股份有限公司2021年年度报告,http://www.cninfo.com.cn/new/disclosure/detail?stockCode=600642&announcementId=1212855228&orgId=gssh0600642&announcementTime=2022-04-09,2022-04-11,2022-07-08,0.012723
600643,爱建集团,2021,2022-03-31,爱建集团2021年年度报告,http://www.cninfo.com.cn/new/disclosure/detail?stockCode=600643&announcementId=1212748850&orgId=gssh0600643&announcementTime=2022-03-31,2022-04-01,2022-07-04,-0.067891
600644,乐山电力,2021,2022-03-25,乐山电力股份有限公司2021年年度报告全文,http://www.cninfo.com.cn/new/disclosure/detail?stockCode=600644&announcementId=1212669236&orgId=gssh0600644&announcementTime=2022-03-25,2022-03-28,2022-06-28,0.033006
600645,中源协和,2021,2022-04-25,中源协和细胞基因工程股份有限公司2021年年度报告,http://www.cninfo.com.cn/new/disclosure/detail?stockCode=600645&announcementId=1213086829&orgId=gssh0600645&announcementTime=2022-04-25,2022-04-26,2022-07-25,-0.026739
600648,外高桥,2021,2022-03-31,2021年年度报告,http://www.cninfo.com.cn/new/disclosure/detail?stockCode=600648&announcementId=1212752447&orgId=gssh0600648&announcementTime=2022-03-31,2022-04-01,2022-07-04,0.069905
600649,城投控股,2021,2022-03-26,上海城投控股股份有限公司2021年年度报告,http://www.cninfo.com.cn/new/disclosure/detail?stockCode=600649&announcementId=1212687124&orgId=gssh0600649&announcementTime=2022-03-26,2022-03-28,2022-06-28,-0.034134
600650,锦江在线,2021,2022-03-26,锦江在线2021年年度报告,http://www.cninfo.com.cn/new/disclosure/detail?stockCode=600650&announcementId=1212685874&orgId=gssh0600650&announcementTime=2022-03-26,2022-03-28,2022-06-28,0.194365
600651,飞乐音响,2021,2022-04-26,飞乐音响2021年年度报告,http://www.cninfo.com.cn/new/disclosure/detail?stockCode=600651&announcementId=1213104397&orgId=gssh0600651&announcementTime=2022-04-26,2022-04-27,2022-07-26,0.326316
600653,申华控股,2021,2022-03-31,申华控股2021年年度报告,http://www.cninfo.com.cn/new/disclosure/detail?stockCode=600653&announcementId=1212754080&orgId=gssh0600653&announcementTime=2022-03-31,2022-04-01,2022-07-04,0.236453
600654,中安科,2021,2022-04-30,ST中安2021年年度报告,http://www.cninfo.com.cn/new/disclosure/detail?stockCode=600654&announcementId=1213270002&orgId=gssh0600654&announcementTime=2022-04-30,2022-05-06,2022-08-01,0.508671
600655,豫园股份,2021,2022-03-22,上海豫园旅游商城（集团）股份有限公司2021年年度报告,http://www.cninfo.com.cn/new/disclosure/detail?stockCode=600655&announcementId=1212630879&orgId=gssh0600655&announcementTime=2022-03-22,2022-03-23,2022-06-23,-0.099553
600657,信达地产,2021,2022-03-30,信达地产2021年年度报告,http://www.cninfo.com.cn/new/disclosure/detail?stockCode=600657&announcementId=1212728709&orgId=gssh0600657&announcementTime=2022-03-30,2022-03-31,2022-07-01,-0.181533
600658,电子城,2021,2022-04-20,电子城 2021年年度报告,http://www.cninfo.com.cn/new/disclosure/detail?stockCode=600658&announcementId=1212974325&orgId=gssh0600658&announcementTime=2022-04-20,2022-04-21,2022-07-20,-0.027329
600660,福耀玻璃,2021,2022-03-18,福耀玻璃2021年年度报告,http://www.cninfo.com.cn/new/disclosure/detail?stockCode=600660&announcementId=1212606964&orgId=gssh0600660&announcementTime=2022-03-18,2022-03-21,2022-06-21,0.214292
600662,外服控股,2021,2022-04-23,外服控股2021年年度报告,http://www.cninfo.com.cn/new/disclosure/detail?stockCode=600662&announcementId=1213054891&orgId=gssh0600662&announcementTime=2022-04-23,2022-04-25,2022-07-22,0.064509
600661,昂立教育,2021,2022-04-29,昂立教育2021年年度报告,http://www.cninfo.com.cn/new/disclosure/detail?stockCode=600661&announcementId=1213223861&orgId=gssh0600661&announcementTime=2022-04-29,2022-05-05,2022-07-29,0.125615
600663,陆家嘴,2021,2022-03-31,2021年年度报告,http://www.cninfo.com.cn/new/disclosure/detail?stockCode=600663&announcementId=1212740393&orgId=gssh0600663&announcementTime=2022-03-31,2022-04-01,2022-07-04,-0.065003
600664,哈药股份,2021,2022-04-09,哈药集团股份有限公司2021年年度报告,http://www.cninfo.com.cn/new/disclosure/detail?stockCode=600664&announcementId=1212856210&orgId=gssh0600664&announcementTime=2022-04-09,2022-04-11,2022-07-08,-0.098743
600665,天地源,2021,2022-04-09,天地源股份有限公司2021年年度报告,http://www.cninfo.com.cn/new/disclosure/detail?stockCode=600665&announcementId=1212854184&orgId=gssh0600665&announcementTime=2022-04-09,2022-04-11,2022-07-08,-0.230921
600666,奥瑞德,2021,2022-04-23,ST瑞德2021年年度报告,http://www.cninfo.com.cn/new/disclosure/detail?stockCode=600666&announcementId=1213057592&orgId=gssh0600666&announcementTime=2022-04-23,2022-04-26,2022-07-25,0.293769
600667,太极实业,2021,2022-04-28,2021年年度报告,http://www.cninfo.com.cn/new/disclosure/detail?stockCode=600667&announcementId=1213159973&orgId=gssh0600667&announcementTime=2022-04-28,2022-04-29,2022-07-28,0.159546
600668,尖峰集团,2021,2022-04-19,尖峰集团2021年年度报告,http://www.cninfo.com.cn/new/disclosure/detail?stockCode=600668&announcementId=1212959064&orgId=gssh0600668&announcementTime=2022-04-19,2022-04-20,2022-07-19,-0.225224
600673,东阳光,2021,2022-03-26,东阳光2021年年度报告,http://www.cninfo.com.cn/new/disclosure/detail?stockCode=600673&announcementId=1212688477&orgId=gssh0600673&announcementTime=2022-03-26,2022-03-28,2022-06-28,0.205379
600671,天目药业,2021,2022-04-30,杭州天目山药业股份有限公司2021年年度报告,http://www.cninfo.com.cn/new/disclosure/detail?stockCode=600671&announcementId=1213270035&orgId=gssh0600671&announcementTime=2022-04-30,2022-05-05,2022-07-29,0.040127
600674,川投能源,2021,2022-04-21,四川川投能源股份有限公司2021 年年度报告,http://www.cninfo.com.cn/new/disclosure/detail?stockCode=600674&announcementId=1213000916&orgId=gssh0600674&announcementTime=2022-04-21,2022-04-22,2022-07-21,0.252613
600675,中华企业,2021,2022-03-25,中华企业股份有限公司2021年年度报告,http://www.cninfo.com.cn/new/disclosure/detail?stockCode=600675&announcementId=1212671221&orgId=gssh0600675&announcementTime=2022-03-25,2022-03-28,2022-06-28,-0.041035
600676,交运股份,2021,2022-03-31,上海交运集团股份有限公司2021年年度报告,http://www.cninfo.com.cn/new/disclosure/detail?stockCode=600676&announcementId=1212740939&orgId=gssh0600676&announcementTime=2022-03-31,2022-04-01,2022-07-04,-0.109489
600678,四川金顶,2021,2022-04-19,四川金顶（集团）股份有限公司2021年度报告,http://www.cninfo.com.cn/new/disclosure/detail?stockCode=600678&announcementId=1212957533&orgId=gssh0600678&announcementTime=2022-04-19,2022-04-20,2022-07-19,-0.001871
600679,上海凤凰,2021,2022-04-30,上海凤凰2021年年度报告,http://www.cninfo.com.cn/new/disclosure/detail?stockCode=600679&announcementId=1213263641&orgId=gssh0600679&announcementTime=2022-04-30,2022-05-05,2022-07-29,0.048218
600681,百川能源,2021,2022-03-08,百川能源2021年年度报告,http://www.cninfo.com.cn/new/disclosure/detail?stockCode=600681&announcementId=1212521537&orgId=gssh0600681&announcementTime=2022-03-08,2022-03-09,2022-06-09,-0.06779
600682,南京新百,2021,2022-04-30,南京新百2021年年度报告,http://www.cninfo.com.cn/new/disclosure/detail?stockCode=600682&announcementId=1213270081&orgId=gssh0600682&announcementTime=2022-04-30,2022-05-05,2022-07-29,0.089583
600683,京投发展,2021,2022-04-13,京投发展2021年年度报告,http://www.cninfo.com.cn/new/disclosure/detail?stockCode=600683&announcementId=1212897448&orgId=gssh0600683&announcementTime=2022-04-13,2022-04-14,2022-07-13,-0.158009
600685,中船防务,2021,2022-03-31,中船防务2021年年度报告,http://www.cninfo.com.cn/new/disclosure/detail?stockCode=600685&announcementId=1212754106&orgId=gssh0600685&announcementTime=2022-03-31,2022-04-01,2022-07-04,-0.011696
600684,珠江股份,2021,2022-03-31,2021年年度报告,http://www.cninfo.com.cn/new/disclosure/detail?stockCode=600684&announcementId=1212749148&orgId=gssh0600684&announcementTime=2022-03-31,2022-04-01,2022-07-04,-0.221707
600686,金龙汽车,2021,2022-04-29,金龙汽车2021年年度报告正文,http://www.cninfo.com.cn/new/disclosure/detail?stockCode=600686&announcementId=1213223882&orgId=gssh0600686&announcementTime=2022-04-29,2022-05-05,2022-07-29,0.620129
600688,上海石化,2021,2022-03-24,上海石化2021年年度报告,http://www.cninfo.com.cn/new/disclosure/detail?stockCode=600688&announcementId=1212651573&orgId=gssh0600688&announcementTime=2022-03-24,2022-03-25,2022-06-27,-0.101356
600689,上海三毛,2021,2022-04-15,上海三毛企业（集团）股份有限公司2021年年度报告,http://www.cninfo.com.cn/new/disclosure/detail?stockCode=600689&announcementId=1212917509&orgId=gssh0600689&announcementTime=2022-04-15,2022-04-18,2022-07-15,0.210611
600690,海尔智家,2021,2022-03-31,海尔智家股份有限公司2021年年度报告,http://www.cninfo.com.cn/new/disclosure/detail?stockCode=600690&announcementId=1212752481&orgId=gssh0600690&announcementTime=2022-03-31,2022-04-01,2022-07-04,0.182777
600691,潞化科技,2021,2022-04-16,阳煤化工股份有限公司2021年年度报告,http://www.cninfo.com.cn/new/disclosure/detail?stockCode=600691&announcementId=1212943069&orgId=gssh0600691&announcementTime=2022-04-16,2022-04-18,2022-07-15,-0.265818
600692,亚通股份,2021,2022-04-12,亚通股份2021年年度报告,http://www.cninfo.com.cn/new/disclosure/detail?stockCode=600692&announcementId=1212883167&orgId=gssh0600692&announcementTime=2022-04-12,2022-04-13,2022-07-12,-0.256841
600693,东百集团,2021,2022-04-22,东百集团2021年年度报告,http://www.cninfo.com.cn/new/disclosure/detail?stockCode=600693&announcementId=1213022917&orgId=gssh0600693&announcementTime=2022-04-22,2022-04-25,2022-07-22,0.0
600694,大商股份,2021,2022-04-09,大商股份有限公司2021年年度报告,http://www.cninfo.com.cn/new/disclosure/detail?stockCode=600694&announcementId=1212856067&orgId=gssh0600694&announcementTime=2022-04-09,2022-04-11,2022-07-08,-0.093264
600696,*ST岩石,2021,2022-04-26,2021年年度报告,http://www.cninfo.com.cn/new/disclosure/detail?stockCode=600696&announcementId=1213104412&orgId=gssh0600696&announcementTime=2022-04-26,2022-04-27,2022-07-26,0.012449
600697,欧亚集团,2021,2022-04-13,长春欧亚集团股份有限公司2021年年度报告,http://www.cninfo.com.cn/new/disclosure/detail?stockCode=600697&announcementId=1212897815&orgId=gssh0600697&announcementTime=2022-04-13,2022-04-14,2022-07-13,0.012509
600698,湖南天雁,2021,2022-04-23,湖南天雁机械股份有限公司2021年年度报告,http://www.cninfo.com.cn/new/disclosure/detail?stockCode=600698&announcementId=1213049519&orgId=gssh0600698&announcementTime=2022-04-23,2022-04-25,2022-07-22,0.37334
600699,均胜电子,2021,2022-04-26,均胜电子2021年年度报告,http://www.cninfo.com.cn/new/disclosure/detail?stockCode=600699&announcementId=1213108622&orgId=gssh0600699&announcementTime=2022-04-26,2022-04-27,2022-07-26,0.979627
600702,舍得酒业,2021,2022-03-18,舍得酒业2021年年度报告,http://www.cninfo.com.cn/new/disclosure/detail?stockCode=600702&announcementId=1212606005&orgId=gssh0600702&announcementTime=2022-03-18,2022-03-21,2022-06-21,0.084156
600703,三安光电,2021,2022-04-26,三安光电股份有限公司2021年年度报告全文,http://www.cninfo.com.cn/new/disclosure/detail?stockCode=600703&announcementId=1213101999&orgId=gssh0600703&announcementTime=2022-04-26,2022-04-27,2022-07-26,0.395109
600706,曲江文旅,2021,2022-04-27,西安曲江文化旅游股份有限公司2021年年度报告,http://www.cninfo.com.cn/new/disclosure/detail?stockCode=600706&announcementId=1213135997&orgId=gssh0600706&announcementTime=2022-04-27,2022-04-28,2022-07-27,0.032013
600704,物产中大,2021,2022-04-26,物产中大2021年年度报告,http://www.cninfo.com.cn/new/disclosure/detail?stockCode=600704&announcementId=1213108746&orgId=gssh0600704&announcementTime=2022-04-26,2022-04-27,2022-07-26,0.072532
600708,光明地产,2021,2022-04-29,光明地产2021年度报告全文,http://www.cninfo.com.cn/new/disclosure/detail?stockCode=600708&announcementId=1213224014&orgId=gssh0600708&announcementTime=2022-04-29,2022-05-05,2022-07-29,-0.152211
600707,彩虹股份,2021,2022-04-20,彩虹股份2021年年度报告,http://www.cninfo.com.cn/new/disclosure/detail?stockCode=600707&announcementId=1212973609&orgId=gssh0600707&announcementTime=2022-04-20,2022-04-21,2022-07-20,-0.23101
600711,盛屯矿业,2021,2022-04-26,盛屯矿业集团股份有限公司2021年年度报告,http://www.cninfo.com.cn/new/disclosure/detail?stockCode=600711&announcementId=1213104441&orgId=gssh0600711&announcementTime=2022-04-26,2022-04-27,2022-07-26,0.301567
600710,苏美达,2021,2022-04-12,2021年年度报告,http://www.cninfo.com.cn/new/disclosure/detail?stockCode=600710&announcementId=1212887638&orgId=gssh0600710&announcementTime=2022-04-12,2022-04-13,2022-07-12,0.014941
600712,南宁百货,2021,2022-04-20,南宁百货大楼股份有限公司2021年年度报告,http://www.cninfo.com.cn/new/disclosure/detail?stockCode=600712&announcementId=1212979159&orgId=gssh0600712&announcementTime=2022-04-20,2022-04-21,2022-07-20,-0.114528
600713,南京医药,2021,2022-03-26,南京医药2021年年度报告全文,http://www.cninfo.com.cn/new/disclosure/detail?stockCode=600713&announcementId=1212686035&orgId=gssh0600713&announcementTime=2022-03-26,2022-03-28,2022-06-28,-0.066222
600714,金瑞矿业,2021,2022-03-22,600714_2021年_年度报告,http://www.cninfo.com.cn/new/disclosure/detail?stockCode=600714&announcementId=1212630912&orgId=gssh0600714&announcementTime=2022-03-22,2022-03-23,2022-06-23,-0.085173
600715,文投控股,2021,2022-04-28,文投控股股份有限公司2021年年度报告,http://www.cninfo.com.cn/new/disclosure/detail?stockCode=600715&announcementId=1213176052&orgId=gssh0600715&announcementTime=2022-04-28,2022-04-29,2022-07-28,0.185676
600716,凤凰股份,2021,2022-04-23,凤凰股份2021年度报告全文,http://www.cninfo.com.cn/new/disclosure/detail?stockCode=600716&announcementId=1213053071&orgId=gssh0600716&announcementTime=2022-04-23,2022-04-25,2022-07-22,0.013407
600717,天津港,2021,2022-03-25,天津港股份有限公司2021年年度报告,http://www.cninfo.com.cn/new/disclosure/detail?stockCode=600717&announcementId=1212668954&orgId=gssh0600717&announcementTime=2022-03-25,2022-03-28,2022-06-28,0.012615
600718,东软集团,2021,2022-04-29,东软集团2021年年度报告,http://www.cninfo.com.cn/new/disclosure/detail?stockCode=600718&announcementId=1213224036&orgId=gssh0600718&announcementTime=2022-04-29,2022-05-05,2022-07-29,0.233408
600719,大连热电,2021,2022-04-29,大连热电股份有限公司2021年年度报告,http://www.cninfo.com.cn/new/disclosure/detail?stockCode=600719&announcementId=1213224052&orgId=gssh0600719&announcementTime=2022-04-29,2022-05-05,2022-07-29,0.330119
600720,中交设计,2021,2022-03-18,祁连山2021年年度报告,http://www.cninfo.com.cn/new/disclosure/detail?stockCode=600720&announcementId=1212608481&orgId=gssh0600720&announcementTime=2022-03-18,2022-03-21,2022-07-05,0.25614
600721,百花医药,2021,2022-03-30,新疆百花村医药集团股份有限公司2021年年度报告全文,http://www.cninfo.com.cn/new/disclosure/detail?stockCode=600721&announcementId=1212728736&orgId=gssh0600721&announcementTime=2022-03-30,2022-03-31,2022-07-04,-0.168156
600724,宁波富达,2021,2022-03-29,宁波富达2021年年度报告,http://www.cninfo.com.cn/new/disclosure/detail?stockCode=600724&announcementId=1212706915&orgId=gssh0600724&announcementTime=2022-03-29,2022-03-30,2022-06-30,0.047305
600722,金牛化工,2021,2022-04-28,金牛化工2021年年度报告,http://www.cninfo.com.cn/new/disclosure/detail?stockCode=600722&announcementId=1213168915&orgId=gssh0600722&announcementTime=2022-04-28,2022-04-29,2022-07-28,0.079446
600725,云维股份,2021,2022-04-26,云维股份2021年年度报告,http://www.cninfo.com.cn/new/disclosure/detail?stockCode=600725&announcementId=1213104669&orgId=gssh0600725&announcementTime=2022-04-26,2022-04-27,2022-07-26,0.261831
600728,佳都科技,2021,2022-03-19,佳都科技2021年年度报告,http://www.cninfo.com.cn/new/disclosure/detail?stockCode=600728&announcementId=1212627513&orgId=gssh0600728&announcementTime=2022-03-19,2022-03-21,2022-06-21,-0.165705
600727,鲁北化工,2021,2022-03-25,鲁北化工2021年年度报告,http://www.cninfo.com.cn/new/disclosure/detail?stockCode=600727&announcementId=1212669058&orgId=gssh0600727&announcementTime=2022-03-25,2022-03-28,2022-06-28,-0.094428
600729,重庆百货,2021,2022-03-26,重庆百货大楼股份有限公司2021年年度报告,http://www.cninfo.com.cn/new/disclosure/detail?stockCode=600729&announcementId=1212687946&orgId=gssh0600729&announcementTime=2022-03-26,2022-03-28,2022-06-28,-0.089831
600730,中国高科,2021,2022-03-31,中国高科2021年年度报告,http://www.cninfo.com.cn/new/disclosure/detail?stockCode=600730&announcementId=1212754457&orgId=gssh0600730&announcementTime=2022-03-31,2022-04-01,2022-07-04,-0.059745
600731,湖南海利,2021,2022-04-07,湖南海利2021年年度报告,http://www.cninfo.com.cn/new/disclosure/detail?stockCode=600731&announcementId=1212827768&orgId=gssh0600731&announcementTime=2022-04-07,2022-04-08,2022-07-07,-0.05115
600732,爱旭股份,2021,2022-04-30,爱旭股份2021年年度报告,http://www.cninfo.com.cn/new/disclosure/detail?stockCode=600732&announcementId=1213270121&orgId=gssh0600732&announcementTime=2022-04-30,2022-05-05,2022-07-29,1.791685
600733,北汽蓝谷,2021,2022-03-26,2021年年度报告,http://www.cninfo.com.cn/new/disclosure/detail?stockCode=600733&announcementId=1212686958&orgId=gssh0600733&announcementTime=2022-03-26,2022-03-28,2022-06-28,0.460942
600734,实达集团,2021,2022-04-30,福建实达集团股份有限公司2021年年度报告,http://www.cninfo.com.cn/new/disclosure/detail?stockCode=600734&announcementId=1213270161&orgId=gssh0600734&announcementTime=2022-04-30,2022-05-13,2022-08-09,-0.087993
600735,ST新华锦,2021,2022-04-29,新华锦2021年年度报告,http://www.cninfo.com.cn/new/disclosure/detail?stockCode=600735&announcementId=1213214145&orgId=gssh0600735&announcementTime=2022-04-29,2022-05-05,2022-07-29,0.126433
600736,苏州高新,2021,2022-04-26,苏州高新2021年年度报告,http://www.cninfo.com.cn/new/disclosure/detail?stockCode=600736&announcementId=1213108822&orgId=gssh0600736&announcementTime=2022-04-26,2022-04-27,2022-07-26,0.148802
600737,中粮糖业,2021,2022-04-19,中粮糖业控股股份有限公司2021年年度报告,http://www.cninfo.com.cn/new/disclosure/detail?stockCode=600737&announcementId=1212960966&orgId=gssh0600737&announcementTime=2022-04-19,2022-04-20,2022-07-19,-0.145388
600738,丽尚国潮,2021,2022-04-07,丽尚国潮2021年年度报告,http://www.cninfo.com.cn/new/disclosure/detail?stockCode=600738&announcementId=1212828069&orgId=gssh0600738&announcementTime=2022-04-07,2022-04-08,2022-07-07,0.263449
600739,辽宁成大,2021,2022-04-22,辽宁成大股份有限公司2021年年度报告,http://www.cninfo.com.cn/new/disclosure/detail?stockCode=600739&announcementId=1213029573&orgId=gssh0600739&announcementTime=2022-04-22,2022-04-25,2022-07-22,-0.017902
600740,山西焦化,2021,2022-04-26,山西焦化股份有限公司2021年年度报告,http://www.cninfo.com.cn/new/disclosure/detail?stockCode=600740&announcementId=1213098605&orgId=gssh0600740&announcementTime=2022-04-26,2022-04-27,2022-07-26,0.231859
600742,富维股份,2021,2022-04-30,2021年年度报告,http://www.cninfo.com.cn/new/disclosure/detail?stockCode=600742&announcementId=1213270194&orgId=gssh0600742&announcementTime=2022-04-30,2022-05-05,2022-07-29,0.240175
600741,华域汽车,2021,2022-04-29,华域汽车2021年年度报告,http://www.cninfo.com.cn/new/disclosure/detail?stockCode=600741&announcementId=1213198894&orgId=gssh0600741&announcementTime=2022-04-29,2022-05-05,2022-07-29,0.14093
600743,华远控股,2021,2022-04-20,华远地产2021年年度报告,http://www.cninfo.com.cn/new/disclosure/detail?stockCode=600743&announcementId=1212974730&orgId=gssh0600743&announcementTime=2022-04-20,2022-04-21,2022-07-20,-0.191489
600744,华银电力,2021,2022-04-14,大唐华银电力股份有限公司2021年年度报告,http://www.cninfo.com.cn/new/disclosure/detail?stockCode=600744&announcementId=1212914805&orgId=gssh0600744&announcementTime=2022-04-14,2022-04-15,2022-07-14,0.177089
600745,闻泰科技,2021,2022-04-26,2021年年度报告,http://www.cninfo.com.cn/new/disclosure/detail?stockCode=600745&announcementId=1213109227&orgId=gssh0600745&announcementTime=2022-04-26,2022-04-27,2022-07-26,0.143048
600746,江苏索普,2021,2022-03-15,江苏索普2021年年度报告,http://www.cninfo.com.cn/new/disclosure/detail?stockCode=600746&announcementId=1212565611&orgId=gssh0600746&announcementTime=2022-03-15,2022-03-16,2022-06-16,0.011189
600748,上实发展,2021,2022-03-31,上实发展2021年年度报告,http://www.cninfo.com.cn/new/disclosure/detail?stockCode=600748&announcementId=1212743441&orgId=gssh0600748&announcementTime=2022-03-31,2022-04-01,2022-07-04,-0.180869
600749,西藏旅游,2021,2022-03-15,西藏旅游2021年年度报告,http://www.cninfo.com.cn/new/disclosure/detail?stockCode=600749&announcementId=1212568281&orgId=gssh0600749&announcementTime=2022-03-15,2022-03-16,2022-06-16,-0.028341
600750,华润江中,2021,2022-03-25,江中药业2021年年度报告,http://www.cninfo.com.cn/new/disclosure/detail?stockCode=600750&announcementId=1212669285&orgId=gssh0600750&announcementTime=2022-03-25,2022-03-28,2022-06-28,0.124515
600751,海航科技,2021,2022-04-30,海航科技股份有限公司2021年年度报告,http://www.cninfo.com.cn/new/disclosure/detail?stockCode=600751&announcementId=1213270219&orgId=gssh0600751&announcementTime=2022-04-30,2022-05-05,2022-07-29,-0.07187
600753,*ST海钦,2021,2022-04-30,东方银星2021年年度报告,http://www.cninfo.com.cn/new/disclosure/detail?stockCode=600753&announcementId=1213270253&orgId=gssh0600753&announcementTime=2022-04-30,2022-05-05,2022-07-29,0.171993
600754,锦江酒店,2021,2022-03-29,锦江酒店年报,http://www.cninfo.com.cn/new/disclosure/detail?stockCode=600754&announcementId=1212708494&orgId=gssh0600754&announcementTime=2022-03-29,2022-03-30,2022-06-30,0.274799
600755,厦门国贸,2021,2022-04-21,厦门国贸集团股份有限公司2021年年度报告,http://www.cninfo.com.cn/new/disclosure/detail?stockCode=600755&announcementId=1213001605&orgId=gssh0600755&announcementTime=2022-04-21,2022-04-22,2022-07-21,-0.010423
600756,浪潮软件,2021,2022-04-16,浪潮软件2021年年度报告全文,http://www.cninfo.com.cn/new/disclosure/detail?stockCode=600756&announcementId=1212942425&orgId=gssh0600756&announcementTime=2022-04-16,2022-04-18,2022-07-15,-0.03595
600758,辽宁能源,2021,2022-04-22,辽宁能源煤电产业股份有限公司2021年年度报告全文,http://www.cninfo.com.cn/new/disclosure/detail?stockCode=600758&announcementId=1213023348&orgId=gssh0600758&announcementTime=2022-04-22,2022-04-25,2022-07-22,0.009402
600759,洲际油气,2021,2022-04-25,洲际油气股份有限公司2021年年度报告,http://www.cninfo.com.cn/new/disclosure/detail?stockCode=600759&announcementId=1213086485&orgId=gssh0600759&announcementTime=2022-04-25,2022-04-26,2022-07-25,-0.109045
600757,长江传媒,2021,2022-04-27,长江传媒2021年年度报告,http://www.cninfo.com.cn/new/disclosure/detail?stockCode=600757&announcementId=1213142936&orgId=gssh0600757&announcementTime=2022-04-27,2022-04-28,2022-07-27,0.110778
600760,中航沈飞,2021,2022-03-29,中航沈飞股份有限公司2021年年度报告,http://www.cninfo.com.cn/new/disclosure/detail?stockCode=600760&announcementId=1212710232&orgId=gssh0600760&announcementTime=2022-03-29,2022-03-30,2022-06-30,0.052816
600761,安徽合力,2021,2022-03-12,安徽合力股份有限公司2021年度报告,http://www.cninfo.com.cn/new/disclosure/detail?stockCode=600761&announcementId=1212550022&orgId=gssh0600761&announcementTime=2022-03-12,2022-03-14,2022-06-14,0.024301
600763,通策医疗,2021,2022-04-28,通策医疗股份有限公司2021年年度报告,http://www.cninfo.com.cn/new/disclosure/detail?stockCode=600763&announcementId=1213168936&orgId=gssh0600763&announcementTime=2022-04-28,2022-04-29,2022-07-28,0.279819
600765,中航重机,2021,2022-03-15,中航重机2021年年度报告,http://www.cninfo.com.cn/new/disclosure/detail?stockCode=600765&announcementId=1212568628&orgId=gssh0600765&announcementTime=2022-03-15,2022-03-16,2022-06-16,-0.159315
600764,中国海防,2021,2022-04-29,中国海防2021年年度报告,http://www.cninfo.com.cn/new/disclosure/detail?stockCode=600764&announcementId=1213198961&orgId=gssh0600764&announcementTime=2022-04-29,2022-05-05,2022-07-29,0.197713
600769,祥龙电业,2021,2022-04-21,武汉祥龙电业股份有限公司2021年年度报告,http://www.cninfo.com.cn/new/disclosure/detail?stockCode=600769&announcementId=1213000548&orgId=gssh0600769&announcementTime=2022-04-21,2022-04-22,2022-07-21,0.391429
600768,宁波富邦,2021,2022-04-02,宁波富邦2021年度报告,http://www.cninfo.com.cn/new/disclosure/detail?stockCode=600768&announcementId=1212811609&orgId=gssh0600768&announcementTime=2022-04-02,2022-04-06,2022-07-05,-0.03586
600770,综艺股份,2021,2022-04-20,综艺股份2021年年度报告,http://www.cninfo.com.cn/new/disclosure/detail?stockCode=600770&announcementId=1212976196&orgId=gssh0600770&announcementTime=2022-04-20,2022-04-21,2022-07-20,0.104963
600771,广誉远,2021,2022-04-30,广誉远中药股份有限公司2021年年度报告,http://www.cninfo.com.cn/new/disclosure/detail?stockCode=600771&announcementId=1213270281&orgId=gssh0600771&announcementTime=2022-04-30,2022-05-05,2022-07-29,0.140286
600773,西藏城投,2021,2022-04-23,西藏城市发展投资股份有限公司2021年年度报告,http://www.cninfo.com.cn/new/disclosure/detail?stockCode=600773&announcementId=1213056399&orgId=gssh0600773&announcementTime=2022-04-23,2022-04-25,2022-07-22,0.374178
600774,汉商集团,2021,2022-03-31,汉商集团2021年年度报告,http://www.cninfo.com.cn/new/disclosure/detail?stockCode=600774&announcementId=1212752526&orgId=gssh0600774&announcementTime=2022-03-31,2022-04-01,2022-07-04,0.018332
600775,南京熊猫,2021,2022-03-31,南京熊猫2021年年度报告,http://www.cninfo.com.cn/new/disclosure/detail?stockCode=600775&announcementId=1212752535&orgId=gssh0600775&announcementTime=2022-03-31,2022-04-01,2022-07-04,0.09199
600776,东方通信,2021,2022-04-30,东方通信股份有限公司2021年年度报告,http://www.cninfo.com.cn/new/disclosure/detail?stockCode=600776&announcementId=1213249822&orgId=gssh0600776&announcementTime=2022-04-30,2022-05-05,2022-07-29,0.276873
600777,*ST新潮,2021,2022-04-30,新潮能源2021年年度报告,http://www.cninfo.com.cn/new/disclosure/detail?stockCode=600777&announcementId=1213270300&orgId=gssh0600777&announcementTime=2022-04-30,2022-05-05,2022-07-29,0.280026
600778,友好集团,2021,2022-04-28,友好集团2021年年度报告,http://www.cninfo.com.cn/new/disclosure/detail?stockCode=600778&announcementId=1213176105&orgId=gssh0600778&announcementTime=2022-04-28,2022-04-29,2022-07-28,0.543953
600779,水井坊,2021,2022-04-23,水井坊2021年度报告,http://www.cninfo.com.cn/new/disclosure/detail?stockCode=600779&announcementId=1213057156&orgId=gssh0600779&announcementTime=2022-04-23,2022-04-25,2022-07-22,0.044057
600780,通宝能源,2021,2022-04-27,山西通宝能源股份有限公司2021年年度报告,http://www.cninfo.com.cn/new/disclosure/detail?stockCode=600780&announcementId=1213132001&orgId=gssh0600780&announcementTime=2022-04-27,2022-04-28,2022-07-27,0.416024
600782,新钢股份,2021,2022-04-26,新钢股份2021年年度报告全文,http://www.cninfo.com.cn/new/disclosure/detail?stockCode=600782&announcementId=1213121143&orgId=gssh0600782&announcementTime=2022-04-26,2022-04-27,2022-07-26,-0.084998
600784,鲁银投资,2021,2022-03-30,鲁银投资2021年年度报告,http://www.cninfo.com.cn/new/disclosure/detail?stockCode=600784&announcementId=1212730762&orgId=gssh0600784&announcementTime=2022-03-30,2022-03-31,2022-07-01,0.090947
600783,鲁信创投,2021,2022-04-30,鲁信创投2021年年度报告,http://www.cninfo.com.cn/new/disclosure/detail?stockCode=600783&announcementId=1213270320&orgId=gssh0600783&announcementTime=2022-04-30,2022-05-05,2022-07-29,0.173894
600787,中储股份,2021,2022-03-31,中储发展股份有限公司2021年年度报告,http://www.cninfo.com.cn/new/disclosure/detail?stockCode=600787&announcementId=1212754119&orgId=gssh0600787&announcementTime=2022-03-31,2022-04-01,2022-07-04,0.06005
600785,新华百货,2021,2022-03-30,银川新华百货商业集团股份有限公司2021年年度报告,http://www.cninfo.com.cn/new/disclosure/detail?stockCode=600785&announcementId=1212730949&orgId=gssh0600785&announcementTime=2022-03-30,2022-03-31,2022-07-01,0.148505
600789,鲁抗医药,2021,2022-04-16,鲁抗医药2021年年度报告,http://www.cninfo.com.cn/new/disclosure/detail?stockCode=600789&announcementId=1212942202&orgId=gssh0600789&announcementTime=2022-04-16,2022-04-18,2022-07-15,-0.006037
600790,轻纺城,2021,2022-04-20,轻纺城2021年年度报告,http://www.cninfo.com.cn/new/disclosure/detail?stockCode=600790&announcementId=1212974340&orgId=gssh0600790&announcementTime=2022-04-20,2022-04-21,2022-07-20,-0.03876
600792,云煤能源,2021,2022-03-29,云南煤业能源股份有限公司2021年年度报告,http://www.cninfo.com.cn/new/disclosure/detail?stockCode=600792&announcementId=1212710880&orgId=gssh0600792&announcementTime=2022-03-29,2022-03-30,2022-06-30,-0.053942
600791,京能置业,2021,2022-04-30,京能置业股份有限公司2021年年度报告,http://www.cninfo.com.cn/new/disclosure/detail?stockCode=600791&announcementId=1213270361&orgId=gssh0600791&announcementTime=2022-04-30,2022-05-05,2022-07-29,-0.004314
600793,宜宾纸业,2021,2022-04-30,2021年年度报告,http://www.cninfo.com.cn/new/disclosure/detail?stockCode=600793&announcementId=1213270381&orgId=gssh0600793&announcementTime=2022-04-30,2022-05-05,2022-07-29,0.27355
600794,保税科技,2021,2022-03-22,张家港保税科技（集团）股份有限公司2021年年度报告,http://www.cninfo.com.cn/new/disclosure/detail?stockCode=600794&announcementId=1212631136&orgId=gssh0600794&announcementTime=2022-03-22,2022-03-23,2022-06-23,0.074271
600795,国电电力,2021,2022-04-26,国电电力2021年年度报告,http://www.cninfo.com.cn/new/disclosure/detail?stockCode=600795&announcementId=1213109234&orgId=gssh0600795&announcementTime=2022-04-26,2022-04-27,2022-07-26,0.433322
600796,钱江生化,2021,2022-04-28,钱江生化2021年年度报告,http://www.cninfo.com.cn/new/disclosure/detail?stockCode=600796&announcementId=1213158955&orgId=gssh0600796&announcementTime=2022-04-28,2022-04-29,2022-07-28,0.238383
600797,浙大网新,2021,2022-04-20,浙大网新科技股份有限公司2021年年度报告,http://www.cninfo.com.cn/new/disclosure/detail?stockCode=600797&announcementId=1212977366&orgId=gssh0600797&announcementTime=2022-04-20,2022-04-21,2022-07-20,0.173474
600798,宁波海运,2021,2022-04-28,宁波海运股份有限公司2021年年度报告,http://www.cninfo.com.cn/new/disclosure/detail?stockCode=600798&announcementId=1213168977&orgId=gssh0600798&announcementTime=2022-04-28,2022-04-29,2022-07-28,0.06519
600800,渤海化学,2021,2022-04-09,天津渤海化学股份有限公司2021年年度报告,http://www.cninfo.com.cn/new/disclosure/detail?stockCode=600800&announcementId=1212853498&orgId=gssh0600800&announcementTime=2022-04-09,2022-04-11,2022-07-08,-0.148553
600801,华新建材,2021,2022-03-30,华新水泥 2021年年度报告,http://www.cninfo.com.cn/new/disclosure/detail?stockCode=600801&announcementId=1212729802&orgId=gssh0600801&announcementTime=2022-03-30,2022-03-31,2022-07-01,0.065697
600802,福建水泥,2021,2022-04-29,福建水泥2021年年度报告,http://www.cninfo.com.cn/new/disclosure/detail?stockCode=600802&announcementId=1213224091&orgId=gssh0600802&announcementTime=2022-04-29,2022-05-05,2022-07-29,-0.041916
600803,新奥股份,2021,2022-03-19,新奥股份2021年年度报告,http://www.cninfo.com.cn/new/disclosure/detail?stockCode=600803&announcementId=1212626835&orgId=gssh0600803&announcementTime=2022-03-19,2022-03-21,2022-06-21,0.172801
600807,济高发展,2021,2022-04-29,济南高新2021年年度报告,http://www.cninfo.com.cn/new/disclosure/detail?stockCode=600807&announcementId=1213224132&orgId=gssh0600807&announcementTime=2022-04-29,2022-05-05,2022-07-29,0.113567
600805,悦达投资,2021,2022-04-16,600805_2021年_年度报告_合并报告,http://www.cninfo.com.cn/new/disclosure/detail?stockCode=600805&announcementId=1212939168&orgId=gssh0600805&announcementTime=2022-04-16,2022-04-18,2022-07-15,0.283944
600808,马钢股份,2021,2022-03-24,马鞍山钢铁股份有限公司2021年年度报告全文,http://www.cninfo.com.cn/new/disclosure/detail?stockCode=600808&announcementId=1212651259&orgId=gssh0600808&announcementTime=2022-03-24,2022-03-25,2022-06-27,-0.035635
600809,山西汾酒,2021,2022-04-28,2021年年度报告,http://www.cninfo.com.cn/new/disclosure/detail?stockCode=600809&announcementId=1213168989&orgId=gssh0600809&announcementTime=2022-04-28,2022-04-29,2022-07-28,0.050737
600810,神马股份,2021,2022-03-31,600810_2021年_年度报告,http://www.cninfo.com.cn/new/disclosure/detail?stockCode=600810&announcementId=1212755973&orgId=gssh0600810&announcementTime=2022-03-31,2022-04-01,2022-07-04,-0.093436
600812,华北制药,2021,2022-04-28,2021年年度报告,http://www.cninfo.com.cn/new/disclosure/detail?stockCode=600812&announcementId=1213178357&orgId=gssh0600812&announcementTime=2022-04-28,2022-04-29,2022-07-28,0.07702
600814,杭州解百,2021,2022-03-25,杭州解百集团股份有限公司2021年年度报告,http://www.cninfo.com.cn/new/disclosure/detail?stockCode=600814&announcementId=1212668224&orgId=gssh0600814&announcementTime=2022-03-25,2022-03-28,2022-06-28,-0.148441
600815,厦工股份,2021,2022-04-26,厦工股份2021年度报告,http://www.cninfo.com.cn/new/disclosure/detail?stockCode=600815&announcementId=1213100052&orgId=gssh0600815&announcementTime=2022-04-26,2022-04-27,2022-07-26,0.23005
600816,建元信托,2021,2022-04-30,2021年度年报全文,http://www.cninfo.com.cn/new/disclosure/detail?stockCode=600816&announcementId=1213270439&orgId=gssh0600816&announcementTime=2022-04-30,2022-05-05,2022-07-29,-0.060043
600818,中路股份,2021,2022-04-20,2021年年度报告,http://www.cninfo.com.cn/new/disclosure/detail?stockCode=600818&announcementId=1212980499&orgId=gssh0600818&announcementTime=2022-04-20,2022-04-21,2022-07-20,0.068672
600817,宇通重工,2021,2022-03-31,2021年年度报告,http://www.cninfo.com.cn/new/disclosure/detail?stockCode=600817&announcementId=1212753131&orgId=gssh0600817&announcementTime=2022-03-31,2022-04-01,2022-07-04,0.07391
600819,耀皮玻璃,2021,2022-03-31,耀皮玻璃2021年年度报告全文,http://www.cninfo.com.cn/new/disclosure/detail?stockCode=600819&announcementId=1212741657&orgId=gssh0600819&announcementTime=2022-03-31,2022-04-01,2022-07-04,-0.08782
600820,隧道股份,2021,2022-04-26,上海隧道工程股份有限公司2021年年度报告,http://www.cninfo.com.cn/new/disclosure/detail?stockCode=600820&announcementId=1213100087&orgId=gssh0600820&announcementTime=2022-04-26,2022-04-27,2022-07-26,0.052924
600821,金开新能,2021,2022-02-28,金开新能源股份有限公司2021年年度报告,http://www.cninfo.com.cn/new/disclosure/detail?stockCode=600821&announcementId=1212462940&orgId=gssh0600821&announcementTime=2022-02-28,2022-03-01,2022-05-31,-0.323237
600822,上海物贸,2021,2022-04-30,2021年年度报告全文,http://www.cninfo.com.cn/new/disclosure/detail?stockCode=600822&announcementId=1213263733&orgId=gssh0600822&announcementTime=2022-04-30,2022-05-05,2022-07-29,0.115482
600824,益民集团,2021,2022-04-26,益民集团2021年年度报告,http://www.cninfo.com.cn/new/disclosure/detail?stockCode=600824&announcementId=1213100107&orgId=gssh0600824&announcementTime=2022-04-26,2022-04-27,2022-07-26,0.073518
600825,新华传媒,2021,2022-03-25,2021年年度报告,http://www.cninfo.com.cn/new/disclosure/detail?stockCode=600825&announcementId=1212671237&orgId=gssh0600825&announcementTime=2022-03-25,2022-03-28,2022-06-28,-0.044904
600826,兰生股份,2021,2022-04-09,东浩兰生会展集团股份有限公司2021年年度报告,http://www.cninfo.com.cn/new/disclosure/detail?stockCode=600826&announcementId=1212854339&orgId=gssh0600826&announcementTime=2022-04-09,2022-04-11,2022-07-08,-0.099333
600827,百联股份,2021,2022-04-30,百联股份2021年年度报告,http://www.cninfo.com.cn/new/disclosure/detail?stockCode=600827&announcementId=1213270476&orgId=gssh0600827&announcementTime=2022-04-30,2022-05-05,2022-07-29,0.06107
600828,茂业商业,2021,2022-03-26,茂业商业股份有限公司2021年年度报告,http://www.cninfo.com.cn/new/disclosure/detail?stockCode=600828&announcementId=1212687174&orgId=gssh0600828&announcementTime=2022-03-26,2022-03-28,2022-06-28,-0.10244
600829,人民同泰,2021,2022-03-26,2021年年度报告,http://www.cninfo.com.cn/new/disclosure/detail?stockCode=600829&announcementId=1212683687&orgId=gssh0600829&announcementTime=2022-03-26,2022-03-28,2022-06-28,-0.063566
600831,广电网络,2021,2022-04-22,2021年年度报告,http://www.cninfo.com.cn/new/disclosure/detail?stockCode=600831&announcementId=1213024654&orgId=gssh0600831&announcementTime=2022-04-22,2022-04-25,2022-07-22,-0.051315
600830,香溢融通,2021,2022-03-11,香溢融通2021年年度报告,http://www.cninfo.com.cn/new/disclosure/detail?stockCode=600830&announcementId=1212541235&orgId=gssh0600830&announcementTime=2022-03-11,2022-03-14,2022-06-14,-0.00149
600833,第一医药,2021,2022-04-02,上海第一医药股份有限公司2021年年度报告,http://www.cninfo.com.cn/new/disclosure/detail?stockCode=600833&announcementId=1212807507&orgId=gssh0600833&announcementTime=2022-04-02,2022-04-06,2022-07-05,-0.018963
600834,申通地铁,2021,2022-04-28,申通地铁2021年年度报告,http://www.cninfo.com.cn/new/disclosure/detail?stockCode=600834&announcementId=1213160031&orgId=gssh0600834&announcementTime=2022-04-28,2022-04-29,2022-07-28,0.262058
600838,上海九百,2021,2022-03-31,上海九百2021年年度报告,http://www.cninfo.com.cn/new/disclosure/detail?stockCode=600838&announcementId=1212742827&orgId=gssh0600838&announcementTime=2022-03-31,2022-04-01,2022-07-04,-0.012681
600835,上海机电,2021,2022-03-25,上海机电2021年年度报告,http://www.cninfo.com.cn/new/disclosure/detail?stockCode=600835&announcementId=1212669308&orgId=gssh0600835&announcementTime=2022-03-25,2022-03-28,2022-06-28,0.119503
600841,动力新科,2021,2022-03-19,上海新动力汽车科技股份有限公司2021年年度报告,http://www.cninfo.com.cn/new/disclosure/detail?stockCode=600841&announcementId=1212627249&orgId=gssh0600841&announcementTime=2022-03-19,2022-03-21,2022-06-21,-0.2357
600839,四川长虹,2021,2022-04-27,四川长虹2021年年度报告,http://www.cninfo.com.cn/new/disclosure/detail?stockCode=600839&announcementId=1213143665&orgId=gssh0600839&announcementTime=2022-04-27,2022-04-28,2022-07-27,0.161529
600843,上工申贝,2021,2022-04-30,上工申贝2021年年度报告,http://www.cninfo.com.cn/new/disclosure/detail?stockCode=600843&announcementId=1213273982&orgId=gssh0600843&announcementTime=2022-04-30,2022-05-05,2022-07-29,0.266458
600844,金煤科技,2021,2022-04-20,2021年年度报告,http://www.cninfo.com.cn/new/disclosure/detail?stockCode=600844&announcementId=1212976626&orgId=gssh0600844&announcementTime=2022-04-20,2022-04-21,2022-07-20,-0.009464
600845,宝信软件,2021,2022-03-29,2021年度报告全文,http://www.cninfo.com.cn/new/disclosure/detail?stockCode=600845&announcementId=1212704928&orgId=gssh0600845&announcementTime=2022-03-29,2022-03-30,2022-06-30,0.145356
600846,同济科技,2021,2022-03-31,2021年年度报告,http://www.cninfo.com.cn/new/disclosure/detail?stockCode=600846&announcementId=1212754168&orgId=gssh0600846&announcementTime=2022-03-31,2022-04-01,2022-07-04,-0.064601
600847,万里股份,2021,2022-04-20,万里股份2021年年度报告,http://www.cninfo.com.cn/new/disclosure/detail?stockCode=600847&announcementId=1212974046&orgId=gssh0600847&announcementTime=2022-04-20,2022-04-21,2022-07-20,0.43918
600848,上海临港,2021,2022-04-28,2021年年度报告,http://www.cninfo.com.cn/new/disclosure/detail?stockCode=600848&announcementId=1213176301&orgId=gssh0600848&announcementTime=2022-04-28,2022-04-29,2022-07-28,0.040847
600850,电科数字,2021,2022-04-26,电科数字2021年年度报告,http://www.cninfo.com.cn/new/disclosure/detail?stockCode=600850&announcementId=1213098636&orgId=gssh0600850&announcementTime=2022-04-26,2022-04-27,2022-07-27,0.306498
600851,海欣股份,2021,2022-04-19,上海海欣集团股份有限公司2021年年度报告,http://www.cninfo.com.cn/new/disclosure/detail?stockCode=600851&announcementId=1212960474&orgId=gssh0600851&announcementTime=2022-04-19,2022-04-20,2022-07-19,-0.066799
600853,龙建股份,2021,2022-03-31,龙建股份2021年年度报告全文,http://www.cninfo.com.cn/new/disclosure/detail?stockCode=600853&announcementId=1212745061&orgId=gssh0600853&announcementTime=2022-03-31,2022-04-01,2022-07-04,-0.123754
600855,航天长峰,2021,2022-04-01,北京航天长峰股份有限公司2021年年度报告,http://www.cninfo.com.cn/new/disclosure/detail?stockCode=600855&announcementId=1212769496&orgId=gssh0600855&announcementTime=2022-04-01,2022-04-06,2022-07-05,-0.075329
600854,春兰股份,2021,2022-04-27,春兰股份2021年年度报告,http://www.cninfo.com.cn/new/disclosure/detail?stockCode=600854&announcementId=1213136038&orgId=gssh0600854&announcementTime=2022-04-27,2022-04-28,2022-07-27,0.030922
600857,宁波中百,2021,2022-03-29,宁波中百2021年年报全文,http://www.cninfo.com.cn/new/disclosure/detail?stockCode=600857&announcementId=1212709342&orgId=gssh0600857&announcementTime=2022-03-29,2022-03-30,2022-06-30,-0.058616
600858,银座股份,2021,2022-04-13,银座股份2021年年度报告,http://www.cninfo.com.cn/new/disclosure/detail?stockCode=600858&announcementId=1212898494&orgId=gssh0600858&announcementTime=2022-04-13,2022-04-14,2022-07-13,-0.026237
600859,王府井,2021,2022-04-23,王府井2021年年度报告,http://www.cninfo.com.cn/new/disclosure/detail?stockCode=600859&announcementId=1213051617&orgId=gssh0600859&announcementTime=2022-04-23,2022-04-25,2022-07-22,0.079033
600860,京城股份,2021,2022-03-18,京城股份2021年年度报告,http://www.cninfo.com.cn/new/disclosure/detail?stockCode=600860&announcementId=1212608285&orgId=gssh0600860&announcementTime=2022-03-18,2022-03-21,2022-06-21,0.028799
600861,北京人力,2021,2022-03-19,北京城乡2021年年度报告,http://www.cninfo.com.cn/new/disclosure/detail?stockCode=600861&announcementId=1212627826&orgId=gssh0600861&announcementTime=2022-03-19,2022-03-21,2022-06-21,-0.100385
600862,中航高科,2021,2022-03-16,中航高科2021年年度报告,http://www.cninfo.com.cn/new/disclosure/detail?stockCode=600862&announcementId=1212579362&orgId=gssh0600862&announcementTime=2022-03-16,2022-03-17,2022-06-17,0.10169
600863,内蒙华电,2021,2022-04-27,内蒙古蒙电华能热电股份有限公司2021年年度报告,http://www.cninfo.com.cn/new/disclosure/detail?stockCode=600863&announcementId=1213144508&orgId=gssh0600863&announcementTime=2022-04-27,2022-04-28,2022-07-27,0.074259
600864,哈投股份,2021,2022-04-27,哈投股份2021年年度报告,http://www.cninfo.com.cn/new/disclosure/detail?stockCode=600864&announcementId=1213136052&orgId=gssh0600864&announcementTime=2022-04-27,2022-04-28,2022-07-27,0.173687
600865,百大集团,2021,2022-04-23,百大集团股份有限公司2021年年度报告,http://www.cninfo.com.cn/new/disclosure/detail?stockCode=600865&announcementId=1213050077&orgId=gssh0600865&announcementTime=2022-04-23,2022-04-25,2022-07-25,-0.125609
600866,星湖科技,2021,2022-03-29,星湖科技2021年年度报告,http://www.cninfo.com.cn/new/disclosure/detail?stockCode=600866&announcementId=1212712082&orgId=gssh0600866&announcementTime=2022-03-29,2022-03-30,2022-06-30,-0.164551
600867,通化东宝,2021,2022-04-19,通化东宝2021年年度报告,http://www.cninfo.com.cn/new/disclosure/detail?stockCode=600867&announcementId=1212963621&orgId=gssh0600867&announcementTime=2022-04-19,2022-04-20,2022-07-19,-0.02015
600868,梅雁吉祥,2021,2022-04-29,广东梅雁吉祥水电股份有限公司2021年年度报告（全文）,http://www.cninfo.com.cn/new/disclosure/detail?stockCode=600868&announcementId=1213224162&orgId=gssh0600868&announcementTime=2022-04-29,2022-05-05,2022-07-29,0.220892
600869,远东股份,2021,2022-04-26,2021年年度报告,http://www.cninfo.com.cn/new/disclosure/detail?stockCode=600869&announcementId=1213109269&orgId=gssh0600869&announcementTime=2022-04-26,2022-04-27,2022-07-26,1.225665
600871,石化油服,2021,2022-03-30,2021年年度报告全文,http://www.cninfo.com.cn/new/disclosure/detail?stockCode=600871&announcementId=1212724791&orgId=gssh0600871&announcementTime=2022-03-30,2022-03-31,2022-07-01,-0.055102
600872,中炬高新,2021,2022-04-25,中炬高新2021年年度报告,http://www.cninfo.com.cn/new/disclosure/detail?stockCode=600872&announcementId=1213086493&orgId=gssh0600872&announcementTime=2022-04-25,2022-04-26,2022-07-25,0.459233
600873,梅花生物,2021,2022-03-14,梅花生物2021年年度报告,http://www.cninfo.com.cn/new/disclosure/detail?stockCode=600873&announcementId=1212557814&orgId=gssh0600873&announcementTime=2022-03-14,2022-03-15,2022-06-15,0.267319
600874,创业环保,2021,2022-03-25,创业环保2021年年度报告,http://www.cninfo.com.cn/new/disclosure/detail?stockCode=600874&announcementId=1212669457&orgId=gssh0600874&announcementTime=2022-03-25,2022-03-28,2022-06-28,0.0
600875,东方电气,2021,2022-03-31,东方电气股份有限公司2021年年度报告,http://www.cninfo.com.cn/new/disclosure/detail?stockCode=600875&announcementId=1212754192&orgId=gssh0600875&announcementTime=2022-03-31,2022-04-01,2022-07-04,0.211689
600877,电科芯片,2021,2022-04-15,中电科声光电科技股份有限公司2021年年度报告,http://www.cninfo.com.cn/new/disclosure/detail?stockCode=600877&announcementId=1212917716&orgId=gssh0600877&announcementTime=2022-04-15,2022-04-18,2022-07-15,-0.129366
600876,凯盛新能,2021,2022-03-30,洛阳玻璃2021年年度报告,http://www.cninfo.com.cn/new/disclosure/detail?stockCode=600876&announcementId=1212730161&orgId=gssh0600876&announcementTime=2022-03-30,2022-03-31,2022-07-01,0.062232
600879,航天电子,2021,2022-03-31,航天时代电子技术股份有限公司2021年年度报告,http://www.cninfo.com.cn/new/disclosure/detail?stockCode=600879&announcementId=1212746202&orgId=gssh0600879&announcementTime=2022-03-31,2022-04-01,2022-07-04,0.016971
600880,博瑞传播,2021,2022-04-29,博瑞传播2021年年度报告,http://www.cninfo.com.cn/new/disclosure/detail?stockCode=600880&announcementId=1213224166&orgId=gssh0600880&announcementTime=2022-04-29,2022-05-05,2022-07-29,0.016348
600881,亚泰集团,2021,2022-04-29,吉林亚泰（集团）股份有限公司2021年年度报告,http://www.cninfo.com.cn/new/disclosure/detail?stockCode=600881&announcementId=1213224902&orgId=gssh0600881&announcementTime=2022-04-29,2022-05-05,2022-07-29,0.051784
600882,妙可蓝多,2021,2022-03-25,2021年年度报告,http://www.cninfo.com.cn/new/disclosure/detail?stockCode=600882&announcementId=1212670265&orgId=gssh0600882&announcementTime=2022-03-25,2022-03-28,2022-06-28,0.270456
600884,杉杉股份,2021,2022-04-20,杉杉股份2021年年度报告,http://www.cninfo.com.cn/new/disclosure/detail?stockCode=600884&announcementId=1212974076&orgId=gssh0600884&announcementTime=2022-04-20,2022-04-21,2022-07-20,0.299665
600883,博闻科技,2021,2022-04-26,云南博闻科技实业股份有限公司2021年年度报告,http://www.cninfo.com.cn/new/disclosure/detail?stockCode=600883&announcementId=1213102039&orgId=gssh0600883&announcementTime=2022-04-26,2022-04-27,2022-07-26,0.165483
600886,国投电力,2021,2022-04-29,国投电力控股股份有限公司2021年年度报告,http://www.cninfo.com.cn/new/disclosure/detail?stockCode=600886&announcementId=1213224199&orgId=gssh0600886&announcementTime=2022-04-29,2022-05-05,2022-07-29,0.082551
600885,宏发股份,2021,2022-04-27,宏发股份：2021年年度报告,http://www.cninfo.com.cn/new/disclosure/detail?stockCode=600885&announcementId=1213136068&orgId=gssh0600885&announcementTime=2022-04-27,2022-04-28,2022-07-27,0.315374
600888,新疆众和,2021,2022-03-29,新疆众和股份有限公司2021年年度报告,http://www.cninfo.com.cn/new/disclosure/detail?stockCode=600888&announcementId=1222003735&orgId=gssh0600888&announcementTime=2022-03-29,2022-03-30,2022-06-30,0.271181
600887,伊利股份,2021,2022-04-28,内蒙古伊利实业集团股份有限公司2021年年度报告,http://www.cninfo.com.cn/new/disclosure/detail?stockCode=600887&announcementId=1213169501&orgId=gssh0600887&announcementTime=2022-04-28,2022-04-29,2022-07-28,-0.008854
600889,南京化纤,2021,2022-03-31,600889_2021年_年度报告,http://www.cninfo.com.cn/new/disclosure/detail?stockCode=600889&announcementId=1212746230&orgId=gssh0600889&announcementTime=2022-03-31,2022-04-01,2022-07-04,-0.028583
600892,*ST大晟,2021,2022-04-28,2021年年度报告,http://www.cninfo.com.cn/new/disclosure/detail?stockCode=600892&announcementId=1213176376&orgId=gssh0600892&announcementTime=2022-04-28,2022-04-29,2022-07-28,-0.009517
600893,航发动力,2021,2022-04-09,中国航发动力股份有限公司2021年年度报告,http://www.cninfo.com.cn/new/disclosure/detail?stockCode=600893&announcementId=1212856795&orgId=gssh0600893&announcementTime=2022-04-09,2022-04-11,2022-07-08,0.28618
600894,广日股份,2021,2022-04-09,广州广日股份有限公司2021年年度报告,http://www.cninfo.com.cn/new/disclosure/detail?stockCode=600894&announcementId=1212856090&orgId=gssh0600894&announcementTime=2022-04-09,2022-04-11,2022-07-08,-0.09867
600895,张江高科,2021,2022-04-30,2021年年度报告,http://www.cninfo.com.cn/new/disclosure/detail?stockCode=600895&announcementId=1213263785&orgId=gssh0600895&announcementTime=2022-04-30,2022-05-05,2022-07-29,0.038346
600897,厦门空港,2021,2022-04-29,厦门空港2021年年度报告,http://www.cninfo.com.cn/new/disclosure/detail?stockCode=600897&announcementId=1213205902&orgId=gssh0600897&announcementTime=2022-04-29,2022-05-05,2022-07-29,0.048849
600900,长江电力,2021,2022-04-30,长江电力2021年年度报告,http://www.cninfo.com.cn/new/disclosure/detail?stockCode=600900&announcementId=1213270599&orgId=gssh0600900&announcementTime=2022-04-30,2022-05-05,2022-07-29,0.08062
600901,江苏金租,2021,2022-04-22,江苏租赁；2021年年度报告,http://www.cninfo.com.cn/new/disclosure/detail?stockCode=600901&announcementId=1213025446&orgId=9900017208&announcementTime=2022-04-22,2022-04-25,2022-07-22,0.059222
600903,贵州燃气,2021,2022-04-23,贵州燃气集团股份有限公司2021年年度报告,http://www.cninfo.com.cn/new/disclosure/detail?stockCode=600903&announcementId=1213050498&orgId=GD150574&announcementTime=2022-04-23,2022-04-25,2022-07-22,0.110582
600905,三峡能源,2021,2022-04-28,2021年年度报告,http://www.cninfo.com.cn/new/disclosure/detail?stockCode=600905&announcementId=1213176386&orgId=9900016549&announcementTime=2022-04-28,2022-04-29,2022-07-28,0.119217
600908,无锡银行,2021,2022-04-29,2021年年度报告,http://www.cninfo.com.cn/new/disclosure/detail?stockCode=600908&announcementId=1213205934&orgId=9900024953&announcementTime=2022-04-29,2022-05-05,2022-07-29,0.089368
600906,财达证券,2021,2022-04-16,财达证券股份有限公司2021年年度报告,http://www.cninfo.com.cn/new/disclosure/detail?stockCode=600906&announcementId=1212940988&orgId=qsgn0000647&announcementTime=2022-04-16,2022-04-18,2022-07-15,-0.13067
600909,华安证券,2021,2022-03-31,华安证券股份有限公司2021年年度报告,http://www.cninfo.com.cn/new/disclosure/detail?stockCode=600909&announcementId=1212754205&orgId=qsgn0000505&announcementTime=2022-03-31,2022-04-01,2022-07-04,-0.066318
600916,中国黄金,2021,2022-04-11,中国黄金集团黄金珠宝股份有限公司2021年年度报告,http://www.cninfo.com.cn/new/disclosure/detail?stockCode=600916&announcementId=1212869875&orgId=9900039719&announcementTime=2022-04-11,2022-04-12,2022-07-11,-0.027344
600917,重庆燃气,2021,2022-04-30,重庆燃气2021年年度报告,http://www.cninfo.com.cn/new/disclosure/detail?stockCode=600917&announcementId=1213270628&orgId=9900029304&announcementTime=2022-04-30,2022-05-05,2022-07-29,0.22752
600918,中泰证券,2021,2022-03-30,中泰证券股份有限公司2021年年度报告,http://www.cninfo.com.cn/new/disclosure/detail?stockCode=600918&announcementId=1212730170&orgId=qsgn0000702&announcementTime=2022-03-30,2022-03-31,2022-07-01,-0.076271
600919,江苏银行,2021,2022-04-13,江苏银行2021年年度报告,http://www.cninfo.com.cn/new/disclosure/detail?stockCode=600919&announcementId=1212897901&orgId=9900006248&announcementTime=2022-04-13,2022-04-14,2022-07-13,0.001064
600926,杭州银行,2021,2022-04-16,杭州银行2021年年度报告,http://www.cninfo.com.cn/new/disclosure/detail?stockCode=600926&announcementId=1212942468&orgId=9900006251&announcementTime=2022-04-16,2022-04-18,2022-07-15,-0.018722
600927,永安期货,2021,2022-04-27,永安期货股份有限公司2021年年度报告,http://www.cninfo.com.cn/new/disclosure/detail?stockCode=600927&announcementId=1213137053&orgId=gfbj0833840&announcementTime=2022-04-27,2022-04-28,2022-07-27,0.079775
600928,西安银行,2021,2022-04-29,西安银行股份有限公司2021年年度报告,http://www.cninfo.com.cn/new/disclosure/detail?stockCode=600928&announcementId=1213224952&orgId=9900027168&announcementTime=2022-04-29,2022-05-05,2022-07-29,0.007389
600933,爱柯迪,2021,2022-03-18,爱柯迪2021年年度报告,http://www.cninfo.com.cn/new/disclosure/detail?stockCode=600933&announcementId=1212606049&orgId=gfbj0834393&announcementTime=2022-03-18,2022-03-21,2022-06-21,0.205742
600929,雪天盐业,2021,2022-04-26,2021年年度报告,http://www.cninfo.com.cn/new/disclosure/detail?stockCode=600929&announcementId=1213121182&orgId=9900033912&announcementTime=2022-04-26,2022-04-27,2022-07-26,0.5968
600935,华塑股份,2021,2022-03-31,安徽华塑股份有限公司2021年年度报告,http://www.cninfo.com.cn/new/disclosure/detail?stockCode=600935&announcementId=1212749171&orgId=gfbj0872452&announcementTime=2022-03-31,2022-04-01,2022-07-04,-0.107563
600936,北投科技,2021,2022-04-29,广西广电2021年度报告,http://www.cninfo.com.cn/new/disclosure/detail?stockCode=600936&announcementId=1213224957&orgId=9900026796&announcementTime=2022-04-29,2022-05-05,2022-07-29,0.180645
600939,重庆建工,2021,2022-04-28,重庆建工2021年年度报告,http://www.cninfo.com.cn/new/disclosure/detail?stockCode=600939&announcementId=1213176435&orgId=9900006064&announcementTime=2022-04-28,2022-04-29,2022-07-28,-0.126761
600941,中国移动,2021,2022-03-24,中国移动：2021年年度报告,http://www.cninfo.com.cn/new/disclosure/detail?stockCode=600941&announcementId=1212651458&orgId=gshk0000941&announcementTime=2022-03-24,2022-03-25,2022-06-27,-0.066816
600955,维远股份,2021,2022-03-02,利华益维远化学股份有限公司2021年年度报告,http://www.cninfo.com.cn/new/disclosure/detail?stockCode=600955&announcementId=1212482383&orgId=nssc1000398&announcementTime=2022-03-02,2022-03-03,2022-06-02,-0.314435
600956,新天绿能,2021,2022-03-24,新天绿能2021年年度报告,http://www.cninfo.com.cn/new/disclosure/detail?stockCode=600956&announcementId=1212651504&orgId=9900015548&announcementTime=2022-03-24,2022-03-25,2022-06-27,-0.109731
600958,东方证券,2021,2022-03-31,东方证券股份有限公司2021年年度报告,http://www.cninfo.com.cn/new/disclosure/detail?stockCode=600958&announcementId=1212746261&orgId=qsgn0000065&announcementTime=2022-03-31,2022-04-01,2022-07-12,-0.135621
600959,江苏有线,2021,2022-04-26,江苏有线2021年年度报告,http://www.cninfo.com.cn/new/disclosure/detail?stockCode=600959&announcementId=1213100483&orgId=9900023742&announcementTime=2022-04-26,2022-04-27,2022-07-26,0.11194
600960,渤海汽车,2021,2022-04-23,渤海汽车2021年年度报告,http://www.cninfo.com.cn/new/disclosure/detail?stockCode=600960&announcementId=1213062811&orgId=gssh0600960&announcementTime=2022-04-23,2022-04-25,2022-07-22,0.265876
600962,国投中鲁,2021,2022-03-31,国投中鲁2021年年度报告,http://www.cninfo.com.cn/new/disclosure/detail?stockCode=600962&announcementId=1212741281&orgId=gssh0600962&announcementTime=2022-03-31,2022-04-01,2022-07-04,0.24288
600961,株冶集团,2021,2022-04-28,株冶集团2021年年度报告,http://www.cninfo.com.cn/new/disclosure/detail?stockCode=600961&announcementId=1213161600&orgId=gssh0600961&announcementTime=2022-04-28,2022-04-29,2022-07-28,0.232361
600963,岳阳林纸,2021,2022-03-19,岳阳林纸股份有限公司2021年年度报告,http://www.cninfo.com.cn/new/disclosure/detail?stockCode=600963&announcementId=1212624071&orgId=gssh0600963&announcementTime=2022-03-19,2022-03-21,2022-06-21,0.01344
600965,福成股份,2021,2022-04-29,福成股份：2021年年度报告,http://www.cninfo.com.cn/new/disclosure/detail?stockCode=600965&announcementId=1213226889&orgId=gssh0600965&announcementTime=2022-04-29,2022-05-05,2022-07-29,0.162844
600966,博汇纸业,2021,2022-04-16,2021年年度报告,http://www.cninfo.com.cn/new/disclosure/detail?stockCode=600966&announcementId=1212943595&orgId=gssh0600966&announcementTime=2022-04-16,2022-04-18,2022-07-15,-0.176663
600967,内蒙一机,2021,2022-04-26,内蒙古第一机械集团股份有限公司2021年年度报告,http://www.cninfo.com.cn/new/disclosure/detail?stockCode=600967&announcementId=1213104725&orgId=gssh0600967&announcementTime=2022-04-26,2022-04-27,2022-07-26,0.179889
600968,海油发展,2021,2022-04-19,2021年年度报告全文,http://www.cninfo.com.cn/new/disclosure/detail?stockCode=600968&announcementId=1212960489&orgId=9900033231&announcementTime=2022-04-19,2022-04-20,2022-07-19,-0.018587
600969,郴电国际,2021,2022-04-20,郴电国际2021年年度报告,http://www.cninfo.com.cn/new/disclosure/detail?stockCode=600969&announcementId=1212983861&orgId=gssh0600969&announcementTime=2022-04-20,2022-04-21,2022-07-20,0.1513
600970,中材国际,2021,2022-03-23,中国中材国际工程股份有限公司2021年年度报告,http://www.cninfo.com.cn/new/disclosure/detail?stockCode=600970&announcementId=1212644294&orgId=gssh0600970&announcementTime=2022-03-23,2022-03-24,2022-06-24,0.01196
600971,恒源煤电,2021,2022-04-15,恒源煤电2021年年度报告,http://www.cninfo.com.cn/new/disclosure/detail?stockCode=600971&announcementId=1212921262&orgId=gssh0600971&announcementTime=2022-04-15,2022-04-18,2022-07-15,-0.032637
600973,宝胜股份,2021,2022-03-15,年报全文,http://www.cninfo.com.cn/new/disclosure/detail?stockCode=600973&announcementId=1212565721&orgId=gssh0600973&announcementTime=2022-03-15,2022-03-16,2022-06-16,0.046847
600975,新五丰,2021,2022-04-28,湖南新五丰股份有限公司2021年年度报告,http://www.cninfo.com.cn/new/disclosure/detail?stockCode=600975&announcementId=1213176458&orgId=gssh0600975&announcementTime=2022-04-28,2022-04-29,2022-07-28,-0.092332
600977,中国电影,2021,2022-04-27,中国电影2021年年度报告,http://www.cninfo.com.cn/new/disclosure/detail?stockCode=600977&announcementId=1213138616&orgId=9900024673&announcementTime=2022-04-27,2022-04-28,2022-07-27,0.196645
600976,健民集团,2021,2022-03-18,健民集团2021年年度报告全文,http://www.cninfo.com.cn/new/disclosure/detail?stockCode=600976&announcementId=1212608443&orgId=gssh0600976&announcementTime=2022-03-18,2022-03-21,2022-06-21,-0.027834
600980,北矿科技,2021,2022-03-22,北矿科技2021年年度报告,http://www.cninfo.com.cn/new/disclosure/detail?stockCode=600980&announcementId=1212633263&orgId=gssh0600980&announcementTime=2022-03-22,2022-03-23,2022-06-24,-0.043303
600979,广安爱众,2021,2022-04-29,四川广安爱众股份有限公司2021年年度报告,http://www.cninfo.com.cn/new/disclosure/detail?stockCode=600979&announcementId=1213225010&orgId=gssh0600979&announcementTime=2022-04-29,2022-05-05,2022-07-29,0.162582
600982,宁波能源,2021,2022-04-19,宁波能源2021年年度报告,http://www.cninfo.com.cn/new/disclosure/detail?stockCode=600982&announcementId=1212963237&orgId=gssh0600982&announcementTime=2022-04-19,2022-04-20,2022-07-19,0.020163
600981,苏豪汇鸿,2021,2022-04-26,汇鸿集团2021年年度报告,http://www.cninfo.com.cn/new/disclosure/detail?stockCode=600981&announcementId=1213110916&orgId=gssh0600981&announcementTime=2022-04-26,2022-04-27,2022-07-26,0.08046
600984,建设机械,2021,2022-04-16,建设机械2021年年度报告,http://www.cninfo.com.cn/new/disclosure/detail?stockCode=600984&announcementId=1212941161&orgId=gssh0600984&announcementTime=2022-04-16,2022-04-18,2022-07-15,-0.067032
600983,惠而浦,2021,2022-04-22,公司2021年年度报告,http://www.cninfo.com.cn/new/disclosure/detail?stockCode=600983&announcementId=1213025486&orgId=gssh0600983&announcementTime=2022-04-22,2022-04-25,2022-07-22,0.018787
600985,淮北矿业,2021,2022-03-31,淮北矿业控股股份有限公司2021年年度报告,http://www.cninfo.com.cn/new/disclosure/detail?stockCode=600985&announcementId=1212749265&orgId=gssh0600985&announcementTime=2022-03-31,2022-04-01,2022-07-04,-0.032421
600986,浙文互联,2021,2022-03-31,浙文互联2021年年度报告,http://www.cninfo.com.cn/new/disclosure/detail?stockCode=600986&announcementId=1212753174&orgId=gssh0600986&announcementTime=2022-03-31,2022-04-01,2022-07-04,-0.075569
600988,赤峰黄金,2021,2022-04-30,赤峰黄金2021年年度报告,http://www.cninfo.com.cn/new/disclosure/detail?stockCode=600988&announcementId=1213270650&orgId=gssh0600988&announcementTime=2022-04-30,2022-05-05,2022-07-29,0.026999
600987,航民股份,2021,2022-04-21,航民股份2021年年度报告,http://www.cninfo.com.cn/new/disclosure/detail?stockCode=600987&announcementId=1212994487&orgId=gssh0600987&announcementTime=2022-04-21,2022-04-22,2022-07-21,0.020292
600989,宝丰能源,2021,2022-03-10,宁夏宝丰能源集团股份有限公司2021年年度报告,http://www.cninfo.com.cn/new/disclosure/detail?stockCode=600989&announcementId=1212535805&orgId=9900019573&announcementTime=2022-03-10,2022-03-11,2022-06-13,-0.029332
600990,四创电子,2021,2022-04-23,四创电子2021年年度报告,http://www.cninfo.com.cn/new/disclosure/detail?stockCode=600990&announcementId=1213061680&orgId=gssh0600990&announcementTime=2022-04-23,2022-04-25,2022-07-22,0.05945
600992,贵绳股份,2021,2022-03-11,贵州钢绳股份有限公司2021年年度报告,http://www.cninfo.com.cn/new/disclosure/detail?stockCode=600992&announcementId=1212540935&orgId=gssh0600992&announcementTime=2022-03-11,2022-03-14,2022-06-14,-0.108911
600993,马应龙,2021,2022-03-23,马应龙2021年年度报告,http://www.cninfo.com.cn/new/disclosure/detail?stockCode=600993&announcementId=1212644376&orgId=gssh0600993&announcementTime=2022-03-23,2022-03-24,2022-06-24,-0.008347
600995,南网储能,2021,2022-03-22,文山电力2021年年度报告,http://www.cninfo.com.cn/new/disclosure/detail?stockCode=600995&announcementId=1212635243&orgId=gssh0600995&announcementTime=2022-03-22,2022-03-23,2022-06-23,0.039359
600996,贵广网络,2021,2022-04-29,2021年年度报告,http://www.cninfo.com.cn/new/disclosure/detail?stockCode=600996&announcementId=1213225015&orgId=9900030438&announcementTime=2022-04-29,2022-05-05,2022-07-29,0.6
600998,九州通,2021,2022-04-26,九州通2021年年度报告,http://www.cninfo.com.cn/new/disclosure/detail?stockCode=600998&announcementId=1213102061&orgId=9900015627&announcementTime=2022-04-26,2022-04-27,2022-07-26,0.042749
600997,开滦股份,2021,2022-04-23,开滦股份2021年年度报告,http://www.cninfo.com.cn/new/disclosure/detail?stockCode=600997&announcementId=1213047476&orgId=gssh0600997&announcementTime=2022-04-23,2022-04-25,2022-07-22,-0.052932
601000,唐山港,2021,2022-04-08,唐山港集团股份有限公司2021年年度报告,http://www.cninfo.com.cn/new/disclosure/detail?stockCode=601000&announcementId=1212837643&orgId=9900013088&announcementTime=2022-04-08,2022-04-11,2022-07-08,-0.109244
600999,招商证券,2021,2022-03-28,2021年年度报告,http://www.cninfo.com.cn/new/disclosure/detail?stockCode=600999&announcementId=1212699255&orgId=qsgn0000118&announcementTime=2022-03-28,2022-03-29,2022-06-29,-0.010083
601002,晋亿实业,2021,2022-04-20,晋亿实业股份有限公司2021年年度报告,http://www.cninfo.com.cn/new/disclosure/detail?stockCode=601002&announcementId=1212979864&orgId=9900002005&announcementTime=2022-04-20,2022-04-21,2022-07-20,0.026178
601001,晋控煤业,2021,2022-04-29,晋能控股山西煤业股份有限公司2021年年度报告,http://www.cninfo.com.cn/new/disclosure/detail?stockCode=601001&announcementId=1213245442&orgId=gssh0601001&announcementTime=2022-04-29,2022-05-05,2022-07-29,0.125654
601005,重庆钢铁,2021,2022-03-31,2021年年度报告,http://www.cninfo.com.cn/new/disclosure/detail?stockCode=601005&announcementId=1212753194&orgId=9900002184&announcementTime=2022-03-31,2022-04-01,2022-07-04,0.0
601003,柳钢股份,2021,2022-04-28,柳钢股份2021年年度报告,http://www.cninfo.com.cn/new/disclosure/detail?stockCode=601003&announcementId=1213176485&orgId=9900002182&announcementTime=2022-04-28,2022-04-29,2022-07-28,-0.083261
601006,大秦铁路,2021,2022-04-28,大秦铁路2021年年度报告,http://www.cninfo.com.cn/new/disclosure/detail?stockCode=601006&announcementId=1213159020&orgId=9900000261&announcementTime=2022-04-28,2022-04-29,2022-07-28,-0.035277
601007,金陵饭店,2021,2022-04-30,金陵饭店股份有限公司2021年年度报告,http://www.cninfo.com.cn/new/disclosure/detail?stockCode=601007&announcementId=1213270702&orgId=9900002481&announcementTime=2022-04-30,2022-05-05,2022-07-29,-0.009788
601008,连云港,2021,2022-03-26,江苏连云港港口股份有限公司2021年度报告,http://www.cninfo.com.cn/new/disclosure/detail?stockCode=601008&announcementId=1212686051&orgId=9900002722&announcementTime=2022-03-26,2022-03-28,2022-06-28,0.037249
601009,南京银行,2021,2022-04-16,南京银行股份有限公司2021年年度报告,http://www.cninfo.com.cn/new/disclosure/detail?stockCode=601009&announcementId=1212942499&orgId=9900003284&announcementTime=2022-04-16,2022-04-18,2022-07-15,-0.097606
601010,文峰股份,2021,2022-04-30,文峰股份2021年年度报告,http://www.cninfo.com.cn/new/disclosure/detail?stockCode=601010&announcementId=1213264979&orgId=9900019963&announcementTime=2022-04-30,2022-05-05,2022-07-29,-0.126399
601011,宝泰隆,2021,2022-04-26,宝泰隆新材料股份有限公司2021年年度报告全文,http://www.cninfo.com.cn/new/disclosure/detail?stockCode=601011&announcementId=1213104779&orgId=9900018407&announcementTime=2022-04-26,2022-04-27,2022-07-26,0.199148
601012,隆基绿能,2021,2022-04-28,隆基股份2021年年度报告,http://www.cninfo.com.cn/new/disclosure/detail?stockCode=601012&announcementId=1213161635&orgId=9900022338&announcementTime=2022-04-28,2022-04-29,2022-07-28,0.322298
601015,陕西黑猫,2021,2022-03-31,陕西黑猫：2021年年度报告,http://www.cninfo.com.cn/new/disclosure/detail?stockCode=601015&announcementId=1212753222&orgId=9900022940&announcementTime=2022-03-31,2022-04-01,2022-07-04,-0.045516
601016,节能风电,2021,2022-03-11,中节能风力发电股份有限公司2021年年度报告,http://www.cninfo.com.cn/new/disclosure/detail?stockCode=601016&announcementId=1212540560&orgId=9900029306&announcementTime=2022-03-11,2022-03-14,2022-06-14,-0.101064
601018,宁波港,2021,2022-03-30,宁波舟山港股份有限公司2021年年度报告,http://www.cninfo.com.cn/new/disclosure/detail?stockCode=601018&announcementId=1212725101&orgId=9900010907&announcementTime=2022-03-30,2022-03-31,2022-07-01,0.016293
601020,华钰矿业,2021,2022-04-29,西藏华钰矿业股份有限公司2021年年度报告,http://www.cninfo.com.cn/new/disclosure/detail?stockCode=601020&announcementId=1213214409&orgId=9900029826&announcementTime=2022-04-29,2022-05-05,2022-08-01,-0.056424
601019,山东出版,2021,2022-04-09,山东出版2021年年度报告,http://www.cninfo.com.cn/new/disclosure/detail?stockCode=601019&announcementId=1212853999&orgId=9900031730&announcementTime=2022-04-09,2022-04-11,2022-07-08,-0.047375
601038,一拖股份,2021,2022-03-30,一拖股份2021年年度报告,http://www.cninfo.com.cn/new/disclosure/detail?stockCode=601038&announcementId=1212726232&orgId=gshk0000038&announcementTime=2022-03-30,2022-03-31,2022-07-01,-0.057526
601021,春秋航空,2021,2022-04-29,春秋航空2021年年度报告,http://www.cninfo.com.cn/new/disclosure/detail?stockCode=601021&announcementId=1213225076&orgId=9900023129&announcementTime=2022-04-29,2022-05-05,2022-07-29,0.139195
601058,赛轮轮胎,2021,2022-04-02,2021年年度报告,http://www.cninfo.com.cn/new/disclosure/detail?stockCode=601058&announcementId=1212811966&orgId=9900009410&announcementTime=2022-04-02,2022-04-06,2022-07-05,0.109578
601068,中铝国际,2021,2022-03-29,中铝国际工程股份有限公司2021年年度报告,http://www.cninfo.com.cn/new/disclosure/detail?stockCode=601068&announcementId=1212711540&orgId=GD066180&announcementTime=2022-03-29,2022-03-30,2022-06-30,-0.159393
601066,中信建投,2021,2022-03-31,中信建投证券股份有限公司2021年年度报告（标准版）,http://www.cninfo.com.cn/new/disclosure/detail?stockCode=601066&announcementId=1212753243&orgId=qsgn0000884&announcementTime=2022-03-31,2022-04-01,2022-07-04,0.216639
601077,渝农商行,2021,2022-03-31,重庆农村商业银行股份有限公司2021年年度报告,http://www.cninfo.com.cn/new/disclosure/detail?stockCode=601077&announcementId=1212749296&orgId=9900016867&announcementTime=2022-03-31,2022-04-01,2022-07-04,-0.009132
601069,西部黄金,2021,2022-04-07,西部黄金股份有限公司2021年年度报告,http://www.cninfo.com.cn/new/disclosure/detail?stockCode=601069&announcementId=1212824141&orgId=9900023646&announcementTime=2022-04-07,2022-04-08,2022-07-08,-0.042598
601086,国芳集团,2021,2022-04-30,国芳集团：2021年年度报告,http://www.cninfo.com.cn/new/disclosure/detail?stockCode=601086&announcementId=1213265013&orgId=9900027668&announcementTime=2022-04-30,2022-05-05,2022-07-29,-0.017822
601088,中国神华,2021,2022-03-26,中国神华2021年度报告,http://www.cninfo.com.cn/new/disclosure/detail?stockCode=601088&announcementId=1212687181&orgId=9900003701&announcementTime=2022-03-26,2022-03-28,2022-06-28,0.172531
601098,中南传媒,2021,2022-04-26,中南传媒2021年年度报告,http://www.cninfo.com.cn/new/disclosure/detail?stockCode=601098&announcementId=1213110971&orgId=9900015470&announcementTime=2022-04-26,2022-04-27,2022-07-26,0.079618
601099,太平洋,2021,2022-04-29,太平洋证券股份有限公司2021年年度报告,http://www.cninfo.com.cn/new/disclosure/detail?stockCode=601099&announcementId=1213206023&orgId=9900004122&announcementTime=2022-04-29,2022-05-05,2022-07-29,0.076819
601101,昊华能源,2021,2022-04-26,北京昊华能源股份有限公司2021年年度报告,http://www.cninfo.com.cn/new/disclosure/detail?stockCode=601101&announcementId=1213104819&orgId=9900010887&announcementTime=2022-04-26,2022-04-27,2022-07-26,0.240621
601100,恒立液压,2021,2022-04-26,江苏恒立液压股份有限公司2021年年度报告,http://www.cninfo.com.cn/new/disclosure/detail?stockCode=601100&announcementId=1213104799&orgId=9900021530&announcementTime=2022-04-26,2022-04-27,2022-07-26,0.357501
601106,中国一重,2021,2022-04-28,中国第一重型机械股份公司2021年年度报告,http://www.cninfo.com.cn/new/disclosure/detail?stockCode=601106&announcementId=1213176507&orgId=9900010530&announcementTime=2022-04-28,2022-04-29,2022-07-28,0.131944
601107,四川成渝,2021,2022-03-31,四川成渝2021年年度报告,http://www.cninfo.com.cn/new/disclosure/detail?stockCode=601107&announcementId=1212742842&orgId=9900007387&announcementTime=2022-03-31,2022-04-01,2022-07-04,-0.086235
601111,中国国航,2021,2022-03-31,中国国际航空股份有限公司2021年度报告,http://www.cninfo.com.cn/new/disclosure/detail?stockCode=601111&announcementId=1212749314&orgId=9900000441&announcementTime=2022-03-31,2022-04-01,2022-07-04,0.187259
601108,财通证券,2021,2022-04-29,2021年年度报告,http://www.cninfo.com.cn/new/disclosure/detail?stockCode=601108&announcementId=1213216125&orgId=qsgn0000808&announcementTime=2022-04-29,2022-05-05,2022-07-29,0.060489
601116,三江购物,2021,2022-04-14,三江购物2021年年度报告,http://www.cninfo.com.cn/new/disclosure/detail?stockCode=601116&announcementId=1212911473&orgId=9900018284&announcementTime=2022-04-14,2022-04-15,2022-07-14,0.106267
601113,华鼎股份,2021,2022-04-30,义乌华鼎锦纶股份有限公司2021年年度报告,http://www.cninfo.com.cn/new/disclosure/detail?stockCode=601113&announcementId=1213270720&orgId=9900019412&announcementTime=2022-04-30,2022-05-05,2022-08-01,-0.066737
601117,中国化学,2021,2022-04-28,中国化学2021年年度报告,http://www.cninfo.com.cn/new/disclosure/detail?stockCode=601117&announcementId=1213176723&orgId=9900009949&announcementTime=2022-04-28,2022-04-29,2022-07-28,0.184803
601118,海南橡胶,2021,2022-04-11,海南橡胶2021年年度报告,http://www.cninfo.com.cn/new/disclosure/detail?stockCode=601118&announcementId=1212869910&orgId=9900005902&announcementTime=2022-04-11,2022-04-12,2022-07-11,-0.045187
601126,四方股份,2021,2022-03-31,四方股份2021年年度报告,http://www.cninfo.com.cn/new/disclosure/detail?stockCode=601126&announcementId=1212745074&orgId=9900016847&announcementTime=2022-03-31,2022-04-01,2022-07-04,0.351916
601127,赛力斯,2021,2022-04-30,2021年年度报告,http://www.cninfo.com.cn/new/disclosure/detail?stockCode=601127&announcementId=1213270793&orgId=9900024265&announcementTime=2022-04-30,2022-05-05,2022-07-29,0.944159
601128,常熟银行,2021,2022-03-31,江苏常熟农村商业银行股份有限公司2021年年度报告,http://www.cninfo.com.cn/new/disclosure/detail?stockCode=601128&announcementId=1212740969&orgId=9900023084&announcementTime=2022-03-31,2022-04-01,2022-07-04,0.027618
601137,博威合金,2021,2022-04-19,博威合金2021年年度报告,http://www.cninfo.com.cn/new/disclosure/detail?stockCode=601137&announcementId=1212959078&orgId=9900017432&announcementTime=2022-04-19,2022-04-20,2022-07-19,0.541697
601138,工业富联,2021,2022-03-23,富士康工业互联网股份有限公司2021年年度报告,http://www.cninfo.com.cn/new/disclosure/detail?stockCode=601138&announcementId=1212644396&orgId=9900036731&announcementTime=2022-03-23,2022-03-24,2022-06-24,-0.064161
601139,深圳燃气,2021,2022-04-28,深圳燃气2021年年度报告,http://www.cninfo.com.cn/new/disclosure/detail?stockCode=601139&announcementId=1213176762&orgId=9900009513&announcementTime=2022-04-28,2022-04-29,2022-07-28,0.169089
601155,新城控股,2021,2022-03-31,新城控股2021年年度报告,http://www.cninfo.com.cn/new/disclosure/detail?stockCode=601155&announcementId=1212753271&orgId=GD012027&announcementTime=2022-03-31,2022-04-01,2022-07-04,-0.229038
601156,东航物流,2021,2022-04-12,东航物流2021年年度报告,http://www.cninfo.com.cn/new/disclosure/detail?stockCode=601156&announcementId=1212881517&orgId=9900039947&announcementTime=2022-04-12,2022-04-13,2022-07-12,-0.157269
601162,天风证券,2021,2022-03-31,天风证券股份有限公司2021年年度报告,http://www.cninfo.com.cn/new/disclosure/detail?stockCode=601162&announcementId=1212753303&orgId=qsgn0000533&announcementTime=2022-03-31,2022-04-01,2022-07-04,-0.082051
601158,重庆水务,2021,2022-04-02,重庆水务2021年年度报告,http://www.cninfo.com.cn/new/disclosure/detail?stockCode=601158&announcementId=1212811403&orgId=9900011267&announcementTime=2022-04-02,2022-04-06,2022-07-05,-0.08709
601166,兴业银行,2021,2022-03-25,兴业银行2021年年度报告全文,http://www.cninfo.com.cn/new/disclosure/detail?stockCode=601166&announcementId=1212671853&orgId=9900002081&announcementTime=2022-03-25,2022-03-28,2022-06-28,0.03266
601163,三角轮胎,2021,2022-04-27,三角轮胎2021年年度报告,http://www.cninfo.com.cn/new/disclosure/detail?stockCode=601163&announcementId=1213134506&orgId=9900022035&announcementTime=2022-04-27,2022-04-28,2022-07-27,0.119007
601168,西部矿业,2021,2022-04-23,西部矿业2021年年度报告,http://www.cninfo.com.cn/new/disclosure/detail?stockCode=601168&announcementId=1213060150&orgId=9900003262&announcementTime=2022-04-23,2022-04-25,2022-07-22,-0.070596
601169,北京银行,2021,2022-04-30,北京银行股份有限公司2021年年度报告（全文）,http://www.cninfo.com.cn/new/disclosure/detail?stockCode=601169&announcementId=1213270812&orgId=9900003642&announcementTime=2022-04-30,2022-05-05,2022-07-29,-0.019307
601177,杭齿前进,2021,2022-04-15,2021年年度报告,http://www.cninfo.com.cn/new/disclosure/detail?stockCode=601177&announcementId=1212921289&orgId=9900014907&announcementTime=2022-04-15,2022-04-18,2022-07-18,0.129496
601179,中国西电,2021,2022-04-15,中国西电2021年年度报告,http://www.cninfo.com.cn/new/disclosure/detail?stockCode=601179&announcementId=1212922969&orgId=9900010350&announcementTime=2022-04-15,2022-04-18,2022-07-15,0.246316
601186,中国铁建,2021,2022-03-31,中国铁建2021年年度报告,http://www.cninfo.com.cn/new/disclosure/detail?stockCode=601186&announcementId=1212749839&orgId=9900004347&announcementTime=2022-03-31,2022-04-01,2022-07-04,0.038618
601187,厦门银行,2021,2022-03-30,厦门银行股份有限公司2021年年度报告,http://www.cninfo.com.cn/new/disclosure/detail?stockCode=601187&announcementId=1212729825&orgId=9900012128&announcementTime=2022-03-30,2022-03-31,2022-07-01,-0.027481
601188,龙江交通,2021,2022-04-29,龙江交通2021年年度报告,http://www.cninfo.com.cn/new/disclosure/detail?stockCode=601188&announcementId=1213199010&orgId=9900011628&announcementTime=2022-04-29,2022-05-05,2022-07-29,0.068376
601198,东兴证券,2021,2022-04-29,东兴证券股份有限公司2021年年度报告,http://www.cninfo.com.cn/new/disclosure/detail?stockCode=601198&announcementId=1213199093&orgId=9900008427&announcementTime=2022-04-29,2022-05-05,2022-07-29,0.038724
601199,江南水务,2021,2022-04-27,江南水务2021年年度报告,http://www.cninfo.com.cn/new/disclosure/detail?stockCode=601199&announcementId=1213135187&orgId=9900018832&announcementTime=2022-04-27,2022-04-28,2022-07-27,0.58124
601200,上海环境,2021,2022-03-26,上海环境集团股份有限公司2021年年度报告,http://www.cninfo.com.cn/new/disclosure/detail?stockCode=601200&announcementId=1212688906&orgId=9900034899&announcementTime=2022-03-26,2022-03-28,2022-06-28,-0.038244
601208,东材科技,2021,2022-03-31,四川东材科技集团股份有限公司2021年年度报告,http://www.cninfo.com.cn/new/disclosure/detail?stockCode=601208&announcementId=1212746275&orgId=9900019705&announcementTime=2022-03-31,2022-04-01,2022-07-04,0.026025
601211,国泰海通,2021,2022-03-31,国泰君安证券股份有限公司2021年年度报告,http://www.cninfo.com.cn/new/disclosure/detail?stockCode=601211&announcementId=1212745096&orgId=qsgn0000116&announcementTime=2022-03-31,2022-04-01,2022-07-04,-0.031319
601216,君正集团,2021,2022-04-20,君正集团2021年年度报告,http://www.cninfo.com.cn/new/disclosure/detail?stockCode=601216&announcementId=1212974374&orgId=9900017867&announcementTime=2022-04-20,2022-04-21,2022-07-20,0.035346
601212,白银有色,2021,2022-04-29,白银有色集团股份有限公司2021年年度报告,http://www.cninfo.com.cn/new/disclosure/detail?stockCode=601212&announcementId=1213225106&orgId=9900027220&announcementTime=2022-04-29,2022-05-05,2022-07-29,0.055762
601218,吉鑫科技,2021,2022-04-08,江苏吉鑫风能科技股份有限公司2021年年度报告,http://www.cninfo.com.cn/new/disclosure/detail?stockCode=601218&announcementId=1212837392&orgId=9900019427&announcementTime=2022-04-08,2022-04-11,2022-07-08,0.007705
601222,林洋能源,2021,2022-04-26,江苏林洋能源股份有限公司2021年年度报告,http://www.cninfo.com.cn/new/disclosure/detail?stockCode=601222&announcementId=1213109320&orgId=9900021223&announcementTime=2022-04-26,2022-04-27,2022-07-26,0.52686
601226,华电科工,2021,2022-04-22,华电重工：2021年年度报告,http://www.cninfo.com.cn/new/disclosure/detail?stockCode=601226&announcementId=1213029795&orgId=9900023782&announcementTime=2022-04-22,2022-04-25,2022-07-22,0.276685
601225,陕西煤业,2021,2022-04-28,年报全文,http://www.cninfo.com.cn/new/disclosure/detail?stockCode=601225&announcementId=1213161683&orgId=9900023204&announcementTime=2022-04-28,2022-04-29,2022-07-28,0.185581
601228,广州港,2021,2022-04-09,广州港股份有限公司2021年年度报告,http://www.cninfo.com.cn/new/disclosure/detail?stockCode=601228&announcementId=1212855470&orgId=9900029141&announcementTime=2022-04-09,2022-04-11,2022-07-08,0.101695
601229,上海银行,2021,2022-04-22,上海银行2021年度报告,http://www.cninfo.com.cn/new/disclosure/detail?stockCode=601229&announcementId=1213030184&orgId=9900010207&announcementTime=2022-04-22,2022-04-25,2022-07-22,-0.036074
601231,环旭电子,2021,2022-03-29,环旭电子股份有限公司2021年年度报告,http://www.cninfo.com.cn/new/disclosure/detail?stockCode=601231&announcementId=1212711006&orgId=9900022058&announcementTime=2022-03-29,2022-03-30,2022-06-30,0.217472
601233,桐昆股份,2021,2022-04-28,桐昆股份2021年年度报告,http://www.cninfo.com.cn/new/disclosure/detail?stockCode=601233&announcementId=1213169606&orgId=9900019547&announcementTime=2022-04-28,2022-04-29,2022-07-28,0.017418
601236,红塔证券,2021,2022-03-31,红塔证券股份有限公司2021年年度报告,http://www.cninfo.com.cn/new/disclosure/detail?stockCode=601236&announcementId=1212749870&orgId=qsgn0000641&announcementTime=2022-03-31,2022-04-01,2022-07-04,-0.064629
601238,广汽集团,2021,2022-03-31,广汽集团2021年年度报告,http://www.cninfo.com.cn/new/disclosure/detail?stockCode=601238&announcementId=1212754240&orgId=9900006006&announcementTime=2022-03-31,2022-04-01,2022-07-04,0.417588
601279,英利汽车,2021,2022-03-30,长春英利汽车工业股份有限公司2021年年度报告,http://www.cninfo.com.cn/new/disclosure/detail?stockCode=601279&announcementId=1212731408&orgId=9900039777&announcementTime=2022-03-30,2022-03-31,2022-07-01,0.115942
601288,农业银行,2021,2022-03-31,农业银行2021年度报告,http://www.cninfo.com.cn/new/disclosure/detail?stockCode=601288&announcementId=1212749887&orgId=jjxt0000020&announcementTime=2022-03-31,2022-04-01,2022-07-04,-0.01676
601298,青岛港,2021,2022-03-31,青岛港国际股份有限公司2021年年度报告,http://www.cninfo.com.cn/new/disclosure/detail?stockCode=601298&announcementId=1212744197&orgId=GD025907&announcementTime=2022-03-31,2022-04-01,2022-07-04,-0.008
601311,骆驼股份,2021,2022-04-22,骆驼股份2021年年度报告全文,http://www.cninfo.com.cn/new/disclosure/detail?stockCode=601311&announcementId=1213020863&orgId=9900019962&announcementTime=2022-04-22,2022-04-25,2022-07-22,0.277127
601318,中国平安,2021,2022-03-18,中国平安2021年年度报告,http://www.cninfo.com.cn/new/disclosure/detail?stockCode=601318&announcementId=1212609975&orgId=9900002221&announcementTime=2022-03-18,2022-03-21,2022-06-21,-0.002779
601319,中国人保,2021,2022-03-26,中国人保2021年度报告,http://www.cninfo.com.cn/new/disclosure/detail?stockCode=601319&announcementId=1212686661&orgId=9900024684&announcementTime=2022-03-26,2022-03-28,2022-06-28,0.146809
601326,秦港股份,2021,2022-03-30,秦皇岛港股份有限公司2021年年度报告,http://www.cninfo.com.cn/new/disclosure/detail?stockCode=601326&announcementId=1212726812&orgId=9900023004&announcementTime=2022-03-30,2022-03-31,2022-07-01,0.029605
601328,交通银行,2021,2022-03-26,交通银行2021年度报告,http://www.cninfo.com.cn/new/disclosure/detail?stockCode=601328&announcementId=1212686685&orgId=9900002841&announcementTime=2022-03-26,2022-03-28,2022-06-28,0.00969
601330,绿色动力,2021,2022-03-30,2021年年度报告,http://www.cninfo.com.cn/new/disclosure/detail?stockCode=601330&announcementId=1212731093&orgId=9900028847&announcementTime=2022-03-30,2022-03-31,2022-07-01,-0.08204
601333,广深铁路,2021,2022-03-31,广深铁路2021年年度报告,http://www.cninfo.com.cn/new/disclosure/detail?stockCode=601333&announcementId=1212742042&orgId=9900001741&announcementTime=2022-03-31,2022-04-01,2022-07-04,0.006969
601336,新华保险,2021,2022-03-30,新华保险2021年年度报告,http://www.cninfo.com.cn/new/disclosure/detail?stockCode=601336&announcementId=1212729848&orgId=GD040482&announcementTime=2022-03-30,2022-03-31,2022-07-01,-0.079879
601339,百隆东方,2021,2022-04-27,百隆东方2021年度报告,http://www.cninfo.com.cn/new/disclosure/detail?stockCode=601339&announcementId=1213132963&orgId=9900022783&announcementTime=2022-04-27,2022-04-28,2022-07-27,0.029112
601360,三六零,2021,2022-04-22,三六零安全科技股份有限公司2021年年度报告,http://www.cninfo.com.cn/new/disclosure/detail?stockCode=601360&announcementId=1213030311&orgId=9900021962&announcementTime=2022-04-22,2022-04-25,2022-07-22,-0.097647
601366,利群股份,2021,2022-04-28,利群商业集团股份有限公司2021年年度报告,http://www.cninfo.com.cn/new/disclosure/detail?stockCode=601366&announcementId=1213176780&orgId=9900028735&announcementTime=2022-04-28,2022-04-29,2022-07-28,-0.092517
601368,绿城水务,2021,2022-04-26,广西绿城水务股份有限公司2021年度报告,http://www.cninfo.com.cn/new/disclosure/detail?stockCode=601368&announcementId=1213100492&orgId=9900023964&announcementTime=2022-04-26,2022-04-27,2022-07-26,0.085174
601369,陕鼓动力,2021,2022-04-28,西安陕鼓动力股份有限公司2021年年度报告全文,http://www.cninfo.com.cn/new/disclosure/detail?stockCode=601369&announcementId=1213176853&orgId=9900012093&announcementTime=2022-04-28,2022-04-29,2022-07-28,0.825115
601375,中原证券,2021,2022-03-26,中原证券股份有限公司2021年年度报告,http://www.cninfo.com.cn/new/disclosure/detail?stockCode=601375&announcementId=1212686710&orgId=qsgn0000802&announcementTime=2022-03-26,2022-03-28,2022-06-28,-0.071882
601377,兴业证券,2021,2022-03-31,兴业证券2021年年度报告,http://www.cninfo.com.cn/new/disclosure/detail?stockCode=601377&announcementId=1212740982&orgId=qsgn0000076&announcementTime=2022-03-31,2022-04-01,2022-07-04,-0.085209
601388,怡球资源,2021,2022-04-26,公司2021年年度报告,http://www.cninfo.com.cn/new/disclosure/detail?stockCode=601388&announcementId=1213100518&orgId=9900022404&announcementTime=2022-04-26,2022-04-27,2022-07-26,0.192882
601390,中国中铁,2021,2022-03-31,中国中铁2021年年度报告,http://www.cninfo.com.cn/new/disclosure/detail?stockCode=601390&announcementId=1212753500&orgId=9900003904&announcementTime=2022-03-31,2022-04-01,2022-07-04,0.028075
601398,工商银行,2021,2022-03-31,工商银行2021年度报告,http://www.cninfo.com.cn/new/disclosure/detail?stockCode=601398&announcementId=1212753509&orgId=jjxt0000019&announcementTime=2022-03-31,2022-04-01,2022-07-04,0.004274
601399,国机重装,2021,2022-04-23,国机重装2021年年报,http://www.cninfo.com.cn/new/disclosure/detail?stockCode=601399&announcementId=1213045557&orgId=9900010450&announcementTime=2022-04-23,2022-04-25,2022-07-22,0.084375
601456,国联民生,2021,2022-03-25,国联证券股份有限公司2021年年度报告,http://www.cninfo.com.cn/new/disclosure/detail?stockCode=601456&announcementId=1212670290&orgId=qsgn0000343&announcementTime=2022-03-25,2022-03-28,2022-06-28,-0.05969
601500,通用股份,2021,2022-04-28,江苏通用科技股份有限公司2021年年度报告,http://www.cninfo.com.cn/new/disclosure/detail?stockCode=601500&announcementId=1213176902&orgId=9900026535&announcementTime=2022-04-28,2022-04-29,2022-07-28,0.274809
601515,衢州东峰,2021,2022-04-15,东风股份2021年年度报告,http://www.cninfo.com.cn/new/disclosure/detail?stockCode=601515&announcementId=1212924773&orgId=9900022063&announcementTime=2022-04-15,2022-04-18,2022-07-15,-0.184084
601512,中新集团,2021,2022-04-16,中新集团2021年年度报告,http://www.cninfo.com.cn/new/disclosure/detail?stockCode=601512&announcementId=1212941831&orgId=9900022946&announcementTime=2022-04-16,2022-04-18,2022-07-15,-0.034409
601518,吉林高速,2021,2022-04-16,吉林高速公路股份有限公司2021年年度报告(全文),http://www.cninfo.com.cn/new/disclosure/detail?stockCode=601518&announcementId=1212940745&orgId=9900011627&announcementTime=2022-04-16,2022-04-18,2022-07-15,0.064417
601519,大智慧,2021,2022-04-15,2021年年度报告,http://www.cninfo.com.cn/new/disclosure/detail?stockCode=601519&announcementId=1212921339&orgId=9900017431&announcementTime=2022-04-15,2022-04-18,2022-07-15,-0.060033
601555,东吴证券,2021,2022-04-09,东吴证券2021年年度报告,http://www.cninfo.com.cn/new/disclosure/detail?stockCode=601555&announcementId=1212855738&orgId=qsgn0000325&announcementTime=2022-04-09,2022-04-11,2022-07-08,-0.087002
601528,瑞丰银行,2021,2022-03-31,浙江绍兴瑞丰农村商业银行股份有限公司2021年年度报告,http://www.cninfo.com.cn/new/disclosure/detail?stockCode=601528&announcementId=1212753545&orgId=9900032315&announcementTime=2022-03-31,2022-04-01,2022-07-04,-0.129787
601566,九牧王,2021,2022-04-26,九牧王2021年年度报告,http://www.cninfo.com.cn/new/disclosure/detail?stockCode=601566&announcementId=1213100579&orgId=9900019841&announcementTime=2022-04-26,2022-04-27,2022-07-26,0.123428
601567,三星医疗,2021,2022-04-26,三星医疗2021年年度报告,http://www.cninfo.com.cn/new/disclosure/detail?stockCode=601567&announcementId=1213121206&orgId=9900020091&announcementTime=2022-04-26,2022-04-27,2022-07-26,0.692946
601568,北元集团,2021,2022-04-20,陕西北元化工集团股份有限公司2021年年度报告,http://www.cninfo.com.cn/new/disclosure/detail?stockCode=601568&announcementId=1212974395&orgId=9900039743&announcementTime=2022-04-20,2022-04-21,2022-07-20,-0.036988
601577,长沙银行,2021,2022-04-29,长沙银行股份有限公司2021年年度报告,http://www.cninfo.com.cn/new/disclosure/detail?stockCode=601577&announcementId=1213225129&orgId=9900021960&announcementTime=2022-04-29,2022-05-05,2022-07-29,0.0
601579,会稽山,2021,2022-04-19,会稽山绍兴酒股份有限公司2021年年度报告,http://www.cninfo.com.cn/new/disclosure/detail?stockCode=601579&announcementId=1212957990&orgId=9900023219&announcementTime=2022-04-19,2022-04-20,2022-07-19,0.142986
601588,北辰实业,2021,2022-03-17,北辰实业2021年年报,http://www.cninfo.com.cn/new/disclosure/detail?stockCode=601588&announcementId=1212593539&orgId=9900000921&announcementTime=2022-03-17,2022-03-18,2022-06-20,-0.052459
601595,上海电影,2021,2022-04-27,2021年年度报告,http://www.cninfo.com.cn/new/disclosure/detail?stockCode=601595&announcementId=1213137111&orgId=9900024674&announcementTime=2022-04-27,2022-04-28,2022-07-27,0.120721
601598,中国外运,2021,2022-03-30,2021年年度报告,http://www.cninfo.com.cn/new/disclosure/detail?stockCode=601598&announcementId=1212728794&orgId=gshk0000598&announcementTime=2022-03-30,2022-03-31,2022-07-01,-0.016317
601599,浙文影业,2021,2022-04-27,浙文影业集团股份有限公司2021年年度报告,http://www.cninfo.com.cn/new/disclosure/detail?stockCode=601599&announcementId=1213141846&orgId=9900019840&announcementTime=2022-04-27,2022-04-28,2022-07-27,0.152575
601600,中国铝业,2021,2022-03-23,中国铝业2021年年度报告全文,http://www.cninfo.com.cn/new/disclosure/detail?stockCode=601600&announcementId=1212642240&orgId=9900002901&announcementTime=2022-03-23,2022-03-24,2022-06-24,-0.233333
601601,中国太保,2021,2022-03-28,中国太保2021年年度报告,http://www.cninfo.com.cn/new/disclosure/detail?stockCode=601601&announcementId=1212698832&orgId=9900004003&announcementTime=2022-03-28,2022-03-29,2022-06-29,0.036022
601606,长城军工,2021,2022-04-08,安徽长城军工股份有限公司2021年年度报告,http://www.cninfo.com.cn/new/disclosure/detail?stockCode=601606&announcementId=1212839107&orgId=9900027664&announcementTime=2022-04-08,2022-04-11,2022-07-08,0.076923
601607,上海医药,2021,2022-03-30,上海医药集团股份有限公司2021 年年度报告,http://www.cninfo.com.cn/new/disclosure/detail?stockCode=601607&announcementId=1212731673&orgId=gssh0600849&announcementTime=2022-03-30,2022-03-31,2022-07-01,-0.247282
601608,中信重工,2021,2022-03-26,中信重工2021年年度报告,http://www.cninfo.com.cn/new/disclosure/detail?stockCode=601608&announcementId=1212687001&orgId=9900022870&announcementTime=2022-03-26,2022-03-28,2022-06-28,0.115717
601609,金田股份,2021,2022-04-20,金田铜业2021年年度报告,http://www.cninfo.com.cn/new/disclosure/detail?stockCode=601609&announcementId=1212979891&orgId=9900023721&announcementTime=2022-04-20,2022-04-21,2022-07-20,0.05243
601611,中国核建,2021,2022-04-30,中国核建2021年年度报告,http://www.cninfo.com.cn/new/disclosure/detail?stockCode=601611&announcementId=1213270957&orgId=9900028774&announcementTime=2022-04-30,2022-05-05,2022-07-29,0.066176
601615,明阳智能,2021,2022-04-15,明阳智慧能源集团股份公司2021年年度报告,http://www.cninfo.com.cn/new/disclosure/detail?stockCode=601615&announcementId=1212921347&orgId=9900036760&announcementTime=2022-04-15,2022-04-18,2022-07-15,0.577329
601616,广电电气,2021,2022-04-19,601616_2021年_年度报告,http://www.cninfo.com.cn/new/disclosure/detail?stockCode=601616&announcementId=1212964065&orgId=9900017667&announcementTime=2022-04-19,2022-04-20,2022-07-19,0.064611
601618,中国中冶,2021,2022-03-30,中国中冶2021年年度报告,http://www.cninfo.com.cn/new/disclosure/detail?stockCode=601618&announcementId=1212728527&orgId=9900008087&announcementTime=2022-03-30,2022-03-31,2022-07-01,-0.068736
601619,嘉泽新能,2021,2022-04-28,宁夏嘉泽新能源股份有限公司2021年年度报告,http://www.cninfo.com.cn/new/disclosure/detail?stockCode=601619&announcementId=1213177254&orgId=9900031909&announcementTime=2022-04-28,2022-04-29,2022-07-28,0.261456
601628,中国人寿,2021,2022-03-25,中国人寿2021年年度报告,http://www.cninfo.com.cn/new/disclosure/detail?stockCode=601628&announcementId=1212669927&orgId=9900001881&announcementTime=2022-03-25,2022-03-28,2022-06-28,0.222008
601636,旗滨集团,2021,2022-04-08,601636_2021年_年度报告,http://www.cninfo.com.cn/new/disclosure/detail?stockCode=601636&announcementId=1212840230&orgId=9900021239&announcementTime=2022-04-08,2022-04-11,2022-07-08,-0.085783
601633,长城汽车,2021,2022-03-30,长城汽车股份有限公司2021年年度报告,http://www.cninfo.com.cn/new/disclosure/detail?stockCode=601633&announcementId=1212729880&orgId=gshk0002333&announcementTime=2022-03-30,2022-03-31,2022-07-01,0.320668
601658,邮储银行,2021,2022-03-31,中国邮政储蓄银行股份有限公司2021年年度报告,http://www.cninfo.com.cn/new/disclosure/detail?stockCode=601658&announcementId=1212744219&orgId=9900005091&announcementTime=2022-03-31,2022-04-01,2022-07-04,-0.008562
601665,齐鲁银行,2021,2022-04-29,齐鲁银行股份有限公司2021年年度报告,http://www.cninfo.com.cn/new/disclosure/detail?stockCode=601665&announcementId=1213216177&orgId=9900010908&announcementTime=2022-04-29,2022-05-05,2022-07-29,-0.122905
601668,中国建筑,2021,2022-04-16,中国建筑股份有限公司2021年年度报告,http://www.cninfo.com.cn/new/disclosure/detail?stockCode=601668&announcementId=1212944652&orgId=9900005970&announcementTime=2022-04-16,2022-04-18,2022-07-15,-0.086265
601666,平煤股份,2021,2022-03-29,平煤股份2021年年度报告,http://www.cninfo.com.cn/new/disclosure/detail?stockCode=601666&announcementId=1212711562&orgId=9900001301&announcementTime=2022-03-29,2022-03-30,2022-06-30,-0.086986
601669,中国电建,2021,2022-04-28,中国电力建设股份有限公司2021年年度报告,http://www.cninfo.com.cn/new/disclosure/detail?stockCode=601669&announcementId=1213169757&orgId=9900019726&announcementTime=2022-04-28,2022-04-29,2022-07-28,-0.011879
601677,明泰铝业,2021,2022-03-19,明泰铝业2021年年度报告,http://www.cninfo.com.cn/new/disclosure/detail?stockCode=601677&announcementId=1212625314&orgId=9900021432&announcementTime=2022-03-19,2022-03-21,2022-06-21,-0.207696
601678,滨化股份,2021,2022-04-20,滨化股份2021年年度报告,http://www.cninfo.com.cn/new/disclosure/detail?stockCode=601678&announcementId=1212974977&orgId=9900010667&announcementTime=2022-04-20,2022-04-21,2022-07-20,-0.050623
601686,友发集团,2021,2022-04-16,2021年年度报告,http://www.cninfo.com.cn/new/disclosure/detail?stockCode=601686&announcementId=1212941940&orgId=9900039715&announcementTime=2022-04-16,2022-04-18,2022-07-15,-0.142691
601688,华泰证券,2021,2022-03-31,华泰证券股份有限公司2021年年度报告,http://www.cninfo.com.cn/new/disclosure/detail?stockCode=601688&announcementId=1212749915&orgId=qsgn0000161&announcementTime=2022-03-31,2022-04-01,2022-07-04,-0.04796
601689,拓普集团,2021,2022-04-15,拓普集团2021年年度报告,http://www.cninfo.com.cn/new/disclosure/detail?stockCode=601689&announcementId=1212922984&orgId=9900023677&announcementTime=2022-04-15,2022-04-18,2022-07-15,0.695031
601696,中银证券,2021,2022-03-30,2021年年度报告,http://www.cninfo.com.cn/new/disclosure/detail?stockCode=601696&announcementId=1212726468&orgId=qsgn0000638&announcementTime=2022-03-30,2022-03-31,2022-07-01,0.017611
601698,中国卫通,2021,2022-04-29,中国卫通2021年年度报告全文,http://www.cninfo.com.cn/new/disclosure/detail?stockCode=601698&announcementId=1213216209&orgId=9900036546&announcementTime=2022-04-29,2022-05-05,2022-07-29,0.124124
601699,潞安环能,2021,2022-04-23,潞安环能2021年年度报告,http://www.cninfo.com.cn/new/disclosure/detail?stockCode=601699&announcementId=1213062454&orgId=9900000721&announcementTime=2022-04-23,2022-04-25,2022-07-22,-0.1332
601700,风范股份,2021,2022-04-20,常熟风范电力设备股份有限公司2021年年度报告,http://www.cninfo.com.cn/new/disclosure/detail?stockCode=601700&announcementId=1212973632&orgId=9900017119&announcementTime=2022-04-20,2022-04-21,2022-08-03,0.186131
601702,华峰铝业,2021,2022-04-27,上海华峰铝业股份有限公司2021年年度报告,http://www.cninfo.com.cn/new/disclosure/detail?stockCode=601702&announcementId=1213130476&orgId=9900038468&announcementTime=2022-04-27,2022-04-28,2022-07-27,1.700831
601717,中创智领,2021,2022-03-29,郑州煤矿机械集团股份有限公司2021年年度报告,http://www.cninfo.com.cn/new/disclosure/detail?stockCode=601717&announcementId=1212709381&orgId=9900013667&announcementTime=2022-03-29,2022-03-30,2022-06-30,0.077801
601718,际华集团,2021,2022-04-27,际华集团2021年年度报告,http://www.cninfo.com.cn/new/disclosure/detail?stockCode=601718&announcementId=1213149503&orgId=9900013870&announcementTime=2022-04-27,2022-04-28,2022-07-27,0.376307
601727,上海电气,2021,2022-04-19,上海电气2021年年度报告,http://www.cninfo.com.cn/new/disclosure/detail?stockCode=601727&announcementId=1212962533&orgId=9900005766&announcementTime=2022-04-19,2022-04-20,2022-07-19,0.113786
601728,中国电信,2021,2022-03-18,中国电信股份有限公司2021年年度报告,http://www.cninfo.com.cn/new/disclosure/detail?stockCode=601728&announcementId=1212606576&orgId=gshk0000728&announcementTime=2022-03-18,2022-03-21,2022-06-21,-0.027295
601766,中国中车,2021,2022-03-31,中国中车2021年年度报告,http://www.cninfo.com.cn/new/disclosure/detail?stockCode=601766&announcementId=1212749960&orgId=9900005127&announcementTime=2022-03-31,2022-04-01,2022-07-04,-0.039244
601777,千里科技,2021,2022-04-23,力帆科技（集团）股份有限公司2021年年度报告,http://www.cninfo.com.cn/new/disclosure/detail?stockCode=601777&announcementId=1213058119&orgId=9900016000&announcementTime=2022-04-23,2022-04-25,2022-07-22,0.326039
601778,晶科科技,2021,2022-04-29,2021年年度报告,http://www.cninfo.com.cn/new/disclosure/detail?stockCode=601778&announcementId=1213225155&orgId=9900038390&announcementTime=2022-04-29,2022-05-05,2022-07-29,0.247863
601788,光大证券,2021,2022-03-25,光大证券股份有限公司2021年年度报告,http://www.cninfo.com.cn/new/disclosure/detail?stockCode=601788&announcementId=1212671670&orgId=qsgn0000085&announcementTime=2022-03-25,2022-03-28,2022-06-28,0.352113
601789,宁波建工,2021,2022-04-19,宁波建工2021年年度报告,http://www.cninfo.com.cn/new/disclosure/detail?stockCode=601789&announcementId=1212961213&orgId=9900021256&announcementTime=2022-04-19,2022-04-20,2022-07-19,-0.094017
601798,蓝科高新,2021,2022-04-19,甘肃蓝科石化高新装备股份有限公司2021年年度报告,http://www.cninfo.com.cn/new/disclosure/detail?stockCode=601798&announcementId=1212963665&orgId=9900020287&announcementTime=2022-04-19,2022-04-20,2022-07-19,0.0625
601800,中国交建,2021,2022-03-31,中国交建2021年年度报告_全文,http://www.cninfo.com.cn/new/disclosure/detail?stockCode=601800&announcementId=1212754469&orgId=gshk0001800&announcementTime=2022-03-31,2022-04-01,2022-07-04,-0.007329
601799,星宇股份,2021,2022-03-26,常州星宇车灯股份有限公司2021年年度报告全文,http://www.cninfo.com.cn/new/disclosure/detail?stockCode=601799&announcementId=1212686226&orgId=9900017668&announcementTime=2022-03-26,2022-03-28,2022-06-28,0.212207
601808,中海油服,2021,2022-03-25,中海油服2021年年度报告,http://www.cninfo.com.cn/new/disclosure/detail?stockCode=601808&announcementId=1212670619&orgId=9900003692&announcementTime=2022-03-25,2022-03-28,2022-06-28,0.027211
601801,皖新传媒,2021,2022-04-29,皖新传媒2021年年度报告,http://www.cninfo.com.cn/new/disclosure/detail?stockCode=601801&announcementId=1213225212&orgId=9900010089&announcementTime=2022-04-29,2022-05-05,2022-07-29,0.046834
601811,新华文轩,2021,2022-03-30,新华文轩2021年年度报告,http://www.cninfo.com.cn/new/disclosure/detail?stockCode=601811&announcementId=1212726867&orgId=gshk0000811&announcementTime=2022-03-30,2022-03-31,2022-07-01,0.008357
601816,京沪高铁,2021,2022-04-23,京沪高速铁路股份有限公司2021年年度报告,http://www.cninfo.com.cn/new/disclosure/detail?stockCode=601816&announcementId=1213042764&orgId=9900041360&announcementTime=2022-04-23,2022-04-25,2022-07-22,-0.014374
601818,光大银行,2021,2022-03-26,中国光大银行股份有限公司2021年年度报告,http://www.cninfo.com.cn/new/disclosure/detail?stockCode=601818&announcementId=1212687507&orgId=9900006246&announcementTime=2022-03-26,2022-03-28,2022-06-28,0.0
601825,沪农商行,2021,2022-04-30,上海农商银行2021年度报告,http://www.cninfo.com.cn/new/disclosure/detail?stockCode=601825&announcementId=1213271015&orgId=9900010687&announcementTime=2022-04-30,2022-05-05,2022-07-29,0.077532
601827,三峰环境,2021,2022-03-31,2021年年度报告,http://www.cninfo.com.cn/new/disclosure/detail?stockCode=601827&announcementId=1212753574&orgId=9900038387&announcementTime=2022-03-31,2022-04-01,2022-07-04,-0.045226
601828,美凯龙,2021,2022-03-31,2021年年度报告,http://www.cninfo.com.cn/new/disclosure/detail?stockCode=601828&announcementId=1212754258&orgId=9900024118&announcementTime=2022-03-31,2022-04-01,2022-07-04,-0.29595
601838,成都银行,2021,2022-04-28,成都银行股份有限公司2021年年度报告,http://www.cninfo.com.cn/new/disclosure/detail?stockCode=601838&announcementId=1213177290&orgId=9900021318&announcementTime=2022-04-28,2022-04-29,2022-07-28,-0.054342
601857,中国石油,2021,2022-04-01,中国石油天然气股份有限公司2021 年度报告,http://www.cninfo.com.cn/new/disclosure/detail?stockCode=601857&announcementId=1212769284&orgId=9900003825&announcementTime=2022-04-01,2022-04-06,2022-07-05,0.006313
601858,中国科传,2021,2022-04-28,中国科技出版传媒股份有限公司2021年年度报告,http://www.cninfo.com.cn/new/disclosure/detail?stockCode=601858&announcementId=1213177293&orgId=9900023751&announcementTime=2022-04-28,2022-04-29,2022-07-28,0.127632
601860,紫金银行,2021,2022-04-30,江苏紫金农村商业银行股份有限公司2021年度报告,http://www.cninfo.com.cn/new/disclosure/detail?stockCode=601860&announcementId=1213271043&orgId=9900031760&announcementTime=2022-04-30,2022-05-05,2022-07-29,0.00974
601865,福莱特,2021,2022-03-22,福莱特玻璃集团股份有限公司2021年年度报告,http://www.cninfo.com.cn/new/disclosure/detail?stockCode=601865&announcementId=1212633451&orgId=9900031502&announcementTime=2022-03-22,2022-03-23,2022-06-23,-0.100193
601866,中远海发,2021,2022-03-31,中远海发2021年度报告,http://www.cninfo.com.cn/new/disclosure/detail?stockCode=601866&announcementId=1212754817&orgId=9900003962&announcementTime=2022-03-31,2022-04-01,2022-07-04,-0.100287
601868,中国能建,2021,2022-03-30,中国能源建设股份有限公司2021年年度报告,http://www.cninfo.com.cn/new/disclosure/detail?stockCode=601868&announcementId=1212732060&orgId=9900031628&announcementTime=2022-03-30,2022-03-31,2022-07-01,-0.020576
601869,长飞光纤,2021,2022-03-26,长飞光纤光缆股份有限公司2021年年度报告,http://www.cninfo.com.cn/new/disclosure/detail?stockCode=601869&announcementId=1212688713&orgId=GD100544&announcementTime=2022-03-26,2022-03-28,2022-06-28,0.117075
601877,正泰电器,2021,2022-04-29,正泰电器2021年年度报告,http://www.cninfo.com.cn/new/disclosure/detail?stockCode=601877&announcementId=1213225243&orgId=9900010254&announcementTime=2022-04-29,2022-05-05,2022-07-29,0.129654
601872,招商轮船,2021,2022-03-28,招商轮船2021年年度报告,http://www.cninfo.com.cn/new/disclosure/detail?stockCode=601872&announcementId=1212698866&orgId=9900001441&announcementTime=2022-03-28,2022-03-29,2022-06-29,0.381098
601880,辽港股份,2021,2022-03-30,辽宁港口股份有限公司2021年年度报告全文,http://www.cninfo.com.cn/new/disclosure/detail?stockCode=601880&announcementId=1212726493&orgId=gshk0002880&announcementTime=2022-03-30,2022-03-31,2022-07-01,-0.017467
601878,浙商证券,2021,2022-03-25,浙商证券股份有限公司2021年年度报告,http://www.cninfo.com.cn/new/disclosure/detail?stockCode=601878&announcementId=1212669321&orgId=qsgn0000203&announcementTime=2022-03-25,2022-03-28,2022-06-28,0.10223
601881,中国银河,2021,2022-03-31,中国银河：2021年年度报告,http://www.cninfo.com.cn/new/disclosure/detail?stockCode=601881&announcementId=1212753590&orgId=qsgn0000512&announcementTime=2022-03-31,2022-04-01,2022-07-04,-0.035748
601882,海天精工,2021,2022-03-23,宁波海天精工股份有限公司2021年年度报告,http://www.cninfo.com.cn/new/disclosure/detail?stockCode=601882&announcementId=1212644454&orgId=9900024758&announcementTime=2022-03-23,2022-03-24,2022-06-24,0.035261
601886,江河集团,2021,2022-03-22,江河集团2021年年度报告,http://www.cninfo.com.cn/new/disclosure/detail?stockCode=601886&announcementId=1212634177&orgId=9900021258&announcementTime=2022-03-22,2022-03-23,2022-06-23,0.163218
601888,中国中免,2021,2022-04-23,中国旅游集团中免股份有限公司2021年年度报告,http://www.cninfo.com.cn/new/disclosure/detail?stockCode=601888&announcementId=1213052580&orgId=9900008313&announcementTime=2022-04-23,2022-04-25,2022-07-22,0.283824
601890,亚星锚链,2021,2022-04-26,亚星锚链2021年年度报告,http://www.cninfo.com.cn/new/disclosure/detail?stockCode=601890&announcementId=1213102495&orgId=9900016571&announcementTime=2022-04-26,2022-04-27,2022-07-26,0.808511
601898,中煤能源,2021,2022-03-25,601898_2021年_年度报告,http://www.cninfo.com.cn/new/disclosure/detail?stockCode=601898&announcementId=1212669708&orgId=9900004221&announcementTime=2022-03-25,2022-03-28,2022-06-28,0.346639
601899,紫金矿业,2021,2022-03-19,紫金矿业集团股份有限公司2021年年度报告,http://www.cninfo.com.cn/new/disclosure/detail?stockCode=601899&announcementId=1212627878&orgId=9900004143&announcementTime=2022-03-19,2022-03-21,2022-06-21,-0.111418
601900,南方传媒,2021,2022-04-28,南方出版传媒股份有限公司2021年年度报告,http://www.cninfo.com.cn/new/disclosure/detail?stockCode=601900&announcementId=1213170168&orgId=9900024439&announcementTime=2022-04-28,2022-04-29,2022-07-28,0.114673
601901,方正证券,2021,2022-03-31,2021年年度报告,http://www.cninfo.com.cn/new/disclosure/detail?stockCode=601901&announcementId=1212742874&orgId=9900021222&announcementTime=2022-03-31,2022-04-01,2022-07-04,-0.009986
601908,京运通,2021,2022-03-30,京运通2021年年度报告,http://www.cninfo.com.cn/new/disclosure/detail?stockCode=601908&announcementId=1212727416&orgId=9900021379&announcementTime=2022-03-30,2022-03-31,2022-07-01,0.178938
601916,浙商银行,2021,2022-03-30,浙商银行股份有限公司2021年度报告,http://www.cninfo.com.cn/new/disclosure/detail?stockCode=601916&announcementId=1212729887&orgId=9900007207&announcementTime=2022-03-30,2022-03-31,2022-07-01,-0.002755
601918,新集能源,2021,2022-04-23,新集能源2021年年度报告全文,http://www.cninfo.com.cn/new/disclosure/detail?stockCode=601918&announcementId=1213043672&orgId=9900003914&announcementTime=2022-04-23,2022-04-25,2022-07-22,0.001307
601919,中远海控,2021,2022-03-31,中远海控2021年年度报告,http://www.cninfo.com.cn/new/disclosure/detail?stockCode=601919&announcementId=1212754831&orgId=9900003201&announcementTime=2022-03-31,2022-04-01,2022-07-04,-0.070468
601921,浙版传媒,2021,2022-04-27,浙江出版传媒股份有限公司2021年年度报告,http://www.cninfo.com.cn/new/disclosure/detail?stockCode=601921&announcementId=1213140206&orgId=9900041882&announcementTime=2022-04-27,2022-04-28,2022-07-27,0.123596
601928,凤凰传媒,2021,2022-04-23,凤凰传媒2021年年度报告,http://www.cninfo.com.cn/new/disclosure/detail?stockCode=601928&announcementId=1213052107&orgId=9900021782&announcementTime=2022-04-23,2022-04-25,2022-07-22,-0.003215
601929,吉视传媒,2021,2022-04-30,吉视传媒股份有限公司2021年年度报告,http://www.cninfo.com.cn/new/disclosure/detail?stockCode=601929&announcementId=1213265159&orgId=9900022073&announcementTime=2022-04-30,2022-05-05,2022-07-29,0.021226
601933,永辉超市,2021,2022-04-30,永辉超市股份有限公司2021年年度报告,http://www.cninfo.com.cn/new/disclosure/detail?stockCode=601933&announcementId=1213271083&orgId=9900016367&announcementTime=2022-04-30,2022-05-05,2022-07-29,-0.233622
601939,建设银行,2021,2022-03-30,建设银行2021年年度报告,http://www.cninfo.com.cn/new/disclosure/detail?stockCode=601939&announcementId=1212730963&orgId=9900003682&announcementTime=2022-03-30,2022-03-31,2022-07-01,-0.01412
601949,中国出版,2021,2022-04-29,中国出版传媒股份有限公司2021年年度报告,http://www.cninfo.com.cn/new/disclosure/detail?stockCode=601949&announcementId=1213225256&orgId=9900031902&announcementTime=2022-04-29,2022-05-05,2022-07-29,0.024641
601952,苏垦农发,2021,2022-04-15,苏垦农发2021年年度报告,http://www.cninfo.com.cn/new/disclosure/detail?stockCode=601952&announcementId=1212921397&orgId=9900030581&announcementTime=2022-04-15,2022-04-18,2022-07-15,-0.122517
601956,东贝集团,2021,2022-04-20,湖北东贝机电集团股份有限公司2021年年度报告,http://www.cninfo.com.cn/new/disclosure/detail?stockCode=601956&announcementId=1212977764&orgId=GD008131&announcementTime=2022-04-20,2022-04-21,2022-07-20,0.194175
601958,金钼股份,2021,2022-04-27,金钼股份2021年年度报告,http://www.cninfo.com.cn/new/disclosure/detail?stockCode=601958&announcementId=1213135246&orgId=9900004461&announcementTime=2022-04-27,2022-04-28,2022-07-27,0.232039
601963,重庆银行,2021,2022-04-01,2021年度报告,http://www.cninfo.com.cn/new/disclosure/detail?stockCode=601963&announcementId=1212765369&orgId=9900006641&announcementTime=2022-04-01,2022-04-06,2022-07-05,-0.146162
601965,中国汽研,2021,2022-04-23,中国汽研2021年年度报告,http://www.cninfo.com.cn/new/disclosure/detail?stockCode=601965&announcementId=1213056781&orgId=9900022752&announcementTime=2022-04-23,2022-04-25,2022-07-22,0.317583
601966,玲珑轮胎,2021,2022-04-29,山东玲珑轮胎股份有限公司2021年年度报告,http://www.cninfo.com.cn/new/disclosure/detail?stockCode=601966&announcementId=1213216285&orgId=9900023113&announcementTime=2022-04-29,2022-05-05,2022-07-29,0.654275
601968,宝钢包装,2021,2022-04-30,2021年度报告全文,http://www.cninfo.com.cn/new/disclosure/detail?stockCode=601968&announcementId=1213271114&orgId=9900024535&announcementTime=2022-04-30,2022-05-05,2022-07-29,0.5
601969,海南矿业,2021,2022-03-23,海南矿业股份有限公司2021年年度报告,http://www.cninfo.com.cn/new/disclosure/detail?stockCode=601969&announcementId=1212644477&orgId=9900023250&announcementTime=2022-03-23,2022-03-24,2022-06-24,-0.06237
601975,招商南油,2021,2022-03-29,招商南油2021年年度报告,http://www.cninfo.com.cn/new/disclosure/detail?stockCode=601975&announcementId=1212707730&orgId=gssh0600087&announcementTime=2022-03-29,2022-03-30,2022-06-30,1.121053
601985,中国核电,2021,2022-04-28,中国核能电力股份有限公司2021年年度报告,http://www.cninfo.com.cn/new/disclosure/detail?stockCode=601985&announcementId=1213177370&orgId=9900022188&announcementTime=2022-04-28,2022-04-29,2022-07-28,-0.114815
601988,中国银行,2021,2022-03-30,H股公告-2021年年度报告,http://www.cninfo.com.cn/new/disclosure/detail?stockCode=601988&announcementId=1212727430&orgId=jjxt0000028&announcementTime=2022-03-30,2022-03-31,2022-07-01,0.01227
601990,南京证券,2021,2022-04-27,南京证券股份有限公司2021年年度报告,http://www.cninfo.com.cn/new/disclosure/detail?stockCode=601990&announcementId=1213134531&orgId=qsgn0000240&announcementTime=2022-04-27,2022-04-28,2022-07-27,0.056156
601991,大唐发电,2021,2022-03-30,大唐发电2021年年度报告,http://www.cninfo.com.cn/new/disclosure/detail?stockCode=601991&announcementId=1212731344&orgId=9900001601&announcementTime=2022-03-30,2022-03-31,2022-07-01,0.02454
601992,金隅集团,2021,2022-03-25,北京金隅集团股份有限公司2021年年度报告,http://www.cninfo.com.cn/new/disclosure/detail?stockCode=601992&announcementId=1212672204&orgId=9900006630&announcementTime=2022-03-25,2022-03-28,2022-06-28,-0.044776
601995,中金公司,2021,2022-03-31,中金公司2021年年度报告,http://www.cninfo.com.cn/new/disclosure/detail?stockCode=601995&announcementId=1212754734&orgId=qsgn0000421&announcementTime=2022-03-31,2022-04-01,2022-07-04,0.064066
601996,丰林集团,2021,2022-03-30,广西丰林木业集团股份有限公司2021年年度报告,http://www.cninfo.com.cn/new/disclosure/detail?stockCode=601996&announcementId=1212727759&orgId=9900021478&announcementTime=2022-03-30,2022-03-31,2022-07-01,-0.05274
601997,贵阳银行,2021,2022-04-29,贵阳银行股份有限公司2021年年度报告,http://www.cninfo.com.cn/new/disclosure/detail?stockCode=601997&announcementId=1213217298&orgId=9900022955&announcementTime=2022-04-29,2022-05-05,2022-07-29,-0.040755
601998,中信银行,2021,2022-03-25,中信银行股份有限公司2021年年度报告,http://www.cninfo.com.cn/new/disclosure/detail?stockCode=601998&announcementId=1212669945&orgId=9900002721&announcementTime=2022-03-25,2022-03-28,2022-06-28,0.039349
601999,出版传媒,2021,2022-04-29,出版传媒2021年年度报告,http://www.cninfo.com.cn/new/disclosure/detail?stockCode=601999&announcementId=1213225280&orgId=9900003948&announcementTime=2022-04-29,2022-05-05,2022-07-29,0.065436
603000,人民网,2021,2022-04-15,人民网股份有限公司2021年年度报告,http://www.cninfo.com.cn/new/disclosure/detail?stockCode=603000&announcementId=1212923364&orgId=9900022477&announcementTime=2022-04-15,2022-04-18,2022-07-15,0.009928
603001,奥康国际,2021,2022-04-26,奥康国际：2021年年报报告,http://www.cninfo.com.cn/new/disclosure/detail?stockCode=603001&announcementId=1213098952&orgId=9900022510&announcementTime=2022-04-26,2022-04-27,2022-07-26,0.181223
603002,宏昌电子,2021,2022-04-20,宏昌电子2021年年度报告,http://www.cninfo.com.cn/new/disclosure/detail?stockCode=603002&announcementId=1212974774&orgId=9900022649&announcementTime=2022-04-20,2022-04-21,2022-07-20,0.092191
603005,晶方科技,2021,2022-04-09,晶方科技2021年年度报告,http://www.cninfo.com.cn/new/disclosure/detail?stockCode=603005&announcementId=1212855123&orgId=9900022989&announcementTime=2022-04-09,2022-04-11,2022-07-08,0.207315
603006,联明股份,2021,2022-04-28,2021年年度报告,http://www.cninfo.com.cn/new/disclosure/detail?stockCode=603006&announcementId=1213159183&orgId=9900023816&announcementTime=2022-04-28,2022-04-29,2022-07-28,0.460224
603007,*ST花王,2021,2022-04-28,2021年年度报告,http://www.cninfo.com.cn/new/disclosure/detail?stockCode=603007&announcementId=1213177411&orgId=9900026537&announcementTime=2022-04-28,2022-04-29,2022-07-28,0.696613
603009,北特科技,2021,2022-04-08,上海北特科技股份有限公司2021年度报告,http://www.cninfo.com.cn/new/disclosure/detail?stockCode=603009&announcementId=1212840349&orgId=9900022982&announcementTime=2022-04-08,2022-04-11,2022-07-08,0.254464
603008,喜临门,2021,2022-04-20,喜临门家具股份有限公司2021年年度报告,http://www.cninfo.com.cn/new/disclosure/detail?stockCode=603008&announcementId=1212975188&orgId=9900023007&announcementTime=2022-04-20,2022-04-21,2022-07-20,0.095313
603010,万盛股份,2021,2022-04-30,浙江万盛股份有限公司2021年年度报告,http://www.cninfo.com.cn/new/disclosure/detail?stockCode=603010&announcementId=1213266702&orgId=9900022964&announcementTime=2022-04-30,2022-05-05,2022-07-29,0.121113
603011,合锻智能,2021,2022-04-28,合肥合锻智能制造股份有限公司2021年年度报告,http://www.cninfo.com.cn/new/disclosure/detail?stockCode=603011&announcementId=1213177444&orgId=9900023764&announcementTime=2022-04-28,2022-04-29,2022-07-28,0.588346
603012,创力集团,2021,2022-04-27,创力集团2021年年度报告,http://www.cninfo.com.cn/new/disclosure/detail?stockCode=603012&announcementId=1213141931&orgId=9900023710&announcementTime=2022-04-27,2022-04-28,2022-07-27,0.24631
603013,亚普股份,2021,2022-03-22,亚普股份2021年年度报告,http://www.cninfo.com.cn/new/disclosure/detail?stockCode=603013&announcementId=1212631769&orgId=9900023758&announcementTime=2022-03-22,2022-03-23,2022-06-23,0.069869
603015,弘讯科技,2021,2022-04-25,2021年年度报告,http://www.cninfo.com.cn/new/disclosure/detail?stockCode=603015&announcementId=1213086875&orgId=9900023700&announcementTime=2022-04-25,2022-04-26,2022-07-25,0.653414
603016,新宏泰,2021,2022-04-28,2021年年度报告,http://www.cninfo.com.cn/new/disclosure/detail?stockCode=603016&announcementId=1213163748&orgId=9900024938&announcementTime=2022-04-28,2022-04-29,2022-07-28,0.573684
603017,中衡设计,2021,2022-04-28,中衡设计2021年年度报告,http://www.cninfo.com.cn/new/disclosure/detail?stockCode=603017&announcementId=1213178382&orgId=9900023640&announcementTime=2022-04-28,2022-04-29,2022-07-28,0.168332
603018,华设集团,2021,2022-03-15,2021年年度报告,http://www.cninfo.com.cn/new/disclosure/detail?stockCode=603018&announcementId=1212566966&orgId=9900023176&announcementTime=2022-03-15,2022-03-16,2022-06-16,0.151796
603019,中科曙光,2021,2022-04-15,中科曙光2021年度报告,http://www.cninfo.com.cn/new/disclosure/detail?stockCode=603019&announcementId=1212921542&orgId=9900023134&announcementTime=2022-04-15,2022-04-18,2022-07-15,-0.076122
603021,ST华鹏,2021,2022-04-30,山东华鹏2021年年度报告,http://www.cninfo.com.cn/new/disclosure/detail?stockCode=603021&announcementId=1213271223&orgId=9900023482&announcementTime=2022-04-30,2022-05-05,2022-07-29,0.172414
603020,爱普股份,2021,2022-04-30,爱普香料集团股份有限公司2021年年度报告,http://www.cninfo.com.cn/new/disclosure/detail?stockCode=603020&announcementId=1213271161&orgId=9900023123&announcementTime=2022-04-30,2022-05-05,2022-07-29,0.094038
603022,新通联,2021,2022-04-28,新通联2021年度报告全文,http://www.cninfo.com.cn/new/disclosure/detail?stockCode=603022&announcementId=1213163845&orgId=9900023675&announcementTime=2022-04-28,2022-04-29,2022-07-28,0.288321
603025,大豪科技,2021,2022-03-10,大豪科技2021年年度报告,http://www.cninfo.com.cn/new/disclosure/detail?stockCode=603025&announcementId=1212532932&orgId=9900023457&announcementTime=2022-03-10,2022-03-11,2022-06-13,0.075183
603023,威帝股份,2021,2022-04-23,2021年年度报告,http://www.cninfo.com.cn/new/disclosure/detail?stockCode=603023&announcementId=1213060353&orgId=9900023114&announcementTime=2022-04-23,2022-04-25,2022-07-22,-0.004026
603027,千禾味业,2021,2022-04-27,千禾味业食品股份有限公司2021年年度报告全文,http://www.cninfo.com.cn/new/disclosure/detail?stockCode=603027&announcementId=1213137148&orgId=9900024904&announcementTime=2022-04-27,2022-04-28,2022-07-27,0.114458
603026,石大胜华,2021,2022-04-09,石大胜华2021年年度报告,http://www.cninfo.com.cn/new/disclosure/detail?stockCode=603026&announcementId=1212855649&orgId=9900022966&announcementTime=2022-04-09,2022-04-11,2022-07-08,0.212256
603029,天鹅股份,2021,2022-04-09,山东天鹅棉业机械股份有限公司2021年年度报告,http://www.cninfo.com.cn/new/disclosure/detail?stockCode=603029&announcementId=1212856222&orgId=9900024504&announcementTime=2022-04-09,2022-04-11,2022-07-08,-0.049852
603028,赛福天,2021,2022-04-20,2021年年度报告,http://www.cninfo.com.cn/new/disclosure/detail?stockCode=603028&announcementId=1212975213&orgId=9900024903&announcementTime=2022-04-20,2022-04-21,2022-07-20,0.05036
603031,安孚科技,2021,2022-04-08,安徽安德利百货股份有限公司2021年年度报告,http://www.cninfo.com.cn/new/disclosure/detail?stockCode=603031&announcementId=1212839447&orgId=9900024937&announcementTime=2022-04-08,2022-04-11,2022-07-08,-0.041729
603030,全筑股份,2021,2022-04-30,2021年年度报告,http://www.cninfo.com.cn/new/disclosure/detail?stockCode=603030&announcementId=1213271259&orgId=9900023461&announcementTime=2022-04-30,2022-05-05,2022-07-29,0.128806
603033,三维股份,2021,2022-04-26,三维控股集团股份有限公司2021年年度报告,http://www.cninfo.com.cn/new/disclosure/detail?stockCode=603033&announcementId=1213100684&orgId=9900026790&announcementTime=2022-04-26,2022-04-27,2022-07-26,0.371483
603032,德新科技,2021,2022-04-26,德力西新疆交通运输集团股份有限公司2021年年度报告,http://www.cninfo.com.cn/new/disclosure/detail?stockCode=603032&announcementId=1213100633&orgId=9900030090&announcementTime=2022-04-26,2022-04-27,2022-07-27,0.705845
603035,常熟汽饰,2021,2022-04-19,江苏常熟汽饰集团股份有限公司2021年年度报告,http://www.cninfo.com.cn/new/disclosure/detail?stockCode=603035&announcementId=1212966092&orgId=9900029042&announcementTime=2022-04-19,2022-04-20,2022-07-19,0.264075
603036,如通股份,2021,2022-04-16,如通股份2021年年度报告,http://www.cninfo.com.cn/new/disclosure/detail?stockCode=603036&announcementId=1212940777&orgId=9900026788&announcementTime=2022-04-16,2022-04-18,2022-07-15,0.033595
603037,凯众股份,2021,2022-04-30,凯众股份2021年年度报告,http://www.cninfo.com.cn/new/disclosure/detail?stockCode=603037&announcementId=1213271298&orgId=9900029866&announcementTime=2022-04-30,2022-05-05,2022-07-29,0.279946
603038,华立股份,2021,2022-04-28,2021年年度报告,http://www.cninfo.com.cn/new/disclosure/detail?stockCode=603038&announcementId=1213163907&orgId=9900024798&announcementTime=2022-04-28,2022-04-29,2022-07-28,0.128788
603039,泛微网络,2021,2022-04-29,泛微网络2021年年度报告,http://www.cninfo.com.cn/new/disclosure/detail?stockCode=603039&announcementId=1213225332&orgId=9900029865&announcementTime=2022-04-29,2022-05-05,2022-07-29,-0.102658
603040,新坐标,2021,2022-04-29,新坐标2021年年度报告,http://www.cninfo.com.cn/new/disclosure/detail?stockCode=603040&announcementId=1213217314&orgId=9900029981&announcementTime=2022-04-29,2022-05-05,2022-07-29,0.403909
603041,美思德,2021,2022-04-30,美思德：2021年年度报告,http://www.cninfo.com.cn/new/disclosure/detail?stockCode=603041&announcementId=1213271327&orgId=9900030661&announcementTime=2022-04-30,2022-05-05,2022-07-29,0.228149
603042,华脉科技,2021,2022-04-23,华脉科技2021年度报告,http://www.cninfo.com.cn/new/disclosure/detail?stockCode=603042&announcementId=1213054900&orgId=9900031495&announcementTime=2022-04-23,2022-04-25,2022-07-22,0.036217
603043,广州酒家,2021,2022-03-31,广州酒家：2021年年度报告,http://www.cninfo.com.cn/new/disclosure/detail?stockCode=603043&announcementId=1212749963&orgId=9900023009&announcementTime=2022-03-31,2022-04-01,2022-07-04,0.168506
603045,福达合金,2021,2022-03-22,2021年年度报告全文,http://www.cninfo.com.cn/new/disclosure/detail?stockCode=603045&announcementId=1212633858&orgId=9900023670&announcementTime=2022-03-22,2022-03-23,2022-06-23,-0.113992
603048,浙江黎明,2021,2022-04-26,2021年年度报告,http://www.cninfo.com.cn/new/disclosure/detail?stockCode=603048&announcementId=1213121241&orgId=9900047835&announcementTime=2022-04-26,2022-04-27,2022-07-26,0.131611
603050,科林电气,2021,2022-04-23,科林电气-2021年年度报告,http://www.cninfo.com.cn/new/disclosure/detail?stockCode=603050&announcementId=1213059037&orgId=9900023860&announcementTime=2022-04-23,2022-04-25,2022-07-22,0.432796
603053,成都燃气,2021,2022-04-16,成都燃气2021年年度报告,http://www.cninfo.com.cn/new/disclosure/detail?stockCode=603053&announcementId=1212939922&orgId=9900037233&announcementTime=2022-04-16,2022-04-18,2022-07-15,0.014538
603051,鹿山新材,2021,2022-04-28,广州鹿山新材料股份有限公司2021年年度报告,http://www.cninfo.com.cn/new/disclosure/detail?stockCode=603051&announcementId=1213178406&orgId=9900022812&announcementTime=2022-04-28,2022-04-29,2022-07-28,1.0
603055,台华新材,2021,2022-04-27,浙江台华新材料股份有限公司2021年年度报告,http://www.cninfo.com.cn/new/disclosure/detail?stockCode=603055&announcementId=1213141987&orgId=9900024946&announcementTime=2022-04-27,2022-04-28,2022-07-27,0.742669
603056,德邦股份,2021,2022-04-27,德邦物流股份有限公司2021年年度报告,http://www.cninfo.com.cn/new/disclosure/detail?stockCode=603056&announcementId=1213146095&orgId=DR0000021&announcementTime=2022-04-27,2022-04-28,2022-07-27,0.00071
603058,永吉股份,2021,2022-04-29,贵州永吉印务股份有限公司2021年年度报告,http://www.cninfo.com.cn/new/disclosure/detail?stockCode=603058&announcementId=1213225361&orgId=9900030781&announcementTime=2022-04-29,2022-05-05,2022-07-29,0.198601
603060,国检集团,2021,2022-04-27,国检集团2021年年度报告全文,http://www.cninfo.com.cn/new/disclosure/detail?stockCode=603060&announcementId=1213140283&orgId=9900026560&announcementTime=2022-04-27,2022-04-28,2022-07-27,0.20134
603059,倍加洁,2021,2022-04-26,倍加洁集团股份有限公司2021年年度报告,http://www.cninfo.com.cn/new/disclosure/detail?stockCode=603059&announcementId=1213102556&orgId=9900034525&announcementTime=2022-04-26,2022-04-27,2022-07-26,0.21394
603063,禾望电气,2021,2022-03-31,禾望电气2021年年度报告,http://www.cninfo.com.cn/new/disclosure/detail?stockCode=603063&announcementId=1212753626&orgId=9900031488&announcementTime=2022-03-31,2022-04-01,2022-07-04,0.072896
603066,音飞储存,2021,2022-04-22,音飞储存2021年年度报告,http://www.cninfo.com.cn/new/disclosure/detail?stockCode=603066&announcementId=1213018940&orgId=9900023471&announcementTime=2022-04-22,2022-04-25,2022-08-04,0.045032
603067,振华股份,2021,2022-04-22,振华股份2021年年度报告,http://www.cninfo.com.cn/new/disclosure/detail?stockCode=603067&announcementId=1213023413&orgId=9900024048&announcementTime=2022-04-22,2022-04-25,2022-07-22,1.094123
603068,博通集成,2021,2022-04-30,博通集成2021年年度报告,http://www.cninfo.com.cn/new/disclosure/detail?stockCode=603068&announcementId=1213271360&orgId=9900036059&announcementTime=2022-04-30,2022-05-05,2022-07-29,0.072733
603070,万控智造,2021,2022-04-27,万控智造：2021年年度报告,http://www.cninfo.com.cn/new/disclosure/detail?stockCode=603070&announcementId=1213137198&orgId=nssc1000483&announcementTime=2022-04-27,2022-04-28,2022-07-27,0.243337
603069,海汽集团,2021,2022-03-31,海汽集团2021年年度报告全文,http://www.cninfo.com.cn/new/disclosure/detail?stockCode=603069&announcementId=1212743473&orgId=9900024949&announcementTime=2022-03-31,2022-04-01,2022-07-21,1.759079
603071,物产环能,2021,2022-04-19,浙江物产环保能源股份有限公司2021年年度报告,http://www.cninfo.com.cn/new/disclosure/detail?stockCode=603071&announcementId=1212963687&orgId=9900046526&announcementTime=2022-04-19,2022-04-20,2022-07-19,0.006373
603076,乐惠国际,2021,2022-04-29,乐惠国际2021年年度报告,http://www.cninfo.com.cn/new/disclosure/detail?stockCode=603076&announcementId=1213225375&orgId=9900032992&announcementTime=2022-04-29,2022-05-05,2022-07-29,0.966349
603077,和邦生物,2021,2022-03-15,和邦生物2021年年度报告,http://www.cninfo.com.cn/new/disclosure/detail?stockCode=603077&announcementId=1212566445&orgId=9900023244&announcementTime=2022-03-15,2022-03-16,2022-06-16,0.173675
603078,江化微,2021,2022-03-15,江阴江化微电子材料股份有限公司2021年年度报告,http://www.cninfo.com.cn/new/disclosure/detail?stockCode=603078&announcementId=1212566988&orgId=9900030584&announcementTime=2022-03-15,2022-03-16,2022-06-16,0.157135
603079,圣达生物,2021,2022-04-29,浙江圣达生物药业股份有限公司2021年年度报告,http://www.cninfo.com.cn/new/disclosure/detail?stockCode=603079&announcementId=1213225418&orgId=9900031480&announcementTime=2022-04-29,2022-05-05,2022-07-29,0.165032
603080,新疆火炬,2021,2022-04-20,新疆火炬2021年年度报告,http://www.cninfo.com.cn/new/disclosure/detail?stockCode=603080&announcementId=1212975259&orgId=gfbj0832099&announcementTime=2022-04-20,2022-04-21,2022-07-20,0.071962
603081,大丰实业,2021,2022-04-26,浙江大丰实业股份有限公司2021年年度报告,http://www.cninfo.com.cn/new/disclosure/detail?stockCode=603081&announcementId=1213102584&orgId=9900030818&announcementTime=2022-04-26,2022-04-27,2022-07-26,0.122587
603083,剑桥科技,2021,2022-04-28,2021年年度报告,http://www.cninfo.com.cn/new/disclosure/detail?stockCode=603083&announcementId=1213177453&orgId=9900033004&announcementTime=2022-04-28,2022-04-29,2022-07-28,0.166087
603085,天成自控,2021,2022-04-25,2021年年度报告（全文）,http://www.cninfo.com.cn/new/disclosure/detail?stockCode=603085&announcementId=1213086556&orgId=9900024678&announcementTime=2022-04-25,2022-04-26,2022-07-25,1.127607
603086,先达股份,2021,2022-04-26,2021年年度报告,http://www.cninfo.com.cn/new/disclosure/detail?stockCode=603086&announcementId=1213104843&orgId=9900029747&announcementTime=2022-04-26,2022-04-27,2022-07-26,0.398813
603087,甘李药业,2021,2022-04-28,2021年年度报告,http://www.cninfo.com.cn/new/disclosure/detail?stockCode=603087&announcementId=1213177519&orgId=9900026770&announcementTime=2022-04-28,2022-04-29,2022-07-28,0.042107
603088,宁波精达,2021,2022-04-26,宁波精达2021年年度报告,http://www.cninfo.com.cn/new/disclosure/detail?stockCode=603088&announcementId=1213109389&orgId=9900023174&announcementTime=2022-04-26,2022-04-27,2022-07-26,0.9409
603089,正裕工业,2021,2022-04-22,2021年年度报告,http://www.cninfo.com.cn/new/disclosure/detail?stockCode=603089&announcementId=1213022963&orgId=9900023726&announcementTime=2022-04-22,2022-04-25,2022-07-22,0.136553
603090,宏盛股份,2021,2022-03-31,宏盛股份2021年年度报告全文,http://www.cninfo.com.cn/new/disclosure/detail?stockCode=603090&announcementId=1212741298&orgId=9900026803&announcementTime=2022-03-31,2022-04-01,2022-07-04,0.040465
603093,南华期货,2021,2022-03-15,南华期货股份有限公司2021年年度报告,http://www.cninfo.com.cn/new/disclosure/detail?stockCode=603093&announcementId=1212566256&orgId=9900031483&announcementTime=2022-03-15,2022-03-16,2022-06-16,-0.126613
603095,越剑智能,2021,2022-04-15,2021年年度报告,http://www.cninfo.com.cn/new/disclosure/detail?stockCode=603095&announcementId=1212923372&orgId=9900039808&announcementTime=2022-04-15,2022-04-18,2022-07-15,-0.159135
603096,新经典,2021,2022-04-29,2021年年度报告,http://www.cninfo.com.cn/new/disclosure/detail?stockCode=603096&announcementId=1213225449&orgId=9900030604&announcementTime=2022-04-29,2022-05-05,2022-07-29,0.095568
603098,森特股份,2021,2022-04-30,森特股份2021年年度报告,http://www.cninfo.com.cn/new/disclosure/detail?stockCode=603098&announcementId=1213271394&orgId=9900029044&announcementTime=2022-04-30,2022-05-05,2022-07-29,0.170025
603099,长白山,2021,2022-03-30,长白山旅游股份有限公司2021年年度报告,http://www.cninfo.com.cn/new/disclosure/detail?stockCode=603099&announcementId=1212721587&orgId=9900022933&announcementTime=2022-03-30,2022-03-31,2022-07-01,-0.038217
603101,汇嘉时代,2021,2022-04-16,2021年年度报告,http://www.cninfo.com.cn/new/disclosure/detail?stockCode=603101&announcementId=1212941373&orgId=9900026787&announcementTime=2022-04-16,2022-04-18,2022-07-15,-0.00815
603100,川仪股份,2021,2022-04-23,川仪股份2021年年度报告,http://www.cninfo.com.cn/new/disclosure/detail?stockCode=603100&announcementId=1213052590&orgId=9900022948&announcementTime=2022-04-23,2022-04-25,2022-07-22,0.337131
603102,百合股份,2021,2022-04-19,2021年年度报告,http://www.cninfo.com.cn/new/disclosure/detail?stockCode=603102&announcementId=1212966191&orgId=9900039756&announcementTime=2022-04-19,2022-04-20,2022-07-19,0.067042
603103,横店影视,2021,2022-03-12,横店影视股份有限公司2021年年度报告,http://www.cninfo.com.cn/new/disclosure/detail?stockCode=603103&announcementId=1212550476&orgId=9900033195&announcementTime=2022-03-12,2022-03-14,2022-06-14,-0.104333
603105,芯能科技,2021,2022-04-26,浙江芯能光伏科技股份有限公司2021年年度报告,http://www.cninfo.com.cn/new/disclosure/detail?stockCode=603105&announcementId=1213104873&orgId=gfbj0833677&announcementTime=2022-04-26,2022-04-27,2022-07-26,0.54459
603106,恒银科技,2021,2022-04-26,恒银金融科技股份有限公司2021年年度报告,http://www.cninfo.com.cn/new/disclosure/detail?stockCode=603106&announcementId=1213105004&orgId=9900032781&announcementTime=2022-04-26,2022-04-27,2022-07-26,0.187805
603108,润达医疗,2021,2022-04-27,2021年年度报告,http://www.cninfo.com.cn/new/disclosure/detail?stockCode=603108&announcementId=1213142973&orgId=9900023738&announcementTime=2022-04-27,2022-04-28,2022-07-27,0.155148
603110,东方材料,2021,2022-04-28,2021年年度报告,http://www.cninfo.com.cn/new/disclosure/detail?stockCode=603110&announcementId=1213170236&orgId=9900031774&announcementTime=2022-04-28,2022-04-29,2022-07-28,0.143843
603109,神驰机电,2021,2022-04-08,2021年年度报告,http://www.cninfo.com.cn/new/disclosure/detail?stockCode=603109&announcementId=1212837007&orgId=9900034528&announcementTime=2022-04-08,2022-04-11,2022-07-08,-0.196138
603111,康尼机电,2021,2022-04-30,康尼机电2021年年度报告,http://www.cninfo.com.cn/new/disclosure/detail?stockCode=603111&announcementId=1213271411&orgId=9900022961&announcementTime=2022-04-30,2022-05-05,2022-07-29,0.134247
603112,华翔股份,2021,2022-04-20,2021年年度报告,http://www.cninfo.com.cn/new/disclosure/detail?stockCode=603112&announcementId=1212976444&orgId=9900039758&announcementTime=2022-04-20,2022-04-21,2022-07-20,0.118598
603113,金能科技,2021,2022-04-22,金能科技2021年年度报告,http://www.cninfo.com.cn/new/disclosure/detail?stockCode=603113&announcementId=1213029830&orgId=9900024626&announcementTime=2022-04-22,2022-04-25,2022-07-22,-0.038844
603115,海星股份,2021,2022-04-21,2021年年度报告,http://www.cninfo.com.cn/new/disclosure/detail?stockCode=603115&announcementId=1212998880&orgId=9900036552&announcementTime=2022-04-21,2022-04-22,2022-07-21,0.119575
603116,红蜻蜓,2021,2022-04-28,2021年年度报告,http://www.cninfo.com.cn/new/disclosure/detail?stockCode=603116&announcementId=1213177559&orgId=9900023735&announcementTime=2022-04-28,2022-04-29,2022-07-28,0.148477
603117,万林物流,2021,2022-04-29,万林物流2021年年度报告,http://www.cninfo.com.cn/new/disclosure/detail?stockCode=603117&announcementId=1213226910&orgId=9900023716&announcementTime=2022-04-29,2022-05-05,2022-07-29,-0.20614
603121,华培动力,2021,2022-04-27,2021年年度报告,http://www.cninfo.com.cn/new/disclosure/detail?stockCode=603121&announcementId=1213133928&orgId=9900035554&announcementTime=2022-04-27,2022-04-28,2022-07-27,0.324201
603118,共进股份,2021,2022-04-15,2021年年度报告,http://www.cninfo.com.cn/new/disclosure/detail?stockCode=603118&announcementId=1212921571&orgId=9900023687&announcementTime=2022-04-15,2022-04-18,2022-07-15,-0.086886
603123,翠微股份,2021,2022-04-30,翠微股份2021年年度报告,http://www.cninfo.com.cn/new/disclosure/detail?stockCode=603123&announcementId=1213271445&orgId=9900022511&announcementTime=2022-04-30,2022-05-05,2022-07-29,-0.009715
603122,合富中国,2021,2022-03-22,合富中国2021年年度报告,http://www.cninfo.com.cn/new/disclosure/detail?stockCode=603122&announcementId=1212635604&orgId=nssc1000089&announcementTime=2022-03-22,2022-03-23,2022-06-23,-0.515432
603127,昭衍新药,2021,2022-03-31,昭衍新药2021年年度报告,http://www.cninfo.com.cn/new/disclosure/detail?stockCode=603127&announcementId=1212754302&orgId=9900030771&announcementTime=2022-03-31,2022-04-01,2022-07-04,0.108687
603126,中材节能,2021,2022-03-29,中材节能股份有限公司2021年年度报告,http://www.cninfo.com.cn/new/disclosure/detail?stockCode=603126&announcementId=1212706357&orgId=9900023209&announcementTime=2022-03-29,2022-03-30,2022-06-30,-0.041166
603129,春风动力,2021,2022-04-15,春风动力2021年年度报告,http://www.cninfo.com.cn/new/disclosure/detail?stockCode=603129&announcementId=1212923423&orgId=9900032725&announcementTime=2022-04-15,2022-04-18,2022-07-15,0.257506
603128,华贸物流,2021,2022-04-16,港中旅华贸国际物流股份有限公司2021年年度报告,http://www.cninfo.com.cn/new/disclosure/detail?stockCode=603128&announcementId=1212944225&orgId=9900022718&announcementTime=2022-04-16,2022-04-18,2022-07-15,-0.212818
603136,天目湖,2021,2022-04-29,江苏天目湖旅游股份有限公司2021年年度报告,http://www.cninfo.com.cn/new/disclosure/detail?stockCode=603136&announcementId=1213195419&orgId=9900032263&announcementTime=2022-04-29,2022-05-05,2022-07-29,0.021311
603131,上海沪工,2021,2022-04-26,2021年年度报告,http://www.cninfo.com.cn/new/disclosure/detail?stockCode=603131&announcementId=1213121295&orgId=9900023707&announcementTime=2022-04-26,2022-04-27,2022-07-26,0.218017
603139,康惠股份,2021,2022-04-29,康惠制药2021年年度报告,http://www.cninfo.com.cn/new/disclosure/detail?stockCode=603139&announcementId=1213217384&orgId=9900030778&announcementTime=2022-04-29,2022-05-05,2022-07-29,0.838019
603138,海量数据,2021,2022-04-20,海量数据2021年年度报告,http://www.cninfo.com.cn/new/disclosure/detail?stockCode=603138&announcementId=1212979210&orgId=9900030534&announcementTime=2022-04-20,2022-04-21,2022-07-20,-0.051826
603150,万朗磁塑,2021,2022-04-19,万朗磁塑2021年年度报告,http://www.cninfo.com.cn/new/disclosure/detail?stockCode=603150&announcementId=1212959769&orgId=9900035337&announcementTime=2022-04-19,2022-04-20,2022-07-19,0.080589
603155,新亚强,2021,2022-03-31,2021年年度报告,http://www.cninfo.com.cn/new/disclosure/detail?stockCode=603155&announcementId=1212743496&orgId=gfbj0835550&announcementTime=2022-03-31,2022-04-01,2022-07-04,0.019174
603156,养元饮品,2021,2022-04-23,养元饮品2021年年度报告,http://www.cninfo.com.cn/new/disclosure/detail?stockCode=603156&announcementId=1213053845&orgId=9900023988&announcementTime=2022-04-23,2022-04-25,2022-07-22,-0.040553
603158,腾龙股份,2021,2022-04-28,2021年年度报告,http://www.cninfo.com.cn/new/disclosure/detail?stockCode=603158&announcementId=1213163975&orgId=9900023476&announcementTime=2022-04-28,2022-04-29,2022-07-28,0.549194
603159,上海亚虹,2021,2022-04-15,上海亚虹模具股份有限公司2021年年度报告全文,http://www.cninfo.com.cn/new/disclosure/detail?stockCode=603159&announcementId=1212921634&orgId=9900026562&announcementTime=2022-04-15,2022-04-18,2022-07-15,-0.073136
603160,汇顶科技,2021,2022-04-27,2021年年度报告,http://www.cninfo.com.cn/new/disclosure/detail?stockCode=603160&announcementId=1213133482&orgId=9900027319&announcementTime=2022-04-27,2022-04-28,2022-07-27,0.164113
603161,科华控股,2021,2022-04-28,科华控股股份有限公司2021年年度报告,http://www.cninfo.com.cn/new/disclosure/detail?stockCode=603161&announcementId=1213178420&orgId=gfbj0831263&announcementTime=2022-04-28,2022-04-29,2022-08-04,0.374343
603165,荣晟环保,2021,2022-03-31,浙江荣晟环保纸业股份有限公司2021年年度报告,http://www.cninfo.com.cn/new/disclosure/detail?stockCode=603165&announcementId=1212745134&orgId=9900030004&announcementTime=2022-03-31,2022-04-01,2022-07-04,-0.168656
603166,福达股份,2021,2022-03-30,桂林福达股份有限公司2021年年度报告,http://www.cninfo.com.cn/new/disclosure/detail?stockCode=603166&announcementId=1212728161&orgId=9900023112&announcementTime=2022-03-30,2022-03-31,2022-07-01,0.157895
603167,渤海轮渡,2021,2022-03-30,渤海轮渡集团股份有限公司2021年年度报告,http://www.cninfo.com.cn/new/disclosure/detail?stockCode=603167&announcementId=1212725160&orgId=9900023205&announcementTime=2022-03-30,2022-03-31,2022-07-01,-0.016615
603168,莎普爱思,2021,2022-03-29,莎普爱思2021年年度报告,http://www.cninfo.com.cn/new/disclosure/detail?stockCode=603168&announcementId=1212710372&orgId=9900023242&announcementTime=2022-03-29,2022-03-30,2022-06-30,-0.169965
603171,税友股份,2021,2022-04-19,2021年年度报告,http://www.cninfo.com.cn/new/disclosure/detail?stockCode=603171&announcementId=1212961786&orgId=9900041900&announcementTime=2022-04-19,2022-04-20,2022-07-19,-0.088925
603169,兰石重装,2021,2022-02-19,兰州兰石重型装备股份有限公司2021年年度报告,http://www.cninfo.com.cn/new/disclosure/detail?stockCode=603169&announcementId=1212403330&orgId=9900023006&announcementTime=2022-02-19,2022-02-21,2022-05-23,-0.122329
603176,汇通集团,2021,2022-04-09,汇通集团2021年年度报告,http://www.cninfo.com.cn/new/disclosure/detail?stockCode=603176&announcementId=1212858194&orgId=nssc1000792&announcementTime=2022-04-09,2022-04-11,2022-07-08,-0.308214
603177,德创环保,2021,2022-04-22,603177：德创环保2021年年度报告,http://www.cninfo.com.cn/new/disclosure/detail?stockCode=603177&announcementId=1213020050&orgId=9900029825&announcementTime=2022-04-22,2022-04-25,2022-07-22,-0.258405
603179,新泉股份,2021,2022-03-02,江苏新泉汽车饰件股份有限公司2021年年度报告,http://www.cninfo.com.cn/new/disclosure/detail?stockCode=603179&announcementId=1212481174&orgId=9900030577&announcementTime=2022-03-02,2022-03-03,2022-06-02,-0.02952
603178,圣龙股份,2021,2022-04-19,圣龙股份2021年年度报告,http://www.cninfo.com.cn/new/disclosure/detail?stockCode=603178&announcementId=1212959356&orgId=9900030583&announcementTime=2022-04-19,2022-04-20,2022-07-19,0.258621
603180,金牌家居,2021,2022-04-13,金牌厨柜家居科技股份有限公司2021年年度报告,http://www.cninfo.com.cn/new/disclosure/detail?stockCode=603180&announcementId=1212898146&orgId=9900030658&announcementTime=2022-04-13,2022-04-14,2022-07-13,-0.155382
603181,皇马科技,2021,2022-04-19,皇马科技2021年年度报告,http://www.cninfo.com.cn/new/disclosure/detail?stockCode=603181&announcementId=1212957819&orgId=9900033001&announcementTime=2022-04-19,2022-04-20,2022-07-19,0.129202
603183,建研院,2021,2022-04-09,2021年年度报告,http://www.cninfo.com.cn/new/disclosure/detail?stockCode=603183&announcementId=1212857597&orgId=9900033006&announcementTime=2022-04-09,2022-04-11,2022-07-08,-0.139392
603185,弘元绿能,2021,2022-04-28,2021年年度报告,http://www.cninfo.com.cn/new/disclosure/detail?stockCode=603185&announcementId=1213170347&orgId=9900022495&announcementTime=2022-04-28,2022-04-29,2022-07-28,0.879024
603186,华正新材,2021,2022-03-18,浙江华正新材料股份有限公司2021年年度报告,http://www.cninfo.com.cn/new/disclosure/detail?stockCode=603186&announcementId=1212607093&orgId=9900023472&announcementTime=2022-03-18,2022-03-21,2022-06-21,-0.143379
603187,海容冷链,2021,2022-04-27,2021年年度报告,http://www.cninfo.com.cn/new/disclosure/detail?stockCode=603187&announcementId=1213138697&orgId=gfbj0830822&announcementTime=2022-04-27,2022-04-28,2022-07-27,0.134835
603188,亚邦股份,2021,2022-04-27,亚邦股份2021年年度报告,http://www.cninfo.com.cn/new/disclosure/detail?stockCode=603188&announcementId=1213135262&orgId=9900029308&announcementTime=2022-04-27,2022-04-28,2022-07-27,0.113095
603189,网达软件,2021,2022-04-30,网达软件2021年年度报告,http://www.cninfo.com.cn/new/disclosure/detail?stockCode=603189&announcementId=1213271474&orgId=9900026063&announcementTime=2022-04-30,2022-05-05,2022-07-29,0.255626
603192,汇得科技,2021,2022-04-20,汇得科技2021年年度报告,http://www.cninfo.com.cn/new/disclosure/detail?stockCode=603192&announcementId=1212974444&orgId=9900035551&announcementTime=2022-04-20,2022-04-21,2022-07-20,0.247171
603195,公牛集团,2021,2022-04-12,公牛集团股份有限公司2021年年度报告,http://www.cninfo.com.cn/new/disclosure/detail?stockCode=603195&announcementId=1212886382&orgId=9900037723&announcementTime=2022-04-12,2022-04-13,2022-07-12,0.182841
603197,保隆科技,2021,2022-04-28,保隆科技2021年年度报告,http://www.cninfo.com.cn/new/disclosure/detail?stockCode=603197&announcementId=1213177579&orgId=9900023976&announcementTime=2022-04-28,2022-04-29,2022-07-28,1.267894
603196,日播时尚,2021,2022-04-26,日播时尚2021年年度报告,http://www.cninfo.com.cn/new/disclosure/detail?stockCode=603196&announcementId=1213121317&orgId=9900031491&announcementTime=2022-04-26,2022-04-27,2022-07-26,0.144427
603198,迎驾贡酒,2021,2022-04-26,迎驾贡酒2021年年度报告,http://www.cninfo.com.cn/new/disclosure/detail?stockCode=603198&announcementId=1213101005&orgId=9900023736&announcementTime=2022-04-26,2022-04-27,2022-07-26,0.000145
603199,九华旅游,2021,2022-03-29,九华旅游2021年年度报告,http://www.cninfo.com.cn/new/disclosure/detail?stockCode=603199&announcementId=1212709896&orgId=9900030172&announcementTime=2022-03-29,2022-03-30,2022-06-30,0.088384
603200,上海洗霸,2021,2022-04-27,上海洗霸科技股份有限公司2021年年度报告,http://www.cninfo.com.cn/new/disclosure/detail?stockCode=603200&announcementId=1213127015&orgId=9900030775&announcementTime=2022-04-27,2022-04-28,2022-07-27,0.437242
603203,快克智能,2021,2022-04-30,快克股份2021年年度报告,http://www.cninfo.com.cn/new/disclosure/detail?stockCode=603203&announcementId=1213271523&orgId=9900029518&announcementTime=2022-04-30,2022-05-05,2022-07-29,0.323473
603208,江山欧派,2021,2022-04-29,江山欧派2021年年度报告,http://www.cninfo.com.cn/new/disclosure/detail?stockCode=603208&announcementId=1213225484&orgId=9900030087&announcementTime=2022-04-29,2022-05-05,2022-07-29,0.138492
603212,赛伍技术,2021,2022-03-30,赛伍技术2021年年度报告,http://www.cninfo.com.cn/new/disclosure/detail?stockCode=603212&announcementId=1212727125&orgId=9900036558&announcementTime=2022-03-30,2022-03-31,2022-07-01,0.324961
603213,镇洋发展,2021,2022-04-22,浙江镇洋发展股份有限公司2021年年度报告,http://www.cninfo.com.cn/new/disclosure/detail?stockCode=603213&announcementId=1213017182&orgId=nssc1000627&announcementTime=2022-04-22,2022-04-25,2022-07-22,-0.061261
603214,爱婴室,2021,2022-04-15,2021年年度报告,http://www.cninfo.com.cn/new/disclosure/detail?stockCode=603214&announcementId=1212923457&orgId=9900023309&announcementTime=2022-04-15,2022-04-18,2022-07-15,-0.06595
603215,比依股份,2021,2022-04-20,浙江比依电器股份有限公司2021年年度报告,http://www.cninfo.com.cn/new/disclosure/detail?stockCode=603215&announcementId=1212975779&orgId=nssc1000801&announcementTime=2022-04-20,2022-04-21,2022-07-20,0.10446
603216,梦天家居,2021,2022-04-25,梦天家居2021年年度报告,http://www.cninfo.com.cn/new/disclosure/detail?stockCode=603216&announcementId=1213086576&orgId=nssc1000205&announcementTime=2022-04-25,2022-04-26,2022-07-25,-0.018228
603217,元利科技,2021,2022-03-18,2021年年度报告,http://www.cninfo.com.cn/new/disclosure/detail?stockCode=603217&announcementId=1212609389&orgId=9900030368&announcementTime=2022-03-18,2022-03-21,2022-06-21,0.171944
603218,日月股份,2021,2022-04-27,日月股份2021年年度报告,http://www.cninfo.com.cn/new/disclosure/detail?stockCode=603218&announcementId=1213138757&orgId=9900029743&announcementTime=2022-04-27,2022-04-28,2022-07-27,0.650815
603219,富佳股份,2021,2022-04-21,宁波富佳实业股份有限公司2021年年度报告,http://www.cninfo.com.cn/new/disclosure/detail?stockCode=603219&announcementId=1212998238&orgId=9900041674&announcementTime=2022-04-21,2022-04-22,2022-07-21,-0.027453
603220,中贝通信,2021,2022-04-15,2021年年度报告,http://www.cninfo.com.cn/new/disclosure/detail?stockCode=603220&announcementId=1212921666&orgId=9900035549&announcementTime=2022-04-15,2022-04-18,2022-07-15,-0.05625
603221,爱丽家居,2021,2022-04-23,爱丽家居2021年年度报告,http://www.cninfo.com.cn/new/disclosure/detail?stockCode=603221&announcementId=1213044246&orgId=9900038307&announcementTime=2022-04-23,2022-04-25,2022-07-22,-0.137313
603222,济民健康,2021,2022-03-24,济民健康管理股份有限公司2021年年度报告,http://www.cninfo.com.cn/new/disclosure/detail?stockCode=603222&announcementId=1212651052&orgId=9900023635&announcementTime=2022-03-24,2022-03-25,2022-06-27,-0.133758
603223,恒通股份,2021,2022-04-22,恒通物流股份有限公司2021年年度报告,http://www.cninfo.com.cn/new/disclosure/detail?stockCode=603223&announcementId=1213016933&orgId=9900024369&announcementTime=2022-04-22,2022-04-25,2022-07-22,-0.035659
603225,新凤鸣,2021,2022-04-15,2021年年度报告全文,http://www.cninfo.com.cn/new/disclosure/detail?stockCode=603225&announcementId=1212921678&orgId=9900023641&announcementTime=2022-04-15,2022-04-18,2022-07-15,-0.046725
603226,菲林格尔,2021,2022-04-27,2021年年度报告,http://www.cninfo.com.cn/new/disclosure/detail?stockCode=603226&announcementId=1213145601&orgId=9900031772&announcementTime=2022-04-27,2022-04-28,2022-07-27,0.107803
603227,雪峰科技,2021,2022-03-30,新疆雪峰科技（集团）股份有限公司2021年年度报告,http://www.cninfo.com.cn/new/disclosure/detail?stockCode=603227&announcementId=1212726250&orgId=9900024503&announcementTime=2022-03-30,2022-03-31,2022-07-01,0.542169
603228,景旺电子,2021,2022-04-30,深圳市景旺电子股份有限公司2021年年度报告全文,http://www.cninfo.com.cn/new/disclosure/detail?stockCode=603228&announcementId=1213271555&orgId=9900029802&announcementTime=2022-04-30,2022-05-05,2022-07-29,0.099108
603229,奥翔药业,2021,2022-04-20,奥翔药业2021年年度报告,http://www.cninfo.com.cn/new/disclosure/detail?stockCode=603229&announcementId=1212978676&orgId=9900030694&announcementTime=2022-04-20,2022-04-21,2022-07-20,-0.017785
603230,内蒙新华,2021,2022-04-16,内蒙古新华发行集团股份有限公司2021年年度报告,http://www.cninfo.com.cn/new/disclosure/detail?stockCode=603230&announcementId=1212944249&orgId=9900041654&announcementTime=2022-04-16,2022-04-18,2022-07-15,-0.070957
603232,格尔软件,2021,2022-04-26,格尔软件股份有限公司2021年年度报告,http://www.cninfo.com.cn/new/disclosure/detail?stockCode=603232&announcementId=1213099036&orgId=9900033857&announcementTime=2022-04-26,2022-04-27,2022-07-26,0.158151
603233,大参林,2021,2022-04-28,大参林医药集团股份有限公司2021年年度报告,http://www.cninfo.com.cn/new/disclosure/detail?stockCode=603233&announcementId=1213164031&orgId=9900031701&announcementTime=2022-04-28,2022-04-29,2022-07-28,0.602932
603238,诺邦股份,2021,2022-04-28,诺邦股份2021年年度报告,http://www.cninfo.com.cn/new/disclosure/detail?stockCode=603238&announcementId=1213170404&orgId=9900030370&announcementTime=2022-04-28,2022-04-29,2022-07-28,0.160993
603236,移远通信,2021,2022-04-16,2021年年度报告,http://www.cninfo.com.cn/new/disclosure/detail?stockCode=603236&announcementId=1212944698&orgId=gfbj0836430&announcementTime=2022-04-16,2022-04-18,2022-07-15,0.32687
603239,浙江仙通,2021,2022-04-12,浙江仙通-2021年年度报告,http://www.cninfo.com.cn/new/disclosure/detail?stockCode=603239&announcementId=1212885224&orgId=9900029048&announcementTime=2022-04-12,2022-04-13,2022-07-12,0.33029
603256,宏和科技,2021,2022-04-26,宏和科技2021年年度报告,http://www.cninfo.com.cn/new/disclosure/detail?stockCode=603256&announcementId=1213099061&orgId=9900035335&announcementTime=2022-04-26,2022-04-27,2022-07-26,0.156352
603258,电魂网络,2021,2022-03-31,2021年年度报告,http://www.cninfo.com.cn/new/disclosure/detail?stockCode=603258&announcementId=1212750031&orgId=9900028871&announcementTime=2022-03-31,2022-04-01,2022-07-04,-0.173995
603259,药明康德,2021,2022-03-24,2021年年度报告,http://www.cninfo.com.cn/new/disclosure/detail?stockCode=603259&announcementId=1212651601&orgId=9900035584&announcementTime=2022-03-24,2022-03-25,2022-06-27,-0.103674
603260,合盛硅业,2021,2022-04-28,合盛硅业2021年年度报告,http://www.cninfo.com.cn/new/disclosure/detail?stockCode=603260&announcementId=1213170470&orgId=9900031901&announcementTime=2022-04-28,2022-04-29,2022-07-28,0.309511
603261,*ST立航,2021,2022-04-28,成都立航科技股份有限2021年年度报告,http://www.cninfo.com.cn/new/disclosure/detail?stockCode=603261&announcementId=1213178453&orgId=9900039859&announcementTime=2022-04-28,2022-04-29,2022-07-28,0.385095
603266,天龙股份,2021,2022-04-23,2021年年度报告,http://www.cninfo.com.cn/new/disclosure/detail?stockCode=603266&announcementId=1213043285&orgId=9900026565&announcementTime=2022-04-23,2022-04-25,2022-07-22,-0.024066
603267,鸿远电子,2021,2022-03-29,鸿远电子2021年年度报告,http://www.cninfo.com.cn/new/disclosure/detail?stockCode=603267&announcementId=1212709133&orgId=9900035340&announcementTime=2022-03-29,2022-03-30,2022-06-30,0.033812
603269,海鸥股份,2021,2022-04-29,江苏海鸥冷却塔股份有限公司2021年年度报告,http://www.cninfo.com.cn/new/disclosure/detail?stockCode=603269&announcementId=1213217443&orgId=9900030693&announcementTime=2022-04-29,2022-05-05,2022-07-29,0.273917
603268,*ST松发,2021,2022-03-29,松发股份：2021年年度报告,http://www.cninfo.com.cn/new/disclosure/detail?stockCode=603268&announcementId=1212708541&orgId=9900023730&announcementTime=2022-03-29,2022-03-30,2022-06-30,-0.194444
603277,银都股份,2021,2022-04-28,银都餐饮设备股份有限公司2021年年度报告,http://www.cninfo.com.cn/new/disclosure/detail?stockCode=603277&announcementId=1213162107&orgId=gfbj0832772&announcementTime=2022-04-28,2022-04-29,2022-07-28,0.150174
603278,大业股份,2021,2022-04-26,大业股份2021年年度报告,http://www.cninfo.com.cn/new/disclosure/detail?stockCode=603278&announcementId=1213105058&orgId=9900024931&announcementTime=2022-04-26,2022-04-27,2022-07-26,0.20396
603279,景津装备,2021,2022-04-08,景津装备股份有限公司2021年年度报告,http://www.cninfo.com.cn/new/disclosure/detail?stockCode=603279&announcementId=1212837670&orgId=gfbj0832899&announcementTime=2022-04-08,2022-04-11,2022-07-08,0.0472
603283,赛腾股份,2021,2022-04-26,苏州赛腾精密电子股份有限公司2021年年度报告,http://www.cninfo.com.cn/new/disclosure/detail?stockCode=603283&announcementId=1213105115&orgId=9900033060&announcementTime=2022-04-26,2022-04-27,2022-07-26,0.820546
603288,海天味业,2021,2022-03-25,海天味业2021年年度报告,http://www.cninfo.com.cn/new/disclosure/detail?stockCode=603288&announcementId=1212671753&orgId=9900023228&announcementTime=2022-03-25,2022-03-28,2022-06-28,0.116821
603286,日盈电子,2021,2022-04-28,2021年年度报告,http://www.cninfo.com.cn/new/disclosure/detail?stockCode=603286&announcementId=1213159218&orgId=9900031811&announcementTime=2022-04-28,2022-04-29,2022-07-28,0.449808
603289,泰瑞机器,2021,2022-04-08,2021年年度报告,http://www.cninfo.com.cn/new/disclosure/detail?stockCode=603289&announcementId=1212836565&orgId=9900031734&announcementTime=2022-04-08,2022-04-11,2022-07-08,-0.066171
603290,斯达半导,2021,2022-04-09,2021年年度报告,http://www.cninfo.com.cn/new/disclosure/detail?stockCode=603290&announcementId=1212854777&orgId=9900023794&announcementTime=2022-04-09,2022-04-11,2022-07-08,0.154497
603297,永新光学,2021,2022-04-26,宁波永新光学股份有限公司2021年度报告,http://www.cninfo.com.cn/new/disclosure/detail?stockCode=603297&announcementId=1213102643&orgId=9900035546&announcementTime=2022-04-26,2022-04-27,2022-07-26,0.668259
603298,杭叉集团,2021,2022-04-08,杭叉集团：2021年年度报告,http://www.cninfo.com.cn/new/disclosure/detail?stockCode=603298&announcementId=1212837699&orgId=9900029596&announcementTime=2022-04-08,2022-04-11,2022-07-08,0.105385
603299,苏盐井神,2021,2022-04-28,江苏苏盐井神股份有限公司2021年年度报告,http://www.cninfo.com.cn/new/disclosure/detail?stockCode=603299&announcementId=1213170506&orgId=9900024627&announcementTime=2022-04-28,2022-04-29,2022-07-28,0.383666
603300,海南华铁,2021,2022-03-31,浙江华铁应急设备科技股份有限公司2021年年度报告,http://www.cninfo.com.cn/new/disclosure/detail?stockCode=603300&announcementId=1212753684&orgId=9900023468&announcementTime=2022-03-31,2022-04-01,2022-07-04,0.034234
603303,得邦照明,2021,2022-03-11,得邦照明2021年年度报告全文,http://www.cninfo.com.cn/new/disclosure/detail?stockCode=603303&announcementId=1212540049&orgId=9900029979&announcementTime=2022-03-11,2022-03-14,2022-06-14,0.008455
603301,振德医疗,2021,2022-03-30,振德医疗2021年年度报告,http://www.cninfo.com.cn/new/disclosure/detail?stockCode=603301&announcementId=1212730304&orgId=9900035299&announcementTime=2022-03-30,2022-03-31,2022-07-01,0.077789
603305,旭升集团,2021,2022-03-23,旭升股份2021年年度报告,http://www.cninfo.com.cn/new/disclosure/detail?stockCode=603305&announcementId=1212641847&orgId=9900032571&announcementTime=2022-03-23,2022-03-24,2022-06-24,0.299603
603306,华懋科技,2021,2022-04-29,2021年年度报告,http://www.cninfo.com.cn/new/disclosure/detail?stockCode=603306&announcementId=1213206587&orgId=9900029307&announcementTime=2022-04-29,2022-05-05,2022-07-29,0.245359
603308,应流股份,2021,2022-04-28,应流股份2021年年度报告,http://www.cninfo.com.cn/new/disclosure/detail?stockCode=603308&announcementId=1213159255&orgId=9900023247&announcementTime=2022-04-28,2022-04-29,2022-07-28,0.552648
603309,维力医疗,2021,2022-04-22,维力医疗2021年年度报告,http://www.cninfo.com.cn/new/disclosure/detail?stockCode=603309&announcementId=1213018979&orgId=9900023697&announcementTime=2022-04-22,2022-04-25,2022-07-22,0.25883
603311,金海高科,2021,2022-04-25,金海高科2021年年度报告,http://www.cninfo.com.cn/new/disclosure/detail?stockCode=603311&announcementId=1213086593&orgId=9900023522&announcementTime=2022-04-25,2022-04-26,2022-07-25,0.668024
603315,福鞍股份,2021,2022-04-26,福鞍股份2021年年度报告,http://www.cninfo.com.cn/new/disclosure/detail?stockCode=603315&announcementId=1213121329&orgId=9900023761&announcementTime=2022-04-26,2022-04-27,2022-08-09,0.401274
603313,梦百合,2021,2022-04-30,2021年年度报告,http://www.cninfo.com.cn/new/disclosure/detail?stockCode=603313&announcementId=1213271609&orgId=9900027665&announcementTime=2022-04-30,2022-05-05,2022-07-29,0.211245
603316,诚邦股份,2021,2022-04-29,诚邦生态环境股份有限公司2021年年度报告,http://www.cninfo.com.cn/new/disclosure/detail?stockCode=603316&announcementId=1213218366&orgId=9900030890&announcementTime=2022-04-29,2022-05-05,2022-07-29,0.080214
603317,天味食品,2021,2022-03-31,2021年年度报告,http://www.cninfo.com.cn/new/disclosure/detail?stockCode=603317&announcementId=1212743548&orgId=9900023519&announcementTime=2022-03-31,2022-04-01,2022-07-04,0.648896
603318,水发燃气,2021,2022-04-26,2021年度报告,http://www.cninfo.com.cn/new/disclosure/detail?stockCode=603318&announcementId=1213102740&orgId=9900023720&announcementTime=2022-04-26,2022-04-27,2022-08-09,0.402648
603319,美湖股份,2021,2022-03-31,2021年年度报告,http://www.cninfo.com.cn/new/disclosure/detail?stockCode=603319&announcementId=1212741308&orgId=9900028874&announcementTime=2022-03-31,2022-04-01,2022-07-04,0.279116
603321,梅轮电梯,2021,2022-04-30,603321_2021年_年度报告,http://www.cninfo.com.cn/new/disclosure/detail?stockCode=603321&announcementId=1213271629&orgId=9900032995&announcementTime=2022-04-30,2022-05-05,2022-07-29,0.15981
603320,迪贝电气,2021,2022-04-14,迪贝电气2021年年度报告,http://www.cninfo.com.cn/new/disclosure/detail?stockCode=603320&announcementId=1212910707&orgId=9900023759&announcementTime=2022-04-14,2022-04-15,2022-07-14,-0.000584
603323,苏农银行,2021,2022-04-28,苏农银行2021年年度报告,http://www.cninfo.com.cn/new/disclosure/detail?stockCode=603323&announcementId=1213171172&orgId=9900022945&announcementTime=2022-04-28,2022-04-29,2022-07-28,0.026744
603322,超讯通信,2021,2022-04-30,超讯通信：2021年年度报告,http://www.cninfo.com.cn/new/disclosure/detail?stockCode=603322&announcementId=1213271671&orgId=9900024954&announcementTime=2022-04-30,2022-05-05,2022-07-29,1.178248
603324,盛剑科技,2021,2022-04-27,盛剑环境2021年年度报告,http://www.cninfo.com.cn/new/disclosure/detail?stockCode=603324&announcementId=1213133518&orgId=9900041728&announcementTime=2022-04-27,2022-04-28,2022-07-27,0.27571
603326,我乐家居,2021,2022-04-30,2021年年度报告,http://www.cninfo.com.cn/new/disclosure/detail?stockCode=603326&announcementId=1213271692&orgId=9900031905&announcementTime=2022-04-30,2022-05-05,2022-07-29,0.111336
603327,福蓉科技,2021,2022-03-30,2021年年度报告,http://www.cninfo.com.cn/new/disclosure/detail?stockCode=603327&announcementId=1212724828&orgId=fzqy1026752&announcementTime=2022-03-30,2022-03-31,2022-07-01,0.371694
603328,依顿电子,2021,2022-04-13,2021年年度报告,http://www.cninfo.com.cn/new/disclosure/detail?stockCode=603328&announcementId=1212899269&orgId=9900023118&announcementTime=2022-04-13,2022-04-14,2022-07-13,0.068129
603329,上海雅仕,2021,2022-04-28,2021年年度报告,http://www.cninfo.com.cn/new/disclosure/detail?stockCode=603329&announcementId=1213160098&orgId=9900031812&announcementTime=2022-04-28,2022-04-29,2022-07-28,0.21865
603330,天洋新材,2021,2022-03-15,2021年年度报告,http://www.cninfo.com.cn/new/disclosure/detail?stockCode=603330&announcementId=1212566483&orgId=9900030398&announcementTime=2022-03-15,2022-03-16,2022-06-16,-0.167309
603331,百达精工,2021,2022-04-13,2021年年度报告,http://www.cninfo.com.cn/new/disclosure/detail?stockCode=603331&announcementId=1212897460&orgId=9900030898&announcementTime=2022-04-13,2022-04-14,2022-07-13,-0.035494
603332,苏州龙杰,2021,2022-04-26,2021年年度报告,http://www.cninfo.com.cn/new/disclosure/detail?stockCode=603332&announcementId=1213105149&orgId=9900023657&announcementTime=2022-04-26,2022-04-27,2022-07-26,-0.137631
603335,迪生力,2021,2022-03-16,迪生力2021年年度报告,http://www.cninfo.com.cn/new/disclosure/detail?stockCode=603335&announcementId=1212581324&orgId=9900030897&announcementTime=2022-03-16,2022-03-17,2022-06-17,-0.085765
603333,尚纬股份,2021,2022-03-31,尚纬股份有限公司2021年年度报告,http://www.cninfo.com.cn/new/disclosure/detail?stockCode=603333&announcementId=1212754496&orgId=9900022575&announcementTime=2022-03-31,2022-04-01,2022-07-04,-0.431108
603337,杰克科技,2021,2022-04-15,杰克股份2021年年度报告,http://www.cninfo.com.cn/new/disclosure/detail?stockCode=603337&announcementId=1212924429&orgId=9900030371&announcementTime=2022-04-15,2022-04-18,2022-07-15,0.028503
603336,宏辉果蔬,2021,2022-04-16,2021年年度报告,http://www.cninfo.com.cn/new/disclosure/detail?stockCode=603336&announcementId=1212940255&orgId=9900023771&announcementTime=2022-04-16,2022-04-18,2022-07-15,-0.172385
603338,浙江鼎力,2021,2022-04-29,浙江鼎力机械股份有限公司2021年年度报告,http://www.cninfo.com.cn/new/disclosure/detail?stockCode=603338&announcementId=1213225533&orgId=9900023741&announcementTime=2022-04-29,2022-05-05,2022-07-29,0.102461
603339,四方科技,2021,2022-04-19,四方科技集团股份有限公司2021年年度报告,http://www.cninfo.com.cn/new/disclosure/detail?stockCode=603339&announcementId=1212959403&orgId=9900024935&announcementTime=2022-04-19,2022-04-20,2022-07-19,0.202933
603345,安井食品,2021,2022-04-26,安井食品2021年年度报告,http://www.cninfo.com.cn/new/disclosure/detail?stockCode=603345&announcementId=1213109574&orgId=9900028960&announcementTime=2022-04-26,2022-04-27,2022-07-26,0.274446
603348,文灿股份,2021,2022-04-22,2021年年度报告,http://www.cninfo.com.cn/new/disclosure/detail?stockCode=603348&announcementId=1213024087&orgId=gfbj0832154&announcementTime=2022-04-22,2022-04-25,2022-07-22,1.66951
603351,威尔药业,2021,2022-04-19,威尔药业2021年年度报告,http://www.cninfo.com.cn/new/disclosure/detail?stockCode=603351&announcementId=1212960253&orgId=9900036282&announcementTime=2022-04-19,2022-04-20,2022-07-19,-0.021142
603353,和顺石油,2021,2022-04-28,和顺石油2021年年度报告,http://www.cninfo.com.cn/new/disclosure/detail?stockCode=603353&announcementId=1213164567&orgId=9900035533&announcementTime=2022-04-28,2022-04-29,2022-07-28,0.247099
603356,华菱精工,2021,2022-03-15,2021年度报告,http://www.cninfo.com.cn/new/disclosure/detail?stockCode=603356&announcementId=1212566882&orgId=9900034349&announcementTime=2022-03-15,2022-03-16,2022-06-16,-0.006002
603355,莱克电气,2021,2022-04-29,莱克电气2021年年度报告,http://www.cninfo.com.cn/new/disclosure/detail?stockCode=603355&announcementId=1213218386&orgId=9900023608&announcementTime=2022-04-29,2022-05-05,2022-07-29,0.5267
603357,设计总院,2021,2022-03-26,2021年年度报告,http://www.cninfo.com.cn/new/disclosure/detail?stockCode=603357&announcementId=1212688733&orgId=9900031485&announcementTime=2022-03-26,2022-03-28,2022-06-28,0.152414
603358,华达科技,2021,2022-04-29,华达汽车科技股份有限公司2021年年度报告,http://www.cninfo.com.cn/new/disclosure/detail?stockCode=603358&announcementId=1213218441&orgId=9900029980&announcementTime=2022-04-29,2022-05-05,2022-07-29,0.146996
603359,东珠生态,2021,2022-04-29,2021年年度报告,http://www.cninfo.com.cn/new/disclosure/detail?stockCode=603359&announcementId=1213201678&orgId=9900023958&announcementTime=2022-04-29,2022-05-05,2022-07-29,0.287608
603360,百傲化学,2021,2022-04-26,大连百傲化学股份有限公司2021年年度报告,http://www.cninfo.com.cn/new/disclosure/detail?stockCode=603360&announcementId=1213105172&orgId=9900030005&announcementTime=2022-04-26,2022-04-27,2022-07-26,0.096239
603363,傲农生物,2021,2022-04-30,福建傲农生物科技集团股份有限公司2021年年度报告,http://www.cninfo.com.cn/new/disclosure/detail?stockCode=603363&announcementId=1213271726&orgId=9900033003&announcementTime=2022-04-30,2022-05-05,2022-07-29,0.399173
603365,水星家纺,2021,2022-04-26,上海水星家用纺织品股份有限公司2021年年度报告,http://www.cninfo.com.cn/new/disclosure/detail?stockCode=603365&announcementId=1213121364&orgId=9900026420&announcementTime=2022-04-26,2022-04-27,2022-07-26,0.001176
603367,辰欣药业,2021,2022-04-27,辰欣药业股份有限公司2021年年度报告,http://www.cninfo.com.cn/new/disclosure/detail?stockCode=603367&announcementId=1213127338&orgId=9900024437&announcementTime=2022-04-27,2022-04-28,2022-07-27,0.134599
603366,日出东方,2021,2022-04-30,日出东方控股股份有限公司2021年年度报告,http://www.cninfo.com.cn/new/disclosure/detail?stockCode=603366&announcementId=1213271755&orgId=9900022648&announcementTime=2022-04-30,2022-05-05,2022-07-29,0.764092
603368,柳药集团,2021,2022-03-31,广西柳州医药股份有限公司2021年年度报告,http://www.cninfo.com.cn/new/disclosure/detail?stockCode=603368&announcementId=1212750511&orgId=9900022939&announcementTime=2022-03-31,2022-04-01,2022-07-04,0.036308
603369,今世缘,2021,2022-04-16,江苏今世缘酒业股份有限公司2021年年度报告,http://www.cninfo.com.cn/new/disclosure/detail?stockCode=603369&announcementId=1212941015&orgId=9900023168&announcementTime=2022-04-16,2022-04-18,2022-07-15,0.019364
603377,ST东时,2021,2022-04-30,东方时尚2021年年度报告,http://www.cninfo.com.cn/new/disclosure/detail?stockCode=603377&announcementId=1213266800&orgId=9900023616&announcementTime=2022-04-30,2022-05-05,2022-07-29,0.188679
603378,亚士创能,2021,2022-04-30,亚士创能2021年年度报告,http://www.cninfo.com.cn/new/disclosure/detail?stockCode=603378&announcementId=1213271798&orgId=9900030399&announcementTime=2022-04-30,2022-05-05,2022-07-29,0.152356
603380,易德龙,2021,2022-04-02,苏州易德龙科技股份有限公司2021年年度报告,http://www.cninfo.com.cn/new/disclosure/detail?stockCode=603380&announcementId=1212808110&orgId=9900032569&announcementTime=2022-04-02,2022-04-06,2022-07-05,0.165875
603379,三美股份,2021,2022-04-22,浙江三美化工股份有限公司2021年年度报告,http://www.cninfo.com.cn/new/disclosure/detail?stockCode=603379&announcementId=1213022002&orgId=GD061916&announcementTime=2022-04-22,2022-04-25,2022-07-22,0.384475
603385,惠达卫浴,2021,2022-04-15,2021年年度报告,http://www.cninfo.com.cn/new/disclosure/detail?stockCode=603385&announcementId=1212924470&orgId=9900030578&announcementTime=2022-04-15,2022-04-18,2022-07-15,-0.123276
603383,顶点软件,2021,2022-04-12,顶点软件2021年年度报告全文,http://www.cninfo.com.cn/new/disclosure/detail?stockCode=603383&announcementId=1212881566&orgId=9900023072&announcementTime=2022-04-12,2022-04-13,2022-07-12,-0.170298
603386,骏亚科技,2021,2022-04-15,广东骏亚：2021年年度报告,http://www.cninfo.com.cn/new/disclosure/detail?stockCode=603386&announcementId=1212924496&orgId=9900033000&announcementTime=2022-04-15,2022-04-18,2022-07-15,0.057464
603387,基蛋生物,2021,2022-04-28,基蛋生物：2021年年度报告,http://www.cninfo.com.cn/new/disclosure/detail?stockCode=603387&announcementId=1213177617&orgId=9900031490&announcementTime=2022-04-28,2022-04-29,2022-07-28,0.166129
603389,*ST亚振,2021,2022-04-26,亚振家居股份有限公司2021年年度报告,http://www.cninfo.com.cn/new/disclosure/detail?stockCode=603389&announcementId=1213103025&orgId=9900026793&announcementTime=2022-04-26,2022-04-27,2022-07-26,0.297297
603390,通达电气,2021,2022-04-28,广州通达汽车电气股份有限公司2021年年度报告,http://www.cninfo.com.cn/new/disclosure/detail?stockCode=603390&announcementId=1213177640&orgId=gfbj0870399&announcementTime=2022-04-28,2022-04-29,2022-07-28,0.290965
603392,万泰生物,2021,2022-03-18,万泰生物2021年年度报告,http://www.cninfo.com.cn/new/disclosure/detail?stockCode=603392&announcementId=1212607361&orgId=9900033181&announcementTime=2022-03-18,2022-03-21,2022-06-21,-0.236317
603393,新天然气,2021,2022-03-31,新天然气-2021年报,http://www.cninfo.com.cn/new/disclosure/detail?stockCode=603393&announcementId=1212753728&orgId=9900030440&announcementTime=2022-03-31,2022-04-01,2022-07-04,0.046913
603396,金辰股份,2021,2022-04-28,营口金辰机械股份有限公司2021年年度报告,http://www.cninfo.com.cn/new/disclosure/detail?stockCode=603396&announcementId=1213177666&orgId=9900030574&announcementTime=2022-04-28,2022-04-29,2022-07-28,1.373755
603398,*ST沐邦,2021,2022-04-27,江西沐邦高科股份有限公司2021年年度报告,http://www.cninfo.com.cn/new/disclosure/detail?stockCode=603398&announcementId=1213142020&orgId=9900024444&announcementTime=2022-04-27,2022-04-28,2022-07-27,0.467951
603399,永杉锂业,2021,2022-04-30,吉翔股份2021年年度报告,http://www.cninfo.com.cn/new/disclosure/detail?stockCode=603399&announcementId=1213271817&orgId=9900023227&announcementTime=2022-04-30,2022-05-05,2022-07-29,0.044001
603408,建霖家居,2021,2022-04-20,厦门建霖健康家居股份有限公司2021年年度报告,http://www.cninfo.com.cn/new/disclosure/detail?stockCode=603408&announcementId=1212976969&orgId=9900039735&announcementTime=2022-04-20,2022-04-21,2022-07-20,0.02377
603416,信捷电气,2021,2022-04-23,无锡信捷电气股份有限公司2021年年报全文,http://www.cninfo.com.cn/new/disclosure/detail?stockCode=603416&announcementId=1213048438&orgId=9900029045&announcementTime=2022-04-23,2022-04-25,2022-07-22,0.356964
603421,鼎信通讯,2021,2022-04-26,青岛鼎信通讯股份有限公司2021年年度报告,http://www.cninfo.com.cn/new/disclosure/detail?stockCode=603421&announcementId=1213103041&orgId=9900026642&announcementTime=2022-04-26,2022-04-27,2022-07-26,0.420382
603439,三力制药,2021,2022-04-22,贵州三力制药股份有限公司2021年年度报告,http://www.cninfo.com.cn/new/disclosure/detail?stockCode=603439&announcementId=1213019467&orgId=gfbj0832708&announcementTime=2022-04-22,2022-04-25,2022-07-22,0.003644
603429,集友股份,2021,2022-04-19,集友股份2021年年度报告,http://www.cninfo.com.cn/new/disclosure/detail?stockCode=603429&announcementId=1212960805&orgId=9900033051&announcementTime=2022-04-19,2022-04-20,2022-07-19,-0.146346
603444,吉比特,2021,2022-04-08,厦门吉比特网络技术股份有限公司2021年年度报告,http://www.cninfo.com.cn/new/disclosure/detail?stockCode=603444&announcementId=1212837221&orgId=9900028872&announcementTime=2022-04-08,2022-04-11,2022-07-08,0.064236
603456,九洲药业,2021,2022-04-20,浙江九洲药业股份有限公司2021年年度报告,http://www.cninfo.com.cn/new/disclosure/detail?stockCode=603456&announcementId=1212976217&orgId=9900022935&announcementTime=2022-04-20,2022-04-21,2022-07-20,0.13548
603458,勘设股份,2021,2022-03-25,勘设股份2021年年度报告,http://www.cninfo.com.cn/new/disclosure/detail?stockCode=603458&announcementId=1212671616&orgId=9900031907&announcementTime=2022-03-25,2022-03-29,2022-06-29,-0.284802
603466,风语筑,2021,2022-04-29,上海风语筑文化科技股份有限公司2021年年度报告,http://www.cninfo.com.cn/new/disclosure/detail?stockCode=603466&announcementId=1213218491&orgId=9900033216&announcementTime=2022-04-29,2022-05-05,2022-07-29,0.048081
603477,巨星农牧,2021,2022-03-12,巨星农牧2021年年度报告,http://www.cninfo.com.cn/new/disclosure/detail?stockCode=603477&announcementId=1212548991&orgId=9900035087&announcementTime=2022-03-12,2022-03-14,2022-06-14,0.113384
603486,科沃斯,2021,2022-04-23,2021年年度报告,http://www.cninfo.com.cn/new/disclosure/detail?stockCode=603486&announcementId=1213054982&orgId=GD134549&announcementTime=2022-04-23,2022-04-25,2022-07-22,-0.020113
603488,展鹏科技,2021,2022-04-29,展鹏科技股份有限公司2021年年度报告,http://www.cninfo.com.cn/new/disclosure/detail?stockCode=603488&announcementId=1213199348&orgId=9900030895&announcementTime=2022-04-29,2022-05-05,2022-07-29,0.181095
603489,八方股份,2021,2022-04-30,2021年年度报告,http://www.cninfo.com.cn/new/disclosure/detail?stockCode=603489&announcementId=1213266808&orgId=9900037309&announcementTime=2022-04-30,2022-05-05,2022-07-29,0.147966
603496,恒为科技,2021,2022-04-28,2021年年度报告,http://www.cninfo.com.cn/new/disclosure/detail?stockCode=603496&announcementId=1213178458&orgId=9900030822&announcementTime=2022-04-28,2022-04-29,2022-07-28,0.288757
603499,翔港科技,2021,2022-04-28,2021年年度报告,http://www.cninfo.com.cn/new/disclosure/detail?stockCode=603499&announcementId=1213178519&orgId=9900032988&announcementTime=2022-04-28,2022-04-29,2022-07-28,0.366859
603500,祥和实业,2021,2022-04-22,浙江天台祥和实业股份有限公司2021年年度报告,http://www.cninfo.com.cn/new/disclosure/detail?stockCode=603500&announcementId=1213016192&orgId=9900032885&announcementTime=2022-04-22,2022-04-25,2022-07-22,0.318584
603501,豪威集团,2021,2022-04-19,2021年年度报告全文,http://www.cninfo.com.cn/new/disclosure/detail?stockCode=603501&announcementId=1212960545&orgId=9900030772&announcementTime=2022-04-19,2022-04-20,2022-07-19,-0.105454
603505,金石资源,2021,2022-04-08,金石资源集团股份有限公司2021年年度报告,http://www.cninfo.com.cn/new/disclosure/detail?stockCode=603505&announcementId=1212837988&orgId=9900029041&announcementTime=2022-04-08,2022-04-11,2022-07-08,0.535918
603506,南都物业,2021,2022-04-16,南都物业服务集团股份有限公司2021年年度报告,http://www.cninfo.com.cn/new/disclosure/detail?stockCode=603506&announcementId=1212944819&orgId=9900033208&announcementTime=2022-04-16,2022-04-18,2022-07-15,-0.150674
603507,振江股份,2021,2022-04-22,振江股份2021年年度报告,http://www.cninfo.com.cn/new/disclosure/detail?stockCode=603507&announcementId=1213028019&orgId=9900033205&announcementTime=2022-04-22,2022-04-25,2022-07-22,0.681698
603508,思维列控,2021,2022-04-27,思维列控2021年年度报告,http://www.cninfo.com.cn/new/disclosure/detail?stockCode=603508&announcementId=1213132056&orgId=9900024628&announcementTime=2022-04-27,2022-04-28,2022-07-27,0.143311
603511,爱慕股份,2021,2022-04-27,公司2021年年度报告,http://www.cninfo.com.cn/new/disclosure/detail?stockCode=603511&announcementId=1213140326&orgId=GD183129&announcementTime=2022-04-27,2022-04-28,2022-07-27,0.110769
603515,欧普照明,2021,2022-04-27,欧普照明股份有限公司2021年年度报告,http://www.cninfo.com.cn/new/disclosure/detail?stockCode=603515&announcementId=1213143744&orgId=9900026533&announcementTime=2022-04-27,2022-04-28,2022-07-27,0.116311
603516,淳中科技,2021,2022-04-20,北京淳中科技股份有限公司2021年年度报告,http://www.cninfo.com.cn/new/disclosure/detail?stockCode=603516&announcementId=1212977015&orgId=gfbj0834801&announcementTime=2022-04-20,2022-04-21,2022-07-20,0.003586
603518,锦泓集团,2021,2022-04-20,锦泓时装集团股份有限公司2021年度报告,http://www.cninfo.com.cn/new/disclosure/detail?stockCode=603518&announcementId=1212977808&orgId=9900023765&announcementTime=2022-04-20,2022-04-21,2022-07-20,-0.142424
603517,ST绝味,2021,2022-04-28,绝味食品股份有限公司2021年度报告全文,http://www.cninfo.com.cn/new/disclosure/detail?stockCode=603517&announcementId=1213171221&orgId=9900029519&announcementTime=2022-04-28,2022-04-29,2022-07-28,0.319208
603519,立霸股份,2021,2022-04-26,立霸股份：2021年年度报告,http://www.cninfo.com.cn/new/disclosure/detail?stockCode=603519&announcementId=1213101069&orgId=9900023752&announcementTime=2022-04-26,2022-04-27,2022-07-26,0.410413
603520,司太立,2021,2022-04-26,司太立2021年年度报告,http://www.cninfo.com.cn/new/disclosure/detail?stockCode=603520&announcementId=1213105372&orgId=9900024955&announcementTime=2022-04-26,2022-04-27,2022-07-26,-0.225931
603527,众源新材,2021,2022-03-28,众源新材2021年年度报告,http://www.cninfo.com.cn/new/disclosure/detail?stockCode=603527&announcementId=1212698886&orgId=gfbj0832582&announcementTime=2022-03-28,2022-03-29,2022-06-29,0.090315
603528,多伦科技,2021,2022-04-28,多伦科技2021年年度报告,http://www.cninfo.com.cn/new/disclosure/detail?stockCode=603528&announcementId=1213164588&orgId=9900026209&announcementTime=2022-04-28,2022-04-29,2022-07-28,0.301197
603530,神马电力,2021,2022-04-27,2021年年度报告,http://www.cninfo.com.cn/new/disclosure/detail?stockCode=603530&announcementId=1213140415&orgId=9900036545&announcementTime=2022-04-27,2022-04-28,2022-07-27,0.572021
603529,爱玛科技,2021,2022-04-16,爱玛科技集团股份有限公司2021年年度报告,http://www.cninfo.com.cn/new/disclosure/detail?stockCode=603529&announcementId=1212941973&orgId=9900037312&announcementTime=2022-04-16,2022-04-18,2022-07-15,0.865766
603533,掌阅科技,2021,2022-04-23,掌阅科技股份有限公司2021年年度报告,http://www.cninfo.com.cn/new/disclosure/detail?stockCode=603533&announcementId=1213048475&orgId=9900033063&announcementTime=2022-04-23,2022-04-25,2022-07-22,0.073255
603535,嘉诚国际,2021,2022-03-10,2021年年度报告,http://www.cninfo.com.cn/new/disclosure/detail?stockCode=603535&announcementId=1212535085&orgId=9900023643&announcementTime=2022-03-10,2022-03-11,2022-06-13,0.066376
603538,美诺华,2021,2022-04-26,宁波美诺华药业股份有限公司2021年年度报告,http://www.cninfo.com.cn/new/disclosure/detail?stockCode=603538&announcementId=1213109650&orgId=9900029824&announcementTime=2022-04-26,2022-04-27,2022-07-26,-0.030468
603536,惠发食品,2021,2022-04-20,惠发食品2021年年度报告,http://www.cninfo.com.cn/new/disclosure/detail?stockCode=603536&announcementId=1212977044&orgId=9900024760&announcementTime=2022-04-20,2022-04-21,2022-07-20,-0.226281
603551,奥普科技,2021,2022-04-29,奥普家居股份有限公司2021年年度报告,http://www.cninfo.com.cn/new/disclosure/detail?stockCode=603551&announcementId=1213206670&orgId=9900037166&announcementTime=2022-04-29,2022-05-05,2022-07-29,0.119077
603556,海兴电力,2021,2022-04-29,杭州海兴电力科技股份有限公司2021年年度报告,http://www.cninfo.com.cn/new/disclosure/detail?stockCode=603556&announcementId=1213225585&orgId=9900026786&announcementTime=2022-04-29,2022-05-05,2022-07-29,0.372406
603557,ST起步,2021,2022-04-30,ST起步：2021年年度报告,http://www.cninfo.com.cn/new/disclosure/detail?stockCode=603557&announcementId=1213271877&orgId=9900032999&announcementTime=2022-04-30,2022-05-05,2022-07-29,0.075
603558,健盛集团,2021,2022-04-26,健盛集团2021年年度报告,http://www.cninfo.com.cn/new/disclosure/detail?stockCode=603558&announcementId=1213099084&orgId=GD040373&announcementTime=2022-04-26,2022-04-27,2022-07-26,0.078352
603559,ST通脉,2021,2022-04-30,中通国脉通信股份有限公司2021年年度报告,http://www.cninfo.com.cn/new/disclosure/detail?stockCode=603559&announcementId=1213271937&orgId=9900029037&announcementTime=2022-04-30,2022-05-05,2022-08-02,0.101779
603565,中谷物流,2021,2022-03-29,2021年年度报告_全文,http://www.cninfo.com.cn/new/disclosure/detail?stockCode=603565&announcementId=1212705523&orgId=gfbj0836283&announcementTime=2022-03-29,2022-03-30,2022-06-30,-0.088932
603566,普莱柯,2021,2022-04-29,普莱柯2021年度报告,http://www.cninfo.com.cn/new/disclosure/detail?stockCode=603566&announcementId=1213218538&orgId=9900023152&announcementTime=2022-04-29,2022-05-05,2022-07-29,0.383459
603568,伟明环保,2021,2022-04-23,伟明环保2021年年度报告,http://www.cninfo.com.cn/new/disclosure/detail?stockCode=603568&announcementId=1213048101&orgId=9900023680&announcementTime=2022-04-23,2022-04-25,2022-07-22,0.683277
603567,珍宝岛,2021,2022-04-30,黑龙江珍宝岛药业股份有限公司2021年年度报告,http://www.cninfo.com.cn/new/disclosure/detail?stockCode=603567&announcementId=1213271964&orgId=9900023465&announcementTime=2022-04-30,2022-05-05,2022-07-29,-0.157153
603577,汇金通,2021,2022-03-25,汇金通2021年年度报告,http://www.cninfo.com.cn/new/disclosure/detail?stockCode=603577&announcementId=1212668821&orgId=9900029595&announcementTime=2022-03-25,2022-03-28,2022-06-28,0.168759
603569,长久物流,2021,2022-04-23,长久物流2021年年度报告,http://www.cninfo.com.cn/new/disclosure/detail?stockCode=603569&announcementId=1213051003&orgId=9900026446&announcementTime=2022-04-23,2022-04-25,2022-07-22,0.002377
603579,荣泰健康,2021,2022-04-22,上海荣泰健康科技股份有限公司2021年年度报告,http://www.cninfo.com.cn/new/disclosure/detail?stockCode=603579&announcementId=1213028865&orgId=9900029801&announcementTime=2022-04-22,2022-04-25,2022-07-22,0.003318
603578,三星新材,2021,2022-03-29,浙江三星新材股份有限公司2021年年度报告,http://www.cninfo.com.cn/new/disclosure/detail?stockCode=603578&announcementId=1212709686&orgId=gfbj0831645&announcementTime=2022-03-29,2022-03-30,2022-06-30,0.15025
603580,*ST艾艾,2021,2022-04-13,艾艾精工2021年年度报告,http://www.cninfo.com.cn/new/disclosure/detail?stockCode=603580&announcementId=1212898597&orgId=gfbj0430599&announcementTime=2022-04-13,2022-04-14,2022-07-13,0.011691
603583,捷昌驱动,2021,2022-04-26,2021年年度报告,http://www.cninfo.com.cn/new/disclosure/detail?stockCode=603583&announcementId=1213105441&orgId=gfbj0830948&announcementTime=2022-04-26,2022-04-27,2022-07-26,0.34816
603585,苏利股份,2021,2022-04-07,苏利股份2021年度报告,http://www.cninfo.com.cn/new/disclosure/detail?stockCode=603585&announcementId=1212823704&orgId=9900029469&announcementTime=2022-04-07,2022-04-08,2022-07-07,0.235327
603586,金麒麟,2021,2022-04-28,山东金麒麟股份有限公司2021年年度报告全文,http://www.cninfo.com.cn/new/disclosure/detail?stockCode=603586&announcementId=1213171310&orgId=9900030773&announcementTime=2022-04-28,2022-04-29,2022-07-28,0.498305
603588,高能环境,2021,2022-04-28,高能环境2021年年度报告,http://www.cninfo.com.cn/new/disclosure/detail?stockCode=603588&announcementId=1213171365&orgId=9900023766&announcementTime=2022-04-28,2022-04-29,2022-07-28,0.102153
603587,地素时尚,2021,2022-04-28,地素时尚2021年年度报告,http://www.cninfo.com.cn/new/disclosure/detail?stockCode=603587&announcementId=1213178561&orgId=9900031496&announcementTime=2022-04-28,2022-04-29,2022-07-28,0.057471
603589,口子窖,2021,2022-04-28,安徽口子酒业股份有限公司2021年年度报告,http://www.cninfo.com.cn/new/disclosure/detail?stockCode=603589&announcementId=1213162149&orgId=9900023518&announcementTime=2022-04-28,2022-04-29,2022-07-28,0.045294
603590,康辰药业,2021,2022-04-23,康辰药业2021年年度报告,http://www.cninfo.com.cn/new/disclosure/detail?stockCode=603590&announcementId=1213054257&orgId=9900034526&announcementTime=2022-04-23,2022-04-25,2022-07-22,0.05564
603596,伯特利,2021,2022-04-09,伯特利2021年年度报告,http://www.cninfo.com.cn/new/disclosure/detail?stockCode=603596&announcementId=1212857468&orgId=gfbj0835470&announcementTime=2022-04-09,2022-04-11,2022-07-08,0.318831
603598,引力传媒,2021,2022-04-30,引力传媒：2021年年度报告,http://www.cninfo.com.cn/new/disclosure/detail?stockCode=603598&announcementId=1213274002&orgId=9900024134&announcementTime=2022-04-30,2022-05-05,2022-07-29,0.030358
603595,ST东尼,2021,2022-03-19,东尼电子2021年年度报告,http://www.cninfo.com.cn/new/disclosure/detail?stockCode=603595&announcementId=1212624910&orgId=9900032656&announcementTime=2022-03-19,2022-03-21,2022-06-21,0.22941
603599,广信股份,2021,2022-04-28,2021年年度报告,http://www.cninfo.com.cn/new/disclosure/detail?stockCode=603599&announcementId=1213172256&orgId=9900023967&announcementTime=2022-04-28,2022-04-29,2022-07-28,0.125509
603600,永艺股份,2021,2022-04-30,永艺家具股份有限公司2021年年度报告,http://www.cninfo.com.cn/new/disclosure/detail?stockCode=603600&announcementId=1213274055&orgId=9900023653&announcementTime=2022-04-30,2022-05-05,2022-07-29,0.202179
603601,再升科技,2021,2022-03-10,再升科技2021年年度报告,http://www.cninfo.com.cn/new/disclosure/detail?stockCode=603601&announcementId=1212535028&orgId=9900023779&announcementTime=2022-03-10,2022-03-11,2022-06-13,-0.063606
603602,纵横通信,2021,2022-04-16,纵横通信2021年年度报告,http://www.cninfo.com.cn/new/disclosure/detail?stockCode=603602&announcementId=1212941695&orgId=9900024449&announcementTime=2022-04-16,2022-04-18,2022-07-15,-0.187151
603606,东方电缆,2021,2022-03-25,东方电缆2021年年度报告,http://www.cninfo.com.cn/new/disclosure/detail?stockCode=603606&announcementId=1212669124&orgId=9900023122&announcementTime=2022-03-25,2022-03-28,2022-06-28,0.386221
603605,珀莱雅,2021,2022-04-22,珀莱雅化妆品股份有限公司2021年年度报告,http://www.cninfo.com.cn/new/disclosure/detail?stockCode=603605&announcementId=1213016210&orgId=9900032985&announcementTime=2022-04-22,2022-04-25,2022-07-22,0.209776
603607,京华激光,2021,2022-04-28,京华激光2021年年度报告,http://www.cninfo.com.cn/new/disclosure/detail?stockCode=603607&announcementId=1213172317&orgId=9900034181&announcementTime=2022-04-28,2022-04-29,2022-07-28,0.272764
603608,天创时尚,2021,2022-04-26,天创时尚股份有限公司2021年年度报告全文,http://www.cninfo.com.cn/new/disclosure/detail?stockCode=603608&announcementId=1213105470&orgId=9900024757&announcementTime=2022-04-26,2022-04-27,2022-07-26,0.082474
603609,禾丰股份,2021,2022-04-29,禾丰股份2021年年度报告,http://www.cninfo.com.cn/new/disclosure/detail?stockCode=603609&announcementId=1213219484&orgId=9900022976&announcementTime=2022-04-29,2022-05-05,2022-07-29,0.324766
603610,麒盛科技,2021,2022-04-18,麒盛科技2021年年度报告,http://www.cninfo.com.cn/new/disclosure/detail?stockCode=603610&announcementId=1212951836&orgId=9900037346&announcementTime=2022-04-18,2022-04-19,2022-07-18,-0.073199
603611,诺力股份,2021,2022-04-15,诺力股份2021年年度报告,http://www.cninfo.com.cn/new/disclosure/detail?stockCode=603611&announcementId=1212917661&orgId=9900023659&announcementTime=2022-04-15,2022-04-18,2022-07-15,0.119183
603612,索通发展,2021,2022-04-15,索通发展股份有限公司2021年年度报告,http://www.cninfo.com.cn/new/disclosure/detail?stockCode=603612&announcementId=1212921828&orgId=9900023754&announcementTime=2022-04-15,2022-04-18,2022-07-29,0.959482
603615,茶花股份,2021,2022-03-19,2021年年度报告,http://www.cninfo.com.cn/new/disclosure/detail?stockCode=603615&announcementId=1212625883&orgId=9900030397&announcementTime=2022-03-19,2022-03-21,2022-06-21,-0.0642
603613,国联股份,2021,2022-04-12,2021年年度报告,http://www.cninfo.com.cn/new/disclosure/detail?stockCode=603613&announcementId=1212887261&orgId=GD082689&announcementTime=2022-04-12,2022-04-13,2022-07-12,0.180286
603616,韩建河山,2021,2022-04-28,2021年年度报告,http://www.cninfo.com.cn/new/disclosure/detail?stockCode=603616&announcementId=1213172324&orgId=9900023517&announcementTime=2022-04-28,2022-04-29,2022-07-28,-0.132075
603617,君禾股份,2021,2022-04-20,君禾股份2021年年度报告,http://www.cninfo.com.cn/new/disclosure/detail?stockCode=603617&announcementId=1212975954&orgId=9900023354&announcementTime=2022-04-20,2022-04-21,2022-07-20,-0.075229
603618,杭电股份,2021,2022-04-27,杭电股份：2021年年度报告,http://www.cninfo.com.cn/new/disclosure/detail?stockCode=603618&announcementId=1213139138&orgId=9900023676&announcementTime=2022-04-27,2022-04-28,2022-07-27,0.435558
603619,中曼石油,2021,2022-04-22,中曼石油2021年年度报告,http://www.cninfo.com.cn/new/disclosure/detail?stockCode=603619&announcementId=1213026552&orgId=9900031498&announcementTime=2022-04-22,2022-04-25,2022-07-22,0.185231
603626,科森科技,2021,2022-04-28,2021年年度报告,http://www.cninfo.com.cn/new/disclosure/detail?stockCode=603626&announcementId=1213172368&orgId=9900029914&announcementTime=2022-04-28,2022-04-29,2022-07-28,0.191198
603628,清源股份,2021,2022-04-30,2021年年度报告,http://www.cninfo.com.cn/new/disclosure/detail?stockCode=603628&announcementId=1213271992&orgId=9900023615&announcementTime=2022-04-30,2022-05-05,2022-07-29,0.529536
603629,利通电子,2021,2022-04-28,603629：利通电子2021年年度报告,http://www.cninfo.com.cn/new/disclosure/detail?stockCode=603629&announcementId=1213159303&orgId=9900035548&announcementTime=2022-04-28,2022-04-29,2022-07-28,0.58458
603630,拉芳家化,2021,2022-04-28,2021年年度报告,http://www.cninfo.com.cn/new/disclosure/detail?stockCode=603630&announcementId=1213178596&orgId=9900030439&announcementTime=2022-04-28,2022-04-29,2022-07-28,0.112723
603636,南威软件,2021,2022-04-28,南威软件：2021年年度报告,http://www.cninfo.com.cn/new/disclosure/detail?stockCode=603636&announcementId=1213178629&orgId=9900023642&announcementTime=2022-04-28,2022-04-29,2022-08-04,0.667222
603633,徕木股份,2021,2022-04-30,徕木股份2021年年度报告,http://www.cninfo.com.cn/new/disclosure/detail?stockCode=603633&announcementId=1213249924&orgId=9900029035&announcementTime=2022-04-30,2022-05-05,2022-07-29,0.620585
603638,艾迪精密,2021,2022-04-30,艾迪精密 2021年年度报告,http://www.cninfo.com.cn/new/disclosure/detail?stockCode=603638&announcementId=1213272022&orgId=9900029803&announcementTime=2022-04-30,2022-05-05,2022-07-29,-0.001022
603639,海利尔,2021,2022-04-26,海利尔药业集团股份有限公司2021年年度报告,http://www.cninfo.com.cn/new/disclosure/detail?stockCode=603639&announcementId=1213101117&orgId=9900026804&announcementTime=2022-04-26,2022-04-27,2022-07-26,0.030637
603648,畅联股份,2021,2022-04-29,上海畅联国际物流股份有限公司2021年年度报告,http://www.cninfo.com.cn/new/disclosure/detail?stockCode=603648&announcementId=1213219563&orgId=9900031813&announcementTime=2022-04-29,2022-05-05,2022-07-29,-0.086486
603650,彤程新材,2021,2022-04-15,2021年年度报告,http://www.cninfo.com.cn/new/disclosure/detail?stockCode=603650&announcementId=1212924534&orgId=9900035570&announcementTime=2022-04-15,2022-04-18,2022-07-15,-0.077938
603655,朗博科技,2021,2022-04-26,常州朗博密封科技股份有限公司2021年年度报告,http://www.cninfo.com.cn/new/disclosure/detail?stockCode=603655&announcementId=1213105533&orgId=9900033184&announcementTime=2022-04-26,2022-04-27,2022-07-26,0.497358
603656,泰禾智能,2021,2022-04-09,泰禾智能2021年年度报告,http://www.cninfo.com.cn/new/disclosure/detail?stockCode=603656&announcementId=1212855509&orgId=9900030419&announcementTime=2022-04-09,2022-04-11,2022-07-08,0.236786
603657,春光科技,2021,2022-04-12,春光科技2021年年度报告,http://www.cninfo.com.cn/new/disclosure/detail?stockCode=603657&announcementId=1212883031&orgId=9900035542&announcementTime=2022-04-12,2022-04-13,2022-07-12,-0.190314
603658,安图生物,2021,2022-04-27,安图生物2021年年度报告,http://www.cninfo.com.cn/new/disclosure/detail?stockCode=603658&announcementId=1213135337&orgId=9900026792&announcementTime=2022-04-27,2022-04-28,2022-07-27,0.013747
603659,璞泰来,2021,2022-03-29,上海璞泰来新能源科技股份有限公司2021年年度报告,http://www.cninfo.com.cn/new/disclosure/detail?stockCode=603659&announcementId=1212711988&orgId=9900033054&announcementTime=2022-03-29,2022-03-30,2022-06-30,0.185144
603660,苏州科达,2021,2022-04-16,603660_2021年_年度报告（全文）,http://www.cninfo.com.cn/new/disclosure/detail?stockCode=603660&announcementId=1212940291&orgId=9900026447&announcementTime=2022-04-16,2022-04-18,2022-07-15,-0.20081
603661,恒林股份,2021,2022-04-30,恒林股份2021年年度报告,http://www.cninfo.com.cn/new/disclosure/detail?stockCode=603661&announcementId=1213272085&orgId=9900022987&announcementTime=2022-04-30,2022-05-05,2022-07-29,0.166806
603662,柯力传感,2021,2022-04-28,宁波柯力传感科技股份有限公司2021年年度报告,http://www.cninfo.com.cn/new/disclosure/detail?stockCode=603662&announcementId=1213172446&orgId=9900035557&announcementTime=2022-04-28,2022-04-29,2022-07-28,0.365664
603663,三祥新材,2021,2022-04-21,三祥新材股份有限公司2021年年度报告,http://www.cninfo.com.cn/new/disclosure/detail?stockCode=603663&announcementId=1212998498&orgId=9900024948&announcementTime=2022-04-21,2022-04-22,2022-07-21,0.734653
603665,康隆达,2021,2022-04-30,康隆达2021年年度报告,http://www.cninfo.com.cn/new/disclosure/detail?stockCode=603665&announcementId=1213272104&orgId=9900030088&announcementTime=2022-04-30,2022-05-05,2022-07-29,0.058684
603666,亿嘉和,2021,2022-04-28,亿嘉和科技股份有限公司2021年年度报告,http://www.cninfo.com.cn/new/disclosure/detail?stockCode=603666&announcementId=1213178675&orgId=9900034945&announcementTime=2022-04-28,2022-04-29,2022-07-28,0.866538
603667,五洲新春,2021,2022-04-28,浙江五洲新春集团股份有限公司2021年年度报告,http://www.cninfo.com.cn/new/disclosure/detail?stockCode=603667&announcementId=1213178693&orgId=9900027666&announcementTime=2022-04-28,2022-04-29,2022-07-28,1.059908
603668,天马科技,2021,2022-04-07,天马科技2021年年度报告全文,http://www.cninfo.com.cn/new/disclosure/detail?stockCode=603668&announcementId=1212826867&orgId=9900029592&announcementTime=2022-04-07,2022-04-08,2022-07-07,0.419385
603669,灵康药业,2021,2022-04-30,2021年年度报告,http://www.cninfo.com.cn/new/disclosure/detail?stockCode=603669&announcementId=1213272155&orgId=9900029033&announcementTime=2022-04-30,2022-05-05,2022-07-29,0.180145
603676,卫信康,2021,2022-04-29,西藏卫信康医药股份有限公司2021年年度报告,http://www.cninfo.com.cn/new/disclosure/detail?stockCode=603676&announcementId=1213225614&orgId=9900034348&announcementTime=2022-04-29,2022-05-05,2022-07-29,0.606808
603677,奇精机械,2021,2022-03-24,2021年年度报告,http://www.cninfo.com.cn/new/disclosure/detail?stockCode=603677&announcementId=1212650323&orgId=9900029823&announcementTime=2022-03-24,2022-03-25,2022-06-27,0.038257
603678,火炬电子,2021,2022-03-23,火炬电子2021年年度报告,http://www.cninfo.com.cn/new/disclosure/detail?stockCode=603678&announcementId=1212644561&orgId=9900023660&announcementTime=2022-03-23,2022-03-24,2022-06-24,-0.110743
603679,华体科技,2021,2022-04-29,四川华体照明科技股份有限公司2021年年度报告,http://www.cninfo.com.cn/new/disclosure/detail?stockCode=603679&announcementId=1213225634&orgId=9900030893&announcementTime=2022-04-29,2022-05-05,2022-07-29,0.247034
603681,永冠新材,2021,2022-04-29,上海永冠众诚新材料科技（集团）股份有限公司2021年年度报告,http://www.cninfo.com.cn/new/disclosure/detail?stockCode=603681&announcementId=1213219606&orgId=gfbj0831135&announcementTime=2022-04-29,2022-05-05,2022-07-29,0.468105
603680,今创集团,2021,2022-04-28,2021年年度报告,http://www.cninfo.com.cn/new/disclosure/detail?stockCode=603680&announcementId=1213172484&orgId=9900030697&announcementTime=2022-04-28,2022-04-29,2022-07-28,0.178947
603682,锦和商管,2021,2022-04-16,上海锦和商业经营管理股份有限公司2021年年度报告,http://www.cninfo.com.cn/new/disclosure/detail?stockCode=603682&announcementId=1212944920&orgId=9900024645&announcementTime=2022-04-16,2022-04-18,2022-07-15,-0.154745
603683,晶华新材,2021,2022-03-31,晶华新材2021年年度报告,http://www.cninfo.com.cn/new/disclosure/detail?stockCode=603683&announcementId=1212754737&orgId=9900031815&announcementTime=2022-03-31,2022-04-01,2022-07-04,0.165144
603685,晨丰科技,2021,2022-04-25,晨丰科技2021年年度报告全文,http://www.cninfo.com.cn/new/disclosure/detail?stockCode=603685&announcementId=1213086627&orgId=9900034224&announcementTime=2022-04-25,2022-04-26,2022-07-25,0.083965
603686,福龙马,2021,2022-04-12,福龙马：2021年年度报告,http://www.cninfo.com.cn/new/disclosure/detail?stockCode=603686&announcementId=1212883541&orgId=9900023655&announcementTime=2022-04-12,2022-04-13,2022-07-12,-0.058916
603687,大胜达,2021,2022-04-29,浙江大胜达包装股份有限公司2021年年度报告,http://www.cninfo.com.cn/new/disclosure/detail?stockCode=603687&announcementId=1213225669&orgId=9900036561&announcementTime=2022-04-29,2022-05-05,2022-07-29,0.310012
603688,石英股份,2021,2022-04-16,江苏太平洋石英股份有限公司2021年年度报告,http://www.cninfo.com.cn/new/disclosure/detail?stockCode=603688&announcementId=1212941176&orgId=9900023189&announcementTime=2022-04-16,2022-04-18,2022-07-15,1.735099
603689,皖天然气,2021,2022-04-09,安徽省天然气开发股份有限公司2021年年度报告,http://www.cninfo.com.cn/new/disclosure/detail?stockCode=603689&announcementId=1212854987&orgId=9900026998&announcementTime=2022-04-09,2022-04-11,2022-07-08,0.040643
603690,至纯科技,2021,2022-04-30,2021年年度报告,http://www.cninfo.com.cn/new/disclosure/detail?stockCode=603690&announcementId=1213272190&orgId=9900023872&announcementTime=2022-04-30,2022-05-05,2022-07-29,0.248626
603696,安记食品,2021,2022-04-21,安记食品2021年年度报告,http://www.cninfo.com.cn/new/disclosure/detail?stockCode=603696&announcementId=1213004705&orgId=9900023456&announcementTime=2022-04-21,2022-04-22,2022-07-21,-0.347144
603693,江苏新能,2021,2022-04-07,江苏新能2021年年度报告,http://www.cninfo.com.cn/new/disclosure/detail?stockCode=603693&announcementId=1212827118&orgId=gfbj0833368&announcementTime=2022-04-07,2022-04-08,2022-07-07,0.036316
603697,有友食品,2021,2022-04-28,有友食品2021年年度报告,http://www.cninfo.com.cn/new/disclosure/detail?stockCode=603697&announcementId=1213178746&orgId=gfbj0831377&announcementTime=2022-04-28,2022-04-29,2022-07-28,0.110717
603698,航天工程,2021,2022-04-22,航天工程公司2021年年度报告,http://www.cninfo.com.cn/new/disclosure/detail?stockCode=603698&announcementId=1213020073&orgId=9900023661&announcementTime=2022-04-22,2022-04-25,2022-07-22,0.04
603699,纽威股份,2021,2022-04-16,纽威股份2021年年度报告,http://www.cninfo.com.cn/new/disclosure/detail?stockCode=603699&announcementId=1212942526&orgId=9900022929&announcementTime=2022-04-16,2022-04-18,2022-07-15,0.017508
603700,宁水集团,2021,2022-03-31,2021年年度报告,http://www.cninfo.com.cn/new/disclosure/detail?stockCode=603700&announcementId=1212754524&orgId=gfbj0834980&announcementTime=2022-03-31,2022-04-01,2022-07-04,-0.090749
603701,德宏股份,2021,2022-04-22,浙江德宏汽车电子电器股份有限公司2021年年度报告,http://www.cninfo.com.cn/new/disclosure/detail?stockCode=603701&announcementId=1213026590&orgId=9900023037&announcementTime=2022-04-22,2022-04-25,2022-07-22,0.033765
603703,盛洋科技,2021,2022-04-23,盛洋科技2021年年度报告,http://www.cninfo.com.cn/new/disclosure/detail?stockCode=603703&announcementId=1213055656&orgId=9900023745&announcementTime=2022-04-23,2022-04-25,2022-07-22,-0.072796
603707,健友股份,2021,2022-04-27,健友股份2021年年度报告,http://www.cninfo.com.cn/new/disclosure/detail?stockCode=603707&announcementId=1213140495&orgId=9900022971&announcementTime=2022-04-27,2022-04-28,2022-07-27,-0.016425
603706,东方环宇,2021,2022-04-16,东方环宇2021年年度报告,http://www.cninfo.com.cn/new/disclosure/detail?stockCode=603706&announcementId=1212943096&orgId=9900035562&announcementTime=2022-04-16,2022-04-18,2022-07-15,0.20456
603709,中源家居,2021,2022-04-28,2021年年度报告,http://www.cninfo.com.cn/new/disclosure/detail?stockCode=603709&announcementId=1213172580&orgId=9900033232&announcementTime=2022-04-28,2022-04-29,2022-07-28,0.200286
603708,家家悦,2021,2022-04-30,家家悦集团股份有限公司2021年年度报告,http://www.cninfo.com.cn/new/disclosure/detail?stockCode=603708&announcementId=1213272241&orgId=9900029040&announcementTime=2022-04-30,2022-05-05,2022-07-29,-0.003956
603711,香飘飘,2021,2022-04-30,香飘飘2021年年度报告,http://www.cninfo.com.cn/new/disclosure/detail?stockCode=603711&announcementId=1213272285&orgId=9900031497&announcementTime=2022-04-30,2022-05-05,2022-07-29,0.031153
603712,七一二,2021,2022-04-28,天津七一二通信广播股份有限公司2021年年度报告,http://www.cninfo.com.cn/new/disclosure/detail?stockCode=603712&announcementId=1213172895&orgId=9900034448&announcementTime=2022-04-28,2022-04-29,2022-07-28,0.177663
603713,密尔克卫,2021,2022-03-25,密尔克卫化工供应链服务股份有限公司2021年年度报告,http://www.cninfo.com.cn/new/disclosure/detail?stockCode=603713&announcementId=1212670302&orgId=9900035585&announcementTime=2022-03-25,2022-03-28,2022-06-28,0.099371
603716,塞力医疗,2021,2022-04-26,2021年年度报告,http://www.cninfo.com.cn/new/disclosure/detail?stockCode=603716&announcementId=1213121434&orgId=9900029439&announcementTime=2022-04-26,2022-04-27,2022-07-26,0.161907
603718,海利生物,2021,2022-04-29,海利生物2021年年度报告,http://www.cninfo.com.cn/new/disclosure/detail?stockCode=603718&announcementId=1213207347&orgId=9900023467&announcementTime=2022-04-29,2022-05-05,2022-07-29,0.068499
603717,天域生物,2021,2022-04-26,2021年年度报告,http://www.cninfo.com.cn/new/disclosure/detail?stockCode=603717&announcementId=1213121450&orgId=9900030817&announcementTime=2022-04-26,2022-04-27,2022-07-26,0.238043
603721,*ST天择,2021,2022-04-20,中广天择2021年年度报告,http://www.cninfo.com.cn/new/disclosure/detail?stockCode=603721&announcementId=1212977816&orgId=9900030820&announcementTime=2022-04-20,2022-04-21,2022-07-20,-0.051155
603719,良品铺子,2021,2022-03-22,良品铺子2021年年度报告,http://www.cninfo.com.cn/new/disclosure/detail?stockCode=603719&announcementId=1212634019&orgId=9900037310&announcementTime=2022-03-22,2022-03-23,2022-06-23,-0.103874
603725,天安新材,2021,2022-04-26,天安新材2021年年度报告,http://www.cninfo.com.cn/new/disclosure/detail?stockCode=603725&announcementId=1213105553&orgId=9900030420&announcementTime=2022-04-26,2022-04-27,2022-07-26,0.249135
603722,阿科力,2021,2022-04-01,无锡阿科力科技股份有限公司2021年年度报告,http://www.cninfo.com.cn/new/disclosure/detail?stockCode=603722&announcementId=1212763598&orgId=gfbj0430605&announcementTime=2022-04-01,2022-04-06,2022-07-05,0.063114
603727,博迈科,2021,2022-03-25,博迈科海洋工程股份有限公司2021年年度报告,http://www.cninfo.com.cn/new/disclosure/detail?stockCode=603727&announcementId=1212668361&orgId=9900029043&announcementTime=2022-03-25,2022-03-28,2022-06-28,-0.181113
603726,朗迪集团,2021,2022-04-19,603726_2021年_年度报告,http://www.cninfo.com.cn/new/disclosure/detail?stockCode=603726&announcementId=1212957218&orgId=9900024447&announcementTime=2022-04-19,2022-04-20,2022-07-19,0.020645
603729,龙韵股份,2021,2022-04-27,上海龙韵文创科技集团股份有限公司2021年年度报告,http://www.cninfo.com.cn/new/disclosure/detail?stockCode=603729&announcementId=1213137239&orgId=9900023473&announcementTime=2022-04-27,2022-04-28,2022-07-28,0.285438
603728,鸣志电器,2021,2022-04-22,鸣志电器2021年年度报告全文,http://www.cninfo.com.cn/new/disclosure/detail?stockCode=603728&announcementId=1213019022&orgId=9900030819&announcementTime=2022-04-22,2022-04-25,2022-07-22,0.586016
603730,岱美股份,2021,2022-04-29,上海岱美汽车内饰件股份有限公司2021年年度报告,http://www.cninfo.com.cn/new/disclosure/detail?stockCode=603730&announcementId=1213207369&orgId=9900023136&announcementTime=2022-04-29,2022-05-05,2022-07-29,0.868034
603733,仙鹤股份,2021,2022-04-28,仙鹤股份2021年年度报告,http://www.cninfo.com.cn/new/disclosure/detail?stockCode=603733&announcementId=1213178794&orgId=9900034849&announcementTime=2022-04-28,2022-04-29,2022-07-28,0.474104
603737,三棵树,2021,2022-04-30,三棵树2021年年度报告,http://www.cninfo.com.cn/new/disclosure/detail?stockCode=603737&announcementId=1213272339&orgId=9900032852&announcementTime=2022-04-30,2022-05-05,2022-07-29,0.383617
603738,泰晶科技,2021,2022-04-29,泰晶科技股份有限公司2021年年度报告,http://www.cninfo.com.cn/new/disclosure/detail?stockCode=603738&announcementId=1213219631&orgId=9900026775&announcementTime=2022-04-29,2022-05-05,2022-07-29,0.296696
603739,蔚蓝生物,2021,2022-04-20,青岛蔚蓝生物股份有限公司2021年年度报告,http://www.cninfo.com.cn/new/disclosure/detail?stockCode=603739&announcementId=1212975452&orgId=9900035525&announcementTime=2022-04-20,2022-04-21,2022-07-20,-0.037452
603755,日辰股份,2021,2022-04-27,青岛日辰食品股份有限公司2021年年度报告,http://www.cninfo.com.cn/new/disclosure/detail?stockCode=603755&announcementId=1213129521&orgId=9900035535&announcementTime=2022-04-27,2022-04-28,2022-07-27,0.140769
603757,大元泵业,2021,2022-04-08,浙江大元泵业股份有限公司2021年年度报告,http://www.cninfo.com.cn/new/disclosure/detail?stockCode=603757&announcementId=1212841040&orgId=9900031903&announcementTime=2022-04-08,2022-04-11,2022-07-08,0.069805
603758,秦安股份,2021,2022-03-26,秦安股份2021年年度报告,http://www.cninfo.com.cn/new/disclosure/detail?stockCode=603758&announcementId=1212684854&orgId=9900030635&announcementTime=2022-03-26,2022-03-28,2022-06-28,0.795115
603766,隆鑫通用,2021,2022-04-30,隆鑫通用动力股份有限公司2021年年度报告全文,http://www.cninfo.com.cn/new/disclosure/detail?stockCode=603766&announcementId=1213272376&orgId=9900023200&announcementTime=2022-04-30,2022-05-05,2022-07-29,0.179941
603759,海天股份,2021,2022-04-12,海天股份2021年年度报告,http://www.cninfo.com.cn/new/disclosure/detail?stockCode=603759&announcementId=1212887592&orgId=9900041834&announcementTime=2022-04-12,2022-04-13,2022-07-12,-0.034483
603767,中马传动,2021,2022-03-31,2021年年度报告,http://www.cninfo.com.cn/new/disclosure/detail?stockCode=603767&announcementId=1212742085&orgId=9900023196&announcementTime=2022-03-31,2022-04-01,2022-07-04,0.107174
603773,沃格光电,2021,2022-03-15,江西沃格光电股份有限公司2021年年度报告,http://www.cninfo.com.cn/new/disclosure/detail?stockCode=603773&announcementId=1212567745&orgId=gfbj0832766&announcementTime=2022-03-15,2022-03-16,2022-06-16,0.048144
603768,常青股份,2021,2022-04-28,常青股份2021年年度报告,http://www.cninfo.com.cn/new/disclosure/detail?stockCode=603768&announcementId=1213172934&orgId=9900030531&announcementTime=2022-04-28,2022-04-29,2022-07-28,0.268149
603776,永安行,2021,2022-04-13,永安行：2021年年度报告,http://www.cninfo.com.cn/new/disclosure/detail?stockCode=603776&announcementId=1212899236&orgId=9900030823&announcementTime=2022-04-13,2022-04-14,2022-07-13,-0.034463
603777,来伊份,2021,2022-04-29,2021年年度报告,http://www.cninfo.com.cn/new/disclosure/detail?stockCode=603777&announcementId=1213225694&orgId=9900023222&announcementTime=2022-04-29,2022-05-05,2022-07-29,0.137973
603778,国晟科技,2021,2022-04-28,2021年年度报告,http://www.cninfo.com.cn/new/disclosure/detail?stockCode=603778&announcementId=1213178842&orgId=9900024942&announcementTime=2022-04-28,2022-04-29,2022-07-28,-0.251862
603779,威龙股份,2021,2022-04-23,威龙股份2021年年度年度报告,http://www.cninfo.com.cn/new/disclosure/detail?stockCode=603779&announcementId=1213043314&orgId=9900024531&announcementTime=2022-04-23,2022-04-25,2022-07-22,0.051337
603786,科博达,2021,2022-04-22,科博达技术股份有限公司2021年年度报告,http://www.cninfo.com.cn/new/disclosure/detail?stockCode=603786&announcementId=1213024688&orgId=DR0000117&announcementTime=2022-04-22,2022-04-25,2022-07-22,0.638594
603787,新日股份,2021,2022-04-30,2021年年度报告,http://www.cninfo.com.cn/new/disclosure/detail?stockCode=603787&announcementId=1213272387&orgId=9900024502&announcementTime=2022-04-30,2022-05-05,2022-07-29,0.744285
603788,宁波高发,2021,2022-04-19,603788_2021年_年度报告,http://www.cninfo.com.cn/new/disclosure/detail?stockCode=603788&announcementId=1212962561&orgId=9900023639&announcementTime=2022-04-19,2022-04-20,2022-07-19,0.144864
603789,*ST星农,2021,2022-04-29,星光农机2021年年度报告,http://www.cninfo.com.cn/new/disclosure/detail?stockCode=603789&announcementId=1213219695&orgId=9900023454&announcementTime=2022-04-29,2022-05-05,2022-07-29,0.171162
603790,雅运股份,2021,2022-04-28,上海雅运纺织化工股份有限公司2021年年度报告,http://www.cninfo.com.cn/new/disclosure/detail?stockCode=603790&announcementId=1213178857&orgId=9900035564&announcementTime=2022-04-28,2022-04-29,2022-07-28,0.272408
603798,康普顿,2021,2022-04-30,青岛康普顿科技股份有限公司2021年年度报告全文,http://www.cninfo.com.cn/new/disclosure/detail?stockCode=603798&announcementId=1213272464&orgId=9900024539&announcementTime=2022-04-30,2022-05-05,2022-07-29,0.185911
603797,联泰环保,2021,2022-04-30,广东联泰环保股份有限公司2021年年度报告,http://www.cninfo.com.cn/new/disclosure/detail?stockCode=603797&announcementId=1213272437&orgId=9900029385&announcementTime=2022-04-30,2022-05-05,2022-07-29,0.180786
603799,华友钴业,2021,2022-04-23,华友钴业2021年年度报告,http://www.cninfo.com.cn/new/disclosure/detail?stockCode=603799&announcementId=1213051008&orgId=9900023781&announcementTime=2022-04-23,2022-04-25,2022-07-22,0.589263
603800,洪田股份,2021,2022-04-30,603800：道森股份2021年年度报告,http://www.cninfo.com.cn/new/disclosure/detail?stockCode=603800&announcementId=1213272492&orgId=9900024532&announcementTime=2022-04-30,2022-05-05,2022-07-29,0.372835
603801,志邦家居,2021,2022-04-27,2021年年度报告,http://www.cninfo.com.cn/new/disclosure/detail?stockCode=603801&announcementId=1213143752&orgId=9900032419&announcementTime=2022-04-27,2022-04-28,2022-07-27,0.119166
603803,瑞斯康达,2021,2022-04-28,瑞斯康达科技发展股份有限公司2021年年度报告,http://www.cninfo.com.cn/new/disclosure/detail?stockCode=603803&announcementId=1213178914&orgId=9900030603&announcementTime=2022-04-28,2022-04-29,2022-07-28,0.26393
603808,歌力思,2021,2022-04-30,2021年年度报告,http://www.cninfo.com.cn/new/disclosure/detail?stockCode=603808&announcementId=1213272518&orgId=9900023747&announcementTime=2022-04-30,2022-05-05,2022-07-29,-0.043218
603806,福斯特,2021,2022-03-18,福斯特2021年年度报告,http://www.cninfo.com.cn/new/disclosure/detail?stockCode=603806&announcementId=1212606705&orgId=9900023130&announcementTime=2022-03-18,2022-03-21,2022-06-21,-0.144567
603809,豪能股份,2021,2022-03-29,2021年年度报告,http://www.cninfo.com.cn/new/disclosure/detail?stockCode=603809&announcementId=1212706945&orgId=9900023062&announcementTime=2022-03-29,2022-03-30,2022-06-30,0.082052
603810,丰山集团,2021,2022-04-07,2021年年度报告,http://www.cninfo.com.cn/new/disclosure/detail?stockCode=603810&announcementId=1212827411&orgId=9900035509&announcementTime=2022-04-07,2022-04-08,2022-07-07,-0.088594
603811,诚意药业,2021,2022-04-26,诚意药业2021年年度报告,http://www.cninfo.com.cn/new/disclosure/detail?stockCode=603811&announcementId=1213103138&orgId=9900029864&announcementTime=2022-04-26,2022-04-27,2022-07-26,0.020026
603813,*ST原尚,2021,2022-03-18,原尚股份2021年年度报告,http://www.cninfo.com.cn/new/disclosure/detail?stockCode=603813&announcementId=1212605826&orgId=9900031908&announcementTime=2022-03-18,2022-03-21,2022-06-21,-0.054811
603815,交建股份,2021,2022-04-20,安徽省交通建设股份有限公司2021年年度报告,http://www.cninfo.com.cn/new/disclosure/detail?stockCode=603815&announcementId=1212974113&orgId=9900037165&announcementTime=2022-04-20,2022-04-21,2022-07-20,0.0
603816,顾家家居,2021,2022-04-22,顾家家居2021年年报,http://www.cninfo.com.cn/new/disclosure/detail?stockCode=603816&announcementId=1213026903&orgId=9900027317&announcementTime=2022-04-22,2022-04-25,2022-07-22,0.052106
603818,曲美家居,2021,2022-04-28,2021年年度报告,http://www.cninfo.com.cn/new/disclosure/detail?stockCode=603818&announcementId=1213164750&orgId=9900023523&announcementTime=2022-04-28,2022-04-29,2022-07-28,-0.136458
603817,海峡环保,2021,2022-04-26,海峡环保2021年年度报告,http://www.cninfo.com.cn/new/disclosure/detail?stockCode=603817&announcementId=1213103194&orgId=9900030369&announcementTime=2022-04-26,2022-04-27,2022-07-26,0.323232
603819,神力股份,2021,2022-04-29,神力股份：2021年年度报告,http://www.cninfo.com.cn/new/disclosure/detail?stockCode=603819&announcementId=1213207432&orgId=9900028909&announcementTime=2022-04-29,2022-05-05,2022-08-05,0.609048
603822,ST嘉澳,2021,2022-04-07,2021年年度报告,http://www.cninfo.com.cn/new/disclosure/detail?stockCode=603822&announcementId=1212826324&orgId=9900023474&announcementTime=2022-04-07,2022-04-08,2022-07-07,0.052114
603823,百合花,2021,2022-04-28,百合花集团股份有限公司2021年年度报告全文,http://www.cninfo.com.cn/new/disclosure/detail?stockCode=603823&announcementId=1213178949&orgId=9900029800&announcementTime=2022-04-28,2022-04-29,2022-07-28,0.274809
603825,ST华扬,2021,2022-04-28,华扬联众数字技术股份有限公司2021年年度报告,http://www.cninfo.com.cn/new/disclosure/detail?stockCode=603825&announcementId=1213172991&orgId=9900024448&announcementTime=2022-04-28,2022-04-29,2022-07-28,0.29771
603826,坤彩科技,2021,2022-03-03,2021年年度报告,http://www.cninfo.com.cn/new/disclosure/detail?stockCode=603826&announcementId=1212491409&orgId=9900030692&announcementTime=2022-03-03,2022-03-04,2022-06-06,0.216685
603828,ST柯利达,2021,2022-04-28,柯利达2021年年度报告,http://www.cninfo.com.cn/new/disclosure/detail?stockCode=603828&announcementId=1213178985&orgId=9900023713&announcementTime=2022-04-28,2022-04-29,2022-07-28,0.114208
603829,洛凯股份,2021,2022-04-23,洛凯股份：2021年年度报告,http://www.cninfo.com.cn/new/disclosure/detail?stockCode=603829&announcementId=1213052616&orgId=9900033203&announcementTime=2022-04-23,2022-04-25,2022-07-22,0.138537
603833,欧派家居,2021,2022-04-23,欧派家居2021年年度报告,http://www.cninfo.com.cn/new/disclosure/detail?stockCode=603833&announcementId=1213044841&orgId=9900029667&announcementTime=2022-04-23,2022-04-25,2022-07-22,0.014953
603836,海程邦达,2021,2022-04-21,2021年年度报告,http://www.cninfo.com.cn/new/disclosure/detail?stockCode=603836&announcementId=1213001311&orgId=9900041685&announcementTime=2022-04-21,2022-04-22,2022-07-21,-0.114762
603838,*ST四通,2021,2022-04-15,四通股份2021年年度报告,http://www.cninfo.com.cn/new/disclosure/detail?stockCode=603838&announcementId=1212921896&orgId=9900024445&announcementTime=2022-04-15,2022-04-18,2022-07-15,-0.141109
603843,*ST正平,2021,2022-04-29,正平股份2021年年度报告,http://www.cninfo.com.cn/new/disclosure/detail?stockCode=603843&announcementId=1213225738&orgId=9900027728&announcementTime=2022-04-29,2022-05-05,2022-07-29,0.03125
603839,安正时尚,2021,2022-04-28,安正时尚集团股份有限公司2021年年度报告,http://www.cninfo.com.cn/new/disclosure/detail?stockCode=603839&announcementId=1213179000&orgId=9900030003&announcementTime=2022-04-28,2022-04-29,2022-07-28,0.135135
603848,好太太,2021,2022-04-21,广东好太太科技集团股份有限公司2021年年度报告,http://www.cninfo.com.cn/new/disclosure/detail?stockCode=603848&announcementId=1212998551&orgId=9900033913&announcementTime=2022-04-21,2022-04-22,2022-07-21,0.307332
603855,华荣股份,2021,2022-04-29,2021年年度报告,http://www.cninfo.com.cn/new/disclosure/detail?stockCode=603855&announcementId=1213197379&orgId=9900030785&announcementTime=2022-04-29,2022-05-05,2022-07-29,0.208367
603856,东宏股份,2021,2022-04-22,东宏股份2021年年度报告,http://www.cninfo.com.cn/new/disclosure/detail?stockCode=603856&announcementId=1213023457&orgId=9900030896&announcementTime=2022-04-22,2022-04-25,2022-07-22,0.154769
603858,步长制药,2021,2022-04-28,山东步长制药股份有限公司2021年年度报告,http://www.cninfo.com.cn/new/disclosure/detail?stockCode=603858&announcementId=1213160463&orgId=9900028961&announcementTime=2022-04-28,2022-04-29,2022-07-28,0.070652
603859,能科科技,2021,2022-03-29,2021年年度报告,http://www.cninfo.com.cn/new/disclosure/detail?stockCode=603859&announcementId=1212709426&orgId=9900028822&announcementTime=2022-03-29,2022-03-30,2022-06-30,-0.081772
603860,中公高科,2021,2022-03-10,中公高科2021年年度报告,http://www.cninfo.com.cn/new/disclosure/detail?stockCode=603860&announcementId=1212534242&orgId=9900023798&announcementTime=2022-03-10,2022-03-11,2022-06-13,-0.112176
603863,松炀资源,2021,2022-03-31,广东松炀再生资源股份有限公司2021年年度报告,http://www.cninfo.com.cn/new/disclosure/detail?stockCode=603863&announcementId=1212745199&orgId=gfbj0831543&announcementTime=2022-03-31,2022-04-01,2022-07-05,0.060672
603861,白云电器,2021,2022-04-30,白云电器2021年年度报告,http://www.cninfo.com.cn/new/disclosure/detail?stockCode=603861&announcementId=1213272557&orgId=9900032270&announcementTime=2022-04-30,2022-05-05,2022-07-29,0.222372
603866,桃李面包,2021,2022-03-17,桃李面包2021年年度报告,http://www.cninfo.com.cn/new/disclosure/detail?stockCode=603866&announcementId=1212591707&orgId=9900024533&announcementTime=2022-03-17,2022-03-18,2022-06-20,0.03757
603867,新化股份,2021,2022-04-22,新化股份2021年年度报告,http://www.cninfo.com.cn/new/disclosure/detail?stockCode=603867&announcementId=1213022178&orgId=gfbj0839128&announcementTime=2022-04-22,2022-04-25,2022-07-22,0.311192
603868,飞科电器,2021,2022-04-28,上海飞科电器股份有限公司2021年年度报告,http://www.cninfo.com.cn/new/disclosure/detail?stockCode=603868&announcementId=1213173051&orgId=9900026668&announcementTime=2022-04-28,2022-04-29,2022-07-28,0.367057
603869,ST智知,2021,2022-04-20,新智认知数字科技股份有限公司2021年年度报告,http://www.cninfo.com.cn/new/disclosure/detail?stockCode=603869&announcementId=1212978417&orgId=9900023784&announcementTime=2022-04-20,2022-04-21,2022-07-20,0.052825
603871,嘉友国际,2021,2022-04-22,2021年年度报告,http://www.cninfo.com.cn/new/disclosure/detail?stockCode=603871&announcementId=1213024710&orgId=9900034449&announcementTime=2022-04-22,2022-04-25,2022-07-22,0.414346
603876,鼎胜新材,2021,2022-04-29,江苏鼎胜新能源材料股份有限公司2021年年度报告,http://www.cninfo.com.cn/new/disclosure/detail?stockCode=603876&announcementId=1213225762&orgId=9900035545&announcementTime=2022-04-29,2022-05-05,2022-07-29,1.686966
603877,太平鸟,2021,2022-03-30,2021年年度报告,http://www.cninfo.com.cn/new/disclosure/detail?stockCode=603877&announcementId=1212728189&orgId=9900029744&announcementTime=2022-03-30,2022-03-31,2022-07-01,-0.01421
603878,武进不锈,2021,2022-04-26,武进不锈2021年年度报告,http://www.cninfo.com.cn/new/disclosure/detail?stockCode=603878&announcementId=1213099197&orgId=9900028821&announcementTime=2022-04-26,2022-04-27,2022-07-26,0.383529
603879,永悦科技,2021,2022-04-20,永悦科技股份有限公司2021年年度报告,http://www.cninfo.com.cn/new/disclosure/detail?stockCode=603879&announcementId=1212973974&orgId=9900030816&announcementTime=2022-04-20,2022-04-21,2022-07-20,0.177938
603880,南卫股份,2021,2022-04-29,南卫股份2021年年度报告,http://www.cninfo.com.cn/new/disclosure/detail?stockCode=603880&announcementId=1213207560&orgId=9900031500&announcementTime=2022-04-29,2022-05-05,2022-07-29,0.216924
603881,数据港,2021,2022-03-18,上海数据港股份有限公司2021年年度报告,http://www.cninfo.com.cn/new/disclosure/detail?stockCode=603881&announcementId=1212608846&orgId=9900029913&announcementTime=2022-03-18,2022-03-21,2022-06-21,-0.300895
603882,金域医学,2021,2022-04-27,广州金域医学检验集团股份有限公司2021年年度报告,http://www.cninfo.com.cn/new/disclosure/detail?stockCode=603882&announcementId=1213139218&orgId=9900035075&announcementTime=2022-04-27,2022-04-28,2022-07-27,-0.052261
603883,老百姓,2021,2022-04-29,老百姓2021年年度报告,http://www.cninfo.com.cn/new/disclosure/detail?stockCode=603883&announcementId=1213207585&orgId=9900023762&announcementTime=2022-04-29,2022-05-05,2022-07-29,0.303203
603885,吉祥航空,2021,2022-04-20,上海吉祥航空股份有限公司2021年年度报告,http://www.cninfo.com.cn/new/disclosure/detail?stockCode=603885&announcementId=1212980515&orgId=9900023633&announcementTime=2022-04-20,2022-04-21,2022-07-20,0.095897
603886,元祖股份,2021,2022-03-29,元祖股份2021年年度报告,http://www.cninfo.com.cn/new/disclosure/detail?stockCode=603886&announcementId=1212707048&orgId=9900028959&announcementTime=2022-03-29,2022-03-30,2022-06-30,0.029344
603887,城地香江,2021,2022-04-30,上海城地香江数据科技股份有限公司2021年年度报告,http://www.cninfo.com.cn/new/disclosure/detail?stockCode=603887&announcementId=1213272630&orgId=9900027318&announcementTime=2022-04-30,2022-05-05,2022-07-29,0.059064
603888,新华网,2021,2022-04-26,新华网股份有限公司2021年年度报告,http://www.cninfo.com.cn/new/disclosure/detail?stockCode=603888&announcementId=1213106002&orgId=9900024951&announcementTime=2022-04-26,2022-04-27,2022-07-26,0.198846
603889,新澳股份,2021,2022-04-26,新澳股份2021年年度报告,http://www.cninfo.com.cn/new/disclosure/detail?stockCode=603889&announcementId=1213103220&orgId=9900023162&announcementTime=2022-04-26,2022-04-27,2022-07-26,0.25
603890,春秋电子,2021,2022-04-20,2021年年度报告,http://www.cninfo.com.cn/new/disclosure/detail?stockCode=603890&announcementId=1212974476&orgId=9900034947&announcementTime=2022-04-20,2022-04-21,2022-07-20,0.094109
603893,瑞芯微,2021,2022-03-22,2021年年度报告,http://www.cninfo.com.cn/new/disclosure/detail?stockCode=603893&announcementId=1212633886&orgId=9900033186&announcementTime=2022-03-22,2022-03-23,2022-06-23,-0.202432
603896,寿仙谷,2021,2022-04-01,寿仙谷2021年年度报告,http://www.cninfo.com.cn/new/disclosure/detail?stockCode=603896&announcementId=1212770112&orgId=9900030535&announcementTime=2022-04-01,2022-04-06,2022-07-05,-0.130849
603895,天永智能,2021,2022-04-30,天永智能：2021年年度报告,http://www.cninfo.com.cn/new/disclosure/detail?stockCode=603895&announcementId=1213272645&orgId=9900033669&announcementTime=2022-04-30,2022-05-05,2022-07-29,0.698069
603897,长城科技,2021,2022-02-26,浙江长城电工科技股份有限公司2021年年度报告,http://www.cninfo.com.cn/new/disclosure/detail?stockCode=603897&announcementId=1212457091&orgId=9900034846&announcementTime=2022-02-26,2022-02-28,2022-05-30,-0.349381
603898,好莱客,2021,2022-04-28,广州好莱客创意家居股份有限公司2021年年度报告,http://www.cninfo.com.cn/new/disclosure/detail?stockCode=603898&announcementId=1213173124&orgId=9900023664&announcementTime=2022-04-28,2022-04-29,2022-07-28,0.369801
603899,晨光股份,2021,2022-03-29,上海晨光文具股份有限公司2021年年度报告,http://www.cninfo.com.cn/new/disclosure/detail?stockCode=603899&announcementId=1212708801&orgId=9900023662&announcementTime=2022-03-29,2022-03-30,2022-06-30,0.171168
603900,莱绅通灵,2021,2022-04-28,莱绅通灵2021年年度报告,http://www.cninfo.com.cn/new/disclosure/detail?stockCode=603900&announcementId=1213179010&orgId=9900028736&announcementTime=2022-04-28,2022-04-29,2022-07-28,0.191446
603901,永创智能,2021,2022-03-09,2021年年度报告,http://www.cninfo.com.cn/new/disclosure/detail?stockCode=603901&announcementId=1212528053&orgId=9900023686&announcementTime=2022-03-09,2022-03-10,2022-06-10,0.072883
603903,中持股份,2021,2022-04-27,中持水务股份有限公司2021年年度报告,http://www.cninfo.com.cn/new/disclosure/detail?stockCode=603903&announcementId=1213145203&orgId=9900030530&announcementTime=2022-04-27,2022-04-28,2022-07-27,0.138874
603906,龙蟠科技,2021,2022-04-09,江苏龙蟠科技股份有限公司2021年年度报告,http://www.cninfo.com.cn/new/disclosure/detail?stockCode=603906&announcementId=1212856294&orgId=9900030660&announcementTime=2022-04-09,2022-04-11,2022-07-08,0.467918
603908,牧高笛,2021,2022-04-12,2021年年度报告,http://www.cninfo.com.cn/new/disclosure/detail?stockCode=603908&announcementId=1212881631&orgId=9900030089&announcementTime=2022-04-12,2022-04-13,2022-07-12,1.03167
603909,建发合诚,2021,2022-03-23,合诚股份2021年年度报告,http://www.cninfo.com.cn/new/disclosure/detail?stockCode=603909&announcementId=1212644917&orgId=9900024646&announcementTime=2022-03-23,2022-03-24,2022-06-24,-0.114485
603912,佳力图,2021,2022-03-22,603912：2021年年度报告,http://www.cninfo.com.cn/new/disclosure/detail?stockCode=603912&announcementId=1212630965&orgId=9900033668&announcementTime=2022-03-22,2022-03-23,2022-06-23,-0.191893
603915,国茂股份,2021,2022-04-28,国茂股份2021年年度报告,http://www.cninfo.com.cn/new/disclosure/detail?stockCode=603915&announcementId=1213159336&orgId=9900035565&announcementTime=2022-04-28,2022-04-29,2022-07-28,0.656082
603917,合力科技,2021,2022-04-20,合力科技：2021年年度报告,http://www.cninfo.com.cn/new/disclosure/detail?stockCode=603917&announcementId=1212976016&orgId=9900024681&announcementTime=2022-04-20,2022-04-21,2022-07-20,1.841538
603916,苏博特,2021,2022-04-16,2021年年度报告,http://www.cninfo.com.cn/new/disclosure/detail?stockCode=603916&announcementId=1212944078&orgId=9900031814&announcementTime=2022-04-16,2022-04-18,2022-07-15,-0.122667
603918,金桥信息,2021,2022-04-13,2021年年度报告,http://www.cninfo.com.cn/new/disclosure/detail?stockCode=603918&announcementId=1212900847&orgId=9900023739&announcementTime=2022-04-13,2022-04-14,2022-07-13,0.011779
603919,金徽酒,2021,2022-03-16,金徽酒股份有限公司2021年年度报告,http://www.cninfo.com.cn/new/disclosure/detail?stockCode=603919&announcementId=1212580957&orgId=9900026772&announcementTime=2022-03-16,2022-03-17,2022-06-17,0.234888
603920,世运电路,2021,2022-04-26,世运电路2021年年度报告,http://www.cninfo.com.cn/new/disclosure/detail?stockCode=603920&announcementId=1213106052&orgId=9900030580&announcementTime=2022-04-26,2022-04-27,2022-07-26,0.376136
603922,金鸿顺,2021,2022-04-28,金鸿顺2021年年度报告,http://www.cninfo.com.cn/new/disclosure/detail?stockCode=603922&announcementId=1213173561&orgId=9900032570&announcementTime=2022-04-28,2022-04-29,2022-07-28,0.360177
603926,铁流股份,2021,2022-04-26,铁流股份2021年度报告,http://www.cninfo.com.cn/new/disclosure/detail?stockCode=603926&announcementId=1213109664&orgId=9900030777&announcementTime=2022-04-26,2022-04-27,2022-07-26,0.222291
603927,中科软,2021,2022-04-15,中科软2021年年度报告,http://www.cninfo.com.cn/new/disclosure/detail?stockCode=603927&announcementId=1212921933&orgId=gfbj0430002&announcementTime=2022-04-15,2022-04-18,2022-07-15,-0.056046
603928,兴业股份,2021,2022-04-28,兴业股份2021年年度报告,http://www.cninfo.com.cn/new/disclosure/detail?stockCode=603928&announcementId=1213173586&orgId=9900023749&announcementTime=2022-04-28,2022-04-29,2022-07-28,0.324492
603931,格林达,2021,2022-04-22,杭州格林达电子材料股份有限公司2021年年度报告,http://www.cninfo.com.cn/new/disclosure/detail?stockCode=603931&announcementId=1213020120&orgId=9900039864&announcementTime=2022-04-22,2022-04-25,2022-07-22,0.103496
603929,亚翔集成,2021,2022-03-30,公司2021年年度报告全文,http://www.cninfo.com.cn/new/disclosure/detail?stockCode=603929&announcementId=1212727454&orgId=9900024759&announcementTime=2022-03-30,2022-03-31,2022-07-01,-0.029387
603933,睿能科技,2021,2022-03-26,睿能科技2021年年度报告,http://www.cninfo.com.cn/new/disclosure/detail?stockCode=603933&announcementId=1212683428&orgId=9900031816&announcementTime=2022-03-26,2022-03-28,2022-06-28,-0.045398
603936,博敏电子,2021,2022-04-18,博敏电子2021年年度报告,http://www.cninfo.com.cn/new/disclosure/detail?stockCode=603936&announcementId=1212951499&orgId=9900024943&announcementTime=2022-04-18,2022-04-19,2022-07-18,0.30441
603937,丽岛新材,2021,2022-04-26,丽岛新材：2021年年度报告,http://www.cninfo.com.cn/new/disclosure/detail?stockCode=603937&announcementId=1213106090&orgId=gfbj0832374&announcementTime=2022-04-26,2022-04-27,2022-07-26,0.600698
603938,三孚股份,2021,2022-03-10,三孚股份：2021年年度报告,http://www.cninfo.com.cn/new/disclosure/detail?stockCode=603938&announcementId=1212533784&orgId=9900031499&announcementTime=2022-03-10,2022-03-11,2022-06-13,0.835833
603939,益丰药房,2021,2022-04-29,益丰药房2021年年度报告,http://www.cninfo.com.cn/new/disclosure/detail?stockCode=603939&announcementId=1213220527&orgId=9900023775&announcementTime=2022-04-29,2022-05-05,2022-07-29,0.353433
603948,建业股份,2021,2022-04-22,浙江建业化工股份有限公司2021年年度报告全文,http://www.cninfo.com.cn/new/disclosure/detail?stockCode=603948&announcementId=1213015574&orgId=9900037778&announcementTime=2022-04-22,2022-04-25,2022-07-22,0.006207
603950,长源东谷,2021,2022-03-22,襄阳长源东谷实业股份有限公司2021年年度报告,http://www.cninfo.com.cn/new/disclosure/detail?stockCode=603950&announcementId=1212632310&orgId=9900037311&announcementTime=2022-03-22,2022-03-23,2022-06-23,-0.050119
603949,雪龙集团,2021,2022-04-28,雪龙集团股份有限公司2021年年度报告,http://www.cninfo.com.cn/new/disclosure/detail?stockCode=603949&announcementId=1213173595&orgId=9900034647&announcementTime=2022-04-28,2022-04-29,2022-07-28,0.269676
603955,大千生态,2021,2022-04-20,大千生态2021年年度报告,http://www.cninfo.com.cn/new/disclosure/detail?stockCode=603955&announcementId=1212975019&orgId=9900023665&announcementTime=2022-04-20,2022-04-21,2022-07-20,0.325505
603956,威派格,2021,2022-04-27,威派格2021年年度报告,http://www.cninfo.com.cn/new/disclosure/detail?stockCode=603956&announcementId=1213145370&orgId=gfbj0837354&announcementTime=2022-04-27,2022-04-28,2022-07-27,0.080517
603958,哈森股份,2021,2022-04-28,哈森股份2021年年度报告,http://www.cninfo.com.cn/new/disclosure/detail?stockCode=603958&announcementId=1213173650&orgId=9900023619&announcementTime=2022-04-28,2022-04-29,2022-07-28,0.254826
603959,百利科技,2021,2022-04-28,百利科技2021年年度报告,http://www.cninfo.com.cn/new/disclosure/detail?stockCode=603959&announcementId=1213173663&orgId=9900024644&announcementTime=2022-04-28,2022-04-29,2022-07-28,0.612821
603966,法兰泰克,2021,2022-04-28,2021年年度报告,http://www.cninfo.com.cn/new/disclosure/detail?stockCode=603966&announcementId=1213179056&orgId=9900029598&announcementTime=2022-04-28,2022-04-29,2022-07-28,0.348308
603960,克来机电,2021,2022-04-29,克来机电2021年年度报告,http://www.cninfo.com.cn/new/disclosure/detail?stockCode=603960&announcementId=1213220563&orgId=9900030536&announcementTime=2022-04-29,2022-05-05,2022-07-29,0.595657
603967,中创物流,2021,2022-03-30,中创物流股份有限公司2021年年度报告,http://www.cninfo.com.cn/new/disclosure/detail?stockCode=603967&announcementId=1212726525&orgId=9900033064&announcementTime=2022-03-30,2022-03-31,2022-07-01,0.075836
603968,醋化股份,2021,2022-04-20,2021年年度报告,http://www.cninfo.com.cn/new/disclosure/detail?stockCode=603968&announcementId=1212974801&orgId=9900023704&announcementTime=2022-04-20,2022-04-21,2022-07-20,0.465778
603969,银龙股份,2021,2022-04-22,天津银龙预应力材料股份有限公司2021年年度报告,http://www.cninfo.com.cn/new/disclosure/detail?stockCode=603969&announcementId=1213016270&orgId=9900023685&announcementTime=2022-04-22,2022-04-25,2022-07-22,0.304237
603970,中农立华,2021,2022-04-19,中农立华2021年年度报告,http://www.cninfo.com.cn/new/disclosure/detail?stockCode=603970&announcementId=1212961607&orgId=9900031484&announcementTime=2022-04-19,2022-04-20,2022-07-19,0.194921
603976,正川股份,2021,2022-04-26,2021年年度报告,http://www.cninfo.com.cn/new/disclosure/detail?stockCode=603976&announcementId=1213121501&orgId=9900032884&announcementTime=2022-04-26,2022-04-27,2022-07-26,0.214142
603977,国泰集团,2021,2022-04-09,江西国泰集团股份有限公司2021年度报告,http://www.cninfo.com.cn/new/disclosure/detail?stockCode=603977&announcementId=1212856111&orgId=9900026669&announcementTime=2022-04-09,2022-04-11,2022-07-08,-0.064336
603978,深圳新星,2021,2022-04-26,2021年年度报告,http://www.cninfo.com.cn/new/disclosure/detail?stockCode=603978&announcementId=1213106115&orgId=9900031492&announcementTime=2022-04-26,2022-04-27,2022-07-26,0.699831
603979,金诚信,2021,2022-04-20,金诚信矿业管理股份有限公司2021年年度报告,http://www.cninfo.com.cn/new/disclosure/detail?stockCode=603979&announcementId=1212976020&orgId=9900024796&announcementTime=2022-04-20,2022-04-21,2022-07-20,-0.118667
603982,泉峰汽车,2021,2022-04-28,2021年年度报告,http://www.cninfo.com.cn/new/disclosure/detail?stockCode=603982&announcementId=1213173732&orgId=9900036555&announcementTime=2022-04-28,2022-04-29,2022-07-28,1.020083
603980,吉华集团,2021,2022-04-27,吉华集团2021年年度报告全文,http://www.cninfo.com.cn/new/disclosure/detail?stockCode=603980&announcementId=1213143052&orgId=GD095172&announcementTime=2022-04-27,2022-04-28,2022-07-27,0.066258
603983,丸美生物,2021,2022-04-30,广东丸美生物技术股份有限公司2021年年度报告,http://www.cninfo.com.cn/new/disclosure/detail?stockCode=603983&announcementId=1213272702&orgId=9900029039&announcementTime=2022-04-30,2022-05-05,2022-07-29,0.216203
603985,恒润股份,2021,2022-04-16,江阴市恒润重工股份有限公司2021年年度报告,http://www.cninfo.com.cn/new/disclosure/detail?stockCode=603985&announcementId=1212944352&orgId=9900023733&announcementTime=2022-04-16,2022-04-18,2022-07-15,0.91784
603986,兆易创新,2021,2022-04-28,兆易创新2021年年度报告,http://www.cninfo.com.cn/new/disclosure/detail?stockCode=603986&announcementId=1213164797&orgId=9900026561&announcementTime=2022-04-28,2022-04-29,2022-07-28,-0.002179
603987,康德莱,2021,2022-04-21,上海康德莱企业发展集团股份有限公司2021年年度报告,http://www.cninfo.com.cn/new/disclosure/detail?stockCode=603987&announcementId=1212997335&orgId=9900024932&announcementTime=2022-04-21,2022-04-22,2022-07-21,0.170897
603988,中电电机,2021,2022-04-16,中电电机2021年年度报告,http://www.cninfo.com.cn/new/disclosure/detail?stockCode=603988&announcementId=1212941205&orgId=9900023768&announcementTime=2022-04-16,2022-04-18,2022-07-15,0.261318
603989,艾华集团,2021,2022-04-07,湖南艾华集团股份有限公司2021年年度报告,http://www.cninfo.com.cn/new/disclosure/detail?stockCode=603989&announcementId=1212828577&orgId=9900023223&announcementTime=2022-04-07,2022-04-08,2022-07-07,-0.030187
603990,麦迪科技,2021,2022-04-30,苏州麦迪斯顿医疗科技股份有限公司2021年年度报告,http://www.cninfo.com.cn/new/disclosure/detail?stockCode=603990&announcementId=1213272772&orgId=9900029594&announcementTime=2022-04-30,2022-05-05,2022-07-29,0.979776
603991,至正股份,2021,2022-04-27,至正股份2021年年度报告,http://www.cninfo.com.cn/new/disclosure/detail?stockCode=603991&announcementId=1213144620&orgId=9900030532&announcementTime=2022-04-27,2022-04-28,2022-07-27,-0.043623
603992,松霖科技,2021,2022-04-26,2021年年度报告,http://www.cninfo.com.cn/new/disclosure/detail?stockCode=603992&announcementId=1213121520&orgId=9900036921&announcementTime=2022-04-26,2022-04-27,2022-07-26,0.102081
603993,洛阳钼业,2021,2022-03-19,洛阳钼业2021年年度报告,http://www.cninfo.com.cn/new/disclosure/detail?stockCode=603993&announcementId=1212626342&orgId=gshk0003993&announcementTime=2022-03-19,2022-03-21,2022-06-21,0.09198
603995,甬金股份,2021,2022-04-12,甬金股份2021年年度报告,http://www.cninfo.com.cn/new/disclosure/detail?stockCode=603995&announcementId=1212885503&orgId=9900037183&announcementTime=2022-04-12,2022-04-13,2022-07-12,0.015742
603997,继峰股份,2021,2022-03-31,继峰股份2021年年度报告,http://www.cninfo.com.cn/new/disclosure/detail?stockCode=603997&announcementId=1212747235&orgId=9900023694&announcementTime=2022-03-31,2022-04-01,2022-07-04,0.198577
603998,方盛制药,2021,2022-04-29,方盛制药2021年年度报告,http://www.cninfo.com.cn/new/disclosure/detail?stockCode=603998&announcementId=1213225839&orgId=9900023772&announcementTime=2022-04-29,2022-05-05,2022-07-29,0.144381
603999,读者传媒,2021,2022-04-22,读者出版传媒股份有限公司2021年度报告,http://www.cninfo.com.cn/new/disclosure/detail?stockCode=603999&announcementId=1213024136&orgId=9900026062&announcementTime=2022-04-22,2022-04-25,2022-07-22,0.001567
605003,众望布艺,2021,2022-04-28,众望布艺2021年年度报告,http://www.cninfo.com.cn/new/disclosure/detail?stockCode=605003&announcementId=1213173738&orgId=9900039803&announcementTime=2022-04-28,2022-04-29,2022-07-28,0.166046
605001,威奥股份,2021,2022-04-29,威奥股份：2021年年度报告,http://www.cninfo.com.cn/new/disclosure/detail?stockCode=605001&announcementId=1213225854&orgId=9900039785&announcementTime=2022-04-29,2022-05-05,2022-07-29,0.16095
605005,合兴股份,2021,2022-04-27,合兴汽车电子股份有限公司2021年年度报告,http://www.cninfo.com.cn/new/disclosure/detail?stockCode=605005&announcementId=1213136152&orgId=9900039817&announcementTime=2022-04-27,2022-04-28,2022-07-27,0.293993
605006,山东玻纤,2021,2022-03-30,605006 _山东玻纤2021年年度报告,http://www.cninfo.com.cn/new/disclosure/detail?stockCode=605006&announcementId=1212726889&orgId=9900033212&announcementTime=2022-03-30,2022-03-31,2022-07-01,0.110312
605007,五洲特纸,2021,2022-04-28,五洲特种纸业集团股份有限公司2021年年度报告,http://www.cninfo.com.cn/new/disclosure/detail?stockCode=605007&announcementId=1213173765&orgId=9900039805&announcementTime=2022-04-28,2022-04-29,2022-07-28,0.428887
605008,长鸿高科,2021,2022-04-28,2021年年度报告,http://www.cninfo.com.cn/new/disclosure/detail?stockCode=605008&announcementId=1213164820&orgId=9900039739&announcementTime=2022-04-28,2022-04-29,2022-07-28,0.853184
605009,豪悦护理,2021,2022-04-26,杭州豪悦护理用品股份有限公司2021年年度报告,http://www.cninfo.com.cn/new/disclosure/detail?stockCode=605009&announcementId=1213109703&orgId=9900039806&announcementTime=2022-04-26,2022-04-27,2022-07-26,0.162453
605011,杭州热电,2021,2022-04-28,杭州热电集团股份有限公司2021年年度报告,http://www.cninfo.com.cn/new/disclosure/detail?stockCode=605011&announcementId=1213173977&orgId=9900039850&announcementTime=2022-04-28,2022-04-29,2022-07-28,0.229485
605016,百龙创园,2021,2022-04-29,2021年年度报告,http://www.cninfo.com.cn/new/disclosure/detail?stockCode=605016&announcementId=1213220600&orgId=9900041707&announcementTime=2022-04-29,2022-05-05,2022-07-29,0.337705
605018,长华集团,2021,2022-04-26,长华股份2021年年度报告,http://www.cninfo.com.cn/new/disclosure/detail?stockCode=605018&announcementId=1213103239&orgId=9900039843&announcementTime=2022-04-26,2022-04-27,2022-07-26,-0.082463
605020,永和股份,2021,2022-03-30,浙江永和制冷股份有限公司2021年年度报告,http://www.cninfo.com.cn/new/disclosure/detail?stockCode=605020&announcementId=1212732081&orgId=9900041940&announcementTime=2022-03-30,2022-03-31,2022-07-01,-0.014269
605028,世茂能源,2021,2022-03-12,世茂能源2021年年度报告,http://www.cninfo.com.cn/new/disclosure/detail?stockCode=605028&announcementId=1212548211&orgId=9900041666&announcementTime=2022-03-12,2022-03-14,2022-06-14,-0.212495
605033,美邦股份,2021,2022-04-20,陕西美邦药业集团股份有限公司2021年年度报告,http://www.cninfo.com.cn/new/disclosure/detail?stockCode=605033&announcementId=1212977835&orgId=9900047435&announcementTime=2022-04-20,2022-04-21,2022-07-20,0.084367
605050,福然德,2021,2022-03-31,福然德股份有限公司2021年年度报告,http://www.cninfo.com.cn/new/disclosure/detail?stockCode=605050&announcementId=1212747266&orgId=9900039818&announcementTime=2022-03-31,2022-04-01,2022-07-04,0.129058
605055,迎丰股份,2021,2022-04-28,迎丰股份2021年年度报告全文,http://www.cninfo.com.cn/new/disclosure/detail?stockCode=605055&announcementId=1213160519&orgId=9900039766&announcementTime=2022-04-28,2022-04-29,2022-07-28,0.120264
605058,澳弘电子,2021,2022-03-23,澳弘电子2021年年度报告,http://www.cninfo.com.cn/new/disclosure/detail?stockCode=605058&announcementId=1212644623&orgId=9900039836&announcementTime=2022-03-23,2022-03-24,2022-06-24,-0.043988
605056,咸亨国际,2021,2022-04-15,咸亨国际：2021年年度报告,http://www.cninfo.com.cn/new/disclosure/detail?stockCode=605056&announcementId=1212921953&orgId=9900041878&announcementTime=2022-04-15,2022-04-18,2022-07-15,0.045872
605060,联德股份,2021,2022-04-28,联德股份2021年年度报告,http://www.cninfo.com.cn/new/disclosure/detail?stockCode=605060&announcementId=1213165410&orgId=9900039810&announcementTime=2022-04-28,2022-04-29,2022-07-28,0.239626
605066,天正电气,2021,2022-04-29,2021年年度报告,http://www.cninfo.com.cn/new/disclosure/detail?stockCode=605066&announcementId=1213225875&orgId=9900039721&announcementTime=2022-04-29,2022-05-05,2022-07-29,0.237789
605068,明新旭腾,2021,2022-04-16,明新旭腾2021年年度报告,http://www.cninfo.com.cn/new/disclosure/detail?stockCode=605068&announcementId=1212940550&orgId=9900039848&announcementTime=2022-04-16,2022-04-18,2022-07-15,0.149463
605069,正和生态,2021,2022-04-26,2021年年度报告,http://www.cninfo.com.cn/new/disclosure/detail?stockCode=605069&announcementId=1213109746&orgId=9900027354&announcementTime=2022-04-26,2022-04-27,2022-07-26,0.118939
605077,华康股份,2021,2022-04-20,华康股份2021年年度报告,http://www.cninfo.com.cn/new/disclosure/detail?stockCode=605077&announcementId=1212978473&orgId=9900039807&announcementTime=2022-04-20,2022-04-21,2022-07-20,-0.026604
605080,浙江自然,2021,2022-04-28,浙江大自然户外用品股份有限公司2021年年度报告,http://www.cninfo.com.cn/new/disclosure/detail?stockCode=605080&announcementId=1213179099&orgId=9900041946&announcementTime=2022-04-28,2022-04-29,2022-07-28,-0.074603
605081,*ST太和,2021,2022-04-26,上海太和水科技发展股份有限公司2021年年报,http://www.cninfo.com.cn/new/disclosure/detail?stockCode=605081&announcementId=1213121592&orgId=9900039856&announcementTime=2022-04-26,2022-04-27,2022-07-26,0.148729
605086,龙高股份,2021,2022-04-20,龙岩高岭土股份有限公司2021年年度报告,http://www.cninfo.com.cn/new/disclosure/detail?stockCode=605086&announcementId=1212976045&orgId=9900041409&announcementTime=2022-04-20,2022-04-21,2022-07-20,0.056824
605088,冠盛股份,2021,2022-04-16,2021年年度报告,http://www.cninfo.com.cn/new/disclosure/detail?stockCode=605088&announcementId=1212939980&orgId=gfbj0834175&announcementTime=2022-04-16,2022-04-18,2022-07-15,0.058209
605089,味知香,2021,2022-04-29,2021年年度报告,http://www.cninfo.com.cn/new/disclosure/detail?stockCode=605089&announcementId=1213225942&orgId=9900043037&announcementTime=2022-04-29,2022-05-05,2022-07-29,0.000169
605090,九丰能源,2021,2022-04-13,2021年年度报告,http://www.cninfo.com.cn/new/disclosure/detail?stockCode=605090&announcementId=1212896969&orgId=9900037724&announcementTime=2022-04-13,2022-04-14,2022-07-13,-0.014254
605099,共创草坪,2021,2022-04-28,2021年年度报告,http://www.cninfo.com.cn/new/disclosure/detail?stockCode=605099&announcementId=1213179139&orgId=9900039858&announcementTime=2022-04-28,2022-04-29,2022-07-28,0.022984
605098,行动教育,2021,2022-03-17,2021年年度报告,http://www.cninfo.com.cn/new/disclosure/detail?stockCode=605098&announcementId=1212593920&orgId=gfbj0831891&announcementTime=2022-03-17,2022-03-18,2022-06-20,-0.089467
605100,华丰股份,2021,2022-04-30,华丰动力股份有限公司2021年年度报告,http://www.cninfo.com.cn/new/disclosure/detail?stockCode=605100&announcementId=1213272819&orgId=gfbj0837398&announcementTime=2022-04-30,2022-05-05,2022-07-29,0.157505
605108,同庆楼,2021,2022-04-29,同庆楼2021年年度报告,http://www.cninfo.com.cn/new/disclosure/detail?stockCode=605108&announcementId=1213225956&orgId=9900033223&announcementTime=2022-04-29,2022-05-05,2022-07-29,0.17561
605116,奥锐特,2021,2022-04-30,奥锐特药业股份有限公司2021年年度报告,http://www.cninfo.com.cn/new/disclosure/detail?stockCode=605116&announcementId=1213272852&orgId=9900039801&announcementTime=2022-04-30,2022-05-05,2022-07-29,0.116448
605111,新洁能,2021,2022-03-22,2021年年度报告,http://www.cninfo.com.cn/new/disclosure/detail?stockCode=605111&announcementId=1212632957&orgId=gfbj0838147&announcementTime=2022-03-22,2022-03-23,2022-06-23,-0.055282
605117,德业股份,2021,2022-04-21,宁波德业科技股份有限公司2021年度报告全文,http://www.cninfo.com.cn/new/disclosure/detail?stockCode=605117&announcementId=1212999292&orgId=9900039788&announcementTime=2022-04-21,2022-04-22,2022-07-21,1.294256
605118,力鼎光电,2021,2022-04-26,力鼎光电2021年年度报告,http://www.cninfo.com.cn/new/disclosure/detail?stockCode=605118&announcementId=1213099226&orgId=9900039790&announcementTime=2022-04-26,2022-04-27,2022-07-26,0.309074
605122,四方新材,2021,2022-04-23,重庆四方新材股份有限公司2021年年度报告,http://www.cninfo.com.cn/new/disclosure/detail?stockCode=605122&announcementId=1213053269&orgId=9900039751&announcementTime=2022-04-23,2022-04-25,2022-07-22,0.104023
605123,派克新材,2021,2022-03-16,派克新材2021年年度报告全文,http://www.cninfo.com.cn/new/disclosure/detail?stockCode=605123&announcementId=1212581108&orgId=9900039842&announcementTime=2022-03-16,2022-03-17,2022-06-17,-0.140069
605133,嵘泰股份,2021,2022-04-30,嵘泰股份2021年年度报告,http://www.cninfo.com.cn/new/disclosure/detail?stockCode=605133&announcementId=1213272883&orgId=9900039741&announcementTime=2022-04-30,2022-05-05,2022-07-29,1.259715
605136,丽人丽妆,2021,2022-03-03,上海丽人丽妆化妆品股份有限公司2021年年度报告,http://www.cninfo.com.cn/new/disclosure/detail?stockCode=605136&announcementId=1212493504&orgId=9900033670&announcementTime=2022-03-03,2022-03-04,2022-06-06,-0.222114
605138,盛泰集团,2021,2022-04-19,2021年年度报告,http://www.cninfo.com.cn/new/disclosure/detail?stockCode=605138&announcementId=1212959626&orgId=9900041910&announcementTime=2022-04-19,2022-04-20,2022-07-19,0.121521
605151,西上海,2021,2022-04-30,西上海2021年年度报告,http://www.cninfo.com.cn/new/disclosure/detail?stockCode=605151&announcementId=1213272905&orgId=9900032989&announcementTime=2022-04-30,2022-05-05,2022-07-29,0.228316
605155,西大门,2021,2022-04-08,2021年年度报告,http://www.cninfo.com.cn/new/disclosure/detail?stockCode=605155&announcementId=1212839203&orgId=9900039759&announcementTime=2022-04-08,2022-04-11,2022-07-08,-0.015858
605158,华达新材,2021,2022-04-22,浙江华达新型材料股份有限公司2021年年度报告,http://www.cninfo.com.cn/new/disclosure/detail?stockCode=605158&announcementId=1213020158&orgId=9900034523&announcementTime=2022-04-22,2022-04-25,2022-07-22,0.022857
605162,新中港,2021,2022-03-31,浙江新中港热电股份有限公司2021年年度报告,http://www.cninfo.com.cn/new/disclosure/detail?stockCode=605162&announcementId=1212742087&orgId=9900039948&announcementTime=2022-03-31,2022-04-01,2022-07-04,0.067327
605166,聚合顺,2021,2022-03-29,杭州聚合顺新材料股份有限公司2021年年度报告,http://www.cninfo.com.cn/new/disclosure/detail?stockCode=605166&announcementId=1212707992&orgId=gfbj0870755&announcementTime=2022-03-29,2022-03-30,2022-06-30,-0.003037
605167,利柏特,2021,2022-04-30,2021年年度报告,http://www.cninfo.com.cn/new/disclosure/detail?stockCode=605167&announcementId=1213272946&orgId=nssc1000345&announcementTime=2022-04-30,2022-05-05,2022-07-29,0.127199
605168,三人行,2021,2022-04-09,三人行：2021年年度报告全文,http://www.cninfo.com.cn/new/disclosure/detail?stockCode=605168&announcementId=1212854510&orgId=gfbj0832288&announcementTime=2022-04-09,2022-04-11,2022-07-08,-0.125303
605177,东亚药业,2021,2022-04-01,东亚药业2021年年度报告,http://www.cninfo.com.cn/new/disclosure/detail?stockCode=605177&announcementId=1212763865&orgId=9900039857&announcementTime=2022-04-01,2022-04-06,2022-07-05,-0.1456
605169,洪通燃气,2021,2022-03-30,新疆洪通燃气股份有限公司2021年年度报告,http://www.cninfo.com.cn/new/disclosure/detail?stockCode=605169&announcementId=1212725781&orgId=9900039840&announcementTime=2022-03-30,2022-03-31,2022-07-01,0.007587
605179,一鸣食品,2021,2022-04-23,一鸣食品2021年年度报告,http://www.cninfo.com.cn/new/disclosure/detail?stockCode=605179&announcementId=1213056816&orgId=9900039760&announcementTime=2022-04-23,2022-04-25,2022-07-22,-0.045647
605178,时空科技,2021,2022-04-22,2021年年度报告,http://www.cninfo.com.cn/new/disclosure/detail?stockCode=605178&announcementId=1213027641&orgId=9900035580&announcementTime=2022-04-22,2022-04-25,2022-07-22,-0.085193
605180,华生科技,2021,2022-04-26,2021年年度报告,http://www.cninfo.com.cn/new/disclosure/detail?stockCode=605180&announcementId=1213099256&orgId=9900039860&announcementTime=2022-04-26,2022-04-27,2022-07-26,0.15
605183,确成股份,2021,2022-04-22,2021年年度报告,http://www.cninfo.com.cn/new/disclosure/detail?stockCode=605183&announcementId=1213020914&orgId=gfbj0833656&announcementTime=2022-04-22,2022-04-25,2022-07-22,0.298517
605186,健麾信息,2021,2022-04-30,2021年年度报告,http://www.cninfo.com.cn/new/disclosure/detail?stockCode=605186&announcementId=1213249969&orgId=9900039753&announcementTime=2022-04-30,2022-05-05,2022-07-29,0.336726
605188,国光连锁,2021,2022-04-28,江西国光商业连锁股份有限公司2021年年度报告,http://www.cninfo.com.cn/new/disclosure/detail?stockCode=605188&announcementId=1213179169&orgId=9900039746&announcementTime=2022-04-28,2022-04-29,2022-07-28,0.19084
605196,华通线缆,2021,2022-04-18,华通线缆2021年度报告,http://www.cninfo.com.cn/new/disclosure/detail?stockCode=605196&announcementId=1212951550&orgId=gfbj0837020&announcementTime=2022-04-18,2022-04-19,2022-07-18,0.003571
605189,富春染织,2021,2022-03-01,富春染织2021年年度报告,http://www.cninfo.com.cn/new/disclosure/detail?stockCode=605189&announcementId=1212469931&orgId=gfbj0870898&announcementTime=2022-03-01,2022-03-02,2022-06-01,-0.20924
605198,安德利,2021,2022-03-31,德利股份：2021年年度报告,http://www.cninfo.com.cn/new/disclosure/detail?stockCode=605198&announcementId=1212750571&orgId=gshk0008259&announcementTime=2022-03-31,2022-04-01,2022-07-04,0.084574
605199,ST葫芦娃,2021,2022-04-28,海南葫芦娃药业集团股份有限公司2021年年度报告,http://www.cninfo.com.cn/new/disclosure/detail?stockCode=605199&announcementId=1213179207&orgId=9900039731&announcementTime=2022-04-28,2022-04-29,2022-07-28,0.131007
605208,永茂泰,2021,2022-03-11,永茂泰2021年年度报告,http://www.cninfo.com.cn/new/disclosure/detail?stockCode=605208&announcementId=1212540844&orgId=9900039946&announcementTime=2022-03-11,2022-03-14,2022-06-14,0.116933
605218,伟时电子,2021,2022-04-26,伟时电子股份有限公司2021年年度报告,http://www.cninfo.com.cn/new/disclosure/detail?stockCode=605218&announcementId=1213099330&orgId=9900039725&announcementTime=2022-04-26,2022-04-27,2022-07-26,0.344468
605222,起帆电缆,2021,2022-04-15,起帆电缆2021年年度报告,http://www.cninfo.com.cn/new/disclosure/detail?stockCode=605222&announcementId=1212921988&orgId=9900039833&announcementTime=2022-04-15,2022-04-18,2022-07-15,0.25
605228,神通科技,2021,2022-04-29,2021年年度报告,http://www.cninfo.com.cn/new/disclosure/detail?stockCode=605228&announcementId=1213220651&orgId=9900039800&announcementTime=2022-04-29,2022-05-05,2022-07-29,0.244898
605255,天普股份,2021,2022-04-28,天普股份2021年年度报告,http://www.cninfo.com.cn/new/disclosure/detail?stockCode=605255&announcementId=1213179249&orgId=9900039799&announcementTime=2022-04-28,2022-04-29,2022-07-28,0.358491
605258,协和电子,2021,2022-04-12,江苏协和电子股份有限公司2021年年度报告,http://www.cninfo.com.cn/new/disclosure/detail?stockCode=605258&announcementId=1212884302&orgId=gfbj0870554&announcementTime=2022-04-12,2022-04-13,2022-07-12,0.084599
605259,绿田机械,2021,2022-04-28,绿田机械2021年年度报告,http://www.cninfo.com.cn/new/disclosure/detail?stockCode=605259&announcementId=1213179260&orgId=9900041944&announcementTime=2022-04-28,2022-04-29,2022-07-28,0.190945
605266,健之佳,2021,2022-04-28,2021年度报告,http://www.cninfo.com.cn/new/disclosure/detail?stockCode=605266&announcementId=1213174002&orgId=9900035301&announcementTime=2022-04-28,2022-04-29,2022-07-28,0.131433
605277,新亚电子,2021,2022-03-29,新亚电子股份有限公司2021年年度报告,http://www.cninfo.com.cn/new/disclosure/detail?stockCode=605277&announcementId=1212707352&orgId=9900039816&announcementTime=2022-03-29,2022-03-30,2022-06-30,0.13153
605268,王力安防,2021,2022-04-22,王力安防2021年度报告,http://www.cninfo.com.cn/new/disclosure/detail?stockCode=605268&announcementId=1213020316&orgId=9900039804&announcementTime=2022-04-22,2022-04-25,2022-07-22,0.074223
605287,德才股份,2021,2022-04-28,德才股份2021年年度报告,http://www.cninfo.com.cn/new/disclosure/detail?stockCode=605287&announcementId=1213179294&orgId=9900041678&announcementTime=2022-04-28,2022-04-29,2022-07-28,0.18277
605286,同力天启,2021,2022-03-19,同力日升2021年年度报告,http://www.cninfo.com.cn/new/disclosure/detail?stockCode=605286&announcementId=1212628113&orgId=9900040546&announcementTime=2022-03-19,2022-03-21,2022-06-21,0.281074
605288,凯迪股份,2021,2022-04-28,常州市凯迪电器股份有限公司2021年年度报告全文,http://www.cninfo.com.cn/new/disclosure/detail?stockCode=605288&announcementId=1213165430&orgId=9900038386&announcementTime=2022-04-28,2022-04-29,2022-07-28,0.2925
605296,神农集团,2021,2022-04-22,云南神农农业产业集团股份有限公司2021年年度报告,http://www.cninfo.com.cn/new/disclosure/detail?stockCode=605296&announcementId=1213029462&orgId=9900033227&announcementTime=2022-04-22,2022-04-25,2022-07-22,0.043726
605289,罗曼股份,2021,2022-04-26,罗曼股份：2021年年度报告,http://www.cninfo.com.cn/new/disclosure/detail?stockCode=605289&announcementId=1213101189&orgId=gfbj0430662&announcementTime=2022-04-26,2022-04-27,2022-07-26,0.241195
605298,必得科技,2021,2022-04-21,江苏必得科技股份有限公司2021年年度报告正文,http://www.cninfo.com.cn/new/disclosure/detail?stockCode=605298&announcementId=1213004736&orgId=gfbj0833643&announcementTime=2022-04-21,2022-04-22,2022-07-21,0.15948
605299,舒华体育,2021,2022-03-11,舒华体育股份有限公司2021年年度报告,http://www.cninfo.com.cn/new/disclosure/detail?stockCode=605299&announcementId=1212540677&orgId=gfbj0839064&announcementTime=2022-03-11,2022-03-14,2022-06-14,-0.163807
605303,园林股份,2021,2022-04-28,2021年年度报告,http://www.cninfo.com.cn/new/disclosure/detail?stockCode=605303&announcementId=1213174050&orgId=9900031489&announcementTime=2022-04-28,2022-04-29,2022-07-28,0.096257
605300,佳禾食品,2021,2022-04-29,佳禾食品工业股份有限公司2021年年度报告,http://www.cninfo.com.cn/new/disclosure/detail?stockCode=605300&announcementId=1213226004&orgId=9900041607&announcementTime=2022-04-29,2022-05-05,2022-07-29,0.064565
605305,中际联合,2021,2022-04-15,中际联合2021年年度报告,http://www.cninfo.com.cn/new/disclosure/detail?stockCode=605305&announcementId=1212923485&orgId=gfbj0831344&announcementTime=2022-04-15,2022-04-18,2022-07-15,0.430495
605318,法狮龙,2021,2022-04-29,法狮龙家居建材股份有限公司2021年年度报告,http://www.cninfo.com.cn/new/disclosure/detail?stockCode=605318&announcementId=1213207625&orgId=9900039809&announcementTime=2022-04-29,2022-05-05,2022-07-29,0.171864
605333,沪光股份,2021,2022-04-29,2021年年度报告,http://www.cninfo.com.cn/new/disclosure/detail?stockCode=605333&announcementId=1213226040&orgId=9900038389&announcementTime=2022-04-29,2022-05-05,2022-07-29,0.813243
605319,无锡振华,2021,2022-04-30,2021年年度报告,http://www.cninfo.com.cn/new/disclosure/detail?stockCode=605319&announcementId=1213272986&orgId=9900039945&announcementTime=2022-04-30,2022-05-05,2022-08-08,0.218548
605336,帅丰电器,2021,2022-04-14,浙江帅丰电器股份有限公司2021年年度报告全文,http://www.cninfo.com.cn/new/disclosure/detail?stockCode=605336&announcementId=1212914469&orgId=9900039798&announcementTime=2022-04-14,2022-04-15,2022-07-14,0.055957
605337,李子园,2021,2022-04-19,浙江李子园食品股份有限公司2021年年度报告,http://www.cninfo.com.cn/new/disclosure/detail?stockCode=605337&announcementId=1212958613&orgId=9900039750&announcementTime=2022-04-19,2022-04-20,2022-07-19,0.039725
605338,巴比食品,2021,2022-04-09,2021年年度报告,http://www.cninfo.com.cn/new/disclosure/detail?stockCode=605338&announcementId=1212858280&orgId=9900039853&announcementTime=2022-04-09,2022-04-11,2022-07-08,0.004417
605339,南侨食品,2021,2022-03-15,南侨食品集团（上海）股份有限公司2021年年度报告,http://www.cninfo.com.cn/new/disclosure/detail?stockCode=605339&announcementId=1212564649&orgId=9900037308&announcementTime=2022-03-15,2022-03-16,2022-06-16,-0.094224
605358,立昂微,2021,2022-03-10,立昂微2021年年度报告,http://www.cninfo.com.cn/new/disclosure/detail?stockCode=605358&announcementId=1212534062&orgId=9900038308&announcementTime=2022-03-10,2022-03-11,2022-06-13,-0.139218
605365,立达信,2021,2022-04-26,2021年年度报告,http://www.cninfo.com.cn/new/disclosure/detail?stockCode=605365&announcementId=1213103544&orgId=nssc1000221&announcementTime=2022-04-26,2022-04-27,2022-07-26,0.377125
605366,宏柏新材,2021,2022-04-22,江西宏柏新材料股份有限公司2021年年度报告,http://www.cninfo.com.cn/new/disclosure/detail?stockCode=605366&announcementId=1213023504&orgId=9900039786&announcementTime=2022-04-22,2022-04-25,2022-07-22,0.935661
605368,蓝天燃气,2021,2022-03-23,蓝天燃气2021年年度报告,http://www.cninfo.com.cn/new/disclosure/detail?stockCode=605368&announcementId=1212644652&orgId=9900023971&announcementTime=2022-03-23,2022-03-24,2022-06-27,0.066667
605376,博迁新材,2021,2022-04-12,江苏博迁新材料股份有限公司2021年年度报告,http://www.cninfo.com.cn/new/disclosure/detail?stockCode=605376&announcementId=1212885801&orgId=gfbj0871363&announcementTime=2022-04-12,2022-04-13,2022-07-12,0.173619
605369,拱东医疗,2021,2022-04-18,拱东医疗：2021年年度报告,http://www.cninfo.com.cn/new/disclosure/detail?stockCode=605369&announcementId=1212951564&orgId=9900039863&announcementTime=2022-04-18,2022-04-19,2022-07-18,0.004981
605377,华旺科技,2021,2022-04-27,杭州华旺新材料科技股份有限公司2021年年度报告,http://www.cninfo.com.cn/new/disclosure/detail?stockCode=605377&announcementId=1213132066&orgId=gfbj0832514&announcementTime=2022-04-27,2022-04-28,2022-07-27,0.362974
605378,野马电池,2021,2022-04-28,浙江野马电池股份有限公司2021年年度报告,http://www.cninfo.com.cn/new/disclosure/detail?stockCode=605378&announcementId=1213160551&orgId=9900039787&announcementTime=2022-04-28,2022-04-29,2022-07-28,0.443469
605388,均瑶健康,2021,2022-04-20,湖北均瑶大健康饮品股份有限公司2021年年度报告,http://www.cninfo.com.cn/new/disclosure/detail?stockCode=605388&announcementId=1212984446&orgId=9900039814&announcementTime=2022-04-20,2022-04-21,2022-07-20,-0.205454
605389,长龄液压,2021,2022-04-20,江苏长龄液压股份有限公司2021年年度报告,http://www.cninfo.com.cn/new/disclosure/detail?stockCode=605389&announcementId=1212978480&orgId=9900039835&announcementTime=2022-04-20,2022-04-21,2022-07-20,0.005359
605399,晨光新材,2021,2022-04-23,晨光新材2021年年度报告,http://www.cninfo.com.cn/new/disclosure/detail?stockCode=605399&announcementId=1213051650&orgId=9900039742&announcementTime=2022-04-23,2022-04-25,2022-07-22,0.24859
605398,新炬网络,2021,2022-04-13,上海新炬网络信息技术股份有限公司2021年年度报告,http://www.cninfo.com.cn/new/disclosure/detail?stockCode=605398&announcementId=1212897215&orgId=9900039824&announcementTime=2022-04-13,2022-04-14,2022-07-13,-0.02923
605488,福莱新材,2021,2022-03-31,福莱新材2021年年度报告,http://www.cninfo.com.cn/new/disclosure/detail?stockCode=605488&announcementId=1212741005&orgId=nssc1000227&announcementTime=2022-03-31,2022-04-01,2022-07-04,-0.098549
605499,东鹏饮料,2021,2022-02-28,东鹏饮料（集团）股份有限公司2021年年度报告,http://www.cninfo.com.cn/new/disclosure/detail?stockCode=605499&announcementId=1212462995&orgId=9900041766&announcementTime=2022-02-28,2022-03-01,2022-05-31,-0.150421
605500,森林包装,2021,2022-04-26,森林包装集团股份有限公司2021年年度报告,http://www.cninfo.com.cn/new/disclosure/detail?stockCode=605500&announcementId=1213099345&orgId=9900039734&announcementTime=2022-04-26,2022-04-27,2022-07-26,0.155099
605507,国邦医药,2021,2022-04-16,国邦医药2021年年度报告,http://www.cninfo.com.cn/new/disclosure/detail?stockCode=605507&announcementId=1212942695&orgId=nssc1000172&announcementTime=2022-04-16,2022-04-18,2022-07-15,-0.126689
605555,德昌股份,2021,2022-04-15,宁波德昌电机股份有限公司2021年年度报告,http://www.cninfo.com.cn/new/disclosure/detail?stockCode=605555&announcementId=1212923505&orgId=nssc1000733&announcementTime=2022-04-15,2022-04-18,2022-07-15,0.186424
605566,福莱蒽特,2021,2022-04-30,杭州福莱蒽特股份有限公司2021年年度报告,http://www.cninfo.com.cn/new/disclosure/detail?stockCode=605566&announcementId=1213250850&orgId=nssc1000534&announcementTime=2022-04-30,2022-05-05,2022-07-29,0.169802
605567,春雪食品,2021,2022-04-29,春雪食品集团股份有限公司2021年年度报告,http://www.cninfo.com.cn/new/disclosure/detail?stockCode=605567&announcementId=1213226066&orgId=nssc1000786&announcementTime=2022-04-29,2022-05-05,2022-07-29,0.014915
605577,龙版传媒,2021,2022-04-26,龙版传媒2021年年度报告,http://www.cninfo.com.cn/new/disclosure/detail?stockCode=605577&announcementId=1213121602&orgId=nssc1000394&announcementTime=2022-04-26,2022-04-27,2022-07-26,0.141404
605580,恒盛能源,2021,2022-04-26,恒盛能源股份有限公司2021年年度报告,http://www.cninfo.com.cn/new/disclosure/detail?stockCode=605580&announcementId=1213103575&orgId=gfbj0872062&announcementTime=2022-04-26,2022-04-27,2022-07-26,0.250681
605588,冠石科技,2021,2022-04-26,2021年年度报告,http://www.cninfo.com.cn/new/disclosure/detail?stockCode=605588&announcementId=1213099399&orgId=nssc1000573&announcementTime=2022-04-26,2022-04-27,2022-07-26,0.202063
605589,圣泉集团,2021,2022-04-19,圣泉集团2021年年度报告,http://www.cninfo.com.cn/new/disclosure/detail?stockCode=605589&announcementId=1212964100&orgId=9900028008&announcementTime=2022-04-19,2022-04-20,2022-07-19,-0.082261
605598,上海港湾,2021,2022-04-30,上海港湾2021年年度报告,http://www.cninfo.com.cn/new/disclosure/detail?stockCode=605598&announcementId=1213273033&orgId=nssc1000167&announcementTime=2022-04-30,2022-05-05,2022-07-29,-0.186364
605599,菜百股份,2021,2022-04-27,北京菜市口百货股份有限公司2021年年度报告,http://www.cninfo.com.cn/new/disclosure/detail?stockCode=605599&announcementId=1213140833&orgId=nssc1000538&announcementTime=2022-04-27,2022-04-28,2022-07-27,0.123732
688001,华兴源创,2021,2022-04-15,华兴源创：2021年年度报告,http://www.cninfo.com.cn/new/disclosure/detail?stockCode=688001&announcementId=1212917704&orgId=9900038969&announcementTime=2022-04-15,2022-04-18,2022-07-15,0.210393
688002,睿创微纳,2021,2022-03-31,睿创微纳2021年年度报告,http://www.cninfo.com.cn/new/disclosure/detail?stockCode=688002&announcementId=1212750602&orgId=9900038939&announcementTime=2022-03-31,2022-04-01,2022-07-04,-0.136903
688004,博汇科技,2021,2022-04-12,博汇科技2021年年度报告,http://www.cninfo.com.cn/new/disclosure/detail?stockCode=688004&announcementId=1212881779&orgId=gfbj0871038&announcementTime=2022-04-12,2022-04-13,2022-07-12,-0.181379
688003,天准科技,2021,2022-04-15,2021年年度报告,http://www.cninfo.com.cn/new/disclosure/detail?stockCode=688003&announcementId=1212922102&orgId=gfbj0833231&announcementTime=2022-04-15,2022-04-18,2022-07-15,0.218904
688005,容百科技,2021,2022-03-30,2021年年度报告,http://www.cninfo.com.cn/new/disclosure/detail?stockCode=688005&announcementId=1212731123&orgId=9900038937&announcementTime=2022-03-30,2022-03-31,2022-07-01,-0.050836
688006,杭可科技,2021,2022-04-30,杭可科技2021年年度报告,http://www.cninfo.com.cn/new/disclosure/detail?stockCode=688006&announcementId=1213273075&orgId=9900037551&announcementTime=2022-04-30,2022-05-05,2022-07-29,0.701917
688007,光峰科技,2021,2022-04-27,2021年年度报告,http://www.cninfo.com.cn/new/disclosure/detail?stockCode=688007&announcementId=1213147099&orgId=9900038970&announcementTime=2022-04-27,2022-04-28,2022-07-27,0.754098
688008,澜起科技,2021,2022-04-29,澜起科技2021年年度报告,http://www.cninfo.com.cn/new/disclosure/detail?stockCode=688008&announcementId=1213226085&orgId=9900039002&announcementTime=2022-04-29,2022-05-05,2022-07-29,-0.025312
688009,中国通号,2021,2022-03-28,2021年年度报告,http://www.cninfo.com.cn/new/disclosure/detail?stockCode=688009&announcementId=1212699030&orgId=9900030958&announcementTime=2022-03-28,2022-03-29,2022-06-29,0.020964
688010,福光股份,2021,2022-04-30,2021年年度报告,http://www.cninfo.com.cn/new/disclosure/detail?stockCode=688010&announcementId=1213273120&orgId=9900038992&announcementTime=2022-04-30,2022-05-05,2022-07-29,0.193154
688011,新光光电,2021,2022-04-28,哈尔滨新光光电科技股份有限公司2021年年度报告,http://www.cninfo.com.cn/new/disclosure/detail?stockCode=688011&announcementId=1213179342&orgId=9900038995&announcementTime=2022-04-28,2022-04-29,2022-07-28,0.354787
688012,中微公司,2021,2022-03-31,2021年年度报告,http://www.cninfo.com.cn/new/disclosure/detail?stockCode=688012&announcementId=1212747275&orgId=9900038991&announcementTime=2022-03-31,2022-04-01,2022-07-04,-0.043534
688013,天臣医疗,2021,2022-04-29,天臣医疗2021年年度报告,http://www.cninfo.com.cn/new/disclosure/detail?stockCode=688013&announcementId=1213226135&orgId=nssc1000493&announcementTime=2022-04-29,2022-05-05,2022-07-29,0.126623
688015,交控科技,2021,2022-04-08,交控科技股份有限公司2021年年度报告,http://www.cninfo.com.cn/new/disclosure/detail?stockCode=688015&announcementId=1212839251&orgId=9900038993&announcementTime=2022-04-08,2022-04-11,2022-07-08,-0.151311
688016,心脉医疗,2021,2022-03-30,心脉医疗：2021年年度报告,http://www.cninfo.com.cn/new/disclosure/detail?stockCode=688016&announcementId=1212725538&orgId=9900039142&announcementTime=2022-03-30,2022-03-31,2022-07-01,-0.095351
688017,绿的谐波,2021,2022-04-23,2021年年度报告,http://www.cninfo.com.cn/new/disclosure/detail?stockCode=688017&announcementId=1213055019&orgId=9900041602&announcementTime=2022-04-23,2022-04-25,2022-07-22,1.823393
688018,乐鑫科技,2021,2022-03-11,乐鑫科技2021年年度报告,http://www.cninfo.com.cn/new/disclosure/detail?stockCode=688018&announcementId=1212540863&orgId=9900039017&announcementTime=2022-03-11,2022-03-14,2022-06-14,-0.321107
688020,方邦股份,2021,2022-02-17,广州方邦电子股份有限公司2021年年度报告,http://www.cninfo.com.cn/new/disclosure/detail?stockCode=688020&announcementId=1212386783&orgId=9900033190&announcementTime=2022-02-17,2022-02-18,2022-05-20,-0.457255
688019,安集科技,2021,2022-04-15,2021年年度报告,http://www.cninfo.com.cn/new/disclosure/detail?stockCode=688019&announcementId=1212922136&orgId=9900038987&announcementTime=2022-04-15,2022-04-18,2022-07-15,0.124102
688021,奥福科技,2021,2022-02-26,山东奥福环保科技股份有限公司2021年年度报告,http://www.cninfo.com.cn/new/disclosure/detail?stockCode=688021&announcementId=1212459437&orgId=9900039287&announcementTime=2022-02-26,2022-02-28,2022-05-30,-0.4998
688022,瀚川智能,2021,2022-04-27,2021年年度报告,http://www.cninfo.com.cn/new/disclosure/detail?stockCode=688022&announcementId=1213142052&orgId=9900039049&announcementTime=2022-04-27,2022-04-28,2022-07-27,1.013238
688025,杰普特,2021,2022-03-31,深圳市杰普特光电股份有限公司2021年年度报告,http://www.cninfo.com.cn/new/disclosure/detail?stockCode=688025&announcementId=1212754851&orgId=gfbj0870105&announcementTime=2022-03-31,2022-04-01,2022-07-04,0.079709
688023,安恒信息,2021,2022-04-23,2021年年度报告,http://www.cninfo.com.cn/new/disclosure/detail?stockCode=688023&announcementId=1213062710&orgId=9900039124&announcementTime=2022-04-23,2022-04-25,2022-07-22,0.098666
688026,洁特生物,2021,2022-04-30,2021年年度报告,http://www.cninfo.com.cn/new/disclosure/detail?stockCode=688026&announcementId=1213273145&orgId=gfbj0834589&announcementTime=2022-04-30,2022-05-05,2022-07-29,0.250155
688027,国盾量子,2021,2022-04-26,国盾量子2021年年度报告（全文）,http://www.cninfo.com.cn/new/disclosure/detail?stockCode=688027&announcementId=1213106207&orgId=9900038967&announcementTime=2022-04-26,2022-04-27,2022-07-26,0.337923
688028,沃尔德,2021,2022-04-20,2021年年度报告,http://www.cninfo.com.cn/new/disclosure/detail?stockCode=688028&announcementId=1212977551&orgId=9900039154&announcementTime=2022-04-20,2022-04-21,2022-07-20,0.220128
688029,南微医学,2021,2022-04-26,2021年度报告全文,http://www.cninfo.com.cn/new/disclosure/detail?stockCode=688029&announcementId=1213106253&orgId=gfbj0834229&announcementTime=2022-04-26,2022-04-27,2022-07-26,0.339937
688030,山石网科,2021,2022-04-27,山石网科通信技术股份有限公司2021年年度报告,http://www.cninfo.com.cn/new/disclosure/detail?stockCode=688030&announcementId=1213136262&orgId=9900039126&announcementTime=2022-04-27,2022-04-28,2022-07-27,0.206936
688032,禾迈股份,2021,2022-04-20,禾迈股份2021年年度报告,http://www.cninfo.com.cn/new/disclosure/detail?stockCode=688032&announcementId=1212979336&orgId=9900046513&announcementTime=2022-04-20,2022-04-21,2022-07-20,1.146949
688033,天宜新材,2021,2022-04-08,北京天宜上佳高新材料股份有限公司2021年年度报告,http://www.cninfo.com.cn/new/disclosure/detail?stockCode=688033&announcementId=1212840261&orgId=9900039155&announcementTime=2022-04-08,2022-04-11,2022-07-08,0.227928
688036,传音控股,2021,2022-04-26,传音控股2021年年度报告,http://www.cninfo.com.cn/new/disclosure/detail?stockCode=688036&announcementId=1213121624&orgId=9900038988&announcementTime=2022-04-26,2022-04-27,2022-07-26,-0.077309
688037,芯源微,2021,2022-03-10,芯源微2021年年度报告,http://www.cninfo.com.cn/new/disclosure/detail?stockCode=688037&announcementId=1212534414&orgId=9900039964&announcementTime=2022-03-10,2022-03-11,2022-06-13,-0.101535
688038,中科通达,2021,2022-04-22,2021年年度报告,http://www.cninfo.com.cn/new/disclosure/detail?stockCode=688038&announcementId=1213018593&orgId=9900024458&announcementTime=2022-04-22,2022-04-25,2022-07-22,-0.046209
688039,当虹科技,2021,2022-04-16,杭州当虹科技股份有限公司2021年年度报告,http://www.cninfo.com.cn/new/disclosure/detail?stockCode=688039&announcementId=1212940584&orgId=9900038989&announcementTime=2022-04-16,2022-04-18,2022-07-15,-0.135019
688049,炬芯科技,2021,2022-04-25,炬芯科技2021年年度报告,http://www.cninfo.com.cn/new/disclosure/detail?stockCode=688049&announcementId=1213086955&orgId=9900046620&announcementTime=2022-04-25,2022-04-26,2022-07-25,0.178105
688051,佳华科技,2021,2022-04-30,佳华科技2021年年度报告全文,http://www.cninfo.com.cn/new/disclosure/detail?stockCode=688051&announcementId=1213274121&orgId=9900039347&announcementTime=2022-04-30,2022-05-05,2022-07-29,0.243607
688050,爱博医疗,2021,2022-03-31,688050爱博医疗 2021年年度报告,http://www.cninfo.com.cn/new/disclosure/detail?stockCode=688050&announcementId=1212741059&orgId=9900042736&announcementTime=2022-03-31,2022-04-01,2022-07-04,0.377716
688056,莱伯泰科,2021,2022-04-26,2021年年度报告,http://www.cninfo.com.cn/new/disclosure/detail?stockCode=688056&announcementId=1213121666&orgId=9900031826&announcementTime=2022-04-26,2022-04-27,2022-07-26,0.227941
688055,龙腾光电,2021,2022-04-18,龙腾光电2021年年度报告,http://www.cninfo.com.cn/new/disclosure/detail?stockCode=688055&announcementId=1212951607&orgId=fzqy1056458&announcementTime=2022-04-18,2022-04-19,2022-07-18,-0.069343
688058,宝兰德,2021,2022-04-29,北京宝兰德软件股份有限公司2021年年度报告,http://www.cninfo.com.cn/new/disclosure/detail?stockCode=688058&announcementId=1213226149&orgId=9900032882&announcementTime=2022-04-29,2022-05-05,2022-07-29,0.262599
688057,金达莱,2021,2022-03-26,2021年年度报告,http://www.cninfo.com.cn/new/disclosure/detail?stockCode=688057&announcementId=1212687268&orgId=gfbj0830777&announcementTime=2022-03-26,2022-03-28,2022-06-28,0.073843
688060,云涌科技,2021,2022-04-15,云涌科技2021年年度报告,http://www.cninfo.com.cn/new/disclosure/detail?stockCode=688060&announcementId=1212923827&orgId=9900033204&announcementTime=2022-04-15,2022-04-18,2022-07-15,0.18351
688059,华锐精密,2021,2022-03-18,2021年年度报告,http://www.cninfo.com.cn/new/disclosure/detail?stockCode=688059&announcementId=1212606831&orgId=9900041578&announcementTime=2022-03-18,2022-03-21,2022-06-21,-0.017503
688062,迈威生物,2021,2022-04-21,迈威生物2021年年度报告,http://www.cninfo.com.cn/new/disclosure/detail?stockCode=688062&announcementId=1213001888&orgId=nssc1000843&announcementTime=2022-04-21,2022-04-22,2022-07-21,0.024194
688063,派能科技,2021,2022-04-08,上海派能能源科技股份有限公司2021年年度报告,http://www.cninfo.com.cn/new/disclosure/detail?stockCode=688063&announcementId=1212838956&orgId=fzqy1027385&announcementTime=2022-04-08,2022-04-11,2022-07-08,2.111489
688066,航天宏图,2021,2022-04-28,2021年年度报告,http://www.cninfo.com.cn/new/disclosure/detail?stockCode=688066&announcementId=1213174409&orgId=fzqy1026111&announcementTime=2022-04-28,2022-04-29,2022-07-28,0.31061
688065,凯赛生物,2021,2022-04-07,2021年年度报告,http://www.cninfo.com.cn/new/disclosure/detail?stockCode=688065&announcementId=1212827635&orgId=9900042737&announcementTime=2022-04-07,2022-04-08,2022-07-07,0.045323
688067,爱威科技,2021,2022-04-28,爱威科技2021年年度报告,http://www.cninfo.com.cn/new/disclosure/detail?stockCode=688067&announcementId=1213160567&orgId=gfbj0831895&announcementTime=2022-04-28,2022-04-29,2022-07-28,0.051471
688068,热景生物,2021,2022-04-28,北京热景生物技术股份有限公司2021年度报告,http://www.cninfo.com.cn/new/disclosure/detail?stockCode=688068&announcementId=1213179417&orgId=9900039048&announcementTime=2022-04-28,2022-04-29,2022-07-28,-0.252394
688069,德林海,2021,2022-04-27,德林海2021年年度报告,http://www.cninfo.com.cn/new/disclosure/detail?stockCode=688069&announcementId=1213133603&orgId=9900039471&announcementTime=2022-04-27,2022-04-28,2022-07-27,0.491612
688070,纵横股份,2021,2022-04-30,2021年年度报告,http://www.cninfo.com.cn/new/disclosure/detail?stockCode=688070&announcementId=1213273209&orgId=9900041841&announcementTime=2022-04-30,2022-05-05,2022-07-29,1.601666
688071,华依科技,2021,2022-04-30,上海华依科技集团股份有限公司2021年年度报告,http://www.cninfo.com.cn/new/disclosure/detail?stockCode=688071&announcementId=1213273255&orgId=nssc1000336&announcementTime=2022-04-30,2022-05-05,2022-07-29,1.024653
688075,安旭生物,2021,2022-04-28,安旭生物2021年年度报告,http://www.cninfo.com.cn/new/disclosure/detail?stockCode=688075&announcementId=1213165516&orgId=nssc1000391&announcementTime=2022-04-28,2022-04-29,2022-07-28,-0.046391
688077,大地熊,2021,2022-03-22,大地熊2021年年度报告,http://www.cninfo.com.cn/new/disclosure/detail?stockCode=688077&announcementId=1212631419&orgId=9900035313&announcementTime=2022-03-22,2022-03-23,2022-06-23,-0.051151
688076,ST诺泰,2021,2022-04-28,诺泰生物：2021年年度报告,http://www.cninfo.com.cn/new/disclosure/detail?stockCode=688076&announcementId=1213174423&orgId=gfbj0835572&announcementTime=2022-04-28,2022-04-29,2022-07-28,0.034025
688078,龙软科技,2021,2022-03-29,北京龙软科技股份有限公司2021年年度报告,http://www.cninfo.com.cn/new/disclosure/detail?stockCode=688078&announcementId=1212709729&orgId=9900024805&announcementTime=2022-03-29,2022-03-30,2022-06-30,0.228655
688079,美迪凯,2021,2022-04-22,杭州美迪凯光电科技股份有限公司2021年年度报告,http://www.cninfo.com.cn/new/disclosure/detail?stockCode=688079&announcementId=1213020629&orgId=nssc1000423&announcementTime=2022-04-22,2022-04-25,2022-07-22,0.00661
688080,映翰通,2021,2022-04-26,2021年度报告,http://www.cninfo.com.cn/new/disclosure/detail?stockCode=688080&announcementId=1213109791&orgId=gfbj0430642&announcementTime=2022-04-26,2022-04-27,2022-07-26,0.262982
688081,兴图新科,2021,2022-04-29,2021年年度报告,http://www.cninfo.com.cn/new/disclosure/detail?stockCode=688081&announcementId=1213226176&orgId=9900039664&announcementTime=2022-04-29,2022-05-05,2022-07-29,0.286713
688082,盛美上海,2021,2022-03-02,2021年年度报告,http://www.cninfo.com.cn/new/disclosure/detail?stockCode=688082&announcementId=1212482273&orgId=nssc1000455&announcementTime=2022-03-02,2022-03-03,2022-06-02,-0.061098
688083,中望软件,2021,2022-04-12,中望软件2021年年度报告,http://www.cninfo.com.cn/new/disclosure/detail?stockCode=688083&announcementId=1212884973&orgId=gfbj0871544&announcementTime=2022-04-12,2022-04-13,2022-07-12,0.269454
688085,三友医疗,2021,2022-04-26,2021年年度报告,http://www.cninfo.com.cn/new/disclosure/detail?stockCode=688085&announcementId=1213121723&orgId=9900039654&announcementTime=2022-04-26,2022-04-27,2022-07-26,0.371241
688087,英科再生,2021,2022-04-15,山东英科环保再生资源股份有限公司2021年年度报告,http://www.cninfo.com.cn/new/disclosure/detail?stockCode=688087&announcementId=1212922166&orgId=9900023481&announcementTime=2022-04-15,2022-04-18,2022-07-15,-0.080297
688088,虹软科技,2021,2022-04-28,2021年年度报告,http://www.cninfo.com.cn/new/disclosure/detail?stockCode=688088&announcementId=1213179434&orgId=9900038968&announcementTime=2022-04-28,2022-04-29,2022-07-28,0.428961
688089,嘉必优,2021,2022-04-23,嘉必优生物技术（武汉）股份有限公司2021年年度报告,http://www.cninfo.com.cn/new/disclosure/detail?stockCode=688089&announcementId=1213049562&orgId=9900033197&announcementTime=2022-04-23,2022-04-25,2022-07-22,0.356639
688090,瑞松科技,2021,2022-04-19,瑞松科技2021年年度报告,http://www.cninfo.com.cn/new/disclosure/detail?stockCode=688090&announcementId=1212963291&orgId=9900039482&announcementTime=2022-04-19,2022-04-20,2022-07-19,0.233406
688091,上海谊众,2021,2022-03-31,上海谊众2021年年度报告,http://www.cninfo.com.cn/new/disclosure/detail?stockCode=688091&announcementId=1212754550&orgId=nssc1000714&announcementTime=2022-03-31,2022-04-01,2022-07-04,2.002972
688092,爱科科技,2021,2022-04-12,杭州爱科科技股份有限公司2021年年度报告,http://www.cninfo.com.cn/new/disclosure/detail?stockCode=688092&announcementId=1212883358&orgId=9900041941&announcementTime=2022-04-12,2022-04-13,2022-07-12,-0.105301
688093,世华科技,2021,2022-04-29,2021年年度报告,http://www.cninfo.com.cn/new/disclosure/detail?stockCode=688093&announcementId=1213226244&orgId=nssc1000353&announcementTime=2022-04-29,2022-05-05,2022-07-29,0.263112
688095,福昕软件,2021,2022-04-28,福建福昕软件开发股份有限公司2021年年度报告,http://www.cninfo.com.cn/new/disclosure/detail?stockCode=688095&announcementId=1213179463&orgId=gfbj0832422&announcementTime=2022-04-28,2022-04-29,2022-07-28,0.169975
688096,京源环保,2021,2022-04-30,2021年年度报告,http://www.cninfo.com.cn/new/disclosure/detail?stockCode=688096&announcementId=1213273279&orgId=gfbj0831540&announcementTime=2022-04-30,2022-05-05,2022-07-29,0.277963
688097,博众精工,2021,2022-04-26,博众精工2021年年度报告,http://www.cninfo.com.cn/new/disclosure/detail?stockCode=688097&announcementId=1213103627&orgId=9900039003&announcementTime=2022-04-26,2022-04-27,2022-07-26,0.598653
688098,申联生物,2021,2022-04-28,2021年年度报告,http://www.cninfo.com.cn/new/disclosure/detail?stockCode=688098&announcementId=1213174445&orgId=9900034444&announcementTime=2022-04-28,2022-04-29,2022-07-28,0.156889
688099,晶晨股份,2021,2022-04-15,晶晨股份2021年年度报告,http://www.cninfo.com.cn/new/disclosure/detail?stockCode=688099&announcementId=1212924653&orgId=9900038936&announcementTime=2022-04-15,2022-04-18,2022-07-15,-0.209932
688100,威胜信息,2021,2022-02-28,威胜信息2021年年度报告,http://www.cninfo.com.cn/new/disclosure/detail?stockCode=688100&announcementId=1212463064&orgId=9900039047&announcementTime=2022-02-28,2022-03-01,2022-05-31,-0.139019
688101,三达膜,2021,2022-04-20,三达膜2021年年度报告,http://www.cninfo.com.cn/new/disclosure/detail?stockCode=688101&announcementId=1212977118&orgId=9900026794&announcementTime=2022-04-20,2022-04-21,2022-07-20,0.020328
688102,斯瑞新材,2021,2022-04-25,公司2021年年度报告,http://www.cninfo.com.cn/new/disclosure/detail?stockCode=688102&announcementId=1213086981&orgId=9900041727&announcementTime=2022-04-25,2022-04-26,2022-07-25,0.233983
688103,国力电子,2021,2022-04-20,昆山国力电子科技股份有限公司2021年年度报告,http://www.cninfo.com.cn/new/disclosure/detail?stockCode=688103&announcementId=1212984229&orgId=9900035534&announcementTime=2022-04-20,2022-04-21,2022-07-20,0.841818
688105,诺唯赞,2021,2022-04-22,2021年年度报告,http://www.cninfo.com.cn/new/disclosure/detail?stockCode=688105&announcementId=1213024164&orgId=9900046657&announcementTime=2022-04-22,2022-04-25,2022-07-22,0.088429
688106,金宏气体,2021,2022-03-26,金宏气体：2021年年度报告,http://www.cninfo.com.cn/new/disclosure/detail?stockCode=688106&announcementId=1212685550&orgId=9900023702&announcementTime=2022-03-26,2022-03-28,2022-06-28,-0.066123
688108,赛诺医疗,2021,2022-04-29,赛诺医疗科学技术股份有限公司2021年年度报告,http://www.cninfo.com.cn/new/disclosure/detail?stockCode=688108&announcementId=1213221656&orgId=9900038990&announcementTime=2022-04-29,2022-05-05,2022-07-29,0.256917
688107,安路科技,2021,2022-04-28,安路科技2021年年度报告,http://www.cninfo.com.cn/new/disclosure/detail?stockCode=688107&announcementId=1213179506&orgId=9900048391&announcementTime=2022-04-28,2022-04-29,2022-07-28,0.768353
688110,东芯股份,2021,2022-04-23,东芯股份2021年年度报告,http://www.cninfo.com.cn/new/disclosure/detail?stockCode=688110&announcementId=1213062254&orgId=nssc1000767&announcementTime=2022-04-23,2022-04-25,2022-07-22,0.076316
688109,品茗科技,2021,2022-04-23,2021年年度报告,http://www.cninfo.com.cn/new/disclosure/detail?stockCode=688109&announcementId=1213052637&orgId=gfbj0836188&announcementTime=2022-04-23,2022-04-25,2022-07-22,-0.007707
688112,鼎阳科技,2021,2022-03-23,鼎阳科技2021年年度报告,http://www.cninfo.com.cn/new/disclosure/detail?stockCode=688112&announcementId=1212645328&orgId=nssc1000555&announcementTime=2022-03-23,2022-03-24,2022-06-24,0.091358
688111,金山办公,2021,2022-03-24,金山办公2021年年度报告,http://www.cninfo.com.cn/new/disclosure/detail?stockCode=688111&announcementId=1212652869&orgId=9900035303&announcementTime=2022-03-24,2022-03-25,2022-06-27,0.056128
688116,天奈科技,2021,2022-04-20,天奈科技2021年年度报告,http://www.cninfo.com.cn/new/disclosure/detail?stockCode=688116&announcementId=1212977143&orgId=9900038935&announcementTime=2022-04-20,2022-04-21,2022-07-20,0.322438
688113,联测科技,2021,2022-04-26,江苏联测机电科技股份有限公司2021年年度报告,http://www.cninfo.com.cn/new/disclosure/detail?stockCode=688113&announcementId=1213101289&orgId=nssc1000186&announcementTime=2022-04-26,2022-04-27,2022-07-26,0.362884
688118,普元信息,2021,2022-04-21,普元信息技术股份有限公司2021年年度报告,http://www.cninfo.com.cn/new/disclosure/detail?stockCode=688118&announcementId=1213003977&orgId=9900023069&announcementTime=2022-04-21,2022-04-22,2022-07-21,0.023796
688117,圣诺生物,2021,2022-04-26,2021年年度报告,http://www.cninfo.com.cn/new/disclosure/detail?stockCode=688117&announcementId=1213121760&orgId=9900041828&announcementTime=2022-04-26,2022-04-27,2022-07-26,0.047722
688122,西部超导,2021,2022-04-29,2021年年度报告,http://www.cninfo.com.cn/new/disclosure/detail?stockCode=688122&announcementId=1213221685&orgId=9900026771&announcementTime=2022-04-29,2022-05-05,2022-07-29,0.230205
688121,卓然股份,2021,2022-04-29,2021年年度报告,http://www.cninfo.com.cn/new/disclosure/detail?stockCode=688121&announcementId=1213226297&orgId=9900041733&announcementTime=2022-04-29,2022-05-05,2022-07-29,0.241126
688123,聚辰股份,2021,2022-04-30,聚辰股份2021年年度报告,http://www.cninfo.com.cn/new/disclosure/detail?stockCode=688123&announcementId=1213273342&orgId=9900039009&announcementTime=2022-04-30,2022-05-05,2022-07-29,0.179487
688126,沪硅产业,2021,2022-04-13,沪硅产业2021年年度报告,http://www.cninfo.com.cn/new/disclosure/detail?stockCode=688126&announcementId=1212897753&orgId=9900039304&announcementTime=2022-04-13,2022-04-14,2022-07-13,-0.077778
688127,蓝特光学,2021,2022-04-22,2021年年度报告,http://www.cninfo.com.cn/new/disclosure/detail?stockCode=688127&announcementId=1213025078&orgId=gfbj0836383&announcementTime=2022-04-22,2022-04-25,2022-07-22,0.556943
688128,中国电研,2021,2022-04-26,中国电研2021年年度报告,http://www.cninfo.com.cn/new/disclosure/detail?stockCode=688128&announcementId=1213106668&orgId=GD087820&announcementTime=2022-04-26,2022-04-27,2022-07-26,0.557641
688129,东来技术,2021,2022-04-29,2021年年度报告,http://www.cninfo.com.cn/new/disclosure/detail?stockCode=688129&announcementId=1213202576&orgId=nssc1000433&announcementTime=2022-04-29,2022-05-05,2022-07-29,0.170901
688131,皓元医药,2021,2022-04-22,皓元医药2021年年度报告,http://www.cninfo.com.cn/new/disclosure/detail?stockCode=688131&announcementId=1213030270&orgId=gfbj0837278&announcementTime=2022-04-22,2022-04-25,2022-07-22,0.56642
688133,泰坦科技,2021,2022-04-28,上海泰坦科技股份有限公司2021年年度报告,http://www.cninfo.com.cn/new/disclosure/detail?stockCode=688133&announcementId=1213165610&orgId=gfbj0835124&announcementTime=2022-04-28,2022-04-29,2022-07-28,0.324015
688135,利扬芯片,2021,2022-04-29,2021年年度报告,http://www.cninfo.com.cn/new/disclosure/detail?stockCode=688135&announcementId=1213226340&orgId=gfbj0833474&announcementTime=2022-04-29,2022-05-05,2022-07-29,0.338971
688136,科兴制药,2021,2022-04-19,2021年年度报告,http://www.cninfo.com.cn/new/disclosure/detail?stockCode=688136&announcementId=1212965633&orgId=nssc1000087&announcementTime=2022-04-19,2022-04-20,2022-07-19,-0.082317
688139,海尔生物,2021,2022-03-25,青岛海尔生物医疗股份有限公司2021年年度报告全文,http://www.cninfo.com.cn/new/disclosure/detail?stockCode=688139&announcementId=1212670931&orgId=9900039010&announcementTime=2022-03-25,2022-03-28,2022-06-28,0.031526
688138,清溢光电,2021,2022-04-22,清溢光电2021年年度报告,http://www.cninfo.com.cn/new/disclosure/detail?stockCode=688138&announcementId=1213028943&orgId=9900031655&announcementTime=2022-04-22,2022-04-25,2022-07-22,0.369863
688148,芳源股份,2021,2022-03-31,芳源股份2021年年度报告,http://www.cninfo.com.cn/new/disclosure/detail?stockCode=688148&announcementId=1212750631&orgId=gfbj0839247&announcementTime=2022-03-31,2022-04-01,2022-07-04,-0.11838
688150,莱特光电,2021,2022-04-28,陕西莱特光电材料股份有限公司2021年年度报告,http://www.cninfo.com.cn/new/disclosure/detail?stockCode=688150&announcementId=1213179545&orgId=gfbj0835249&announcementTime=2022-04-28,2022-04-29,2022-07-28,0.804044
688151,华强科技,2021,2022-03-29,湖北华强科技股份有限公司2021年年度报告,http://www.cninfo.com.cn/new/disclosure/detail?stockCode=688151&announcementId=1212712102&orgId=9900047919&announcementTime=2022-03-29,2022-03-30,2022-06-30,-0.11416
688155,先惠技术,2021,2022-04-09,上海先惠自动化技术股份有限公司2021年年度报告,http://www.cninfo.com.cn/new/disclosure/detail?stockCode=688155&announcementId=1212857815&orgId=9900042938&announcementTime=2022-04-09,2022-04-11,2022-07-08,0.312662
688156,路德科技,2021,2022-04-21,2021年年度报告,http://www.cninfo.com.cn/new/disclosure/detail?stockCode=688156&announcementId=1213004048&orgId=gfbj0833601&announcementTime=2022-04-21,2022-04-22,2022-07-21,0.202922
688157,松井股份,2021,2022-02-28,湖南松井新材料股份有限公司2021年年度报告,http://www.cninfo.com.cn/new/disclosure/detail?stockCode=688157&announcementId=1212463079&orgId=9900041580&announcementTime=2022-02-28,2022-03-01,2022-06-15,-0.279695
688158,优刻得,2021,2022-04-27,优刻得2021年年度报告,http://www.cninfo.com.cn/new/disclosure/detail?stockCode=688158&announcementId=1213142186&orgId=9900039004&announcementTime=2022-04-27,2022-04-28,2022-07-27,0.142302
688159,有方科技,2021,2022-04-29,有方科技：2021年年度报告,http://www.cninfo.com.cn/new/disclosure/detail?stockCode=688159&announcementId=1213226358&orgId=gfbj0835770&announcementTime=2022-04-29,2022-05-05,2022-07-29,0.402769
688160,步科股份,2021,2022-04-21,2021年年度报告,http://www.cninfo.com.cn/new/disclosure/detail?stockCode=688160&announcementId=1213003335&orgId=9900032778&announcementTime=2022-04-21,2022-04-22,2022-07-21,0.14534
688161,威高骨科,2021,2022-03-30,山东威高骨科材料股份有限公司2021年年度报告,http://www.cninfo.com.cn/new/disclosure/detail?stockCode=688161&announcementId=1212726946&orgId=nssc1000274&announcementTime=2022-03-30,2022-03-31,2022-07-01,-0.176626
688163,赛伦生物,2021,2022-04-30,赛伦生物：2021年年度报告,http://www.cninfo.com.cn/new/disclosure/detail?stockCode=688163&announcementId=1213273372&orgId=gfbj0835716&announcementTime=2022-04-30,2022-05-05,2022-07-29,0.020789
688162,巨一科技,2021,2022-04-26,巨一科技2021年年度报告,http://www.cninfo.com.cn/new/disclosure/detail?stockCode=688162&announcementId=1213110061&orgId=9900047935&announcementTime=2022-04-26,2022-04-27,2022-07-26,0.656022
688166,博瑞医药,2021,2022-04-16,2021年年度报告,http://www.cninfo.com.cn/new/disclosure/detail?stockCode=688166&announcementId=1212942386&orgId=9900039105&announcementTime=2022-04-16,2022-04-18,2022-07-15,0.011029
688165,埃夫特,2021,2022-04-30,埃夫特2021年年度报告,http://www.cninfo.com.cn/new/disclosure/detail?stockCode=688165&announcementId=1213273395&orgId=9900039655&announcementTime=2022-04-30,2022-05-05,2022-07-29,0.532503
688167,炬光科技,2021,2022-04-28,西安炬光科技股份有限公司2021年年度报告,http://www.cninfo.com.cn/new/disclosure/detail?stockCode=688167&announcementId=1213180648&orgId=gfbj0835243&announcementTime=2022-04-28,2022-04-29,2022-07-28,0.826111
688168,安博通,2021,2022-04-29,2021年年度报告,http://www.cninfo.com.cn/new/disclosure/detail?stockCode=688168&announcementId=1213226402&orgId=gfbj0839570&announcementTime=2022-04-29,2022-05-05,2022-07-29,0.274641
688171,纬德信息,2021,2022-04-27,广东纬德信息科技股份有限公司2021年年度报告,http://www.cninfo.com.cn/new/disclosure/detail?stockCode=688171&announcementId=1213142223&orgId=nssc1000503&announcementTime=2022-04-27,2022-04-28,2022-07-27,0.200202
688169,石头科技,2021,2022-04-22,北京石头世纪科技股份有限公司2021年年度报告,http://www.cninfo.com.cn/new/disclosure/detail?stockCode=688169&announcementId=1213018228&orgId=9900039123&announcementTime=2022-04-22,2022-04-25,2022-07-22,-0.175479
688173,希荻微,2021,2022-04-22,希荻微2021年年度报告,http://www.cninfo.com.cn/new/disclosure/detail?stockCode=688173&announcementId=1213027402&orgId=9900048175&announcementTime=2022-04-22,2022-04-25,2022-07-22,0.346782
688175,高凌信息,2021,2022-04-30,2021年年度报告,http://www.cninfo.com.cn/new/disclosure/detail?stockCode=688175&announcementId=1213273427&orgId=9900046848&announcementTime=2022-04-30,2022-05-05,2022-07-29,0.155487
688176,亚虹医药,2021,2022-04-15,江苏亚虹医药科技股份有限公司2021年年度报告,http://www.cninfo.com.cn/new/disclosure/detail?stockCode=688176&announcementId=1212922198&orgId=9900048081&announcementTime=2022-04-15,2022-04-18,2022-07-15,-0.047581
688177,百奥泰,2021,2022-04-29,百奥泰2021年年度报告,http://www.cninfo.com.cn/new/disclosure/detail?stockCode=688177&announcementId=1213226439&orgId=9900039904&announcementTime=2022-04-29,2022-05-05,2022-07-29,0.018537
688179,阿拉丁,2021,2022-04-20,阿拉丁2021年年度报告,http://www.cninfo.com.cn/new/disclosure/detail?stockCode=688179&announcementId=1212973696&orgId=gfbj0830793&announcementTime=2022-04-20,2022-04-21,2022-07-20,0.256239
688178,万德斯,2021,2022-04-29,南京万德斯环保科技股份有限公司2021年年度报告,http://www.cninfo.com.cn/new/disclosure/detail?stockCode=688178&announcementId=1213226478&orgId=9900039218&announcementTime=2022-04-29,2022-05-05,2022-07-29,0.09887
688180,君实生物,2021,2022-04-01,君实生物2021年年度报告,http://www.cninfo.com.cn/new/disclosure/detail?stockCode=688180&announcementId=1212767061&orgId=gfbj0833330&announcementTime=2022-04-01,2022-04-06,2022-07-05,-0.122327
688181,八亿时空,2021,2022-04-21,八亿时空2021年年度报告,http://www.cninfo.com.cn/new/disclosure/detail?stockCode=688181&announcementId=1213004255&orgId=gfbj0430581&announcementTime=2022-04-21,2022-04-22,2022-07-21,0.102279
688183,生益电子,2021,2022-03-25,生益电子2021年年度报告,http://www.cninfo.com.cn/new/disclosure/detail?stockCode=688183&announcementId=1212668389&orgId=nssc1000615&announcementTime=2022-03-25,2022-03-28,2022-06-28,0.027507
688182,灿勤科技,2021,2022-04-07,江苏灿勤科技股份有限公司2021年年度报告全文,http://www.cninfo.com.cn/new/disclosure/detail?stockCode=688182&announcementId=1212825613&orgId=nssc1000567&announcementTime=2022-04-07,2022-04-08,2022-07-07,-0.069501
688185,康希诺,2021,2022-03-28,2021年年度报告,http://www.cninfo.com.cn/new/disclosure/detail?stockCode=688185&announcementId=1212699063&orgId=9900038913&announcementTime=2022-03-28,2022-03-29,2022-06-29,-0.178823
688186,广大特材,2021,2022-03-21,2021年年度报告,http://www.cninfo.com.cn/new/disclosure/detail?stockCode=688186&announcementId=1212628892&orgId=9900039136&announcementTime=2022-03-21,2022-03-22,2022-06-22,0.155363
688187,时代电气,2021,2022-03-30,株洲中车时代电气股份有限公司2021年年度报告,http://www.cninfo.com.cn/new/disclosure/detail?stockCode=688187&announcementId=1212728218&orgId=gshk0003898&announcementTime=2022-03-30,2022-03-31,2022-07-01,0.073413
688188,柏楚电子,2021,2022-04-15,2021年年度报告,http://www.cninfo.com.cn/new/disclosure/detail?stockCode=688188&announcementId=1212923874&orgId=9900039134&announcementTime=2022-04-15,2022-04-18,2022-07-15,0.075927
688189,南新制药,2021,2022-04-30,南新制药2021年年度报告,http://www.cninfo.com.cn/new/disclosure/detail?stockCode=688189&announcementId=1213273457&orgId=9900039656&announcementTime=2022-04-30,2022-05-05,2022-07-29,1.140541
688190,云路股份,2021,2022-04-15,2021年年度报告,http://www.cninfo.com.cn/new/disclosure/detail?stockCode=688190&announcementId=1212922249&orgId=9900041682&announcementTime=2022-04-15,2022-04-18,2022-07-15,0.331916
688191,智洋创新,2021,2022-04-21,2021年年度报告,http://www.cninfo.com.cn/new/disclosure/detail?stockCode=688191&announcementId=1213003810&orgId=gfbj0831681&announcementTime=2022-04-21,2022-04-22,2022-07-21,0.410701
688192,迪哲医药,2021,2022-02-26,迪哲医药：2021年年度报告,http://www.cninfo.com.cn/new/disclosure/detail?stockCode=688192&announcementId=1212458521&orgId=9900046766&announcementTime=2022-02-26,2022-02-28,2022-05-30,-0.285847
688195,腾景科技,2021,2022-04-22,腾景科技2021年年度报告,http://www.cninfo.com.cn/new/disclosure/detail?stockCode=688195&announcementId=1213026938&orgId=nssc1000637&announcementTime=2022-04-22,2022-04-25,2022-07-22,0.710892
688196,卓越新能,2021,2022-03-29,卓越新能2021年年度报告,http://www.cninfo.com.cn/new/disclosure/detail?stockCode=688196&announcementId=1212705676&orgId=9900029007&announcementTime=2022-03-29,2022-03-30,2022-06-30,0.216774
688197,首药控股,2021,2022-04-27,首药控股（北京）股份有限公司2021年年度报告,http://www.cninfo.com.cn/new/disclosure/detail?stockCode=688197&announcementId=1213145404&orgId=9900047638&announcementTime=2022-04-27,2022-04-28,2022-07-27,0.341304
688198,佰仁医疗,2021,2022-04-22,佰仁医疗2021年年度报告,http://www.cninfo.com.cn/new/disclosure/detail?stockCode=688198&announcementId=1213025104&orgId=9900039164&announcementTime=2022-04-22,2022-04-25,2022-07-22,0.315813
688199,久日新材,2021,2022-04-26,天津久日新材料股份有限公司2021年年度报告,http://www.cninfo.com.cn/new/disclosure/detail?stockCode=688199&announcementId=1213121787&orgId=9900024207&announcementTime=2022-04-26,2022-04-27,2022-07-26,0.299326
688201,信安世纪,2021,2022-04-12,2021年年度报告全文,http://www.cninfo.com.cn/new/disclosure/detail?stockCode=688201&announcementId=1212884887&orgId=9900041393&announcementTime=2022-04-12,2022-04-13,2022-07-12,-0.185844
688200,华峰测控,2021,2022-02-26,华峰测控2021年年度报告,http://www.cninfo.com.cn/new/disclosure/detail?stockCode=688200&announcementId=1212459192&orgId=9900040164&announcementTime=2022-02-26,2022-02-28,2022-05-30,-0.11804
688202,美迪西,2021,2022-04-07,美迪西：2021年年度报告,http://www.cninfo.com.cn/new/disclosure/detail?stockCode=688202&announcementId=1212826661&orgId=9900035560&announcementTime=2022-04-07,2022-04-08,2022-07-07,0.275452
688206,概伦电子,2021,2022-04-15,2021年年度报告,http://www.cninfo.com.cn/new/disclosure/detail?stockCode=688206&announcementId=1212922274&orgId=9900048370&announcementTime=2022-04-15,2022-04-18,2022-07-15,0.344713
688208,道通科技,2021,2022-04-26,道通科技2021年年度报告,http://www.cninfo.com.cn/new/disclosure/detail?stockCode=688208&announcementId=1213121809&orgId=9900031482&announcementTime=2022-04-26,2022-04-27,2022-07-26,0.113194
688210,统联精密,2021,2022-04-29,深圳市泛海统联精密制造股份有限公司2021年年度报告,http://www.cninfo.com.cn/new/disclosure/detail?stockCode=688210&announcementId=1213226497&orgId=9900046542&announcementTime=2022-04-29,2022-05-05,2022-07-29,0.385537
688211,中科微至,2021,2022-04-26,中科微至智能制造科技江苏股份有限公司2021年年度报告,http://www.cninfo.com.cn/new/disclosure/detail?stockCode=688211&announcementId=1213121847&orgId=nssc1000716&announcementTime=2022-04-26,2022-04-27,2022-07-26,0.314481
688212,澳华内镜,2021,2022-04-22,2021年年度报告,http://www.cninfo.com.cn/new/disclosure/detail?stockCode=688212&announcementId=1213023014&orgId=9900047918&announcementTime=2022-04-22,2022-04-25,2022-07-22,0.133749
688215,瑞晟智能,2021,2022-04-26,浙江瑞晟智能科技股份有限公司2021年年度报告,http://www.cninfo.com.cn/new/disclosure/detail?stockCode=688215&announcementId=1213106697&orgId=gfbj0832884&announcementTime=2022-04-26,2022-04-27,2022-07-26,0.262295
688216,气派科技,2021,2022-04-19,气派科技股份有限公司2021年年度报告,http://www.cninfo.com.cn/new/disclosure/detail?stockCode=688216&announcementId=1212958239&orgId=9900029867&announcementTime=2022-04-19,2022-04-20,2022-07-19,0.019555
688217,睿昂基因,2021,2022-04-20,睿昂基因2021年年度报告,http://www.cninfo.com.cn/new/disclosure/detail?stockCode=688217&announcementId=1212984529&orgId=9900041746&announcementTime=2022-04-20,2022-04-21,2022-07-20,-0.196112
688218,江苏北人,2021,2022-04-28,2021年年度报告,http://www.cninfo.com.cn/new/disclosure/detail?stockCode=688218&announcementId=1213165628&orgId=gfbj0836084&announcementTime=2022-04-28,2022-04-29,2022-07-28,2.261645
688219,会通股份,2021,2022-04-08,会通新材料股份有限公司2021年年度报告,http://www.cninfo.com.cn/new/disclosure/detail?stockCode=688219&announcementId=1212838803&orgId=9900041353&announcementTime=2022-04-08,2022-04-11,2022-07-08,0.017094
688220,翱捷科技,2021,2022-04-26,翱捷科技2021年年度报告,http://www.cninfo.com.cn/new/disclosure/detail?stockCode=688220&announcementId=1213121873&orgId=9900046396&announcementTime=2022-04-26,2022-04-27,2022-07-26,0.157751
688221,前沿生物,2021,2022-04-30,前沿生物2021年年度报告,http://www.cninfo.com.cn/new/disclosure/detail?stockCode=688221&announcementId=1213273499&orgId=fzqy1026860&announcementTime=2022-04-30,2022-05-05,2022-07-29,0.00138
688222,成都先导,2021,2022-04-29,成都先导药物开发股份有限公司2021年年度报告,http://www.cninfo.com.cn/new/disclosure/detail?stockCode=688222&announcementId=1213226540&orgId=9900039916&announcementTime=2022-04-29,2022-05-05,2022-07-29,0.344584
688223,晶科能源,2021,2022-04-23,晶科能源2021年年度报告,http://www.cninfo.com.cn/new/disclosure/detail?stockCode=688223&announcementId=1213059710&orgId=9900017709&announcementTime=2022-04-23,2022-04-25,2022-07-22,0.40076
688225,亚信安全,2021,2022-04-29,2021年年度报告,http://www.cninfo.com.cn/new/disclosure/detail?stockCode=688225&announcementId=1213221737&orgId=9900047311&announcementTime=2022-04-29,2022-05-05,2022-07-29,0.054177
688226,威腾电气,2021,2022-04-26,威腾电气集团股份有限公司2021年年度报告,http://www.cninfo.com.cn/new/disclosure/detail?stockCode=688226&announcementId=1213106773&orgId=gfbj0836970&announcementTime=2022-04-26,2022-04-27,2022-07-26,0.184492
688227,品高股份,2021,2022-04-30,2021年年度报告,http://www.cninfo.com.cn/new/disclosure/detail?stockCode=688227&announcementId=1213273544&orgId=9900044736&announcementTime=2022-04-30,2022-05-05,2022-07-29,0.162728
688228,开普云,2021,2022-04-23,开普云2021年年度报告,http://www.cninfo.com.cn/new/disclosure/detail?stockCode=688228&announcementId=1213053870&orgId=gfbj0870863&announcementTime=2022-04-23,2022-04-25,2022-07-22,-0.016975
688229,博睿数据,2021,2022-04-28,2021年年度报告,http://www.cninfo.com.cn/new/disclosure/detail?stockCode=688229&announcementId=1213180729&orgId=9900034679&announcementTime=2022-04-28,2022-04-29,2022-07-28,0.066612
688230,芯导科技,2021,2022-04-16,2021年年度报告,http://www.cninfo.com.cn/new/disclosure/detail?stockCode=688230&announcementId=1212943100&orgId=nssc1000829&announcementTime=2022-04-16,2022-04-18,2022-07-15,-0.039574
688232,新点软件,2021,2022-04-13,新点软件2021年年度报告,http://www.cninfo.com.cn/new/disclosure/detail?stockCode=688232&announcementId=1212897249&orgId=nssc1000623&announcementTime=2022-04-13,2022-04-14,2022-07-13,-0.018569
688233,神工股份,2021,2022-04-19,锦州神工半导体股份有限公司2021年年度报告,http://www.cninfo.com.cn/new/disclosure/detail?stockCode=688233&announcementId=1212962156&orgId=9900039220&announcementTime=2022-04-19,2022-04-20,2022-07-19,-0.379943
688234,天岳先进,2021,2022-04-01,山东天岳先进科技股份有限公司2021年年度报告,http://www.cninfo.com.cn/new/disclosure/detail?stockCode=688234&announcementId=1212768559&orgId=9900047650&announcementTime=2022-04-01,2022-04-06,2022-07-05,0.21585
688235,百济神州,2021,2022-04-29,百济神州有限公司2021年度报告,http://www.cninfo.com.cn/new/disclosure/detail?stockCode=688235&announcementId=1213226561&orgId=9900037454&announcementTime=2022-04-29,2022-05-05,2022-07-29,0.108532
688236,春立医疗,2021,2022-03-29,2021年年度报告,http://www.cninfo.com.cn/new/disclosure/detail?stockCode=688236&announcementId=1212705686&orgId=9900024363&announcementTime=2022-03-29,2022-03-30,2022-06-30,-0.004493
688239,航宇科技,2021,2022-03-16,2021年年度报告,http://www.cninfo.com.cn/new/disclosure/detail?stockCode=688239&announcementId=1212579798&orgId=gfbj0834635&announcementTime=2022-03-16,2022-03-17,2022-06-17,0.000757
688246,嘉和美康,2021,2022-04-25,嘉和美康2021年年度报告,http://www.cninfo.com.cn/new/disclosure/detail?stockCode=688246&announcementId=1213087068&orgId=nssc1000020&announcementTime=2022-04-25,2022-04-26,2022-07-25,0.437888
688248,南网科技,2021,2022-04-22,南网科技：公司2021年度报告,http://www.cninfo.com.cn/new/disclosure/detail?stockCode=688248&announcementId=1213029064&orgId=9900048083&announcementTime=2022-04-22,2022-04-25,2022-07-22,1.900699
688255,凯尔达,2021,2022-04-29,2021年年度报告,http://www.cninfo.com.cn/new/disclosure/detail?stockCode=688255&announcementId=1213202641&orgId=gfbj0835780&announcementTime=2022-04-29,2022-05-05,2022-07-29,0.833878
688256,寒武纪,2021,2022-04-16,2021年年度报告,http://www.cninfo.com.cn/new/disclosure/detail?stockCode=688256&announcementId=1212944394&orgId=nssc1000595&announcementTime=2022-04-16,2022-04-18,2022-07-15,0.073214
688257,新锐股份,2021,2022-04-20,新锐股份2021年年度报告,http://www.cninfo.com.cn/new/disclosure/detail?stockCode=688257&announcementId=1212984426&orgId=gfbj0834859&announcementTime=2022-04-20,2022-04-21,2022-07-20,0.081513
688258,卓易信息,2021,2022-04-27,江苏卓易信息科技股份有限公司2021年年度报告,http://www.cninfo.com.cn/new/disclosure/detail?stockCode=688258&announcementId=1213140971&orgId=9900039137&announcementTime=2022-04-27,2022-04-28,2022-07-27,0.484099
688259,创耀科技,2021,2022-04-15,2021年年度报告全文,http://www.cninfo.com.cn/new/disclosure/detail?stockCode=688259&announcementId=1212925290&orgId=9900046651&announcementTime=2022-04-15,2022-04-18,2022-07-15,-0.070395
688260,昀冢科技,2021,2022-04-28,2021年年度报告全文,http://www.cninfo.com.cn/new/disclosure/detail?stockCode=688260&announcementId=1213180799&orgId=nssc1000568&announcementTime=2022-04-28,2022-04-29,2022-07-28,0.4375
688261,东微半导,2021,2022-04-22,苏州东微半导体股份有限公司2021年年度报告,http://www.cninfo.com.cn/new/disclosure/detail?stockCode=688261&announcementId=1213029866&orgId=9900048069&announcementTime=2022-04-22,2022-04-25,2022-07-22,0.709326
688262,国芯科技,2021,2022-04-22,2021年年度报告,http://www.cninfo.com.cn/new/disclosure/detail?stockCode=688262&announcementId=1213026060&orgId=9900041592&announcementTime=2022-04-22,2022-04-25,2022-07-22,0.499701
688265,南模生物,2021,2022-04-28,2021年年度报告,http://www.cninfo.com.cn/new/disclosure/detail?stockCode=688265&announcementId=1213180863&orgId=gfbj0839728&announcementTime=2022-04-28,2022-04-29,2022-07-28,0.463125
688266,泽璟制药,2021,2022-04-27,泽璟制药2021年年度报告,http://www.cninfo.com.cn/new/disclosure/detail?stockCode=688266&announcementId=1213147400&orgId=9900039488&announcementTime=2022-04-27,2022-04-28,2022-07-27,0.37751
688268,华特气体,2021,2022-03-31,华特气体2021年年度报告,http://www.cninfo.com.cn/new/disclosure/detail?stockCode=688268&announcementId=1212750642&orgId=gfbj0870865&announcementTime=2022-03-31,2022-04-01,2022-07-04,0.056739
688267,中触媒,2021,2022-04-28,中触媒新材料股份有限公司2021年年度报告,http://www.cninfo.com.cn/new/disclosure/detail?stockCode=688267&announcementId=1213180929&orgId=gfbj0836546&announcementTime=2022-04-28,2022-04-29,2022-07-28,0.343785
688269,凯立新材,2021,2022-03-31,2021年年度报告,http://www.cninfo.com.cn/new/disclosure/detail?stockCode=688269&announcementId=1212754883&orgId=gfbj0834893&announcementTime=2022-03-31,2022-04-01,2022-07-04,0.265475
688270,臻镭科技,2021,2022-04-07,浙江臻镭科技股份有限公司2021年年度报告,http://www.cninfo.com.cn/new/disclosure/detail?stockCode=688270&announcementId=1212828702&orgId=9900052539&announcementTime=2022-04-07,2022-04-08,2022-07-07,0.169346
688272,富吉瑞,2021,2022-04-20,2021年年度报告,http://www.cninfo.com.cn/new/disclosure/detail?stockCode=688272&announcementId=1212975306&orgId=9900046529&announcementTime=2022-04-20,2022-04-21,2022-07-20,-0.081682
688277,天智航,2021,2022-04-26,2021年年度报告,http://www.cninfo.com.cn/new/disclosure/detail?stockCode=688277&announcementId=1213110074&orgId=gfbj0834360&announcementTime=2022-04-26,2022-04-27,2022-07-26,0.286344
688276,百克生物,2021,2022-03-17,长春百克生物科技股份公司2021年年度报告,http://www.cninfo.com.cn/new/disclosure/detail?stockCode=688276&announcementId=1212591709&orgId=nssc1000784&announcementTime=2022-03-17,2022-03-18,2022-06-20,0.079799
688278,特宝生物,2021,2022-03-31,特宝生物：2021年年度报告,http://www.cninfo.com.cn/new/disclosure/detail?stockCode=688278&announcementId=1212754900&orgId=9900038966&announcementTime=2022-03-31,2022-04-01,2022-07-04,0.058313
688280,精进电动,2021,2022-04-22,精进电动科技股份有限公司2021年度报告,http://www.cninfo.com.cn/new/disclosure/detail?stockCode=688280&announcementId=1213030276&orgId=nssc1000348&announcementTime=2022-04-22,2022-04-25,2022-07-22,0.385698
688285,高铁电气,2021,2022-03-23,高铁电气：2021年年度报告,http://www.cninfo.com.cn/new/disclosure/detail?stockCode=688285&announcementId=1212641498&orgId=gfbj0873023&announcementTime=2022-03-23,2022-03-24,2022-06-24,-0.022523
688283,坤恒顺维,2021,2022-04-20,成都坤恒顺维科技股份有限公司2021年年度报告,http://www.cninfo.com.cn/new/disclosure/detail?stockCode=688283&announcementId=1212982632&orgId=gfbj0838580&announcementTime=2022-04-20,2022-04-21,2022-07-20,0.949286
688286,敏芯股份,2021,2022-04-19,苏州敏芯微电子技术股份有限公司2021年年度报告全文,http://www.cninfo.com.cn/new/disclosure/detail?stockCode=688286&announcementId=1212964525&orgId=gfbj0836736&announcementTime=2022-04-19,2022-04-20,2022-07-19,-0.089409
688289,圣湘生物,2021,2022-04-19,圣湘生物科技股份有限公司2021年年度报告全文,http://www.cninfo.com.cn/new/disclosure/detail?stockCode=688289&announcementId=1212965527&orgId=nssc1000305&announcementTime=2022-04-19,2022-04-20,2022-07-19,0.001609
688288,鸿泉技术,2021,2022-04-28,鸿泉物联：2021年年度报告,http://www.cninfo.com.cn/new/disclosure/detail?stockCode=688288&announcementId=1213174503&orgId=9900038986&announcementTime=2022-04-28,2022-04-29,2022-07-28,0.364387
688298,东方生物,2021,2022-04-28,2021年年度报告,http://www.cninfo.com.cn/new/disclosure/detail?stockCode=688298&announcementId=1213174555&orgId=9900039348&announcementTime=2022-04-28,2022-04-29,2022-07-28,-0.097439
688296,和达科技,2021,2022-04-14,和达科技2021年年度报告,http://www.cninfo.com.cn/new/disclosure/detail?stockCode=688296&announcementId=1212911545&orgId=gfbj0831762&announcementTime=2022-04-14,2022-04-15,2022-07-14,-0.083462
688300,联瑞新材,2021,2022-03-31,联瑞新材2021年年度报告,http://www.cninfo.com.cn/new/disclosure/detail?stockCode=688300&announcementId=1212753783&orgId=gfbj0831647&announcementTime=2022-03-31,2022-04-01,2022-07-04,-0.104743
688299,长阳科技,2021,2022-04-26,宁波长阳科技股份有限公司2021年年度报告,http://www.cninfo.com.cn/new/disclosure/detail?stockCode=688299&announcementId=1213106822&orgId=gfbj0839162&announcementTime=2022-04-26,2022-04-27,2022-07-26,0.217599
688303,大全能源,2021,2022-03-16,大全能源2021年年度报告,http://www.cninfo.com.cn/new/disclosure/detail?stockCode=688303&announcementId=1212581258&orgId=gfbj0837316&announcementTime=2022-03-16,2022-03-17,2022-06-17,0.150411
688301,奕瑞科技,2021,2022-03-17,奕瑞科技2021年年度报告,http://www.cninfo.com.cn/new/disclosure/detail?stockCode=688301&announcementId=1212593730&orgId=9900037040&announcementTime=2022-03-17,2022-03-18,2022-06-20,0.091134
688305,科德数控,2021,2022-04-11,科德数控股份有限公司2021年年度报告,http://www.cninfo.com.cn/new/disclosure/detail?stockCode=688305&announcementId=1212869942&orgId=nssc1000529&announcementTime=2022-04-11,2022-04-12,2022-07-11,0.152813
688308,欧科亿,2021,2022-03-30,欧科亿2021年年度报告,http://www.cninfo.com.cn/new/disclosure/detail?stockCode=688308&announcementId=1212727187&orgId=9900041574&announcementTime=2022-03-30,2022-03-31,2022-07-01,0.206719
688309,恒誉环保,2021,2022-04-27,恒誉环保2021年年度报告,http://www.cninfo.com.cn/new/disclosure/detail?stockCode=688309&announcementId=1213139268&orgId=gfbj0837414&announcementTime=2022-04-27,2022-04-28,2022-07-27,0.243451
688310,迈得医疗,2021,2022-04-26,迈得医疗工业设备股份有限公司2021年年度报告,http://www.cninfo.com.cn/new/disclosure/detail?stockCode=688310&announcementId=1213185113&orgId=gfbj0833990&announcementTime=2022-04-26,2022-04-27,2022-07-26,0.137056
688311,盟升电子,2021,2022-04-23,2021年年度报告,http://www.cninfo.com.cn/new/disclosure/detail?stockCode=688311&announcementId=1213059274&orgId=9900041819&announcementTime=2022-04-23,2022-04-25,2022-07-22,0.074008
688312,燕麦科技,2021,2022-04-19,燕麦科技2021年年度报告,http://www.cninfo.com.cn/new/disclosure/detail?stockCode=688312&announcementId=1212965257&orgId=9900041798&announcementTime=2022-04-19,2022-04-20,2022-07-19,-0.078585
688314,康拓医疗,2021,2022-03-25,西安康拓医疗技术股份有限公司2021年年度报告,http://www.cninfo.com.cn/new/disclosure/detail?stockCode=688314&announcementId=1212670042&orgId=9900044536&announcementTime=2022-03-25,2022-03-28,2022-06-28,-0.004648
688313,仕佳光子,2021,2022-04-23,2021年年度报告,http://www.cninfo.com.cn/new/disclosure/detail?stockCode=688313&announcementId=1213061448&orgId=9900041526&announcementTime=2022-04-23,2022-04-25,2022-07-22,0.176087
688315,诺禾致源,2021,2022-04-13,北京诺禾致源科技股份有限公司2021年年度报告,http://www.cninfo.com.cn/new/disclosure/detail?stockCode=688315&announcementId=1212898526&orgId=9900038309&announcementTime=2022-04-13,2022-04-14,2022-07-13,0.279424
688316,青云科技,2021,2022-04-28,2021年年度报告,http://www.cninfo.com.cn/new/disclosure/detail?stockCode=688316&announcementId=1213182492&orgId=nssc1000259&announcementTime=2022-04-28,2022-04-29,2022-07-28,0.235517
688317,之江生物,2021,2022-04-22,2021年年度报告,http://www.cninfo.com.cn/new/disclosure/detail?stockCode=688317&announcementId=1213018623&orgId=gfbj0834839&announcementTime=2022-04-22,2022-04-25,2022-07-22,0.225169
688318,财富趋势,2021,2022-04-19,财富趋势2021年度报告,http://www.cninfo.com.cn/new/disclosure/detail?stockCode=688318&announcementId=1212964605&orgId=9900022732&announcementTime=2022-04-19,2022-04-20,2022-07-19,0.031202
688319,欧林生物,2021,2022-04-28,成都欧林生物科技股份有限公司2021年年度报告,http://www.cninfo.com.cn/new/disclosure/detail?stockCode=688319&announcementId=1213182518&orgId=gfbj0833577&announcementTime=2022-04-28,2022-04-29,2022-07-28,0.137748
688321,微芯生物,2021,2022-03-30,2021年年度报告全文,http://www.cninfo.com.cn/new/disclosure/detail?stockCode=688321&announcementId=1212725379&orgId=9900038965&announcementTime=2022-03-30,2022-03-31,2022-07-01,-0.036981
688323,瑞华泰,2021,2022-03-30,瑞华泰：2021年年度报告,http://www.cninfo.com.cn/new/disclosure/detail?stockCode=688323&announcementId=1212724028&orgId=9900041792&announcementTime=2022-03-30,2022-03-31,2022-07-01,-0.157439
688328,深科达,2021,2022-04-30,2021年年度报告,http://www.cninfo.com.cn/new/disclosure/detail?stockCode=688328&announcementId=1213273586&orgId=gfbj0831314&announcementTime=2022-04-30,2022-05-05,2022-07-29,0.379222
688329,艾隆科技,2021,2022-04-30,艾隆科技2021年年度报告,http://www.cninfo.com.cn/new/disclosure/detail?stockCode=688329&announcementId=1213273615&orgId=9900039722&announcementTime=2022-04-30,2022-05-05,2022-07-29,0.566681
688330,宏力达,2021,2022-04-12,宏力达2021年年度报告,http://www.cninfo.com.cn/new/disclosure/detail?stockCode=688330&announcementId=1212882620&orgId=9900041745&announcementTime=2022-04-12,2022-04-13,2022-07-12,-0.247551
688335,复洁科技,2021,2022-04-23,2021年年度报告,http://www.cninfo.com.cn/new/disclosure/detail?stockCode=688335&announcementId=1213045606&orgId=gfbj0836304&announcementTime=2022-04-23,2022-04-25,2022-07-22,0.106111
688333,铂力特,2021,2022-04-13,西安铂力特增材技术股份有限公司2021年年度报告,http://www.cninfo.com.cn/new/disclosure/detail?stockCode=688333&announcementId=1212897947&orgId=9900039046&announcementTime=2022-04-13,2022-04-14,2022-07-13,0.237186
688338,赛科希德,2021,2022-04-22,赛科希德2021年年度报告,http://www.cninfo.com.cn/new/disclosure/detail?stockCode=688338&announcementId=1213021244&orgId=9900041384&announcementTime=2022-04-22,2022-04-25,2022-07-22,-0.015308
688336,三生国健,2021,2022-03-29,三生国健：2021年年度报告,http://www.cninfo.com.cn/new/disclosure/detail?stockCode=688336&announcementId=1212712311&orgId=9900041739&announcementTime=2022-03-29,2022-03-30,2022-06-30,-0.123519
688339,亿华通,2021,2022-04-15,亿华通  2021年年度报告全文,http://www.cninfo.com.cn/new/disclosure/detail?stockCode=688339&announcementId=1212923903&orgId=gfbj0834613&announcementTime=2022-04-15,2022-04-18,2022-07-15,0.178631
688345,博力威,2021,2022-04-20,广东博力威科技股份有限公司2021年年度报告,http://www.cninfo.com.cn/new/disclosure/detail?stockCode=688345&announcementId=1212978759&orgId=nssc1000127&announcementTime=2022-04-20,2022-04-21,2022-07-20,1.138082
688350,富淼科技,2021,2022-03-15,江苏富淼科技股份有限公司2021年年度报告,http://www.cninfo.com.cn/new/disclosure/detail?stockCode=688350&announcementId=1212564864&orgId=9900035517&announcementTime=2022-03-15,2022-03-16,2022-06-16,-0.014854
688355,明志科技,2021,2022-04-29,明志科技2021年年度报告,http://www.cninfo.com.cn/new/disclosure/detail?stockCode=688355&announcementId=1213221812&orgId=9900044737&announcementTime=2022-04-29,2022-05-05,2022-07-29,0.443692
688356,键凯科技,2021,2022-03-29,2021年年度报告,http://www.cninfo.com.cn/new/disclosure/detail?stockCode=688356&announcementId=1212711585&orgId=9900042296&announcementTime=2022-03-29,2022-03-30,2022-06-30,0.299637
688357,建龙微纳,2021,2022-03-10,2021年年度报告,http://www.cninfo.com.cn/new/disclosure/detail?stockCode=688357&announcementId=1212535676&orgId=gfbj0833540&announcementTime=2022-03-10,2022-03-11,2022-06-13,-0.139571
688359,三孚新科,2021,2022-04-22,三孚新科：2021年年度报告,http://www.cninfo.com.cn/new/disclosure/detail?stockCode=688359&announcementId=1213026599&orgId=gfbj0836367&announcementTime=2022-04-22,2022-04-25,2022-07-22,0.582685
688358,祥生医疗,2021,2022-04-19,无锡祥生医疗科技股份有限公司2021年年度报告,http://www.cninfo.com.cn/new/disclosure/detail?stockCode=688358&announcementId=1212962195&orgId=9900039303&announcementTime=2022-04-19,2022-04-20,2022-07-19,0.070944
688363,华熙生物,2021,2022-03-11,华熙生物2021年年度报告,http://www.cninfo.com.cn/new/disclosure/detail?stockCode=688363&announcementId=1212541840&orgId=9900039135&announcementTime=2022-03-11,2022-03-14,2022-06-14,0.24676
688360,德马科技,2021,2022-04-18,德马科技2021年年度报告,http://www.cninfo.com.cn/new/disclosure/detail?stockCode=688360&announcementId=1212951655&orgId=gfbj0830805&announcementTime=2022-04-18,2022-04-19,2022-07-18,0.0171
688366,昊海生科,2021,2022-03-29,上海昊海生物科技股份有限公司2021年年度报告,http://www.cninfo.com.cn/new/disclosure/detail?stockCode=688366&announcementId=1212709917&orgId=9900023042&announcementTime=2022-03-29,2022-03-30,2022-06-30,0.118301
688365,光云科技,2021,2022-04-08,光云科技：2021年年度报告,http://www.cninfo.com.cn/new/disclosure/detail?stockCode=688365&announcementId=1212839954&orgId=9900039491&announcementTime=2022-04-08,2022-04-11,2022-07-08,-0.087388
688367,工大高科,2021,2022-04-27,工大高科2021年年度报告,http://www.cninfo.com.cn/new/disclosure/detail?stockCode=688367&announcementId=1213146122&orgId=gfbj0834182&announcementTime=2022-04-27,2022-04-28,2022-07-27,0.007543
688368,晶丰明源,2021,2022-02-24,上海晶丰明源半导体股份有限公司2021年年度报告,http://www.cninfo.com.cn/new/disclosure/detail?stockCode=688368&announcementId=1212444762&orgId=9900036061&announcementTime=2022-02-24,2022-02-25,2022-05-27,-0.403818
688369,致远互联,2021,2022-04-13,北京致远互联软件股份有限公司2021年年度报告,http://www.cninfo.com.cn/new/disclosure/detail?stockCode=688369&announcementId=1212898910&orgId=9900039219&announcementTime=2022-04-13,2022-04-14,2022-07-13,-0.04574
688377,迪威尔,2021,2022-04-22,迪威尔2021年年度报告,http://www.cninfo.com.cn/new/disclosure/detail?stockCode=688377&announcementId=1213017251&orgId=9900029817&announcementTime=2022-04-22,2022-04-25,2022-07-22,0.468943
688378,奥来德,2021,2022-04-22,2021年年度报告,http://www.cninfo.com.cn/new/disclosure/detail?stockCode=688378&announcementId=1213019103&orgId=gfbj0871531&announcementTime=2022-04-22,2022-04-25,2022-07-22,-0.00431
688379,华光新材,2021,2022-04-26,华光新材2021年年度报告,http://www.cninfo.com.cn/new/disclosure/detail?stockCode=688379&announcementId=1213110125&orgId=9900023922&announcementTime=2022-04-26,2022-04-27,2022-07-26,0.262887
688383,新益昌,2021,2022-04-26,深圳新益昌科技股份有限公司2021年年度报告,http://www.cninfo.com.cn/new/disclosure/detail?stockCode=688383&announcementId=1213121901&orgId=nssc1000129&announcementTime=2022-04-26,2022-04-27,2022-07-26,0.505065
688385,复旦微电,2021,2022-03-21,2021年年度报告,http://www.cninfo.com.cn/new/disclosure/detail?stockCode=688385&announcementId=1212628937&orgId=gshk0008102&announcementTime=2022-03-21,2022-03-22,2022-06-22,0.216361
688386,泛亚微透,2021,2022-03-31,泛亚微透2021年年度报告,http://www.cninfo.com.cn/new/disclosure/detail?stockCode=688386&announcementId=1212747339&orgId=9900041594&announcementTime=2022-03-31,2022-04-01,2022-07-04,0.20049
688388,嘉元科技,2021,2022-03-25,广东嘉元科技股份有限公司2021年年度报告,http://www.cninfo.com.cn/new/disclosure/detail?stockCode=688388&announcementId=1212670343&orgId=gfbj0833790&announcementTime=2022-03-25,2022-03-28,2022-06-28,0.01065
688390,固德威,2021,2022-04-26,2021年年度报告,http://www.cninfo.com.cn/new/disclosure/detail?stockCode=688390&announcementId=1213103662&orgId=gfbj0835209&announcementTime=2022-04-26,2022-04-27,2022-07-26,1.908243
688389,普门科技,2021,2022-04-16,深圳普门科技股份有限公司2021年年度报告,http://www.cninfo.com.cn/new/disclosure/detail?stockCode=688389&announcementId=1212943466&orgId=9900039187&announcementTime=2022-04-16,2022-04-18,2022-07-15,0.042839
688393,安必平,2021,2022-04-02,2021年年度报告,http://www.cninfo.com.cn/new/disclosure/detail?stockCode=688393&announcementId=1212811062&orgId=9900030277&announcementTime=2022-04-02,2022-04-06,2022-07-05,-0.161279
688395,正弦电气,2021,2022-04-21,2021年年度报告,http://www.cninfo.com.cn/new/disclosure/detail?stockCode=688395&announcementId=1212999635&orgId=gfbj0834933&announcementTime=2022-04-21,2022-04-22,2022-07-21,0.123664
688396,华润微,2021,2022-04-23,华润微：2021年年度报告,http://www.cninfo.com.cn/new/disclosure/detail?stockCode=688396&announcementId=1213061271&orgId=gshk0000597&announcementTime=2022-04-23,2022-04-25,2022-07-22,0.093575
688398,赛特新材,2021,2022-04-13,赛特新材：2021年年度报告,http://www.cninfo.com.cn/new/disclosure/detail?stockCode=688398&announcementId=1212898751&orgId=9900030638&announcementTime=2022-04-13,2022-04-14,2022-07-13,-0.141715
688399,硕世生物,2021,2022-04-15,江苏硕世生物科技股份有限公司2021年年度报告,http://www.cninfo.com.cn/new/disclosure/detail?stockCode=688399&announcementId=1212922404&orgId=9900039223&announcementTime=2022-04-15,2022-04-18,2022-07-15,-0.110493
688408,中信博,2021,2022-04-28,中信博2021年年度报告全文,http://www.cninfo.com.cn/new/disclosure/detail?stockCode=688408&announcementId=1213174581&orgId=9900039737&announcementTime=2022-04-28,2022-04-29,2022-07-28,1.5148
688418,震有科技,2021,2022-04-29,2021年年度报告全文,http://www.cninfo.com.cn/new/disclosure/detail?stockCode=688418&announcementId=1213226686&orgId=9900035556&announcementTime=2022-04-29,2022-05-05,2022-07-29,0.224321
688425,铁建重工,2021,2022-03-31,中国铁建重工集团股份有限公司2021年年度报告,http://www.cninfo.com.cn/new/disclosure/detail?stockCode=688425&announcementId=1212743648&orgId=nssc1000602&announcementTime=2022-03-31,2022-04-01,2022-07-04,-0.043084
688456,有研粉材,2021,2022-04-22,2021年度报告,http://www.cninfo.com.cn/new/disclosure/detail?stockCode=688456&announcementId=1213026629&orgId=nssc1000134&announcementTime=2022-04-22,2022-04-25,2022-07-22,0.285513
688466,金科环境,2021,2022-04-28,金科环境：2021年年度报告,http://www.cninfo.com.cn/new/disclosure/detail?stockCode=688466&announcementId=1213182549&orgId=9900039436&announcementTime=2022-04-28,2022-04-29,2022-07-28,0.212903
688468,科美诊断,2021,2022-04-28,科美诊断技术股份有限公司2021年年度报告,http://www.cninfo.com.cn/new/disclosure/detail?stockCode=688468&announcementId=1213165730&orgId=nssc1000313&announcementTime=2022-04-28,2022-04-29,2022-07-28,0.145563
688499,利元亨,2021,2022-04-08,广东利元亨智能装备股份有限公司2021年年度报告,http://www.cninfo.com.cn/new/disclosure/detail?stockCode=688499&announcementId=1212841448&orgId=9900038933&announcementTime=2022-04-08,2022-04-11,2022-07-08,0.267559
688488,艾迪药业,2021,2022-04-15,艾迪药业2021年年度报告,http://www.cninfo.com.cn/new/disclosure/detail?stockCode=688488&announcementId=1212924684&orgId=9900041599&announcementTime=2022-04-15,2022-04-18,2022-07-15,0.119712
688500,慧辰股份,2021,2022-04-30,慧辰股份2021年年度报告,http://www.cninfo.com.cn/new/disclosure/detail?stockCode=688500&announcementId=1213273673&orgId=gfbj0833309&announcementTime=2022-04-30,2022-05-05,2022-07-29,0.033859
688501,青达环保,2021,2022-03-22,青岛达能环保设备股份有限公司2021年年度报告,http://www.cninfo.com.cn/new/disclosure/detail?stockCode=688501&announcementId=1212632071&orgId=9900041684&announcementTime=2022-03-22,2022-03-23,2022-06-23,-0.070615
688505,复旦张江,2021,2022-03-29,复旦张江2021年年度报告,http://www.cninfo.com.cn/new/disclosure/detail?stockCode=688505&announcementId=1212710389&orgId=gshk0008231&announcementTime=2022-03-29,2022-03-30,2022-06-30,-0.155887
688509,正元地信,2021,2022-04-26,正元地信2021年年度报告,http://www.cninfo.com.cn/new/disclosure/detail?stockCode=688509&announcementId=1213106989&orgId=9900041382&announcementTime=2022-04-26,2022-04-27,2022-07-26,0.235154
688508,芯朋微,2021,2022-03-18,2021年年度报告,http://www.cninfo.com.cn/new/disclosure/detail?stockCode=688508&announcementId=1212610106&orgId=gfbj0430512&announcementTime=2022-03-18,2022-03-21,2022-06-21,-0.27037
688510,航亚科技,2021,2022-04-27,无锡航亚科技股份有限公司2021年年度报告,http://www.cninfo.com.cn/new/disclosure/detail?stockCode=688510&announcementId=1213137591&orgId=gfbj0870269&announcementTime=2022-04-27,2022-04-28,2022-07-27,0.571429
688511,*ST天微,2021,2022-03-28,2021年年度报告,http://www.cninfo.com.cn/new/disclosure/detail?stockCode=688511&announcementId=1212699120&orgId=nssc1000625&announcementTime=2022-03-28,2022-03-29,2022-06-29,-0.078554
688513,苑东生物,2021,2022-03-29,苑东生物：2021年年度报告,http://www.cninfo.com.cn/new/disclosure/detail?stockCode=688513&announcementId=1212712001&orgId=gfbj0837374&announcementTime=2022-03-29,2022-03-30,2022-06-30,-0.034831
688516,奥特维,2021,2022-04-15,无锡奥特维科技股份有限公司2021年年度报告,http://www.cninfo.com.cn/new/disclosure/detail?stockCode=688516&announcementId=1212924884&orgId=gfbj0836288&announcementTime=2022-04-15,2022-04-18,2022-07-15,0.654973
688518,联赢激光,2021,2022-04-19,深圳市联赢激光股份有限公司2021年年度报告,http://www.cninfo.com.cn/new/disclosure/detail?stockCode=688518&announcementId=1212964133&orgId=gfbj0833684&announcementTime=2022-04-19,2022-04-20,2022-07-19,0.201818
688517,金冠电气,2021,2022-04-16,金冠电气股份有限公司2021年年度报告,http://www.cninfo.com.cn/new/disclosure/detail?stockCode=688517&announcementId=1212944275&orgId=9900041524&announcementTime=2022-04-16,2022-04-18,2022-07-15,0.156111
688519,南亚新材,2021,2022-04-15,南亚新材2021年年度报告,http://www.cninfo.com.cn/new/disclosure/detail?stockCode=688519&announcementId=1212924936&orgId=9900038620&announcementTime=2022-04-15,2022-04-18,2022-07-15,-0.032769
688520,神州细胞,2021,2022-04-27,神州细胞2021年年度报告,http://www.cninfo.com.cn/new/disclosure/detail?stockCode=688520&announcementId=1213146741&orgId=9900040621&announcementTime=2022-04-27,2022-04-28,2022-07-27,0.23
688521,芯原股份,2021,2022-03-30,2021年年度报告,http://www.cninfo.com.cn/new/disclosure/detail?stockCode=688521&announcementId=1212730719&orgId=9900040648&announcementTime=2022-03-30,2022-03-31,2022-07-01,-0.042857
688526,科前生物,2021,2022-04-19,武汉科前生物股份有限公司2021年年度报告,http://www.cninfo.com.cn/new/disclosure/detail?stockCode=688526&announcementId=1212957253&orgId=9900038938&announcementTime=2022-04-19,2022-04-20,2022-07-19,0.195349
688528,秦川物联,2021,2022-04-28,2021年年度报告,http://www.cninfo.com.cn/new/disclosure/detail?stockCode=688528&announcementId=1213162269&orgId=9900039483&announcementTime=2022-04-28,2022-04-29,2022-07-28,0.12578
688529,豪森智能,2021,2022-04-29,豪森股份2021年年度报告,http://www.cninfo.com.cn/new/disclosure/detail?stockCode=688529&announcementId=1213226986&orgId=nssc1000041&announcementTime=2022-04-29,2022-05-05,2022-07-29,0.559735
688533,上声电子,2021,2022-04-28,上声电子：2021年年度报告,http://www.cninfo.com.cn/new/disclosure/detail?stockCode=688533&announcementId=1213182572&orgId=9900041606&announcementTime=2022-04-28,2022-04-29,2022-07-28,0.94596
688536,思瑞浦,2021,2022-03-14,2021年年度报告,http://www.cninfo.com.cn/new/disclosure/detail?stockCode=688536&announcementId=1212557875&orgId=9900032795&announcementTime=2022-03-14,2022-03-15,2022-06-15,-0.134213
688538,和辉光电,2021,2022-04-28,上海和辉光电股份有限公司2021年年度报告,http://www.cninfo.com.cn/new/disclosure/detail?stockCode=688538&announcementId=1213182638&orgId=nssc1000734&announcementTime=2022-04-28,2022-04-29,2022-07-28,0.112033
688550,瑞联新材,2021,2022-04-18,2021年年度报告,http://www.cninfo.com.cn/new/disclosure/detail?stockCode=688550&announcementId=1212951691&orgId=gfbj0835406&announcementTime=2022-04-18,2022-04-19,2022-07-18,0.033348
688551,科威尔,2021,2022-04-16,2021年年度报告,http://www.cninfo.com.cn/new/disclosure/detail?stockCode=688551&announcementId=1212942236&orgId=nssc1000154&announcementTime=2022-04-16,2022-04-18,2022-07-15,-0.009264
688553,汇宇制药,2021,2022-04-07,四川汇宇制药股份有限公司2021年年度报告,http://www.cninfo.com.cn/new/disclosure/detail?stockCode=688553&announcementId=1212828946&orgId=nssc1000740&announcementTime=2022-04-07,2022-04-08,2022-07-07,-0.119229
688556,高测股份,2021,2022-04-29,2021年年度报告,http://www.cninfo.com.cn/new/disclosure/detail?stockCode=688556&announcementId=1213208286&orgId=gfbj0834278&announcementTime=2022-04-29,2022-05-05,2022-07-29,0.764643
688557,兰剑智能,2021,2022-03-31,兰剑智能科技股份有限公司2021年年度报告,http://www.cninfo.com.cn/new/disclosure/detail?stockCode=688557&announcementId=1212744270&orgId=9900041688&announcementTime=2022-03-31,2022-04-01,2022-07-04,-0.011963
688558,国盛智科,2021,2022-04-13,国盛智科2021年年度报告,http://www.cninfo.com.cn/new/disclosure/detail?stockCode=688558&announcementId=1212897078&orgId=9900035083&announcementTime=2022-04-13,2022-04-14,2022-07-13,0.028571
688559,海目星,2021,2022-04-28,海目星2020年年度报告,http://www.cninfo.com.cn/new/disclosure/detail?stockCode=688559&announcementId=1213182687&orgId=9900041799&announcementTime=2022-04-28,2022-04-29,2022-07-28,0.526534
688560,明冠新材,2021,2022-04-27,明冠新材料股份有限公司2021年年度报告,http://www.cninfo.com.cn/new/disclosure/detail?stockCode=688560&announcementId=1213148529&orgId=9900037841&announcementTime=2022-04-27,2022-04-28,2022-07-27,0.559091
688561,奇安信,2021,2022-04-26,奇安信2021年年度报告,http://www.cninfo.com.cn/new/disclosure/detail?stockCode=688561&announcementId=1213121945&orgId=9900041361&announcementTime=2022-04-26,2022-04-27,2022-07-26,0.148897
688565,力源科技,2021,2022-04-20,力源科技：2021年年度报告,http://www.cninfo.com.cn/new/disclosure/detail?stockCode=688565&announcementId=1212984086&orgId=gfbj0831353&announcementTime=2022-04-20,2022-04-21,2022-07-20,-0.013774
688566,吉贝尔,2021,2022-04-28,吉贝尔2021年年度报告,http://www.cninfo.com.cn/new/disclosure/detail?stockCode=688566&announcementId=1213174742&orgId=9900039624&announcementTime=2022-04-28,2022-04-29,2022-07-28,0.196923
688567,孚能科技,2021,2022-04-30,孚能科技2021年年度报告全文,http://www.cninfo.com.cn/new/disclosure/detail?stockCode=688567&announcementId=1213273773&orgId=9900040620&announcementTime=2022-04-30,2022-05-05,2022-07-29,0.791953
688569,铁科轨道,2021,2022-03-30,铁科轨道2021年年度报告,http://www.cninfo.com.cn/new/disclosure/detail?stockCode=688569&announcementId=1212721657&orgId=9900041365&announcementTime=2022-03-30,2022-03-31,2022-07-01,0.097361
688568,中科星图,2021,2022-04-13,中科星图股份有限公司2021年年度报告,http://www.cninfo.com.cn/new/disclosure/detail?stockCode=688568&announcementId=1212898548&orgId=9900038994&announcementTime=2022-04-13,2022-04-14,2022-07-13,0.043
688571,杭华股份,2021,2022-04-14,杭华油墨股份有限公司2021年年度报告,http://www.cninfo.com.cn/new/disclosure/detail?stockCode=688571&announcementId=1212914066&orgId=9900034180&announcementTime=2022-04-14,2022-04-15,2022-07-14,-0.036709
688575,亚辉龙,2021,2022-04-29,2021年年度报告,http://www.cninfo.com.cn/new/disclosure/detail?stockCode=688575&announcementId=1213202723&orgId=nssc1000247&announcementTime=2022-04-29,2022-05-05,2022-07-29,-0.151642
688578,艾力斯,2021,2022-04-27,上海艾力斯医药科技股份有限公司2021年年度报告,http://www.cninfo.com.cn/new/disclosure/detail?stockCode=688578&announcementId=1213146137&orgId=nssc1000445&announcementTime=2022-04-27,2022-04-28,2022-07-27,0.200255
688577,浙海德曼,2021,2022-04-27,浙海德曼2021年年度报告,http://www.cninfo.com.cn/new/disclosure/detail?stockCode=688577&announcementId=1213137641&orgId=gfbj0837244&announcementTime=2022-04-27,2022-04-28,2022-07-27,0.342707
688580,伟思医疗,2021,2022-04-28,南京伟思医疗科技股份有限公司2021年年度报告,http://www.cninfo.com.cn/new/disclosure/detail?stockCode=688580&announcementId=1213174768&orgId=gfbj0836154&announcementTime=2022-04-28,2022-04-29,2022-07-28,0.461107
688579,山大地纬,2021,2022-04-13,山大地纬2021年年度报告,http://www.cninfo.com.cn/new/disclosure/detail?stockCode=688579&announcementId=1212899410&orgId=gfbj0831688&announcementTime=2022-04-13,2022-04-14,2022-07-13,-0.120672
688585,上纬新材,2021,2022-04-01,上纬新材料科技股份有限公司2021年年度报告,http://www.cninfo.com.cn/new/disclosure/detail?stockCode=688585&announcementId=1212769669&orgId=9900042956&announcementTime=2022-04-01,2022-04-06,2022-07-05,-0.044979
688586,江航装备,2021,2022-03-15,江航装备2021年年度报告,http://www.cninfo.com.cn/new/disclosure/detail?stockCode=688586&announcementId=1212567634&orgId=9900041351&announcementTime=2022-03-15,2022-03-16,2022-06-16,0.060369
688588,凌志软件,2021,2022-04-08,凌志软件2021年年度报告,http://www.cninfo.com.cn/new/disclosure/detail?stockCode=688588&announcementId=1212839995&orgId=gfbj0830866&announcementTime=2022-04-08,2022-04-11,2022-07-08,-0.089187
688589,力合微,2021,2022-03-24,2021年年度报告,http://www.cninfo.com.cn/new/disclosure/detail?stockCode=688589&announcementId=1212650721&orgId=9900031454&announcementTime=2022-03-24,2022-03-25,2022-06-27,-0.063304
688590,新致软件,2021,2022-04-29,2021年年度报告,http://www.cninfo.com.cn/new/disclosure/detail?stockCode=688590&announcementId=1213221949&orgId=9900031487&announcementTime=2022-04-29,2022-05-05,2022-07-29,0.12156
688595,芯海科技,2021,2022-04-28,芯海科技2021年年度报告,http://www.cninfo.com.cn/new/disclosure/detail?stockCode=688595&announcementId=1213182752&orgId=gfbj0837517&announcementTime=2022-04-28,2022-04-29,2022-07-28,0.26606
688596,正帆科技,2021,2022-04-28,上海正帆科技股份有限公司2021年年度报告,http://www.cninfo.com.cn/new/disclosure/detail?stockCode=688596&announcementId=1213183916&orgId=gfbj0834317&announcementTime=2022-04-28,2022-04-29,2022-07-28,0.502298
688597,煜邦电力,2021,2022-04-27,2021年年度报告全文,http://www.cninfo.com.cn/new/disclosure/detail?stockCode=688597&announcementId=1213133015&orgId=9900035311&announcementTime=2022-04-27,2022-04-28,2022-07-27,0.776803
688598,金博股份,2021,2022-02-26,金博股份2021年年度报告,http://www.cninfo.com.cn/new/disclosure/detail?stockCode=688598&announcementId=1212458859&orgId=9900041577&announcementTime=2022-02-26,2022-02-28,2022-05-30,-0.154563
688599,天合光能,2021,2022-04-28,天合光能股份有限公司2021年年度报告,http://www.cninfo.com.cn/new/disclosure/detail?stockCode=688599&announcementId=1213183956&orgId=GD155612&announcementTime=2022-04-28,2022-04-29,2022-07-28,0.716921
688600,皖仪科技,2021,2022-03-10,2021年年度报告,http://www.cninfo.com.cn/new/disclosure/detail?stockCode=688600&announcementId=1212534779&orgId=9900041342&announcementTime=2022-03-10,2022-03-11,2022-06-13,-0.147756
688606,奥泰生物,2021,2022-04-28,2021年年度报告,http://www.cninfo.com.cn/new/disclosure/detail?stockCode=688606&announcementId=1213166270&orgId=9900039769&announcementTime=2022-04-28,2022-04-29,2022-07-28,0.014372
688601,力芯微,2021,2022-04-12,2021年年度报告,http://www.cninfo.com.cn/new/disclosure/detail?stockCode=688601&announcementId=1212882754&orgId=9900033358&announcementTime=2022-04-12,2022-04-13,2022-07-12,-0.135242
688607,康众医疗,2021,2022-04-29,康众医疗2021年年度报告,http://www.cninfo.com.cn/new/disclosure/detail?stockCode=688607&announcementId=1213226716&orgId=9900041595&announcementTime=2022-04-29,2022-05-05,2022-07-29,0.644928
688608,恒玄科技,2021,2022-04-15,2021年年度报告,http://www.cninfo.com.cn/new/disclosure/detail?stockCode=688608&announcementId=1212923954&orgId=nssc1000367&announcementTime=2022-04-15,2022-04-18,2022-07-15,-0.140749
688609,九联科技,2021,2022-04-28,广东九联科技股份有限公司2021年年度报告,http://www.cninfo.com.cn/new/disclosure/detail?stockCode=688609&announcementId=1213166285&orgId=9900023226&announcementTime=2022-04-28,2022-04-29,2022-07-28,0.296961
688611,杭州柯林,2021,2022-04-20,杭州柯林电气股份有限公司2021年年度报告,http://www.cninfo.com.cn/new/disclosure/detail?stockCode=688611&announcementId=1212983216&orgId=gfbj0836844&announcementTime=2022-04-20,2022-04-21,2022-07-20,0.125653
688613,奥精医疗,2021,2022-04-28,奥精医疗：2021年年度报告,http://www.cninfo.com.cn/new/disclosure/detail?stockCode=688613&announcementId=1213174785&orgId=nssc1000537&announcementTime=2022-04-28,2022-04-29,2022-07-28,-0.019463
688616,西力科技,2021,2022-04-27,杭州西力智能科技股份有限公司2021年年度报告,http://www.cninfo.com.cn/new/disclosure/detail?stockCode=688616&announcementId=1213133612&orgId=9900035300&announcementTime=2022-04-27,2022-04-28,2022-07-27,0.269397
688617,惠泰医疗,2021,2022-03-11,2021年年度报告,http://www.cninfo.com.cn/new/disclosure/detail?stockCode=688617&announcementId=1212541782&orgId=nssc1000047&announcementTime=2022-03-11,2022-03-14,2022-06-14,-0.037848
688618,三旺通信,2021,2022-04-23,2021年年度报告,http://www.cninfo.com.cn/new/disclosure/detail?stockCode=688618&announcementId=1213059514&orgId=nssc1000604&announcementTime=2022-04-23,2022-04-25,2022-07-22,0.237269
688619,罗普特,2021,2022-04-19,罗普特科技集团股份有限公司2021年年度报告,http://www.cninfo.com.cn/new/disclosure/detail?stockCode=688619&announcementId=1212959432&orgId=9900041860&announcementTime=2022-04-19,2022-04-20,2022-07-19,-0.090559
688621,阳光诺和,2021,2022-02-28,阳光诺和2021年年度报告,http://www.cninfo.com.cn/new/disclosure/detail?stockCode=688621&announcementId=1212463146&orgId=9900046415&announcementTime=2022-02-28,2022-03-01,2022-05-31,-0.018737
688622,禾信仪器,2021,2022-04-26,2021年年度报告,http://www.cninfo.com.cn/new/disclosure/detail?stockCode=688622&announcementId=1213107014&orgId=gfbj0871079&announcementTime=2022-04-26,2022-04-27,2022-07-26,0.298952
688625,呈和科技,2021,2022-04-27,2021年年度报告,http://www.cninfo.com.cn/new/disclosure/detail?stockCode=688625&announcementId=1213146462&orgId=gfbj0838731&announcementTime=2022-04-27,2022-04-28,2022-07-27,0.164593
688626,翔宇医疗,2021,2022-04-28,翔宇医疗2021年年度报告,http://www.cninfo.com.cn/new/disclosure/detail?stockCode=688626&announcementId=1213174864&orgId=9900041530&announcementTime=2022-04-28,2022-04-29,2022-07-28,0.199182
688628,优利德,2021,2022-04-28,2021年年度报告,http://www.cninfo.com.cn/new/disclosure/detail?stockCode=688628&announcementId=1213184011&orgId=nssc1000176&announcementTime=2022-04-28,2022-04-29,2022-07-28,0.363438
688630,芯碁微装,2021,2022-04-28,2021年年度报告,http://www.cninfo.com.cn/new/disclosure/detail?stockCode=688630&announcementId=1213174866&orgId=nssc1000289&announcementTime=2022-04-28,2022-04-29,2022-07-28,0.991832
688633,星球石墨,2021,2022-04-28,2021年年度报告,http://www.cninfo.com.cn/new/disclosure/detail?stockCode=688633&announcementId=1213166325&orgId=9900044435&announcementTime=2022-04-28,2022-04-29,2022-07-28,0.359383
688636,智明达,2021,2022-04-08,成都智明达2021年年度报告全文,http://www.cninfo.com.cn/new/disclosure/detail?stockCode=688636&announcementId=1212838564&orgId=9900041815&announcementTime=2022-04-08,2022-04-11,2022-07-08,0.262346
688639,华恒生物,2021,2022-04-20,安徽华恒生物科技股份有限公司2021年年度报告,http://www.cninfo.com.cn/new/disclosure/detail?stockCode=688639&announcementId=1212974136&orgId=gfbj0831088&announcementTime=2022-04-20,2022-04-21,2022-07-20,0.501328
688656,浩欧博,2021,2022-04-25,江苏浩欧博生物医药股份有限公司2021年年度报告,http://www.cninfo.com.cn/new/disclosure/detail?stockCode=688656&announcementId=1213087129&orgId=9900039221&announcementTime=2022-04-25,2022-04-26,2022-07-25,0.05023
688655,迅捷兴,2021,2022-04-22,深圳市迅捷兴科技股份有限公司2021年年度报告,http://www.cninfo.com.cn/new/disclosure/detail?stockCode=688655&announcementId=1213022211&orgId=nssc1000359&announcementTime=2022-04-22,2022-04-25,2022-07-22,-0.031298
688658,悦康药业,2021,2022-04-29,2021年年度报告,http://www.cninfo.com.cn/new/disclosure/detail?stockCode=688658&announcementId=1213226767&orgId=9900041389&announcementTime=2022-04-29,2022-05-05,2022-07-29,-0.029379
688659,元琛科技,2021,2022-03-30,安徽元琛环保科技股份有限公司2021年年度报告,http://www.cninfo.com.cn/new/disclosure/detail?stockCode=688659&announcementId=1212727795&orgId=9900041346&announcementTime=2022-03-30,2022-03-31,2022-07-01,-0.122172
688660,电气风电,2021,2022-03-29,上海电气风电集团股份有限公司2021年年度报告,http://www.cninfo.com.cn/new/disclosure/detail?stockCode=688660&announcementId=1212710511&orgId=nssc1000609&announcementTime=2022-03-29,2022-03-30,2022-06-30,0.001057
688661,和林微纳,2021,2022-03-31,2021年年度报告,http://www.cninfo.com.cn/new/disclosure/detail?stockCode=688661&announcementId=1212750677&orgId=nssc1000577&announcementTime=2022-03-31,2022-04-01,2022-07-04,-0.026817
688662,富信科技,2021,2022-03-28,广东富信科技股份有限公司2021年年度报告,http://www.cninfo.com.cn/new/disclosure/detail?stockCode=688662&announcementId=1212699160&orgId=nssc1000012&announcementTime=2022-03-28,2022-03-29,2022-06-29,0.174482
688665,四方光电,2021,2022-04-20,四方光电股份有限公司2021年年度报告,http://www.cninfo.com.cn/new/disclosure/detail?stockCode=688665&announcementId=1212983540&orgId=nssc1000466&announcementTime=2022-04-20,2022-04-21,2022-07-20,0.389092
688663,新风光,2021,2022-04-12,新风光电子科技股份有限公司2021年年度报告,http://www.cninfo.com.cn/new/disclosure/detail?stockCode=688663&announcementId=1212881675&orgId=gfbj0833152&announcementTime=2022-04-12,2022-04-13,2022-07-12,0.283172
688668,鼎通科技,2021,2022-03-30,2021年年度报告,http://www.cninfo.com.cn/new/disclosure/detail?stockCode=688668&announcementId=1212729388&orgId=9900041452&announcementTime=2022-03-30,2022-03-31,2022-07-01,0.418592
688667,菱电电控,2021,2022-04-28,菱电电控2021年度报告,http://www.cninfo.com.cn/new/disclosure/detail?stockCode=688667&announcementId=1213166366&orgId=9900041562&announcementTime=2022-04-28,2022-04-29,2022-07-28,1.023138
688669,聚石化学,2021,2022-04-29,2021年年度报告,http://www.cninfo.com.cn/new/disclosure/detail?stockCode=688669&announcementId=1213226784&orgId=gfbj0833817&announcementTime=2022-04-29,2022-05-05,2022-07-29,0.236355
688670,金迪克,2021,2022-04-09,江苏金迪克生物技术股份有限公司2021年年度报告,http://www.cninfo.com.cn/new/disclosure/detail?stockCode=688670&announcementId=1212853779&orgId=9900046653&announcementTime=2022-04-09,2022-04-11,2022-07-08,0.112364
688677,海泰新光,2021,2022-04-26,青岛海泰新光科技股份有限公司2021年年度报告全文,http://www.cninfo.com.cn/new/disclosure/detail?stockCode=688677&announcementId=1213103687&orgId=gfbj0836412&announcementTime=2022-04-26,2022-04-27,2022-07-26,0.280628
688676,金盘科技,2021,2022-04-16,2021年年度报告,http://www.cninfo.com.cn/new/disclosure/detail?stockCode=688676&announcementId=1212944863&orgId=9900044215&announcementTime=2022-04-16,2022-04-18,2022-07-15,1.199286
688679,通源环境,2021,2022-04-20,2021年年度报告,http://www.cninfo.com.cn/new/disclosure/detail?stockCode=688679&announcementId=1212975050&orgId=gfbj0834778&announcementTime=2022-04-20,2022-04-21,2022-07-20,0.024933
688678,福立旺,2021,2022-04-28,2021年年度报告,http://www.cninfo.com.cn/new/disclosure/detail?stockCode=688678&announcementId=1213184115&orgId=gfbj0839734&announcementTime=2022-04-28,2022-04-29,2022-07-28,0.6637
688680,海优新材,2021,2022-04-26,上海海优威新材料股份有限公司2021年年度报告,http://www.cninfo.com.cn/new/disclosure/detail?stockCode=688680&announcementId=1213107078&orgId=gfbj0831697&announcementTime=2022-04-26,2022-04-27,2022-07-26,0.435973
688681,科汇股份,2021,2022-04-20,2021年年度报告,http://www.cninfo.com.cn/new/disclosure/detail?stockCode=688681&announcementId=1212978515&orgId=gfbj0830912&announcementTime=2022-04-20,2022-04-21,2022-07-20,0.121001
688682,霍莱沃,2021,2022-04-30,霍莱沃2021年度报告,http://www.cninfo.com.cn/new/disclosure/detail?stockCode=688682&announcementId=1213273829&orgId=nssc1000563&announcementTime=2022-04-30,2022-05-05,2022-07-29,0.36913
688683,莱尔科技,2021,2022-04-28,2021年年度报告,http://www.cninfo.com.cn/new/disclosure/detail?stockCode=688683&announcementId=1213184177&orgId=9900041447&announcementTime=2022-04-28,2022-04-29,2022-07-28,0.341426
688685,迈信林,2021,2022-04-26,江苏迈信林航空科技股份有限公司2021年年度报告,http://www.cninfo.com.cn/new/disclosure/detail?stockCode=688685&announcementId=1213122004&orgId=nssc1000499&announcementTime=2022-04-26,2022-04-27,2022-07-26,0.640539
688686,奥普特,2021,2022-03-30,2021年年度报告,http://www.cninfo.com.cn/new/disclosure/detail?stockCode=688686&announcementId=1212725185&orgId=9900041449&announcementTime=2022-03-30,2022-03-31,2022-07-01,0.362507
688687,凯因科技,2021,2022-04-21,凯因科技2021年年度报告,http://www.cninfo.com.cn/new/disclosure/detail?stockCode=688687&announcementId=1213000714&orgId=9900023505&announcementTime=2022-04-21,2022-04-22,2022-07-21,0.047981
688689,银河微电,2021,2022-03-15,2021年年度报告,http://www.cninfo.com.cn/new/disclosure/detail?stockCode=688689&announcementId=1212566117&orgId=9900035558&announcementTime=2022-03-15,2022-03-16,2022-06-16,-0.067935
688690,纳微科技,2021,2022-03-11,苏州纳微科技股份有限公司2021年年度报告,http://www.cninfo.com.cn/new/disclosure/detail?stockCode=688690&announcementId=1212541438&orgId=nssc1000188&announcementTime=2022-03-11,2022-03-14,2022-06-14,0.058855
688696,极米科技,2021,2022-04-22,2021年年度报告全文,http://www.cninfo.com.cn/new/disclosure/detail?stockCode=688696&announcementId=1213018646&orgId=9900041814&announcementTime=2022-04-22,2022-04-25,2022-07-22,0.471988
688697,纽威数控,2021,2022-03-29,纽威数控2021年年度报告,http://www.cninfo.com.cn/new/disclosure/detail?stockCode=688697&announcementId=1212707170&orgId=nssc1000650&announcementTime=2022-03-29,2022-03-30,2022-06-30,0.099929
688698,伟创电气,2021,2022-04-18,苏州伟创电气科技股份有限公司2021年年度报告,http://www.cninfo.com.cn/new/disclosure/detail?stockCode=688698&announcementId=1212951704&orgId=nssc1000507&announcementTime=2022-04-18,2022-04-19,2022-07-18,0.349427
688699,明微电子,2021,2022-04-15,2021年年度报告,http://www.cninfo.com.cn/new/disclosure/detail?stockCode=688699&announcementId=1212922429&orgId=9900023024&announcementTime=2022-04-15,2022-04-18,2022-07-15,-0.08422
688700,东威科技,2021,2022-04-16,2021年年度报告,http://www.cninfo.com.cn/new/disclosure/detail?stockCode=688700&announcementId=1212939365&orgId=9900044715&announcementTime=2022-04-16,2022-04-18,2022-07-15,0.510509
688701,卓锦股份,2021,2022-04-29,浙江卓锦环保科技股份有限公司2021年年度报告,http://www.cninfo.com.cn/new/disclosure/detail?stockCode=688701&announcementId=1213221980&orgId=gfbj0833149&announcementTime=2022-04-29,2022-05-05,2022-07-29,0.139692
688707,振华新材,2021,2022-04-08,贵州振华新材料股份有限公司2021年年度报告,http://www.cninfo.com.cn/new/disclosure/detail?stockCode=688707&announcementId=1212841348&orgId=gfbj0870341&announcementTime=2022-04-08,2022-04-11,2022-07-08,0.317308
688711,宏微科技,2021,2022-04-30,江苏宏微科技股份有限公司2021年年度报告,http://www.cninfo.com.cn/new/disclosure/detail?stockCode=688711&announcementId=1213273883&orgId=gfbj0831872&announcementTime=2022-04-30,2022-05-05,2022-07-29,0.960077
688718,唯赛勃,2021,2022-04-26,上海唯赛勃环保科技股份有限公司2021年年度报告,http://www.cninfo.com.cn/new/disclosure/detail?stockCode=688718&announcementId=1213122025&orgId=9900023614&announcementTime=2022-04-26,2022-04-27,2022-07-26,0.167678
688722,同益中,2021,2022-03-31,同益中2021年年度报告,http://www.cninfo.com.cn/new/disclosure/detail?stockCode=688722&announcementId=1212753801&orgId=nssc1000851&announcementTime=2022-03-31,2022-04-01,2022-07-04,0.447039
688728,格科微,2021,2022-04-28,格科微有限公司2021年年度报告,http://www.cninfo.com.cn/new/disclosure/detail?stockCode=688728&announcementId=1213185263&orgId=nssc1000731&announcementTime=2022-04-28,2022-04-29,2022-07-28,0.138939
688733,壹石通,2021,2022-03-25,壹石通2021年年度报告,http://www.cninfo.com.cn/new/disclosure/detail?stockCode=688733&announcementId=1212671468&orgId=gfbj0833598&announcementTime=2022-03-25,2022-03-28,2022-06-28,0.201061
688737,中自科技,2021,2022-04-28,中自环保科技股份有限公司2021年年度报告,http://www.cninfo.com.cn/new/disclosure/detail?stockCode=688737&announcementId=1213185312&orgId=gfbj0836497&announcementTime=2022-04-28,2022-04-29,2022-07-28,0.277083
688739,成大生物,2021,2022-04-15,成大生物2021年年度报告,http://www.cninfo.com.cn/new/disclosure/detail?stockCode=688739&announcementId=1212922469&orgId=gfbj0831550&announcementTime=2022-04-15,2022-04-18,2022-07-15,-0.116187
688766,普冉股份,2021,2022-04-15,普冉半导体（上海）股份有限公司2021年年度报告,http://www.cninfo.com.cn/new/disclosure/detail?stockCode=688766&announcementId=1212922506&orgId=nssc1000720&announcementTime=2022-04-15,2022-04-18,2022-07-15,-0.225
688767,博拓生物,2021,2022-04-28,杭州博拓生物科技股份有限公司2021年年度报告全文,http://www.cninfo.com.cn/new/disclosure/detail?stockCode=688767&announcementId=1213174967&orgId=9900041934&announcementTime=2022-04-28,2022-04-29,2022-07-28,0.028282
688768,容知日新,2021,2022-04-15,容知日新2021年年度报告,http://www.cninfo.com.cn/new/disclosure/detail?stockCode=688768&announcementId=1212922528&orgId=9900041350&announcementTime=2022-04-15,2022-04-18,2022-07-15,0.404535
688772,珠海冠宇,2021,2022-04-19,2021年年度报告,http://www.cninfo.com.cn/new/disclosure/detail?stockCode=688772&announcementId=1212961819&orgId=9900046634&announcementTime=2022-04-19,2022-04-20,2022-07-19,0.138462
688776,国光电气,2021,2022-03-15,国光电气2021年年度报告,http://www.cninfo.com.cn/new/disclosure/detail?stockCode=688776&announcementId=1212568131&orgId=GD005988&announcementTime=2022-03-15,2022-03-16,2022-06-16,0.149448
688777,中控技术,2021,2022-04-12,浙江中控技术股份有限公司2021年年度报告,http://www.cninfo.com.cn/new/disclosure/detail?stockCode=688777&announcementId=1212887399&orgId=9900041899&announcementTime=2022-04-12,2022-04-13,2022-07-12,0.088885
688778,厦钨新能,2021,2022-03-31,厦门厦钨新能源材料股份有限公司2021年年度报告,http://www.cninfo.com.cn/new/disclosure/detail?stockCode=688778&announcementId=1212754567&orgId=9900046057&announcementTime=2022-03-31,2022-04-01,2022-07-04,0.30674
688779,五矿新能,2021,2022-03-30,湖南长远锂科股份有限公司2021年年度报告,http://www.cninfo.com.cn/new/disclosure/detail?stockCode=688779&announcementId=1212730797&orgId=9900041575&announcementTime=2022-03-30,2022-03-31,2022-07-01,0.115746
688786,悦安新材,2021,2022-04-15,江西悦安新材料股份有限公司2021年年度报告,http://www.cninfo.com.cn/new/disclosure/detail?stockCode=688786&announcementId=1212922549&orgId=9900041628&announcementTime=2022-04-15,2022-04-18,2022-07-15,0.218592
688787,海天瑞声,2021,2022-04-29,海天瑞声2021年年度报告,http://www.cninfo.com.cn/new/disclosure/detail?stockCode=688787&announcementId=1213226858&orgId=9900039125&announcementTime=2022-04-29,2022-05-05,2022-07-29,0.712312
688788,科思科技,2021,2022-04-28,2021年年度报告,http://www.cninfo.com.cn/new/disclosure/detail?stockCode=688788&announcementId=1213185388&orgId=9900041758&announcementTime=2022-04-28,2022-04-29,2022-07-28,0.371412
688789,宏华数科,2021,2022-04-12,杭州宏华数码科技股份有限公司2021年年度报告,http://www.cninfo.com.cn/new/disclosure/detail?stockCode=688789&announcementId=1212885259&orgId=9900023013&announcementTime=2022-04-12,2022-04-13,2022-07-12,-0.001159
688793,倍轻松,2021,2022-04-25,2021年年度报告,http://www.cninfo.com.cn/new/disclosure/detail?stockCode=688793&announcementId=1213087151&orgId=gfbj0837027&announcementTime=2022-04-25,2022-04-26,2022-07-25,0.147686
688798,艾为电子,2021,2022-04-16,艾为电子2021年年度报告,http://www.cninfo.com.cn/new/disclosure/detail?stockCode=688798&announcementId=1212944410&orgId=gfbj0833221&announcementTime=2022-04-16,2022-04-18,2022-07-15,-0.117116
688799,华纳药厂,2021,2022-03-29,2021年年度报告,http://www.cninfo.com.cn/new/disclosure/detail?stockCode=688799&announcementId=1212711720&orgId=9900033718&announcementTime=2022-03-29,2022-03-30,2022-06-30,-0.129664
688800,瑞可达,2021,2022-04-08,2021年年度报告,http://www.cninfo.com.cn/new/disclosure/detail?stockCode=688800&announcementId=1212840032&orgId=gfbj0831274&announcementTime=2022-04-08,2022-04-11,2022-07-08,0.384567
688819,天能股份,2021,2022-03-31,天能电池集团股份有限公司2021年年度报告,http://www.cninfo.com.cn/new/disclosure/detail?stockCode=688819&announcementId=1212753861&orgId=9900041888&announcementTime=2022-03-31,2022-04-01,2022-07-04,0.154459
688981,中芯国际,2021,2022-03-31,中芯国际2021年年度报告,http://www.cninfo.com.cn/new/disclosure/detail?stockCode=688981&announcementId=1212750692&orgId=gshk0000981&announcementTime=2022-03-31,2022-04-01,2022-07-04,-0.038579
689009,九号公司,2021,2022-04-26,九号有限公司2021年年度报告,http://www.cninfo.com.cn/new/disclosure/detail?stockCode=689009&announcementId=1213110211&orgId=9900039199&announcementTime=2022-04-26,2022-04-27,2022-07-26,0.362935
