symbol,name,report_year,disclosure_date,pdf_title,pdf_url,buy_date,sell_date,future_return
000002,万  科Ａ,2023,2024-03-29,2023年年度报告,http://www.cninfo.com.cn/new/disclosure/detail?stockCode=000002&announcementId=1219487237&orgId=gssz0000002&announcementTime=2024-03-29,2024-04-01,2024-07-02,-0.202459
000001,平安银行,2023,2024-03-15,2023年年度报告,http://www.cninfo.com.cn/new/disclosure/detail?stockCode=000001&announcementId=1219306493&orgId=gssz0000001&announcementTime=2024-03-15,2024-03-18,2024-06-18,0.022726
000004,*ST国华,2023,2024-04-30,2023年年度报告,http://www.cninfo.com.cn/new/disclosure/detail?stockCode=000004&announcementId=1219957415&orgId=gssz0000004&announcementTime=2024-04-30,2024-05-06,2024-07-30,0.167241
000006,深振业Ａ,2023,2024-04-27,2023年年度报告,http://www.cninfo.com.cn/new/disclosure/detail?stockCode=000006&announcementId=1219865454&orgId=gssz0000006&announcementTime=2024-04-27,2024-04-29,2024-07-26,0.033065
000007,全新好,2023,2024-04-29,2023年年度报告,http://www.cninfo.com.cn/new/disclosure/detail?stockCode=000007&announcementId=1219862517&orgId=gssz0000007&announcementTime=2024-04-29,2024-04-30,2024-07-30,0.174733
000008,神州高铁,2023,2024-04-16,2023年年度报告,http://www.cninfo.com.cn/new/disclosure/detail?stockCode=000008&announcementId=1219621173&orgId=gssz0000008&announcementTime=2024-04-16,2024-04-17,2024-07-16,-0.160491
000009,中国宝安,2023,2024-04-16,2023年年度报告,http://www.cninfo.com.cn/new/disclosure/detail?stockCode=000009&announcementId=1219623376&orgId=gssz0000009&announcementTime=2024-04-16,2024-04-17,2024-07-16,-0.187183
000010,美丽生态,2023,2024-04-27,2023年年度报告,http://www.cninfo.com.cn/new/disclosure/detail?stockCode=000010&announcementId=1219872059&orgId=gssz0000010&announcementTime=2024-04-27,2024-04-29,2024-07-26,-0.032083
000011,深物业A,2023,2024-03-30,2023年年度报告,http://www.cninfo.com.cn/new/disclosure/detail?stockCode=000011&announcementId=1219469533&orgId=gssz0000011&announcementTime=2024-03-30,2024-04-01,2024-07-02,0.002
000012,南  玻Ａ,2023,2024-04-26,2023年年度报告,http://www.cninfo.com.cn/new/disclosure/detail?stockCode=000012&announcementId=1219823600&orgId=gssz0000012&announcementTime=2024-04-26,2024-04-29,2024-07-26,-0.04422
000014,沙河股份,2023,2024-03-30,2023年年度报告,http://www.cninfo.com.cn/new/disclosure/detail?stockCode=000014&announcementId=1219460432&orgId=gssz0000014&announcementTime=2024-03-30,2024-04-01,2024-07-02,-0.191976
000016,深康佳Ａ,2023,2024-04-02,2023年年度报告,http://www.cninfo.com.cn/new/disclosure/detail?stockCode=000016&announcementId=1219494193&orgId=gssz0000016&announcementTime=2024-04-02,2024-04-03,2024-07-04,-0.382361
000017,深中华A,2023,2024-04-23,2023年年度报告,http://www.cninfo.com.cn/new/disclosure/detail?stockCode=000017&announcementId=1219737697&orgId=gssz0000017&announcementTime=2024-04-23,2024-04-24,2024-07-23,-0.187938
000019,深粮控股,2023,2024-04-16,2023年年度报告,http://www.cninfo.com.cn/new/disclosure/detail?stockCode=000019&announcementId=1219623707&orgId=gssz0000019&announcementTime=2024-04-16,2024-04-17,2024-07-16,0.002176
000020,深华发Ａ,2023,2024-04-23,2023年年度报告,http://www.cninfo.com.cn/new/disclosure/detail?stockCode=000020&announcementId=1219740643&orgId=gssz0000020&announcementTime=2024-04-23,2024-04-24,2024-07-23,-0.184432
000021,深科技,2023,2024-04-11,2023年年度报告,http://www.cninfo.com.cn/new/disclosure/detail?stockCode=000021&announcementId=1219568873&orgId=gssz0000021&announcementTime=2024-04-11,2024-04-12,2024-07-11,0.145893
000025,特  力Ａ,2023,2024-03-28,2023年年度报告,http://www.cninfo.com.cn/new/disclosure/detail?stockCode=000025&announcementId=1219425935&orgId=gssz0000025&announcementTime=2024-03-28,2024-03-29,2024-07-01,-0.084083
000026,飞亚达,2023,2024-03-14,2023年年度报告,http://www.cninfo.com.cn/new/disclosure/detail?stockCode=000026&announcementId=1219302471&orgId=gssz0000026&announcementTime=2024-03-14,2024-03-15,2024-06-17,-0.068986
000027,深圳能源,2023,2024-04-20,2023年年度报告,http://www.cninfo.com.cn/new/disclosure/detail?stockCode=000027&announcementId=1219696841&orgId=gssz0000027&announcementTime=2024-04-20,2024-04-22,2024-07-19,-0.048646
000028,国药一致,2023,2024-04-08,2023年年度报告,http://www.cninfo.com.cn/new/disclosure/detail?stockCode=000028&announcementId=1219517723&orgId=gssz0000028&announcementTime=2024-04-08,2024-04-09,2024-07-08,0.061638
000029,深深房Ａ,2023,2024-03-30,2023年年度报告,http://www.cninfo.com.cn/new/disclosure/detail?stockCode=000029&announcementId=1219466643&orgId=gssz0000029&announcementTime=2024-03-30,2024-04-01,2024-07-02,0.001972
000030,富奥股份,2023,2024-04-22,2023年年度报告,http://www.cninfo.com.cn/new/disclosure/detail?stockCode=000030&announcementId=1219702035&orgId=gssz0000030&announcementTime=2024-04-22,2024-04-23,2024-07-22,-0.068224
000031,大悦城,2023,2024-04-27,2023年年度报告,http://www.cninfo.com.cn/new/disclosure/detail?stockCode=000031&announcementId=1219863705&orgId=gssz0000031&announcementTime=2024-04-27,2024-04-29,2024-07-26,-0.072368
000032,深桑达Ａ,2023,2024-04-18,2023年年度报告,http://www.cninfo.com.cn/new/disclosure/detail?stockCode=000032&announcementId=1219652709&orgId=gssz0000032&announcementTime=2024-04-18,2024-04-19,2024-07-18,-0.17271
000034,神州数码,2023,2024-03-29,2023年年度报告,http://www.cninfo.com.cn/new/disclosure/detail?stockCode=000034&announcementId=1219447888&orgId=gssz0000034&announcementTime=2024-03-29,2024-04-01,2024-07-02,-0.219099
000035,中国天楹,2023,2024-04-30,2023年年度报告,http://www.cninfo.com.cn/new/disclosure/detail?stockCode=000035&announcementId=1219907481&orgId=gssz0000035&announcementTime=2024-04-30,2024-05-06,2024-07-30,-0.054955
000036,华联控股,2023,2024-04-29,2023年年度报告,http://www.cninfo.com.cn/new/disclosure/detail?stockCode=000036&announcementId=1219859902&orgId=gssz0000036&announcementTime=2024-04-29,2024-04-30,2024-07-29,-0.05804
000037,深南电A,2023,2024-04-12,2023年年度报告,http://www.cninfo.com.cn/new/disclosure/detail?stockCode=000037&announcementId=1219580403&orgId=gssz0000037&announcementTime=2024-04-12,2024-04-15,2024-07-12,-0.098284
000039,中集集团,2023,2024-03-28,2023年年度报告,http://www.cninfo.com.cn/new/disclosure/detail?stockCode=000039&announcementId=1219429311&orgId=gssz0000039&announcementTime=2024-03-28,2024-03-29,2024-07-01,0.045841
000042,中洲控股,2023,2024-04-24,2023年年度报告,http://www.cninfo.com.cn/new/disclosure/detail?stockCode=000042&announcementId=1219769062&orgId=gssz0000042&announcementTime=2024-04-24,2024-04-25,2024-07-24,-0.008187
000045,深纺织Ａ,2023,2024-03-28,2023年年度报告,http://www.cninfo.com.cn/new/disclosure/detail?stockCode=000045&announcementId=1219428751&orgId=gssz0000045&announcementTime=2024-03-28,2024-03-29,2024-07-01,-0.156272
000048,京基智农,2023,2024-03-20,2023年年度报告,http://www.cninfo.com.cn/new/disclosure/detail?stockCode=000048&announcementId=1219348059&orgId=gssz0000048&announcementTime=2024-03-20,2024-03-21,2024-06-21,-0.117267
000049,德赛电池,2023,2024-03-26,2023年年度报告,http://www.cninfo.com.cn/new/disclosure/detail?stockCode=000049&announcementId=1219405449&orgId=gssz0000049&announcementTime=2024-03-26 00:00:00,2024-03-27,2024-06-27,-0.094121
000050,深天马Ａ,2023,2024-03-15,2023年年度报告,http://www.cninfo.com.cn/new/disclosure/detail?stockCode=000050&announcementId=1219308111&orgId=gssz0000050&announcementTime=2024-03-15,2024-03-18,2024-06-18,-0.140923
000055,方大集团,2023,2024-04-02,2023年年度报告,http://www.cninfo.com.cn/new/disclosure/detail?stockCode=000055&announcementId=1219492459&orgId=gssz0000055&announcementTime=2024-04-02,2024-04-03,2024-07-04,-0.156317
000056,皇庭国际,2023,2024-04-27,2023年年度报告,http://www.cninfo.com.cn/new/disclosure/detail?stockCode=000056&announcementId=1219859808&orgId=gssz0000056&announcementTime=2024-04-27,2024-04-29,2024-07-26,-0.238278
000058,深 赛 格,2023,2024-03-29,2023年年度报告,http://www.cninfo.com.cn/new/disclosure/detail?stockCode=000058&announcementId=1219439447&orgId=gssz0000058&announcementTime=2024-03-29,2024-04-01,2024-07-02,-0.181247
000059,华锦股份,2023,2024-04-13,2023年年度报告,http://www.cninfo.com.cn/new/disclosure/detail?stockCode=000059&announcementId=1219594752&orgId=gssz0000059&announcementTime=2024-04-13,2024-04-15,2024-07-12,-0.305069
000060,中金岭南,2023,2024-04-25,2023年年度报告,http://www.cninfo.com.cn/new/disclosure/detail?stockCode=000060&announcementId=1219799641&orgId=gssz0000060&announcementTime=2024-04-25,2024-04-26,2024-07-25,-0.113395
000061,农 产 品,2023,2024-04-18,2023年年度报告,http://www.cninfo.com.cn/new/disclosure/detail?stockCode=000061&announcementId=1219652157&orgId=gssz0000061&announcementTime=2024-04-18,2024-04-19,2024-07-18,-0.065187
000062,深圳华强,2023,2024-04-18,2023年年度报告,http://www.cninfo.com.cn/new/disclosure/detail?stockCode=000062&announcementId=1219651695&orgId=gssz0000062&announcementTime=2024-04-18,2024-04-19,2024-07-18,-0.036933
000063,中兴通讯,2023,2024-03-09,2023年年度报告,http://www.cninfo.com.cn/new/disclosure/detail?stockCode=000063&announcementId=1219266488&orgId=gssz0000063&announcementTime=2024-03-09,2024-03-11,2024-06-11,-0.087744
000065,北方国际,2023,2024-03-30,2023年年度报告,http://www.cninfo.com.cn/new/disclosure/detail?stockCode=000065&announcementId=1219469106&orgId=gssz0000065&announcementTime=2024-03-30,2024-04-01,2024-07-02,-0.055926
000066,中国长城,2023,2024-04-30,2023年年度报告,http://www.cninfo.com.cn/new/disclosure/detail?stockCode=000066&announcementId=1219903899&orgId=gssz0000066&announcementTime=2024-04-30,2024-05-06,2024-07-30,-0.160905
000068,华控赛格,2023,2024-03-28,2023年年度报告,http://www.cninfo.com.cn/new/disclosure/detail?stockCode=000068&announcementId=1219429623&orgId=gssz0000068&announcementTime=2024-03-28,2024-03-29,2024-07-01,-0.314917
000069,华侨城Ａ,2023,2024-03-30,2023年年度报告,http://www.cninfo.com.cn/new/disclosure/detail?stockCode=000069&announcementId=1219488813&orgId=gssz0000069&announcementTime=2024-03-30,2024-04-01,2024-07-02,-0.21932
000070,特发信息,2023,2024-04-26,2023年年度报告,http://www.cninfo.com.cn/new/disclosure/detail?stockCode=000070&announcementId=1219841790&orgId=gssz0000070&announcementTime=2024-04-26,2024-04-29,2024-07-29,-0.440132
000078,海王生物,2023,2024-04-30,深圳市海王生物工程股份有限公司2023年年度报告,http://www.cninfo.com.cn/new/disclosure/detail?stockCode=000078&announcementId=1219929164&orgId=gssz0000078&announcementTime=2024-04-30,2024-05-06,2024-07-30,0.008482
000089,深圳机场,2023,2024-04-08,2023年年度报告,http://www.cninfo.com.cn/new/disclosure/detail?stockCode=000089&announcementId=1219519100&orgId=gssz0000089&announcementTime=2024-04-08,2024-04-09,2024-07-08,-0.051596
000088,盐 田 港,2023,2024-04-09,2023年年度报告,http://www.cninfo.com.cn/new/disclosure/detail?stockCode=000088&announcementId=1219536599&orgId=gssz0000088&announcementTime=2024-04-09,2024-04-10,2024-07-09,-0.027404
000090,天健集团,2023,2024-04-17,2023年年度报告,http://www.cninfo.com.cn/new/disclosure/detail?stockCode=000090&announcementId=1219637253&orgId=gssz0000090&announcementTime=2024-04-17,2024-04-18,2024-07-17,-0.126582
000096,广聚能源,2023,2024-04-30,2023年年度报告,http://www.cninfo.com.cn/new/disclosure/detail?stockCode=000096&announcementId=1219905797&orgId=gssz0000096&announcementTime=2024-04-30,2024-05-06,2024-07-30,-0.091819
000099,中信海直,2023,2024-03-19,2023年年度报告,http://www.cninfo.com.cn/new/disclosure/detail?stockCode=000099&announcementId=1219328401&orgId=gssz0000099&announcementTime=2024-03-19,2024-03-20,2024-06-20,0.313459
000100,TCL科技,2023,2024-04-30,2023年年度报告,http://www.cninfo.com.cn/new/disclosure/detail?stockCode=000100&announcementId=1219922688&orgId=gssz0000100&announcementTime=2024-04-30,2024-05-06,2024-07-30,-0.205402
000151,中成股份,2023,2024-03-30,2023年年度报告,http://www.cninfo.com.cn/new/disclosure/detail?stockCode=000151&announcementId=1219474080&orgId=gssz0000151&announcementTime=2024-03-30,2024-04-01,2024-07-02,0.009454
000153,丰原药业,2023,2024-04-26,2023年年度报告,http://www.cninfo.com.cn/new/disclosure/detail?stockCode=000153&announcementId=1219825269&orgId=gssz0000153&announcementTime=2024-04-26,2024-04-29,2024-07-26,-0.11654
000155,川能动力,2023,2024-04-27,2023年年度报告,http://www.cninfo.com.cn/new/disclosure/detail?stockCode=000155&announcementId=1219869758&orgId=gssz0000155&announcementTime=2024-04-27,2024-04-29,2024-07-26,-0.082103
000156,华数传媒,2023,2024-04-09,2023年年度报告,http://www.cninfo.com.cn/new/disclosure/detail?stockCode=000156&announcementId=1219538455&orgId=gssz0000156&announcementTime=2024-04-09,2024-04-10,2024-07-09,-0.167436
000157,中联重科,2023,2024-03-29,2023年年度报告,http://www.cninfo.com.cn/new/disclosure/detail?stockCode=000157&announcementId=1219441253&orgId=gssz0000157&announcementTime=2024-03-29,2024-04-01,2024-07-02,-0.075155
000158,常山北明,2023,2024-04-29,2023年年度报告,http://www.cninfo.com.cn/new/disclosure/detail?stockCode=000158&announcementId=1219872870&orgId=gssz0000158&announcementTime=2024-04-29,2024-04-30,2024-07-29,-0.180837
000159,国际实业,2023,2024-04-25,2023年年度报告,http://www.cninfo.com.cn/new/disclosure/detail?stockCode=000159&announcementId=1219796233&orgId=gssz0000159&announcementTime=2024-04-25,2024-04-26,2024-07-25,-0.097628
000166,申万宏源,2023,2024-03-29,2023年年度报告,http://www.cninfo.com.cn/new/disclosure/detail?stockCode=000166&announcementId=1219447296&orgId=qsgn0000301&announcementTime=2024-03-29,2024-04-01,2024-07-02,-0.030612
000301,东方盛虹,2023,2024-04-26,2023年年度报告,http://www.cninfo.com.cn/new/disclosure/detail?stockCode=000301&announcementId=1219829278&orgId=gssz0000301&announcementTime=2024-04-26,2024-04-29,2024-07-26,-0.179034
000333,美的集团,2023,2024-03-28,2023年年度报告,http://www.cninfo.com.cn/new/disclosure/detail?stockCode=000333&announcementId=1219429374&orgId=9900005965&announcementTime=2024-03-28,2024-03-29,2024-07-01,0.036006
000338,潍柴动力,2023,2024-03-26,2023年年度报告,http://www.cninfo.com.cn/new/disclosure/detail?stockCode=000338&announcementId=1219406386&orgId=9900002961&announcementTime=2024-03-26,2024-03-27,2024-06-27,-0.024784
000400,许继电气,2023,2024-04-11,2023年年度报告,http://www.cninfo.com.cn/new/disclosure/detail?stockCode=000400&announcementId=1219568199&orgId=gssz0000400&announcementTime=2024-04-11,2024-04-12,2024-07-11,0.280687
000401,金隅冀东,2023,2024-03-28,2023年年度报告,http://www.cninfo.com.cn/new/disclosure/detail?stockCode=000401&announcementId=1219429029&orgId=gssz0000401&announcementTime=2024-03-28,2024-03-29,2024-07-01,-0.218865
000402,金 融 街,2023,2024-04-12,2023年年度报告,http://www.cninfo.com.cn/new/disclosure/detail?stockCode=000402&announcementId=1219578772&orgId=gssz0000402&announcementTime=2024-04-12,2024-04-15,2024-07-12,-0.201413
000403,派林生物,2023,2024-04-27,2023年年度报告,http://www.cninfo.com.cn/new/disclosure/detail?stockCode=000403&announcementId=1219862529&orgId=gssz0000403&announcementTime=2024-04-27,2024-04-29,2024-07-26,-0.156532
000404,长虹华意,2023,2024-03-29,2023年年度报告,http://www.cninfo.com.cn/new/disclosure/detail?stockCode=000404&announcementId=1219446362&orgId=gssz0000404&announcementTime=2024-03-29,2024-04-01,2024-07-02,-0.204589
000407,胜利股份,2023,2024-03-23,2023年年度报告,http://www.cninfo.com.cn/new/disclosure/detail?stockCode=000407&announcementId=1219386765&orgId=gssz0000407&announcementTime=2024-03-23,2024-03-25,2024-06-25,-0.192982
000408,藏格矿业,2023,2024-03-21,2023年年度报告,http://www.cninfo.com.cn/new/disclosure/detail?stockCode=000408&announcementId=1219359611&orgId=gssz0000408&announcementTime=2024-03-21,2024-03-22,2024-06-24,-0.1716
000409,云鼎科技,2023,2024-04-18,2023年年度报告,http://www.cninfo.com.cn/new/disclosure/detail?stockCode=000409&announcementId=1219647489&orgId=gssz0000409&announcementTime=2024-04-18,2024-04-19,2024-07-18,-0.060589
000410,沈阳机床,2023,2024-04-18,2023年年度报告,http://www.cninfo.com.cn/new/disclosure/detail?stockCode=000410&announcementId=1219650889&orgId=gssz0000410&announcementTime=2024-04-18,2024-04-19,2024-07-18,-0.202236
000411,英特集团,2023,2024-04-20,2023年年度报告,http://www.cninfo.com.cn/new/disclosure/detail?stockCode=000411&announcementId=1219688878&orgId=gssz0000411&announcementTime=2024-04-20,2024-04-22,2024-07-19,-0.065014
000415,渤海租赁,2023,2024-04-02,2023年年度报告,http://www.cninfo.com.cn/new/disclosure/detail?stockCode=000415&announcementId=1219493725&orgId=gssz0000415&announcementTime=2024-04-02,2024-04-03,2024-07-04,0.086338
000417,合百集团,2023,2024-04-24,2023年年度报告,http://www.cninfo.com.cn/new/disclosure/detail?stockCode=000417&announcementId=1219768862&orgId=gssz0000417&announcementTime=2024-04-24,2024-04-25,2024-07-24,-0.080334
000419,通程控股,2023,2024-04-20,2023年年度报告,http://www.cninfo.com.cn/new/disclosure/detail?stockCode=000419&announcementId=1219700747&orgId=gssz0000419&announcementTime=2024-04-20,2024-04-22,2024-07-19,-0.070427
000420,吉林化纤,2023,2024-04-29,2023年年度报告,http://www.cninfo.com.cn/new/disclosure/detail?stockCode=000420&announcementId=1219854703&orgId=gssz0000420&announcementTime=2024-04-29,2024-04-30,2024-07-29,-0.176471
000421,南京公用,2023,2024-04-12,2023年年度报告,http://www.cninfo.com.cn/new/disclosure/detail?stockCode=000421&announcementId=1219578634&orgId=gssz0000421&announcementTime=2024-04-12,2024-04-15,2024-07-12,-0.05935
000422,湖北宜化,2023,2024-04-13,2023年年度报告,http://www.cninfo.com.cn/new/disclosure/detail?stockCode=000422&announcementId=1219599024&orgId=gssz0000422&announcementTime=2024-04-13,2024-04-15,2024-07-12,0.338522
000423,东阿阿胶,2023,2024-03-22,2023年年度报告,http://www.cninfo.com.cn/new/disclosure/detail?stockCode=000423&announcementId=1219375568&orgId=gssz0000423&announcementTime=2024-03-22,2024-03-25,2024-06-25,0.09552
000426,兴业银锡,2023,2024-04-30,2023年年度报告,http://www.cninfo.com.cn/new/disclosure/detail?stockCode=000426&announcementId=1219914452&orgId=gssz0000426&announcementTime=2024-04-30,2024-05-06,2024-07-30,-0.045928
000425,徐工机械,2023,2024-04-30,2023年年度报告,http://www.cninfo.com.cn/new/disclosure/detail?stockCode=000425&announcementId=1219914131&orgId=gssz0000425&announcementTime=2024-04-30,2024-05-06,2024-07-30,-0.084188
000429,粤高速Ａ,2023,2024-03-16,2023年年度报告,http://www.cninfo.com.cn/new/disclosure/detail?stockCode=000429&announcementId=1219312791&orgId=gssz0000429&announcementTime=2024-03-16,2024-03-18,2024-06-18,0.086088
000428,华天酒店,2023,2024-04-10,2023年年度报告,http://www.cninfo.com.cn/new/disclosure/detail?stockCode=000428&announcementId=1219551583&orgId=gssz0000428&announcementTime=2024-04-10,2024-04-11,2024-07-10,-0.231276
000430,*ST张股,2023,2024-04-23,2023年年度报告,http://www.cninfo.com.cn/new/disclosure/detail?stockCode=000430&announcementId=1219736015&orgId=gssz0000430&announcementTime=2024-04-23,2024-04-24,2024-07-23,-0.048815
000488,ST晨鸣,2023,2024-03-29,2023年年度报告,http://www.cninfo.com.cn/new/disclosure/detail?stockCode=000488&announcementId=1219444229&orgId=gssz0000488&announcementTime=2024-03-29,2024-04-01,2024-07-02,-0.0058
000498,山东路桥,2023,2024-04-15,2023年年度报告,http://www.cninfo.com.cn/new/disclosure/detail?stockCode=000498&announcementId=1219597914&orgId=gssz0000498&announcementTime=2024-04-15,2024-04-16,2024-07-15,-0.115183
000501,武商集团,2023,2024-03-30,2023年年度报告,http://www.cninfo.com.cn/new/disclosure/detail?stockCode=000501&announcementId=1219471864&orgId=gssz0000501&announcementTime=2024-03-30,2024-04-01,2024-07-02,-0.034863
000503,国新健康,2023,2024-04-27,2023年年度报告,http://www.cninfo.com.cn/new/disclosure/detail?stockCode=000503&announcementId=1219856369&orgId=gssz0000503&announcementTime=2024-04-27,2024-04-29,2024-07-26,-0.184418
000504,*ST生物,2023,2024-04-30,2023年年度报告,http://www.cninfo.com.cn/new/disclosure/detail?stockCode=000504&announcementId=1219916008&orgId=gssz0000504&announcementTime=2024-04-30,2024-05-06,2024-07-30,-0.157151
000505,京粮控股,2023,2024-03-30,2023年年度报告,http://www.cninfo.com.cn/new/disclosure/detail?stockCode=000505&announcementId=1219466411&orgId=gssz0000505&announcementTime=2024-03-30,2024-04-01,2024-07-02,-0.108767
000506,招金黄金,2023,2024-04-30,2023年年度报告,http://www.cninfo.com.cn/new/disclosure/detail?stockCode=000506&announcementId=1219923589&orgId=gssz0000506&announcementTime=2024-04-30,2024-05-06,2024-07-30,-0.697956
000507,珠海港,2023,2024-04-27,2023年年度报告,http://www.cninfo.com.cn/new/disclosure/detail?stockCode=000507&announcementId=1219865230&orgId=gssz0000507&announcementTime=2024-04-27,2024-04-29,2024-07-26,-0.079657
000509,华塑控股,2023,2024-04-18,2023年年度报告,http://www.cninfo.com.cn/new/disclosure/detail?stockCode=000509&announcementId=1219654153&orgId=gssz0000509&announcementTime=2024-04-18,2024-04-19,2024-07-18,-0.193717
000510,新金路,2023,2024-04-27,2023年年度报告,http://www.cninfo.com.cn/new/disclosure/detail?stockCode=000510&announcementId=1219855830&orgId=gssz0000510&announcementTime=2024-04-27,2024-04-29,2024-07-26,-0.204025
000514,渝 开 发,2023,2024-04-26,2023年年度报告,http://www.cninfo.com.cn/new/disclosure/detail?stockCode=000514&announcementId=1219824168&orgId=gssz0000514&announcementTime=2024-04-26,2024-04-29,2024-07-26,-0.065355
000513,丽珠集团,2023,2024-03-29,2023年年度报告,http://www.cninfo.com.cn/new/disclosure/detail?stockCode=000513&announcementId=1219442449&orgId=gssz0000513&announcementTime=2024-03-29,2024-04-01,2024-07-02,0.04178
000516,国际医学,2023,2024-04-26,2023年年度报告,http://www.cninfo.com.cn/new/disclosure/detail?stockCode=000516&announcementId=1219835252&orgId=gssz0000516&announcementTime=2024-04-26,2024-04-29,2024-07-26,-0.193056
000517,荣安地产,2023,2024-04-29,2023年年度报告,http://www.cninfo.com.cn/new/disclosure/detail?stockCode=000517&announcementId=1219870907&orgId=gssz0000517&announcementTime=2024-04-29,2024-04-30,2024-07-29,0.052564
000518,*ST四环,2023,2024-04-30,2023年年度报告,http://www.cninfo.com.cn/new/disclosure/detail?stockCode=000518&announcementId=1219912360&orgId=gssz0000518&announcementTime=2024-04-30,2024-05-06,2024-07-30,-0.189398
000519,中兵红箭,2023,2024-04-20,2023年年度报告,http://www.cninfo.com.cn/new/disclosure/detail?stockCode=000519&announcementId=1219701562&orgId=gssz0000519&announcementTime=2024-04-20,2024-04-22,2024-07-19,-0.08619
000520,凤凰航运,2023,2024-04-26,2023年年度报告,http://www.cninfo.com.cn/new/disclosure/detail?stockCode=000520&announcementId=1219826516&orgId=gssz0000520&announcementTime=2024-04-26,2024-04-29,2024-07-26,-0.111563
000521,长虹美菱,2023,2024-03-30,2023年年度报告,http://www.cninfo.com.cn/new/disclosure/detail?stockCode=000521&announcementId=1219464725&orgId=gssz0000521&announcementTime=2024-03-30,2024-04-01,2024-07-02,-0.148735
000524,岭南控股,2023,2024-03-23,2023年年度报告,http://www.cninfo.com.cn/new/disclosure/detail?stockCode=000524&announcementId=1219390861&orgId=gssz0000524&announcementTime=2024-03-23,2024-03-25,2024-06-25,-0.119637
000523,红棉股份,2023,2024-04-02,2023年年度报告,http://www.cninfo.com.cn/new/disclosure/detail?stockCode=000523&announcementId=1219494272&orgId=gssz0000523&announcementTime=2024-04-02,2024-04-03,2024-07-04,-0.187156
000525,红太阳,2023,2024-04-30,2023年年度报告,http://www.cninfo.com.cn/new/disclosure/detail?stockCode=000525&announcementId=1219919338&orgId=gssz0000525&announcementTime=2024-04-30,2024-05-06,2024-07-30,-0.184914
000526,学大教育,2023,2024-04-27,2023年年度报告,http://www.cninfo.com.cn/new/disclosure/detail?stockCode=000526&announcementId=1219872938&orgId=gssz0000526&announcementTime=2024-04-27,2024-04-29,2024-07-26,-0.254103
000528,柳    工,2023,2024-03-30,2023年年度报告,http://www.cninfo.com.cn/new/disclosure/detail?stockCode=000528&announcementId=1219473414&orgId=gssz0000528&announcementTime=2024-03-30,2024-04-01,2024-07-02,0.314815
000529,广弘控股,2023,2024-04-25,2023年年度报告,http://www.cninfo.com.cn/new/disclosure/detail?stockCode=000529&announcementId=1219789240&orgId=gssz0000529&announcementTime=2024-04-25,2024-04-26,2024-07-25,-0.038385
000530,冰山冷热,2023,2024-04-26,2023年年度报告,http://www.cninfo.com.cn/new/disclosure/detail?stockCode=000530&announcementId=1219817540&orgId=gssz0000530&announcementTime=2024-04-26,2024-04-29,2024-07-26,-0.086598
000531,穗恒运Ａ,2023,2024-04-10,2023年年度报告,http://www.cninfo.com.cn/new/disclosure/detail?stockCode=000531&announcementId=1219553818&orgId=gssz0000531&announcementTime=2024-04-10,2024-04-11,2024-07-10,-0.214512
000532,华金资本,2023,2024-03-27,2023年年度报告,http://www.cninfo.com.cn/new/disclosure/detail?stockCode=000532&announcementId=1219410493&orgId=gssz0000532&announcementTime=2024-03-27,2024-03-28,2024-06-28,0.155447
000533,顺钠股份,2023,2024-04-16,2023年年度报告,http://www.cninfo.com.cn/new/disclosure/detail?stockCode=000533&announcementId=1219623925&orgId=gssz0000533&announcementTime=2024-04-16,2024-04-17,2024-07-16,-0.031421
000534,万泽股份,2023,2024-03-30,2023年年度报告,http://www.cninfo.com.cn/new/disclosure/detail?stockCode=000534&announcementId=1219468081&orgId=gssz0000534&announcementTime=2024-03-30,2024-04-01,2024-07-02,-0.204541
000536,华映科技,2023,2024-04-12,2023年年度报告,http://www.cninfo.com.cn/new/disclosure/detail?stockCode=000536&announcementId=1219582803&orgId=gssz0000536&announcementTime=2024-04-12,2024-04-15,2024-07-12,-0.215582
000537,绿发电力,2023,2024-04-30,2023年年度报告,http://www.cninfo.com.cn/new/disclosure/detail?stockCode=000537&announcementId=1219916497&orgId=gssz0000537&announcementTime=2024-04-30,2024-05-06,2024-07-30,-0.07017
000539,粤电力Ａ,2023,2024-03-30,2023年年度报告,http://www.cninfo.com.cn/new/disclosure/detail?stockCode=000539&announcementId=1219468557&orgId=gssz0000539&announcementTime=2024-03-30,2024-04-01,2024-07-02,0.00361
000538,云南白药,2023,2024-03-30,2023年年度报告,http://www.cninfo.com.cn/new/disclosure/detail?stockCode=000538&announcementId=1219474052&orgId=gssz0000538&announcementTime=2024-03-30,2024-04-01,2024-07-02,0.071411
000541,佛山照明,2023,2024-04-19,2023年年度报告,http://www.cninfo.com.cn/new/disclosure/detail?stockCode=000541&announcementId=1219671034&orgId=gssz0000541&announcementTime=2024-04-19,2024-04-22,2024-07-19,-0.130476
000543,皖能电力,2023,2024-04-16,2023年年度报告,http://www.cninfo.com.cn/new/disclosure/detail?stockCode=000543&announcementId=1219625627&orgId=gssz0000543&announcementTime=2024-04-16,2024-04-17,2024-07-16,0.046694
000544,中原环保,2023,2024-03-30,2023年年度报告,http://www.cninfo.com.cn/new/disclosure/detail?stockCode=000544&announcementId=1219464444&orgId=gssz0000544&announcementTime=2024-03-30,2024-04-01,2024-07-02,0.164253
000545,金浦钛业,2023,2024-04-29,2023年年度报告,http://www.cninfo.com.cn/new/disclosure/detail?stockCode=000545&announcementId=1219869654&orgId=gssz0000545&announcementTime=2024-04-29,2024-04-30,2024-07-29,-0.277295
000546,金圆股份,2023,2024-04-24,2023年年度报告,http://www.cninfo.com.cn/new/disclosure/detail?stockCode=000546&announcementId=1219772520&orgId=gssz0000546&announcementTime=2024-04-24,2024-04-25,2024-07-24,-0.133333
000547,航天发展,2023,2024-04-30,2023年年度报告,http://www.cninfo.com.cn/new/disclosure/detail?stockCode=000547&announcementId=1219924470&orgId=gssz0000547&announcementTime=2024-04-30,2024-05-06,2024-07-30,-0.105564
000550,江铃汽车,2023,2024-03-30,2023年年度报告,http://www.cninfo.com.cn/new/disclosure/detail?stockCode=000550&announcementId=1219471558&orgId=gssz0000550&announcementTime=2024-03-30,2024-04-01,2024-07-02,-0.284848
000548,湖南投资,2023,2024-04-03,2023年年度报告,http://www.cninfo.com.cn/new/disclosure/detail?stockCode=000548&announcementId=1219504740&orgId=gssz0000548&announcementTime=2024-04-03,2024-04-08,2024-07-05,-0.160183
000552,甘肃能化,2023,2024-04-16,2023年年度报告,http://www.cninfo.com.cn/new/disclosure/detail?stockCode=000552&announcementId=1219622484&orgId=gssz0000552&announcementTime=2024-04-16,2024-04-17,2024-07-16,-0.017844
000551,创元科技,2023,2024-04-09,2023年年度报告,http://www.cninfo.com.cn/new/disclosure/detail?stockCode=000551&announcementId=1219538038&orgId=gssz0000551&announcementTime=2024-04-09,2024-04-10,2024-07-09,0.026846
000553,安道麦A,2023,2024-03-27,2023年年度报告,http://www.cninfo.com.cn/new/disclosure/detail?stockCode=000553&announcementId=1219412587&orgId=gssz0000553&announcementTime=2024-03-27,2024-03-28,2024-06-28,-0.222674
000554,泰山石油,2023,2024-04-25,2023年年度报告,http://www.cninfo.com.cn/new/disclosure/detail?stockCode=000554&announcementId=1219800936&orgId=gssz0000554&announcementTime=2024-04-25,2024-04-26,2024-07-25,-0.120883
000557,西部创业,2023,2024-04-26,2023年年度报告,http://www.cninfo.com.cn/new/disclosure/detail?stockCode=000557&announcementId=1219816292&orgId=gssz0000557&announcementTime=2024-04-26,2024-04-29,2024-07-26,-0.089515
000555,神州信息,2023,2024-03-29,2023年年度报告,http://www.cninfo.com.cn/new/disclosure/detail?stockCode=000555&announcementId=1219446217&orgId=gssz0000555&announcementTime=2024-03-29,2024-04-01,2024-07-02,-0.232334
000559,万向钱潮,2023,2024-04-30,2023年年度报告,http://www.cninfo.com.cn/new/disclosure/detail?stockCode=000559&announcementId=1219908737&orgId=gssz0000559&announcementTime=2024-04-30,2024-05-06,2024-07-30,-0.17614
000558,天府文旅,2023,2024-04-26,2023年年度报告,http://www.cninfo.com.cn/new/disclosure/detail?stockCode=000558&announcementId=1219842087&orgId=gssz0000558&announcementTime=2024-04-26,2024-04-29,2024-07-26,-0.112587
000560,我爱我家,2023,2024-04-26,2023年年度报告,http://www.cninfo.com.cn/new/disclosure/detail?stockCode=000560&announcementId=1219818111&orgId=gssz0000560&announcementTime=2024-04-26,2024-04-29,2024-07-26,0.347917
000561,烽火电子,2023,2024-04-12,2023年年度报告,http://www.cninfo.com.cn/new/disclosure/detail?stockCode=000561&announcementId=1219584344&orgId=gssz0000561&announcementTime=2024-04-12,2024-04-15,2024-07-12,-0.166759
000563,陕国投Ａ,2023,2024-03-18,2023年年度报告,http://www.cninfo.com.cn/new/disclosure/detail?stockCode=000563&announcementId=1219313558&orgId=gssz0000563&announcementTime=2024-03-18,2024-03-19,2024-06-19,-0.039993
000564,供销大集,2023,2024-04-26,2023年年度报告,http://www.cninfo.com.cn/new/disclosure/detail?stockCode=000564&announcementId=1219841853&orgId=gssz0000564&announcementTime=2024-04-26,2024-04-29,2024-07-29,-0.127841
000565,渝三峡Ａ,2023,2024-04-23,2023年年度报告,http://www.cninfo.com.cn/new/disclosure/detail?stockCode=000565&announcementId=1219739666&orgId=gssz0000565&announcementTime=2024-04-23,2024-04-24,2024-07-23,-0.111809
000566,海南海药,2023,2024-04-30,2023年年度报告,http://www.cninfo.com.cn/new/disclosure/detail?stockCode=000566&announcementId=1219915658&orgId=gssz0000566&announcementTime=2024-04-30,2024-05-06,2024-07-30,-0.196163
000567,海德股份,2023,2024-04-25,2023年年度报告,http://www.cninfo.com.cn/new/disclosure/detail?stockCode=000567&announcementId=1219790592&orgId=gssz0000567&announcementTime=2024-04-25,2024-04-26,2024-07-25,-0.199507
000568,泸州老窖,2023,2024-04-27,2023年年度报告,http://www.cninfo.com.cn/new/disclosure/detail?stockCode=000568&announcementId=1219872991&orgId=gssz0000568&announcementTime=2024-04-27,2024-04-29,2024-07-26,-0.316505
000570,苏常柴Ａ,2023,2024-04-12,2023年年度报告,http://www.cninfo.com.cn/new/disclosure/detail?stockCode=000570&announcementId=1219579873&orgId=gssz0000570&announcementTime=2024-04-12,2024-04-15,2024-07-12,-0.163807
000571,新大洲Ａ,2023,2024-04-30,2023年年度报告,http://www.cninfo.com.cn/new/disclosure/detail?stockCode=000571&announcementId=1219914331&orgId=gssz0000571&announcementTime=2024-04-30,2024-05-06,2024-07-30,-0.038316
000572,海马汽车,2023,2024-04-23,2023年年度报告,http://www.cninfo.com.cn/new/disclosure/detail?stockCode=000572&announcementId=1219744997&orgId=gssz0000572&announcementTime=2024-04-23,2024-04-24,2024-07-23,-0.017032
000573,粤宏远Ａ,2023,2024-04-13,2023年年度报告,http://www.cninfo.com.cn/new/disclosure/detail?stockCode=000573&announcementId=1219600830&orgId=gssz0000573&announcementTime=2024-04-13,2024-04-15,2024-07-12,-0.192729
000576,甘化科工,2023,2024-04-20,2023年年度报告,http://www.cninfo.com.cn/new/disclosure/detail?stockCode=000576&announcementId=1219692407&orgId=gssz0000576&announcementTime=2024-04-20,2024-04-22,2024-07-19,-0.144376
000581,威孚高科,2023,2024-04-16,2023年年度报告,http://www.cninfo.com.cn/new/disclosure/detail?stockCode=000581&announcementId=1219619965&orgId=gssz0000581&announcementTime=2024-04-16,2024-04-17,2024-07-16,0.024781
000582,北部湾港,2023,2024-04-30,2023年年度报告,http://www.cninfo.com.cn/new/disclosure/detail?stockCode=000582&announcementId=1219917812&orgId=gssz0000582&announcementTime=2024-04-30,2024-05-06,2024-07-30,-0.045508
000586,汇源通信,2023,2024-04-03,2023年年度报告,http://www.cninfo.com.cn/new/disclosure/detail?stockCode=000586&announcementId=1219505156&orgId=gssz0000586&announcementTime=2024-04-03,2024-04-08,2024-07-05,-0.275416
000589,贵州轮胎,2023,2024-04-16,2023年年度报告,http://www.cninfo.com.cn/new/disclosure/detail?stockCode=000589&announcementId=1219622967&orgId=gssz0000589&announcementTime=2024-04-16,2024-04-17,2024-07-16,-0.137619
000590,古汉医药,2023,2024-03-28,2023年年度报告,http://www.cninfo.com.cn/new/disclosure/detail?stockCode=000590&announcementId=1219427733&orgId=gssz0000590&announcementTime=2024-03-28,2024-03-29,2024-07-01,-0.286117
000592,平潭发展,2023,2024-04-25,2023年年度报告,http://www.cninfo.com.cn/new/disclosure/detail?stockCode=000592&announcementId=1219802590&orgId=gssz0000592&announcementTime=2024-04-25,2024-04-26,2024-07-25,-0.312033
000591,太阳能,2023,2024-04-13,2023年年度报告,http://www.cninfo.com.cn/new/disclosure/detail?stockCode=000591&announcementId=1219598211&orgId=gssz0000591&announcementTime=2024-04-13,2024-04-15,2024-07-12,-0.113466
000593,德龙汇能,2023,2024-04-27,2023年年度报告,http://www.cninfo.com.cn/new/disclosure/detail?stockCode=000593&announcementId=1219862636&orgId=gssz0000593&announcementTime=2024-04-27,2024-04-29,2024-07-26,-0.097036
000595,*ST宝实,2023,2024-04-19,2023年年度报告,http://www.cninfo.com.cn/new/disclosure/detail?stockCode=000595&announcementId=1219667796&orgId=gssz0000595&announcementTime=2024-04-19,2024-04-22,2024-07-26,-0.117147
000597,东北制药,2023,2024-03-30,2023年年度报告,http://www.cninfo.com.cn/new/disclosure/detail?stockCode=000597&announcementId=1219473314&orgId=gssz0000597&announcementTime=2024-03-30,2024-04-01,2024-07-02,-0.159081
000596,古井贡酒,2023,2024-04-27,2023年年度报告,http://www.cninfo.com.cn/new/disclosure/detail?stockCode=000596&announcementId=1219873167&orgId=gssz0000596&announcementTime=2024-04-27,2024-04-29,2024-07-26,-0.283659
000598,兴蓉环境,2023,2024-04-19,2023年年度报告,http://www.cninfo.com.cn/new/disclosure/detail?stockCode=000598&announcementId=1219663834&orgId=gssz0000598&announcementTime=2024-04-19,2024-04-22,2024-07-19,0.08399
000599,青岛双星,2023,2024-03-29,2023年年度报告,http://www.cninfo.com.cn/new/disclosure/detail?stockCode=000599&announcementId=1219448510&orgId=gssz0000599&announcementTime=2024-03-29,2024-04-09,2024-07-08,-0.462589
000600,建投能源,2023,2024-04-26,2023年年度报告,http://www.cninfo.com.cn/new/disclosure/detail?stockCode=000600&announcementId=1219846278&orgId=gssz0000600&announcementTime=2024-04-26,2024-04-29,2024-07-26,-0.230242
000601,韶能股份,2023,2024-04-27,2023年年度报告,http://www.cninfo.com.cn/new/disclosure/detail?stockCode=000601&announcementId=1219860271&orgId=gssz0000601&announcementTime=2024-04-27,2024-04-29,2024-07-26,0.041501
000603,盛达资源,2023,2024-04-27,2023年年度报告,http://www.cninfo.com.cn/new/disclosure/detail?stockCode=000603&announcementId=1219860184&orgId=gssz0000603&announcementTime=2024-04-27,2024-04-29,2024-07-26,-0.17609
000605,渤海股份,2023,2024-04-30,2023年年度报告,http://www.cninfo.com.cn/new/disclosure/detail?stockCode=000605&announcementId=1219925959&orgId=gssz0000605&announcementTime=2024-04-30,2024-05-06,2024-07-30,-0.055835
000607,华媒控股,2023,2024-04-03,2023年年度报告,http://www.cninfo.com.cn/new/disclosure/detail?stockCode=000607&announcementId=1219502233&orgId=gssz0000607&announcementTime=2024-04-03,2024-04-08,2024-07-05,-0.253655
000608,*ST阳光,2023,2024-03-23,2023年年度报告,http://www.cninfo.com.cn/new/disclosure/detail?stockCode=000608&announcementId=1219390205&orgId=gssz0000608&announcementTime=2024-03-23,2024-03-25,2024-06-25,-0.336601
000610,西安旅游,2023,2024-04-23,2023年年度报告,http://www.cninfo.com.cn/new/disclosure/detail?stockCode=000610&announcementId=1219740317&orgId=gssz0000610&announcementTime=2024-04-23,2024-04-24,2024-07-23,-0.083822
000609,ST中迪,2023,2024-04-26,2023年年度报告,http://www.cninfo.com.cn/new/disclosure/detail?stockCode=000609&announcementId=1219839668&orgId=gssz0000609&announcementTime=2024-04-26,2024-04-29,2024-07-26,-0.494377
000612,焦作万方,2023,2024-03-30,2023年年度报告,http://www.cninfo.com.cn/new/disclosure/detail?stockCode=000612&announcementId=1219462222&orgId=gssz0000612&announcementTime=2024-03-30,2024-04-01,2024-07-02,0.112597
000615,*ST美谷,2023,2024-04-26,2023年年度报告,http://www.cninfo.com.cn/new/disclosure/detail?stockCode=000615&announcementId=1219843655&orgId=gssz0000615&announcementTime=2024-04-26,2024-04-29,2024-07-29,-0.193348
000617,中油资本,2023,2024-03-29,2023年年度报告,http://www.cninfo.com.cn/new/disclosure/detail?stockCode=000617&announcementId=1219445014&orgId=gssz0000617&announcementTime=2024-03-29,2024-04-01,2024-07-02,-0.026093
000619,海螺新材,2023,2024-03-23,2023年年度报告,http://www.cninfo.com.cn/new/disclosure/detail?stockCode=000619&announcementId=1219391110&orgId=gssz0000619&announcementTime=2024-03-23,2024-03-25,2024-06-25,-0.24995
000620,盈新发展,2023,2024-03-30,2023年年度报告,http://www.cninfo.com.cn/new/disclosure/detail?stockCode=000620&announcementId=1219474315&orgId=gssz0000620&announcementTime=2024-03-30,2024-04-01,2024-07-03,-0.104784
000623,吉林敖东,2023,2024-04-17,2023年年度报告,http://www.cninfo.com.cn/new/disclosure/detail?stockCode=000623&announcementId=1219637050&orgId=gssz0000623&announcementTime=2024-04-17,2024-04-18,2024-07-17,-0.05133
000625,长安汽车,2023,2024-04-18,2023年年度报告,http://www.cninfo.com.cn/new/disclosure/detail?stockCode=000625&announcementId=1219647347&orgId=gssz0000625&announcementTime=2024-04-18,2024-04-19,2024-07-18,-0.05301
000626,远大控股,2023,2024-04-26,2023年年度报告,http://www.cninfo.com.cn/new/disclosure/detail?stockCode=000626&announcementId=1219829429&orgId=gssz0000626&announcementTime=2024-04-26,2024-04-29,2024-07-26,-0.195235
000628,高新发展,2023,2024-03-26,2023年年度报告,http://www.cninfo.com.cn/new/disclosure/detail?stockCode=000628&announcementId=1219403459&orgId=gssz0000628&announcementTime=2024-03-26,2024-03-27,2024-06-27,-0.500614
000629,钒钛股份,2023,2024-03-26,2023年年度报告,http://www.cninfo.com.cn/new/disclosure/detail?stockCode=000629&announcementId=1219403167&orgId=gssz0000629&announcementTime=2024-03-26,2024-03-27,2024-06-27,-0.180556
000630,铜陵有色,2023,2024-04-29,2023年年度报告,http://www.cninfo.com.cn/new/disclosure/detail?stockCode=000630&announcementId=1219865756&orgId=gssz0000630&announcementTime=2024-04-29,2024-04-30,2024-07-29,-0.228925
000631,顺发恒能,2023,2024-04-23,2023年年度报告,http://www.cninfo.com.cn/new/disclosure/detail?stockCode=000631&announcementId=1219744193&orgId=gssz0000631&announcementTime=2024-04-23,2024-04-24,2024-07-23,-0.093939
000632,三木集团,2023,2024-04-25,2023年年度报告,http://www.cninfo.com.cn/new/disclosure/detail?stockCode=000632&announcementId=1219790731&orgId=gssz0000632&announcementTime=2024-04-25,2024-04-26,2024-07-25,-0.134195
000633,合金投资,2023,2024-04-09,2023年年度报告,http://www.cninfo.com.cn/new/disclosure/detail?stockCode=000633&announcementId=1219534603&orgId=gssz0000633&announcementTime=2024-04-09,2024-04-10,2024-07-09,-0.366739
000636,风华高科,2023,2024-04-16,2023年年度报告,http://www.cninfo.com.cn/new/disclosure/detail?stockCode=000636&announcementId=1219620326&orgId=gssz0000636&announcementTime=2024-04-16,2024-04-17,2024-07-16,0.349559
000635,英 力 特,2023,2024-04-25,2023年年度报告,http://www.cninfo.com.cn/new/disclosure/detail?stockCode=000635&announcementId=1219800796&orgId=gssz0000635&announcementTime=2024-04-25,2024-04-26,2024-07-25,-0.130841
000637,茂化实华,2023,2024-04-29,2023年年度报告,http://www.cninfo.com.cn/new/disclosure/detail?stockCode=000637&announcementId=1221364107&orgId=gssz0000637&announcementTime=2024-04-29,2024-04-30,2024-07-30,-0.033953
000638,*ST万方,2023,2024-04-30,2023年年度报告,http://www.cninfo.com.cn/new/disclosure/detail?stockCode=000638&announcementId=1219924050&orgId=gssz0000638&announcementTime=2024-04-30,2024-05-06,2024-07-30,-0.137265
000639,西王食品,2023,2024-04-27,2023年年度报告,http://www.cninfo.com.cn/new/disclosure/detail?stockCode=000639&announcementId=1219872749&orgId=gssz0000639&announcementTime=2024-04-27,2024-04-29,2024-07-26,-0.277697
000650,仁和药业,2023,2024-04-26,2023年年度报告,http://www.cninfo.com.cn/new/disclosure/detail?stockCode=000650&announcementId=1219816174&orgId=gssz0000650&announcementTime=2024-04-26,2024-04-29,2024-07-26,-0.107613
000652,泰达股份,2023,2024-04-24,2023年年度报告,http://www.cninfo.com.cn/new/disclosure/detail?stockCode=000652&announcementId=1219771451&orgId=gssz0000652&announcementTime=2024-04-24,2024-04-25,2024-07-24,-0.131468
000651,格力电器,2023,2024-04-30,2023年年度报告,http://www.cninfo.com.cn/new/disclosure/detail?stockCode=000651&announcementId=1219928418&orgId=gssz0000651&announcementTime=2024-04-30,2024-05-06,2024-07-30,-0.084741
000655,金岭矿业,2023,2024-03-23,2023年年度报告,http://www.cninfo.com.cn/new/disclosure/detail?stockCode=000655&announcementId=1219387025&orgId=gssz0000655&announcementTime=2024-03-23,2024-03-25,2024-06-25,-0.07043
000656,*ST金科,2023,2024-04-30,金科地产集团股份有限公司2023年年度报告,http://www.cninfo.com.cn/new/disclosure/detail?stockCode=000656&announcementId=1219928657&orgId=gssz0000656&announcementTime=2024-04-30,2024-05-06,2024-07-30,-0.041855
000657,中钨高新,2023,2024-04-26,2023年年度报告,http://www.cninfo.com.cn/new/disclosure/detail?stockCode=000657&announcementId=1219831517&orgId=gssz0000657&announcementTime=2024-04-26,2024-04-29,2024-07-26,-0.210658
000659,珠海中富,2023,2024-04-26,2023年年度报告,http://www.cninfo.com.cn/new/disclosure/detail?stockCode=000659&announcementId=1219828817&orgId=gssz0000659&announcementTime=2024-04-26,2024-04-29,2024-07-26,0.022688
000661,长春高新,2023,2024-03-20,2023年年度报告,http://www.cninfo.com.cn/new/disclosure/detail?stockCode=000661&announcementId=1219347108&orgId=gssz0000661&announcementTime=2024-03-20,2024-03-21,2024-06-21,-0.207384
000663,永安林业,2023,2024-04-30,2023年年度报告,http://www.cninfo.com.cn/new/disclosure/detail?stockCode=000663&announcementId=1219914612&orgId=gssz0000663&announcementTime=2024-04-30,2024-05-06,2024-07-30,-0.270443
000668,*ST荣控,2023,2024-04-27,2023年年度报告,http://www.cninfo.com.cn/new/disclosure/detail?stockCode=000668&announcementId=1219866582&orgId=gssz0000668&announcementTime=2024-04-27,2024-04-29,2024-07-26,-0.107363
000665,湖北广电,2023,2024-04-18,2023年年度报告,http://www.cninfo.com.cn/new/disclosure/detail?stockCode=000665&announcementId=1219652952&orgId=gssz0000665&announcementTime=2024-04-18,2024-04-19,2024-07-18,-0.047206
000669,ST金鸿,2023,2024-04-27,2023年年度报告,http://www.cninfo.com.cn/new/disclosure/detail?stockCode=000669&announcementId=1219869470&orgId=gssz0000669&announcementTime=2024-04-27,2024-04-29,2024-07-26,-0.069498
000670,盈方微,2023,2024-04-16,2023年年度报告,http://www.cninfo.com.cn/new/disclosure/detail?stockCode=000670&announcementId=1219625170&orgId=gssz0000670&announcementTime=2024-04-16,2024-04-17,2024-07-16,-0.026889
000672,上峰水泥,2023,2024-04-25,2023年年度报告,http://www.cninfo.com.cn/new/disclosure/detail?stockCode=000672&announcementId=1219797836&orgId=gssz0000672&announcementTime=2024-04-25,2024-04-26,2024-07-25,-0.051856
000676,智度股份,2023,2024-04-23,2023年年度报告,http://www.cninfo.com.cn/new/disclosure/detail?stockCode=000676&announcementId=1219746161&orgId=gssz0000676&announcementTime=2024-04-23,2024-04-24,2024-07-23,-0.118362
000678,襄阳轴承,2023,2024-04-26,2023年年度报告,http://www.cninfo.com.cn/new/disclosure/detail?stockCode=000678&announcementId=1219836582&orgId=gssz0000678&announcementTime=2024-04-26,2024-04-29,2024-07-26,-0.220669
000677,恒天海龙,2023,2024-04-12,2023年年度报告,http://www.cninfo.com.cn/new/disclosure/detail?stockCode=000677&announcementId=1219579312&orgId=gssz0000677&announcementTime=2024-04-12,2024-04-15,2024-07-12,-0.080436
000679,大连友谊,2023,2024-04-18,2023年年度报告,http://www.cninfo.com.cn/new/disclosure/detail?stockCode=000679&announcementId=1219650413&orgId=gssz0000679&announcementTime=2024-04-18,2024-04-19,2024-07-18,-0.071584
000680,山推股份,2023,2024-03-26,2023年年度报告,http://www.cninfo.com.cn/new/disclosure/detail?stockCode=000680&announcementId=1219402214&orgId=gssz0000680&announcementTime=2024-03-26,2024-03-27,2024-06-27,0.212729
000681,视觉中国,2023,2024-04-26,2023年年度报告,http://www.cninfo.com.cn/new/disclosure/detail?stockCode=000681&announcementId=1219831556&orgId=gssz0000681&announcementTime=2024-04-26,2024-04-29,2024-07-26,-0.158077
000682,东方电子,2023,2024-04-19,2023年年度报告,http://www.cninfo.com.cn/new/disclosure/detail?stockCode=000682&announcementId=1219670688&orgId=gssz0000682&announcementTime=2024-04-19,2024-04-22,2024-07-19,0.082575
000683,博源化工,2023,2024-04-16,2023年年度报告,http://www.cninfo.com.cn/new/disclosure/detail?stockCode=000683&announcementId=1219619473&orgId=gssz0000683&announcementTime=2024-04-16,2024-04-17,2024-07-16,0.109306
000685,中山公用,2023,2024-04-27,2023年年度报告,http://www.cninfo.com.cn/new/disclosure/detail?stockCode=000685&announcementId=1219859098&orgId=gssz0000685&announcementTime=2024-04-27,2024-04-29,2024-07-26,-0.053721
000686,东北证券,2023,2024-04-19,2023年年度报告,http://www.cninfo.com.cn/new/disclosure/detail?stockCode=000686&announcementId=1219672441&orgId=gssz0000686&announcementTime=2024-04-19,2024-04-22,2024-07-19,-0.157528
000688,国城矿业,2023,2024-04-27,2023年年度报告,http://www.cninfo.com.cn/new/disclosure/detail?stockCode=000688&announcementId=1219867949&orgId=gssz0000688&announcementTime=2024-04-27,2024-04-29,2024-07-26,-0.284593
000690,宝新能源,2023,2024-04-09,2023年年度报告,http://www.cninfo.com.cn/new/disclosure/detail?stockCode=000690&announcementId=1219538438&orgId=gssz0000690&announcementTime=2024-04-09,2024-04-10,2024-07-09,0.006784
000691,*ST亚太,2023,2024-04-20,2023年年度报告,http://www.cninfo.com.cn/new/disclosure/detail?stockCode=000691&announcementId=1219695275&orgId=gssz0000691&announcementTime=2024-04-20,2024-04-22,2024-07-19,-0.017176
000695,滨海能源,2023,2024-03-21,2023年年度报告,http://www.cninfo.com.cn/new/disclosure/detail?stockCode=000695&announcementId=1219358024&orgId=gssz0000695&announcementTime=2024-03-21,2024-03-22,2024-06-24,-0.119632
000692,惠天热电,2023,2024-04-30,2023年年度报告,http://www.cninfo.com.cn/new/disclosure/detail?stockCode=000692&announcementId=1219918224&orgId=gssz0000692&announcementTime=2024-04-30,2024-05-06,2024-07-31,0.120359
000697,ST炼石,2023,2024-03-20,2023年年度报告,http://www.cninfo.com.cn/new/disclosure/detail?stockCode=000697&announcementId=1219348872&orgId=gssz0000697&announcementTime=2024-03-20,2024-03-21,2024-06-24,-0.134244
000698,ST沈化,2023,2024-04-27,2023年年度报告,http://www.cninfo.com.cn/new/disclosure/detail?stockCode=000698&announcementId=1219874227&orgId=gssz0000698&announcementTime=2024-04-27,2024-04-29,2024-07-26,-0.105005
000700,模塑科技,2023,2024-04-27,2023年年度报告,http://www.cninfo.com.cn/new/disclosure/detail?stockCode=000700&announcementId=1219859034&orgId=gssz0000700&announcementTime=2024-04-27,2024-04-29,2024-07-26,-0.172608
000701,厦门信达,2023,2024-04-20,2023年年度报告,http://www.cninfo.com.cn/new/disclosure/detail?stockCode=000701&announcementId=1219699393&orgId=gssz0000701&announcementTime=2024-04-20,2024-04-22,2024-07-19,-0.141194
000702,正虹科技,2023,2024-04-09,2023年年度报告,http://www.cninfo.com.cn/new/disclosure/detail?stockCode=000702&announcementId=1219537739&orgId=gssz0000702&announcementTime=2024-04-09,2024-04-10,2024-07-09,-0.125743
000703,恒逸石化,2023,2024-04-20,2023年年度报告,http://www.cninfo.com.cn/new/disclosure/detail?stockCode=000703&announcementId=1219706490&orgId=gssz0000703&announcementTime=2024-04-20,2024-04-22,2024-07-19,0.051586
000705,浙江震元,2023,2024-03-22,2023年年度报告,http://www.cninfo.com.cn/new/disclosure/detail?stockCode=000705&announcementId=1219375947&orgId=gssz0000705&announcementTime=2024-03-22,2024-03-25,2024-06-25,-0.108888
000707,双环科技,2023,2024-04-25,2023年年度报告,http://www.cninfo.com.cn/new/disclosure/detail?stockCode=000707&announcementId=1219800438&orgId=gssz0000707&announcementTime=2024-04-25,2024-04-26,2024-07-25,-0.111362
000708,中信特钢,2023,2024-03-13,2023年年度报告,http://www.cninfo.com.cn/new/disclosure/detail?stockCode=000708&announcementId=1219298022&orgId=gssz0000708&announcementTime=2024-03-13,2024-03-14,2024-06-14,-0.050574
000709,河钢股份,2023,2024-04-27,2023年年度报告,http://www.cninfo.com.cn/new/disclosure/detail?stockCode=000709&announcementId=1219869297&orgId=gssz0000709&announcementTime=2024-04-27,2024-04-29,2024-07-26,-0.124948
000710,贝瑞基因,2023,2024-04-25,2023年年度报告,http://www.cninfo.com.cn/new/disclosure/detail?stockCode=000710&announcementId=1219795239&orgId=gssz0000710&announcementTime=2024-04-25,2024-04-26,2024-07-25,-0.166836
000711,ST京蓝,2023,2024-04-29,2023年年度报告,http://www.cninfo.com.cn/new/disclosure/detail?stockCode=000711&announcementId=1219870950&orgId=gssz0000711&announcementTime=2024-04-29,2024-04-30,2024-07-29,-0.104757
000713,国投丰乐,2023,2024-04-26,2023年年度报告,http://www.cninfo.com.cn/new/disclosure/detail?stockCode=000713&announcementId=1219827331&orgId=gssz0000713&announcementTime=2024-04-26,2024-04-29,2024-07-26,-0.138746
000712,锦龙股份,2023,2024-04-26,2023年年度报告,http://www.cninfo.com.cn/new/disclosure/detail?stockCode=000712&announcementId=1219827372&orgId=gssz0000712&announcementTime=2024-04-26,2024-04-29,2024-07-26,-0.093632
000715,中兴商业,2023,2024-03-30,2023年年度报告,http://www.cninfo.com.cn/new/disclosure/detail?stockCode=000715&announcementId=1219470696&orgId=gssz0000715&announcementTime=2024-03-30,2024-04-01,2024-07-02,-0.339652
000716,黑芝麻,2023,2024-04-20,2023年年度报告,http://www.cninfo.com.cn/new/disclosure/detail?stockCode=000716&announcementId=1219695726&orgId=gssz0000716&announcementTime=2024-04-20,2024-04-22,2024-07-19,-0.206275
000717,中南股份,2023,2024-04-29,2023年年度报告,http://www.cninfo.com.cn/new/disclosure/detail?stockCode=000717&announcementId=1219858941&orgId=gssz0000717&announcementTime=2024-04-29,2024-04-30,2024-07-29,-0.256191
000718,苏宁环球,2023,2024-04-27,2023年年度报告,http://www.cninfo.com.cn/new/disclosure/detail?stockCode=000718&announcementId=1219870715&orgId=gssz0000718&announcementTime=2024-04-27,2024-04-29,2024-07-26,-0.156458
000719,中原传媒,2023,2024-04-18,2023年年度报告,http://www.cninfo.com.cn/new/disclosure/detail?stockCode=000719&announcementId=1219648136&orgId=gssz0000719&announcementTime=2024-04-18,2024-04-19,2024-07-18,-0.166005
000720,新能泰山,2023,2024-04-30,2023年年度报告,http://www.cninfo.com.cn/new/disclosure/detail?stockCode=000720&announcementId=1219909239&orgId=gssz0000720&announcementTime=2024-04-30,2024-05-06,2024-07-30,-0.230322
000721,西安饮食,2023,2024-04-10,2023年年度报告,http://www.cninfo.com.cn/new/disclosure/detail?stockCode=000721&announcementId=1219555074&orgId=gssz0000721&announcementTime=2024-04-10,2024-04-11,2024-07-10,-0.292403
000722,湖南发展,2023,2024-04-03,2023年年度报告,http://www.cninfo.com.cn/new/disclosure/detail?stockCode=000722&announcementId=1219504971&orgId=gssz0000722&announcementTime=2024-04-03,2024-04-08,2024-07-05,-0.020839
000723,美锦能源,2023,2024-04-27,2023年年度报告,http://www.cninfo.com.cn/new/disclosure/detail?stockCode=000723&announcementId=1219871313&orgId=gssz0000723&announcementTime=2024-04-27,2024-04-29,2024-07-26,-0.278935
000725,京东方Ａ,2023,2024-04-02,2023年年度报告,http://www.cninfo.com.cn/new/disclosure/detail?stockCode=000725&announcementId=1219494121&orgId=gssz0000725&announcementTime=2024-04-02,2024-04-03,2024-07-04,-0.041958
000726,鲁  泰Ａ,2023,2024-04-12,2023年年度报告,http://www.cninfo.com.cn/new/disclosure/detail?stockCode=000726&announcementId=1219583443&orgId=gssz0000726&announcementTime=2024-04-12,2024-04-15,2024-07-12,-0.098003
000727,冠捷科技,2023,2024-04-30,2023年年度报告,http://www.cninfo.com.cn/new/disclosure/detail?stockCode=000727&announcementId=1219903303&orgId=gssz0000727&announcementTime=2024-04-30,2024-05-06,2024-07-30,-0.199704
000728,国元证券,2023,2024-03-26,2023年年度报告,http://www.cninfo.com.cn/new/disclosure/detail?stockCode=000728&announcementId=1219404172&orgId=gssz0000728&announcementTime=2024-03-26,2024-03-27,2024-06-27,-0.035503
000729,燕京啤酒,2023,2024-04-16,2023年年度报告,http://www.cninfo.com.cn/new/disclosure/detail?stockCode=000729&announcementId=1219622721&orgId=gssz0000729&announcementTime=2024-04-16,2024-04-17,2024-07-16,0.045928
000731,四川美丰,2023,2024-04-30,2023年年度报告,http://www.cninfo.com.cn/new/disclosure/detail?stockCode=000731&announcementId=1219905494&orgId=gssz0000731&announcementTime=2024-04-30,2024-05-06,2024-07-30,-0.087509
000733,振华科技,2023,2024-04-27,2023年年度报告,http://www.cninfo.com.cn/new/disclosure/detail?stockCode=000733&announcementId=1219870835&orgId=gssz0000733&announcementTime=2024-04-27,2024-04-29,2024-07-26,-0.139304
000735,罗 牛 山,2023,2024-04-27,2023年年度报告,http://www.cninfo.com.cn/new/disclosure/detail?stockCode=000735&announcementId=1219856343&orgId=gssz0000735&announcementTime=2024-04-27,2024-04-29,2024-07-26,-0.043741
000736,*ST中地,2023,2024-04-08,2023年年度报告,http://www.cninfo.com.cn/new/disclosure/detail?stockCode=000736&announcementId=1219517434&orgId=gssz0000736&announcementTime=2024-04-08,2024-04-09,2024-07-08,-0.181941
000737,北方铜业,2023,2024-04-26,2023年年度报告,http://www.cninfo.com.cn/new/disclosure/detail?stockCode=000737&announcementId=1219827002&orgId=gssz0000737&announcementTime=2024-04-26,2024-04-29,2024-07-26,-0.181889
000738,航发控制,2023,2024-03-27,2023年年度报告,http://www.cninfo.com.cn/new/disclosure/detail?stockCode=000738&announcementId=1219410944&orgId=gssz0000738&announcementTime=2024-03-27,2024-03-28,2024-06-28,0.173286
000739,普洛药业,2023,2024-03-08,2023年年度报告,http://www.cninfo.com.cn/new/disclosure/detail?stockCode=000739&announcementId=1219255077&orgId=gssz0000739&announcementTime=2024-03-08,2024-03-11,2024-06-11,0.132024
000750,国海证券,2023,2024-03-09,2023年年度报告,http://www.cninfo.com.cn/new/disclosure/detail?stockCode=000750&announcementId=1219266576&orgId=gssz0000750&announcementTime=2024-03-09,2024-03-11,2024-06-11,-0.118433
000751,锌业股份,2023,2024-04-20,2023年年度报告,http://www.cninfo.com.cn/new/disclosure/detail?stockCode=000751&announcementId=1219692630&orgId=gssz0000751&announcementTime=2024-04-20,2024-04-22,2024-07-19,-0.238305
000752,ST西发,2023,2024-04-27,2023年年度报告,http://www.cninfo.com.cn/new/disclosure/detail?stockCode=000752&announcementId=1219874211&orgId=gssz0000752&announcementTime=2024-04-27,2024-04-29,2024-07-29,0.086377
000753,漳州发展,2023,2024-04-20,2023年年度报告,http://www.cninfo.com.cn/new/disclosure/detail?stockCode=000753&announcementId=1219699967&orgId=gssz0000753&announcementTime=2024-04-20,2024-04-22,2024-07-19,-0.119145
000755,山西高速,2023,2024-04-26,2023年年度报告,http://www.cninfo.com.cn/new/disclosure/detail?stockCode=000755&announcementId=1219819415&orgId=gssz0000755&announcementTime=2024-04-26,2024-04-29,2024-07-26,-0.091973
000756,新华制药,2023,2024-03-29,2023年年度报告,http://www.cninfo.com.cn/new/disclosure/detail?stockCode=000756&announcementId=1219440844&orgId=gssz0000756&announcementTime=2024-03-29,2024-04-01,2024-07-02,-0.106252
000757,浩物股份,2023,2024-04-26,2023年年度报告,http://www.cninfo.com.cn/new/disclosure/detail?stockCode=000757&announcementId=1219833077&orgId=gssz0000757&announcementTime=2024-04-26,2024-04-29,2024-07-26,-0.128106
000758,中色股份,2023,2024-04-26,2023年年度报告,http://www.cninfo.com.cn/new/disclosure/detail?stockCode=000758&announcementId=1219841783&orgId=gssz0000758&announcementTime=2024-04-26,2024-04-29,2024-07-26,-0.112002
000759,中百集团,2023,2024-04-27,2023年年度报告,http://www.cninfo.com.cn/new/disclosure/detail?stockCode=000759&announcementId=1219871140&orgId=gssz0000759&announcementTime=2024-04-27,2024-04-29,2024-07-26,-0.131887
000761,本钢板材,2023,2024-04-29,2023年年度报告,http://www.cninfo.com.cn/new/disclosure/detail?stockCode=000761&announcementId=1219857363&orgId=gssz0000761&announcementTime=2024-04-29,2024-04-30,2024-07-29,-0.181586
000762,西藏矿业,2023,2024-04-26,2023年年度报告,http://www.cninfo.com.cn/new/disclosure/detail?stockCode=000762&announcementId=1219824023&orgId=gssz0000762&announcementTime=2024-04-26,2024-04-29,2024-07-26,-0.16354
000766,通化金马,2023,2024-04-19,2023年年度报告,http://www.cninfo.com.cn/new/disclosure/detail?stockCode=000766&announcementId=1219668139&orgId=gssz0000766&announcementTime=2024-04-19,2024-04-22,2024-07-19,-0.044233
000767,晋控电力,2023,2024-04-26,2023年年度报告,http://www.cninfo.com.cn/new/disclosure/detail?stockCode=000767&announcementId=1219827263&orgId=gssz0000767&announcementTime=2024-04-26,2024-04-29,2024-07-26,-0.052512
000768,中航西飞,2023,2024-04-02,2023年年度报告,http://www.cninfo.com.cn/new/disclosure/detail?stockCode=000768&announcementId=1219493781&orgId=gssz0000768&announcementTime=2024-04-02,2024-04-03,2024-07-04,0.098641
000776,广发证券,2023,2024-03-29,2023年年度报告,http://www.cninfo.com.cn/new/disclosure/detail?stockCode=000776&announcementId=1219445383&orgId=gssz0000776&announcementTime=2024-03-29,2024-04-01,2024-07-02,-0.098227
000777,中核科技,2023,2024-04-25,2023年年度报告,http://www.cninfo.com.cn/new/disclosure/detail?stockCode=000777&announcementId=1219803166&orgId=gssz0000777&announcementTime=2024-04-25,2024-04-26,2024-07-25,-0.223953
000778,新兴铸管,2023,2024-04-11,2023年年度报告,http://www.cninfo.com.cn/new/disclosure/detail?stockCode=000778&announcementId=1219568469&orgId=gssz0000778&announcementTime=2024-04-11,2024-04-12,2024-07-11,-0.109172
000779,甘咨询,2023,2024-04-24,2023年年度报告,http://www.cninfo.com.cn/new/disclosure/detail?stockCode=000779&announcementId=1219772770&orgId=gssz0000779&announcementTime=2024-04-24,2024-04-25,2024-07-24,-0.319399
000782,恒申新材,2023,2024-03-29,2023年年度报告,http://www.cninfo.com.cn/new/disclosure/detail?stockCode=000782&announcementId=1219437761&orgId=gssz0000782&announcementTime=2024-03-29,2024-04-01,2024-07-02,-0.112293
000783,长江证券,2023,2024-04-27,2023年年度报告,http://www.cninfo.com.cn/new/disclosure/detail?stockCode=000783&announcementId=1219860033&orgId=gssz0000783&announcementTime=2024-04-27,2024-04-29,2024-07-26,-0.108664
000785,居然智家,2023,2024-04-26,2023年年度报告,http://www.cninfo.com.cn/new/disclosure/detail?stockCode=000785&announcementId=1219833932&orgId=gssz0000785&announcementTime=2024-04-26,2024-04-29,2024-07-26,-0.20392
000786,北新建材,2023,2024-03-20,2023年年度报告,http://www.cninfo.com.cn/new/disclosure/detail?stockCode=000786&announcementId=1219347725&orgId=gssz0000786&announcementTime=2024-03-20,2024-03-21,2024-06-21,0.106201
000788,北大医药,2023,2024-04-26,2023年年度报告,http://www.cninfo.com.cn/new/disclosure/detail?stockCode=000788&announcementId=1219829185&orgId=gssz0000788&announcementTime=2024-04-26,2024-04-29,2024-07-26,-0.031904
000789,万年青,2023,2024-03-28,2023年年度报告,http://www.cninfo.com.cn/new/disclosure/detail?stockCode=000789&announcementId=1219427160&orgId=gssz0000789&announcementTime=2024-03-28,2024-03-29,2024-07-01,-0.221411
000790,华神科技,2023,2024-04-30,2023年年度报告,http://www.cninfo.com.cn/new/disclosure/detail?stockCode=000790&announcementId=1219916282&orgId=gssz0000790&announcementTime=2024-04-30,2024-05-06,2024-07-30,-0.233036
000791,甘肃能源,2023,2024-03-30,2023年年度报告,http://www.cninfo.com.cn/new/disclosure/detail?stockCode=000791&announcementId=1219460939&orgId=gssz0000791&announcementTime=2024-03-30,2024-04-01,2024-07-02,0.086003
000792,盐湖股份,2023,2024-03-30,2023年年度报告,http://www.cninfo.com.cn/new/disclosure/detail?stockCode=000792&announcementId=1219471218&orgId=gssz0000792&announcementTime=2024-03-30,2024-04-01,2024-07-02,0.057148
000793,ST华闻,2023,2024-04-30,2023年年度报告,http://www.cninfo.com.cn/new/disclosure/detail?stockCode=000793&announcementId=1219912853&orgId=gssz0000793&announcementTime=2024-04-30,2024-05-06,2024-07-30,-0.122892
000795,英洛华,2023,2024-03-15,2023年年度报告,http://www.cninfo.com.cn/new/disclosure/detail?stockCode=000795&announcementId=1219307740&orgId=gssz0000795&announcementTime=2024-03-15,2024-03-18,2024-06-18,0.022801
000796,凯撒旅业,2023,2024-04-26,2023年年度报告,http://www.cninfo.com.cn/new/disclosure/detail?stockCode=000796&announcementId=1219843809&orgId=gssz0000796&announcementTime=2024-04-26,2024-04-29,2024-07-29,0.014903
000797,中国武夷,2023,2024-04-13,2023年年度报告,http://www.cninfo.com.cn/new/disclosure/detail?stockCode=000797&announcementId=1219597689&orgId=gssz0000797&announcementTime=2024-04-13,2024-04-15,2024-07-12,0.020661
000798,中水渔业,2023,2024-03-28,2023年年度报告,http://www.cninfo.com.cn/new/disclosure/detail?stockCode=000798&announcementId=1219426831&orgId=gssz0000798&announcementTime=2024-03-28,2024-03-29,2024-07-01,-0.208434
000799,酒鬼酒,2023,2024-04-29,2023年年度报告,http://www.cninfo.com.cn/new/disclosure/detail?stockCode=000799&announcementId=1219867553&orgId=gssz0000799&announcementTime=2024-04-29,2024-04-30,2024-07-29,-0.214577
000800,一汽解放,2023,2024-03-30,2023年年度报告,http://www.cninfo.com.cn/new/disclosure/detail?stockCode=000800&announcementId=1219472248&orgId=gssz0000800&announcementTime=2024-03-30,2024-04-01,2024-07-02,-0.130021
000801,四川九洲,2023,2024-03-29,2023年年度报告,http://www.cninfo.com.cn/new/disclosure/detail?stockCode=000801&announcementId=1219444983&orgId=gssz0000801&announcementTime=2024-03-29,2024-04-01,2024-07-02,-0.258137
000802,北京文化,2023,2024-04-18,2023年年度报告,http://www.cninfo.com.cn/new/disclosure/detail?stockCode=000802&announcementId=1219646985&orgId=gssz0000802&announcementTime=2024-04-18,2024-04-19,2024-07-18,-0.113086
000803,山高环能,2023,2024-04-30,2023年年度报告,http://www.cninfo.com.cn/new/disclosure/detail?stockCode=000803&announcementId=1219909273&orgId=gssz0000803&announcementTime=2024-04-30,2024-05-06,2024-07-30,-0.214141
000807,云铝股份,2023,2024-03-28,2023年年度报告,http://www.cninfo.com.cn/new/disclosure/detail?stockCode=000807&announcementId=1219425757&orgId=gssz0000807&announcementTime=2024-03-28,2024-03-29,2024-07-01,0.019885
000809,和展能源,2023,2024-04-26,2023年年度报告,http://www.cninfo.com.cn/new/disclosure/detail?stockCode=000809&announcementId=1219830946&orgId=gssz0000809&announcementTime=2024-04-26,2024-04-29,2024-07-26,0.275424
000810,创维数字,2023,2024-03-22,2023年年度报告,http://www.cninfo.com.cn/new/disclosure/detail?stockCode=000810&announcementId=1219374925&orgId=gssz0000810&announcementTime=2024-03-22,2024-03-25,2024-06-25,-0.291819
000811,冰轮环境,2023,2024-03-28,2023年年度报告,http://www.cninfo.com.cn/new/disclosure/detail?stockCode=000811&announcementId=1219424310&orgId=gssz0000811&announcementTime=2024-03-28,2024-03-29,2024-07-01,-0.143779
000812,陕西金叶,2023,2024-04-26,2023年年度报告,http://www.cninfo.com.cn/new/disclosure/detail?stockCode=000812&announcementId=1219828321&orgId=gssz0000812&announcementTime=2024-04-26,2024-04-29,2024-07-26,-0.103934
000813,德展健康,2023,2024-04-12,2023年年度报告,http://www.cninfo.com.cn/new/disclosure/detail?stockCode=000813&announcementId=1219584155&orgId=gssz0000813&announcementTime=2024-04-12,2024-04-15,2024-07-12,-0.138587
000815,美利云,2023,2024-03-19,2023年年度报告,http://www.cninfo.com.cn/new/disclosure/detail?stockCode=000815&announcementId=1219330108&orgId=gssz0000815&announcementTime=2024-03-19,2024-03-20,2024-06-20,-0.28592
000816,智慧农业,2023,2024-04-26,2023年年度报告,http://www.cninfo.com.cn/new/disclosure/detail?stockCode=000816&announcementId=1219831605&orgId=gssz0000816&announcementTime=2024-04-26,2024-04-29,2024-07-26,-0.20854
000818,航锦科技,2023,2024-03-14,2023年年度报告,http://www.cninfo.com.cn/new/disclosure/detail?stockCode=000818&announcementId=1219301106&orgId=gssz0000818&announcementTime=2024-03-14,2024-03-15,2024-06-17,-0.189215
000819,岳阳兴长,2023,2024-04-16,2023年年度报告,http://www.cninfo.com.cn/new/disclosure/detail?stockCode=000819&announcementId=1219619406&orgId=gssz0000819&announcementTime=2024-04-16,2024-04-17,2024-07-16,0.137922
000820,*ST节能,2023,2024-04-29,2023年年度报告,http://www.cninfo.com.cn/new/disclosure/detail?stockCode=000820&announcementId=1219864759&orgId=gssz0000820&announcementTime=2024-04-29,2024-04-30,2024-07-29,-0.305509
000822,山东海化,2023,2024-03-22,2023年年度报告,http://www.cninfo.com.cn/new/disclosure/detail?stockCode=000822&announcementId=1219372633&orgId=gssz0000822&announcementTime=2024-03-22,2024-03-25,2024-06-25,-0.112796
000821,ST京机,2023,2024-04-25,2023年年度报告,http://www.cninfo.com.cn/new/disclosure/detail?stockCode=000821&announcementId=1219802071&orgId=gssz0000821&announcementTime=2024-04-25,2024-04-26,2024-07-25,-0.220682
000823,超声电子,2023,2024-03-28,2023年年度报告,http://www.cninfo.com.cn/new/disclosure/detail?stockCode=000823&announcementId=1219424765&orgId=gssz0000823&announcementTime=2024-03-28,2024-03-29,2024-07-01,0.019798
000825,太钢不锈,2023,2024-04-27,2023年年度报告,http://www.cninfo.com.cn/new/disclosure/detail?stockCode=000825&announcementId=1219865113&orgId=gssz0000825&announcementTime=2024-04-27,2024-04-29,2024-07-26,-0.067216
000826,启迪环境,2023,2024-04-27,2023年年度报告,http://www.cninfo.com.cn/new/disclosure/detail?stockCode=000826&announcementId=1219869089&orgId=gssz0000826&announcementTime=2024-04-27,2024-04-29,2024-07-26,-0.303887
000828,东莞控股,2023,2024-04-20,2023年年度报告,http://www.cninfo.com.cn/new/disclosure/detail?stockCode=000828&announcementId=1219697692&orgId=gssz0000828&announcementTime=2024-04-20,2024-04-22,2024-07-19,-0.004746
000829,天音控股,2023,2024-04-29,2023年年度报告,http://www.cninfo.com.cn/new/disclosure/detail?stockCode=000829&announcementId=1219863339&orgId=gssz0000829&announcementTime=2024-04-29,2024-04-30,2024-07-29,-0.042051
000830,鲁西化工,2023,2024-04-30,2023年年度报告,http://www.cninfo.com.cn/new/disclosure/detail?stockCode=000830&announcementId=1219908129&orgId=gssz0000830&announcementTime=2024-04-30,2024-05-06,2024-07-30,-0.083308
000831,中国稀土,2023,2024-04-27,2023年年度报告,http://www.cninfo.com.cn/new/disclosure/detail?stockCode=000831&announcementId=1219870281&orgId=gssz0000831&announcementTime=2024-04-27,2024-04-29,2024-07-26,-0.165122
000833,粤桂股份,2023,2024-03-30,2023年年度报告,http://www.cninfo.com.cn/new/disclosure/detail?stockCode=000833&announcementId=1219469347&orgId=gssz0000833&announcementTime=2024-03-30,2024-04-01,2024-07-02,0.048319
000837,秦川机床,2023,2024-03-30,2023年年度报告,http://www.cninfo.com.cn/new/disclosure/detail?stockCode=000837&announcementId=1219466700&orgId=gssz0000837&announcementTime=2024-03-30,2024-04-01,2024-07-02,-0.235447
000838,财信发展,2023,2024-04-23,2023年年度报告,http://www.cninfo.com.cn/new/disclosure/detail?stockCode=000838&announcementId=1219744017&orgId=gssz0000838&announcementTime=2024-04-23,2024-04-24,2024-07-23,-0.194089
000839,国安股份,2023,2024-04-25,2023年年度报告,http://www.cninfo.com.cn/new/disclosure/detail?stockCode=000839&announcementId=1219801258&orgId=gssz0000839&announcementTime=2024-04-25,2024-04-26,2024-07-26,0.20396
000848,承德露露,2023,2024-04-17,2023年年度报告,http://www.cninfo.com.cn/new/disclosure/detail?stockCode=000848&announcementId=1219638109&orgId=gssz0000848&announcementTime=2024-04-17,2024-04-18,2024-07-17,-0.089084
000850,华茂股份,2023,2024-04-23,2023年年度报告,http://www.cninfo.com.cn/new/disclosure/detail?stockCode=000850&announcementId=1219736453&orgId=gssz0000850&announcementTime=2024-04-23,2024-04-24,2024-07-23,-0.066964
000852,石化机械,2023,2024-04-26,2023年年度报告,http://www.cninfo.com.cn/new/disclosure/detail?stockCode=000852&announcementId=1219832395&orgId=gssz0000852&announcementTime=2024-04-26,2024-04-29,2024-07-26,-0.138652
000856,冀东装备,2023,2024-03-21,2023年年度报告,http://www.cninfo.com.cn/new/disclosure/detail?stockCode=000856&announcementId=1219360518&orgId=gssz0000856&announcementTime=2024-03-21,2024-03-22,2024-06-24,-0.276851
000858,五 粮 液,2023,2024-04-29,2023年年度报告,http://www.cninfo.com.cn/new/disclosure/detail?stockCode=000858&announcementId=1219873658&orgId=gssz0000858&announcementTime=2024-04-29,2024-04-30,2024-07-29,-0.15491
000859,国风新材,2023,2024-04-25,2023年年度报告,http://www.cninfo.com.cn/new/disclosure/detail?stockCode=000859&announcementId=1219789047&orgId=gssz0000859&announcementTime=2024-04-25,2024-04-26,2024-07-25,-0.139955
000860,顺鑫农业,2023,2024-04-27,2023年年度报告,http://www.cninfo.com.cn/new/disclosure/detail?stockCode=000860&announcementId=1219858135&orgId=gssz0000860&announcementTime=2024-04-27,2024-04-29,2024-07-26,-0.094813
000862,银星能源,2023,2024-03-26,2023年年度报告,http://www.cninfo.com.cn/new/disclosure/detail?stockCode=000862&announcementId=1219404075&orgId=gssz0000862&announcementTime=2024-03-26,2024-03-27,2024-06-27,-0.192551
000863,三湘印象,2023,2024-04-23,2023年年度报告,http://www.cninfo.com.cn/new/disclosure/detail?stockCode=000863&announcementId=1219744067&orgId=gssz0000863&announcementTime=2024-04-23,2024-04-24,2024-07-23,0.17443
000868,安凯客车,2023,2024-04-23,2023年年度报告,http://www.cninfo.com.cn/new/disclosure/detail?stockCode=000868&announcementId=1219745683&orgId=gssz0000868&announcementTime=2024-04-23,2024-04-24,2024-07-23,0.222887
000875,吉电股份,2023,2024-04-30,2023年年度报告,http://www.cninfo.com.cn/new/disclosure/detail?stockCode=000875&announcementId=1219909819&orgId=gssz0000875&announcementTime=2024-04-30,2024-05-06,2024-07-30,0.071014
000869,张  裕Ａ,2023,2024-04-12,2023年年度报告,http://www.cninfo.com.cn/new/disclosure/detail?stockCode=000869&announcementId=1219579489&orgId=gssz0000869&announcementTime=2024-04-12,2024-04-15,2024-07-12,-0.10128
000876,新 希 望,2023,2024-04-30,2023年年度报告,http://www.cninfo.com.cn/new/disclosure/detail?stockCode=000876&announcementId=1219915578&orgId=gssz0000876&announcementTime=2024-04-30,2024-05-06,2024-07-30,0.038101
000877,天山股份,2023,2024-03-27,2023年年度报告,http://www.cninfo.com.cn/new/disclosure/detail?stockCode=000877&announcementId=1219412862&orgId=gssz0000877&announcementTime=2024-03-27,2024-03-28,2024-06-28,-0.253872
000880,潍柴重机,2023,2024-03-26,2023年年度报告,http://www.cninfo.com.cn/new/disclosure/detail?stockCode=000880&announcementId=1219405349&orgId=gssz0000880&announcementTime=2024-03-26,2024-03-27,2024-06-27,-0.107369
000878,云南铜业,2023,2024-03-29,2023年年度报告,http://www.cninfo.com.cn/new/disclosure/detail?stockCode=000878&announcementId=1219445184&orgId=gssz0000878&announcementTime=2024-03-29,2024-04-01,2024-07-02,-0.046867
000881,中广核技,2023,2024-04-27,2023年年度报告,http://www.cninfo.com.cn/new/disclosure/detail?stockCode=000881&announcementId=1219864685&orgId=gssz0000881&announcementTime=2024-04-27,2024-04-29,2024-07-26,-0.067209
000882,华联股份,2023,2024-04-27,2023年年度报告,http://www.cninfo.com.cn/new/disclosure/detail?stockCode=000882&announcementId=1219859414&orgId=gssz0000882&announcementTime=2024-04-27,2024-04-29,2024-07-26,-0.181141
000885,城发环境,2023,2024-04-29,2023年年度报告,http://www.cninfo.com.cn/new/disclosure/detail?stockCode=000885&announcementId=1219861948&orgId=gssz0000885&announcementTime=2024-04-29,2024-04-30,2024-07-29,-0.048518
000883,湖北能源,2023,2024-04-27,2023年年度报告,http://www.cninfo.com.cn/new/disclosure/detail?stockCode=000883&announcementId=1219861084&orgId=gssz0000883&announcementTime=2024-04-27,2024-04-29,2024-07-26,-0.060252
000886,海南高速,2023,2024-04-17,2023年年度报告,http://www.cninfo.com.cn/new/disclosure/detail?stockCode=000886&announcementId=1219639055&orgId=gssz0000886&announcementTime=2024-04-17,2024-04-18,2024-07-17,0.087302
000887,中鼎股份,2023,2024-04-30,2023年年度报告,http://www.cninfo.com.cn/new/disclosure/detail?stockCode=000887&announcementId=1219911564&orgId=gssz0000887&announcementTime=2024-04-30,2024-05-06,2024-07-30,-0.121581
000889,中嘉博创,2023,2024-04-30,2023年年度报告,http://www.cninfo.com.cn/new/disclosure/detail?stockCode=000889&announcementId=1219915790&orgId=gssz0000889&announcementTime=2024-04-30,2024-05-06,2024-07-30,0.15847
000888,峨眉山Ａ,2023,2024-03-30,2023年年度报告,http://www.cninfo.com.cn/new/disclosure/detail?stockCode=000888&announcementId=1219466541&orgId=gssz0000888&announcementTime=2024-03-30,2024-04-01,2024-07-02,0.131168
000890,法尔胜,2023,2024-04-26,2023年年度报告,http://www.cninfo.com.cn/new/disclosure/detail?stockCode=000890&announcementId=1219842394&orgId=gssz0000890&announcementTime=2024-04-26,2024-04-29,2024-07-26,-0.3
000892,欢瑞世纪,2023,2024-04-30,2023年年度报告,http://www.cninfo.com.cn/new/disclosure/detail?stockCode=000892&announcementId=1219908018&orgId=gssz0000892&announcementTime=2024-04-30,2024-05-06,2024-07-30,-0.186597
000893,亚钾国际,2023,2024-04-30,2023年年度报告,http://www.cninfo.com.cn/new/disclosure/detail?stockCode=000893&announcementId=1219913026&orgId=gssz0000893&announcementTime=2024-04-30,2024-05-06,2024-07-30,-0.172205
000895,双汇发展,2023,2024-03-27,2023年年度报告,http://www.cninfo.com.cn/new/disclosure/detail?stockCode=000895&announcementId=1219409375&orgId=gssz0000895&announcementTime=2024-03-27,2024-03-28,2024-06-28,-0.05636
000898,鞍钢股份,2023,2024-03-29,2023年年度报告,http://www.cninfo.com.cn/new/disclosure/detail?stockCode=000898&announcementId=1219449807&orgId=gssz0000898&announcementTime=2024-03-29,2024-04-01,2024-07-02,-0.086466
000897,津滨发展,2023,2024-03-30,2023年年度报告,http://www.cninfo.com.cn/new/disclosure/detail?stockCode=000897&announcementId=1219470537&orgId=gssz0000897&announcementTime=2024-03-30,2024-04-01,2024-07-02,-0.04955
000899,赣能股份,2023,2024-04-26,2023年年度报告,http://www.cninfo.com.cn/new/disclosure/detail?stockCode=000899&announcementId=1219829340&orgId=gssz0000899&announcementTime=2024-04-26,2024-04-29,2024-07-26,-0.175709
000900,现代投资,2023,2024-04-03,2023年年度报告,http://www.cninfo.com.cn/new/disclosure/detail?stockCode=000900&announcementId=1219506169&orgId=gssz0000900&announcementTime=2024-04-03,2024-04-08,2024-07-05,0.003088
000901,航天科技,2023,2024-03-30,2023年年度报告,http://www.cninfo.com.cn/new/disclosure/detail?stockCode=000901&announcementId=1219462167&orgId=gssz0000901&announcementTime=2024-03-30,2024-04-01,2024-07-02,0.032851
000902,新洋丰,2023,2024-04-18,2023年年度报告,http://www.cninfo.com.cn/new/disclosure/detail?stockCode=000902&announcementId=1219648543&orgId=gssz0000902&announcementTime=2024-04-18,2024-04-19,2024-07-18,0.051556
000903,ST云动,2023,2024-04-30,2023年年度报告,http://www.cninfo.com.cn/new/disclosure/detail?stockCode=000903&announcementId=1219914150&orgId=gssz0000903&announcementTime=2024-04-30,2024-05-06,2024-07-30,-0.193706
000905,厦门港务,2023,2024-03-30,2023年年度报告,http://www.cninfo.com.cn/new/disclosure/detail?stockCode=000905&announcementId=1219463416&orgId=gssz0000905&announcementTime=2024-03-30,2024-04-01,2024-07-02,-0.087135
000906,浙商中拓,2023,2024-04-25,2023年年度报告,http://www.cninfo.com.cn/new/disclosure/detail?stockCode=000906&announcementId=1219792296&orgId=gssz0000906&announcementTime=2024-04-25,2024-04-26,2024-07-25,-0.147382
000908,*ST景峰,2023,2024-04-30,2023年年度报告,http://www.cninfo.com.cn/new/disclosure/detail?stockCode=000908&announcementId=1219924795&orgId=gssz0000908&announcementTime=2024-04-30,2024-05-06,2024-07-30,0.186404
000909,ST数源,2023,2024-04-20,2023年年度报告,http://www.cninfo.com.cn/new/disclosure/detail?stockCode=000909&announcementId=1219705766&orgId=gssz0000909&announcementTime=2024-04-20,2024-04-22,2024-07-19,-0.021767
000910,大亚圣象,2023,2024-03-29,2023年年度报告,http://www.cninfo.com.cn/new/disclosure/detail?stockCode=000910&announcementId=1219442740&orgId=gssz0000910&announcementTime=2024-03-29,2024-04-01,2024-07-02,-0.117073
000911,广农糖业,2023,2024-04-03,2023年年度报告,http://www.cninfo.com.cn/new/disclosure/detail?stockCode=000911&announcementId=1219506542&orgId=gssz0000911&announcementTime=2024-04-03,2024-04-08,2024-07-05,-0.229602
000912,泸天化,2023,2024-04-25,2023年年度报告,http://www.cninfo.com.cn/new/disclosure/detail?stockCode=000912&announcementId=1219798727&orgId=gssz0000912&announcementTime=2024-04-25,2024-04-26,2024-07-25,-0.120176
000913,钱江摩托,2023,2024-04-18,2023年年度报告,http://www.cninfo.com.cn/new/disclosure/detail?stockCode=000913&announcementId=1219652116&orgId=gssz0000913&announcementTime=2024-04-18,2024-04-19,2024-07-18,0.010135
000915,华特达因,2023,2024-03-16,2023年年度报告,http://www.cninfo.com.cn/new/disclosure/detail?stockCode=000915&announcementId=1219309674&orgId=gssz0000915&announcementTime=2024-03-16,2024-03-18,2024-06-18,-0.015698
000919,金陵药业,2023,2024-04-30,2023年年度报告,http://www.cninfo.com.cn/new/disclosure/detail?stockCode=000919&announcementId=1219903419&orgId=gssz0000919&announcementTime=2024-04-30,2024-05-06,2024-07-30,-0.092565
000917,电广传媒,2023,2024-04-27,2023年年度报告,http://www.cninfo.com.cn/new/disclosure/detail?stockCode=000917&announcementId=1219871403&orgId=gssz0000917&announcementTime=2024-04-27,2024-04-29,2024-07-26,-0.160138
000920,沃顿科技,2023,2024-03-29,2023年年度报告,http://www.cninfo.com.cn/new/disclosure/detail?stockCode=000920&announcementId=1219446301&orgId=gssz0000920&announcementTime=2024-03-29,2024-04-01,2024-07-02,-0.077858
000921,海信家电,2023,2024-03-30,2023年年度报告,http://www.cninfo.com.cn/new/disclosure/detail?stockCode=000921&announcementId=1219466076&orgId=gssz0000921&announcementTime=2024-03-30,2024-04-01,2024-07-02,0.000902
000923,河钢资源,2023,2024-04-27,2023年年度报告,http://www.cninfo.com.cn/new/disclosure/detail?stockCode=000923&announcementId=1219872537&orgId=gssz0000923&announcementTime=2024-04-27,2024-04-29,2024-07-26,-0.203465
000922,佳电股份,2023,2024-04-18,2023年年度报告,http://www.cninfo.com.cn/new/disclosure/detail?stockCode=000922&announcementId=1219646603&orgId=gssz0000922&announcementTime=2024-04-18,2024-04-19,2024-07-18,-0.020597
000926,福星股份,2023,2024-04-29,2023年年度报告,http://www.cninfo.com.cn/new/disclosure/detail?stockCode=000926&announcementId=1219868521&orgId=gssz0000926&announcementTime=2024-04-29,2024-04-30,2024-07-29,-0.238851
000925,众合科技,2023,2024-04-27,2023年年度报告,http://www.cninfo.com.cn/new/disclosure/detail?stockCode=000925&announcementId=1219868091&orgId=gssz0000925&announcementTime=2024-04-27,2024-04-29,2024-07-26,-0.138875
000928,中钢国际,2023,2024-04-30,2023年年度报告,http://www.cninfo.com.cn/new/disclosure/detail?stockCode=000928&announcementId=1219906752&orgId=gssz0000928&announcementTime=2024-04-30,2024-05-06,2024-07-30,-0.100577
000927,中国铁物,2023,2024-03-30,2023年年度报告,http://www.cninfo.com.cn/new/disclosure/detail?stockCode=000927&announcementId=1219471948&orgId=gssz0000927&announcementTime=2024-03-30,2024-04-01,2024-07-02,-0.072993
000929,*ST兰黄,2023,2024-04-18,2023年年度报告,http://www.cninfo.com.cn/new/disclosure/detail?stockCode=000929&announcementId=1219652956&orgId=gssz0000929&announcementTime=2024-04-18,2024-04-19,2024-07-18,-0.221533
000930,中粮科技,2023,2024-04-25,2023年年度报告,http://www.cninfo.com.cn/new/disclosure/detail?stockCode=000930&announcementId=1219799443&orgId=gssz0000930&announcementTime=2024-04-25,2024-04-26,2024-07-25,-0.19979
000932,华菱钢铁,2023,2024-03-30,2023年年度报告,http://www.cninfo.com.cn/new/disclosure/detail?stockCode=000932&announcementId=1219468630&orgId=gssz0000932&announcementTime=2024-03-30,2024-04-01,2024-07-02,-0.08455
000931,中 关 村,2023,2024-04-19,2023年年度报告,http://www.cninfo.com.cn/new/disclosure/detail?stockCode=000931&announcementId=1219672318&orgId=gssz0000931&announcementTime=2024-04-19,2024-04-22,2024-07-19,-0.044408
000935,四川双马,2023,2024-04-30,2023年年度报告,http://www.cninfo.com.cn/new/disclosure/detail?stockCode=000935&announcementId=1219902998&orgId=gssz0000935&announcementTime=2024-04-30,2024-05-06,2024-07-30,-0.194468
000933,神火股份,2023,2024-03-26,2023年年度报告,http://www.cninfo.com.cn/new/disclosure/detail?stockCode=000933&announcementId=1219401996&orgId=gssz0000933&announcementTime=2024-03-26,2024-03-27,2024-06-27,0.055466
000936,华西股份,2023,2024-04-30,2023年年度报告,http://www.cninfo.com.cn/new/disclosure/detail?stockCode=000936&announcementId=1219903132&orgId=gssz0000936&announcementTime=2024-04-30,2024-05-06,2024-07-30,-0.281195
000937,冀中能源,2023,2024-04-13,2023年年度报告,http://www.cninfo.com.cn/new/disclosure/detail?stockCode=000937&announcementId=1219595642&orgId=gssz0000937&announcementTime=2024-04-13,2024-04-15,2024-07-12,-0.187789
000938,紫光股份,2023,2024-04-30,2023年年度报告,http://www.cninfo.com.cn/new/disclosure/detail?stockCode=000938&announcementId=1219912267&orgId=gssz0000938&announcementTime=2024-04-30,2024-05-06,2024-07-30,0.046192
000948,南天信息,2023,2024-04-13,2023年年度报告,http://www.cninfo.com.cn/new/disclosure/detail?stockCode=000948&announcementId=1219597500&orgId=gssz0000948&announcementTime=2024-04-13,2024-04-15,2024-07-12,-0.07332
000950,重药控股,2023,2024-04-27,2023年年度报告,http://www.cninfo.com.cn/new/disclosure/detail?stockCode=000950&announcementId=1219859394&orgId=gssz0000950&announcementTime=2024-04-27,2024-04-29,2024-07-26,-0.088095
000949,新乡化纤,2023,2024-03-26,2023年年度报告,http://www.cninfo.com.cn/new/disclosure/detail?stockCode=000949&announcementId=1219402810&orgId=gssz0000949&announcementTime=2024-03-26,2024-03-27,2024-06-27,0.164221
000952,广济药业,2023,2024-04-26,2023年年度报告,http://www.cninfo.com.cn/new/disclosure/detail?stockCode=000952&announcementId=1219821825&orgId=gssz0000952&announcementTime=2024-04-26,2024-04-29,2024-07-26,-0.115139
000951,中国重汽,2023,2024-03-26,2023年年度报告,http://www.cninfo.com.cn/new/disclosure/detail?stockCode=000951&announcementId=1219405632&orgId=gssz0000951&announcementTime=2024-03-26,2024-03-27,2024-06-27,-0.099885
000953,河化股份,2023,2024-04-26,2023年年度报告,http://www.cninfo.com.cn/new/disclosure/detail?stockCode=000953&announcementId=1219831391&orgId=gssz0000953&announcementTime=2024-04-26,2024-04-29,2024-07-26,-0.111111
000955,欣龙控股,2023,2024-04-30,2023年年度报告,http://www.cninfo.com.cn/new/disclosure/detail?stockCode=000955&announcementId=1219907948&orgId=gssz0000955&announcementTime=2024-04-30,2024-05-06,2024-07-30,-0.364305
000957,中通客车,2023,2024-03-26,2023年年度报告,http://www.cninfo.com.cn/new/disclosure/detail?stockCode=000957&announcementId=1219402342&orgId=gssz0000957&announcementTime=2024-03-26,2024-03-27,2024-06-27,0.16567
000958,电投产融,2023,2024-04-19,2023年年度报告,http://www.cninfo.com.cn/new/disclosure/detail?stockCode=000958&announcementId=1219666752&orgId=gssz0000958&announcementTime=2024-04-19,2024-04-22,2024-07-19,-0.067853
000960,锡业股份,2023,2024-04-12,2023年年度报告,http://www.cninfo.com.cn/new/disclosure/detail?stockCode=000960&announcementId=1219583671&orgId=gssz0000960&announcementTime=2024-04-12,2024-04-15,2024-07-12,-0.025619
000959,首钢股份,2023,2024-04-22,2023年年度报告,http://www.cninfo.com.cn/new/disclosure/detail?stockCode=000959&announcementId=1219695646&orgId=gssz0000959&announcementTime=2024-04-22,2024-04-23,2024-07-22,-0.144371
000963,华东医药,2023,2024-04-18,2023年年度报告,http://www.cninfo.com.cn/new/disclosure/detail?stockCode=000963&announcementId=1219652512&orgId=gssz0000963&announcementTime=2024-04-18,2024-04-19,2024-07-18,-0.069181
000962,东方钽业,2023,2024-04-02,2023年年度报告,http://www.cninfo.com.cn/new/disclosure/detail?stockCode=000962&announcementId=1219491566&orgId=gssz0000962&announcementTime=2024-04-02,2024-04-03,2024-07-04,-0.195217
000965,天保基建,2023,2024-03-29,2023年年度报告,http://www.cninfo.com.cn/new/disclosure/detail?stockCode=000965&announcementId=1219445524&orgId=gssz0000965&announcementTime=2024-03-29,2024-04-01,2024-07-02,-0.090487
000966,长源电力,2023,2024-04-26,2023年年度报告,http://www.cninfo.com.cn/new/disclosure/detail?stockCode=000966&announcementId=1219833867&orgId=gssz0000966&announcementTime=2024-04-26,2024-04-29,2024-07-26,-0.030699
000967,盈峰环境,2023,2024-04-29,2023年年度报告,http://www.cninfo.com.cn/new/disclosure/detail?stockCode=000967&announcementId=1219865599&orgId=gssz0000967&announcementTime=2024-04-29,2024-04-30,2024-07-29,-0.170567
000968,蓝焰控股,2023,2024-04-25,2023年年度报告,http://www.cninfo.com.cn/new/disclosure/detail?stockCode=000968&announcementId=1219793592&orgId=gssz0000968&announcementTime=2024-04-25,2024-04-26,2024-07-25,-0.120758
000969,安泰科技,2023,2024-04-29,2023年年度报告,http://www.cninfo.com.cn/new/disclosure/detail?stockCode=000969&announcementId=1219870020&orgId=gssz0000969&announcementTime=2024-04-29,2024-04-30,2024-07-29,-0.0763
000970,中科三环,2023,2024-03-28,2023年年度报告,http://www.cninfo.com.cn/new/disclosure/detail?stockCode=000970&announcementId=1219428693&orgId=gssz0000970&announcementTime=2024-03-28,2024-03-29,2024-07-01,-0.128252
000972,*ST中基,2023,2024-03-19,2023年年度报告,http://www.cninfo.com.cn/new/disclosure/detail?stockCode=000972&announcementId=1219330701&orgId=gssz0000972&announcementTime=2024-03-19,2024-03-20,2024-06-20,-0.383415
000973,佛塑科技,2023,2024-03-23,2023年年度报告,http://www.cninfo.com.cn/new/disclosure/detail?stockCode=000973&announcementId=1219390767&orgId=gssz0000973&announcementTime=2024-03-23,2024-03-25,2024-06-25,-0.098391
000975,山金国际,2023,2024-03-23,2023年年度报告,http://www.cninfo.com.cn/new/disclosure/detail?stockCode=000975&announcementId=1219390661&orgId=gssz0000975&announcementTime=2024-03-23,2024-03-25,2024-06-25,-0.002216
000978,桂林旅游,2023,2024-03-30,2023年年度报告,http://www.cninfo.com.cn/new/disclosure/detail?stockCode=000978&announcementId=1219462130&orgId=gssz0000978&announcementTime=2024-03-30,2024-04-01,2024-07-02,-0.142984
000980,众泰汽车,2023,2024-04-30,2023年年度报告,http://www.cninfo.com.cn/new/disclosure/detail?stockCode=000980&announcementId=1219924382&orgId=gssz0000980&announcementTime=2024-04-30,2024-05-06,2024-07-30,-0.323113
000981,山子高科,2023,2024-04-30,2023年年度报告,http://www.cninfo.com.cn/new/disclosure/detail?stockCode=000981&announcementId=1219924311&orgId=gssz0000981&announcementTime=2024-04-30,2024-05-06,2024-07-30,-0.327021
000983,山西焦煤,2023,2024-04-23,2023年年度报告,http://www.cninfo.com.cn/new/disclosure/detail?stockCode=000983&announcementId=1219740526&orgId=gssz0000983&announcementTime=2024-04-23,2024-04-24,2024-07-23,-0.139669
000985,大庆华科,2023,2024-04-27,2023年年度报告,http://www.cninfo.com.cn/new/disclosure/detail?stockCode=000985&announcementId=1219862560&orgId=gssz0000985&announcementTime=2024-04-27,2024-04-29,2024-07-26,-0.160504
000987,越秀资本,2023,2024-03-28,2023年年度报告,http://www.cninfo.com.cn/new/disclosure/detail?stockCode=000987&announcementId=1219429825&orgId=gssz0000987&announcementTime=2024-03-28,2024-03-29,2024-07-01,-0.069189
000988,华工科技,2023,2024-03-28,2023年年度报告,http://www.cninfo.com.cn/new/disclosure/detail?stockCode=000988&announcementId=1219428932&orgId=gssz0000988&announcementTime=2024-03-28,2024-03-29,2024-07-01,-0.035538
000989,九芝堂,2023,2024-04-25,2023年年度报告,http://www.cninfo.com.cn/new/disclosure/detail?stockCode=000989&announcementId=1219799625&orgId=gssz0000989&announcementTime=2024-04-25,2024-04-26,2024-07-25,-0.139847
000990,诚志股份,2023,2024-03-13,2023年年度报告,http://www.cninfo.com.cn/new/disclosure/detail?stockCode=000990&announcementId=1219297416&orgId=gssz0000990&announcementTime=2024-03-13,2024-03-14,2024-06-14,0.083225
000993,闽东电力,2023,2024-03-30,2023年年度报告,http://www.cninfo.com.cn/new/disclosure/detail?stockCode=000993&announcementId=1219465746&orgId=gssz0000993&announcementTime=2024-03-30,2024-04-01,2024-07-02,-0.028726
000995,皇台酒业,2023,2024-04-30,2023年年度报告,http://www.cninfo.com.cn/new/disclosure/detail?stockCode=000995&announcementId=1219924412&orgId=gssz0000995&announcementTime=2024-04-30,2024-05-06,2024-07-30,-0.259733
000997,新 大 陆,2023,2024-04-23,2023年年度报告,http://www.cninfo.com.cn/new/disclosure/detail?stockCode=000997&announcementId=1219737236&orgId=gssz0000997&announcementTime=2024-04-23,2024-04-24,2024-07-23,-0.278276
000998,隆平高科,2023,2024-04-29,2023年年度报告,http://www.cninfo.com.cn/new/disclosure/detail?stockCode=000998&announcementId=1219866222&orgId=gssz0000998&announcementTime=2024-04-29,2024-04-30,2024-07-29,-0.226085
000999,华润三九,2023,2024-03-23,2023年年度报告,http://www.cninfo.com.cn/new/disclosure/detail?stockCode=000999&announcementId=1219390439&orgId=gssz0000999&announcementTime=2024-03-23,2024-03-25,2024-06-25,0.04621
001201,东瑞股份,2023,2024-04-30,2023年年度报告,http://www.cninfo.com.cn/new/disclosure/detail?stockCode=001201&announcementId=1219910083&orgId=9900036405&announcementTime=2024-04-30,2024-05-06,2024-07-30,-0.244531
001202,炬申股份,2023,2024-04-19,2023年年度报告,http://www.cninfo.com.cn/new/disclosure/detail?stockCode=001202&announcementId=1219663458&orgId=gfbj0839749&announcementTime=2024-04-19,2024-04-22,2024-07-19,-0.103721
001203,大中矿业,2023,2024-03-19,2023年年度报告,http://www.cninfo.com.cn/new/disclosure/detail?stockCode=001203&announcementId=1219330801&orgId=9900023231&announcementTime=2024-03-19,2024-03-20,2024-06-20,0.016716
001206,依依股份,2023,2024-04-26,2023年年度报告,http://www.cninfo.com.cn/new/disclosure/detail?stockCode=001206&announcementId=1219824233&orgId=gfbj0870245&announcementTime=2024-04-26,2024-04-29,2024-07-26,-0.040273
001205,盛航股份,2023,2024-04-26,2023年年度报告,http://www.cninfo.com.cn/new/disclosure/detail?stockCode=001205&announcementId=1219826979&orgId=gfbj0832659&announcementTime=2024-04-26,2024-04-29,2024-07-26,-0.090034
001208,华菱线缆,2023,2024-03-30,2023年年度报告,http://www.cninfo.com.cn/new/disclosure/detail?stockCode=001208&announcementId=1219472728&orgId=9900023198&announcementTime=2024-03-30,2024-04-01,2024-07-02,-0.00984
001207,联科科技,2023,2024-03-08,2023年年度报告,http://www.cninfo.com.cn/new/disclosure/detail?stockCode=001207&announcementId=1219255566&orgId=9900041710&announcementTime=2024-03-08,2024-03-11,2024-06-11,0.144468
001209,洪兴股份,2023,2024-04-26,2023年年度报告,http://www.cninfo.com.cn/new/disclosure/detail?stockCode=001209&announcementId=1219817692&orgId=9900041427&announcementTime=2024-04-26,2024-04-29,2024-07-26,-0.129423
001210,金房能源,2023,2024-04-29,2023年年度报告,http://www.cninfo.com.cn/new/disclosure/detail?stockCode=001210&announcementId=1219854794&orgId=9900035875&announcementTime=2024-04-29,2024-04-30,2024-07-29,-0.074185
001211,双枪科技,2023,2024-04-26,2023年年度报告,http://www.cninfo.com.cn/new/disclosure/detail?stockCode=001211&announcementId=1219832980&orgId=9900041883&announcementTime=2024-04-26,2024-04-29,2024-07-26,-0.162426
001212,中旗新材,2023,2024-04-19,2023年年度报告,http://www.cninfo.com.cn/new/disclosure/detail?stockCode=001212&announcementId=1219671325&orgId=nssc1000239&announcementTime=2024-04-19,2024-04-22,2024-07-19,-0.1971
001213,中铁特货,2023,2024-04-26,2023年年度报告,http://www.cninfo.com.cn/new/disclosure/detail?stockCode=001213&announcementId=1219814984&orgId=nssc1000059&announcementTime=2024-04-26,2024-04-29,2024-07-26,-0.025761
001215,千味央厨,2023,2024-04-27,2023年年度报告,http://www.cninfo.com.cn/new/disclosure/detail?stockCode=001215&announcementId=1219873455&orgId=9900041525&announcementTime=2024-04-27,2024-04-29,2024-07-26,-0.304443
001216,华瓷股份,2023,2024-03-29,2023年年度报告,http://www.cninfo.com.cn/new/disclosure/detail?stockCode=001216&announcementId=1219440192&orgId=9900023696&announcementTime=2024-03-29,2024-04-01,2024-07-02,-0.158131
001217,华尔泰,2023,2024-04-18,2023年年度报告,http://www.cninfo.com.cn/new/disclosure/detail?stockCode=001217&announcementId=1219652089&orgId=9900041548&announcementTime=2024-04-18,2024-04-19,2024-07-18,-0.061955
001218,丽臣实业,2023,2024-04-16,2023年年度报告,http://www.cninfo.com.cn/new/disclosure/detail?stockCode=001218&announcementId=1219621264&orgId=9900024906&announcementTime=2024-04-16,2024-04-17,2024-07-16,-0.056876
001219,青岛食品,2023,2024-04-10,2023年年度报告,http://www.cninfo.com.cn/new/disclosure/detail?stockCode=001219&announcementId=1219552669&orgId=gfbj0872387&announcementTime=2024-04-10,2024-04-11,2024-07-10,-0.143914
001222,源飞宠物,2023,2024-04-29,2023年年度报告,http://www.cninfo.com.cn/new/disclosure/detail?stockCode=001222&announcementId=1219864285&orgId=9900052564&announcementTime=2024-04-29,2024-04-30,2024-07-29,-0.164725
001223,欧克科技,2023,2024-04-12,2023年年度报告,http://www.cninfo.com.cn/new/disclosure/detail?stockCode=001223&announcementId=1219582452&orgId=9900048037&announcementTime=2024-04-12,2024-04-15,2024-07-12,-0.100434
001225,和泰机电,2023,2024-02-22,2023年年度报告,http://www.cninfo.com.cn/new/disclosure/detail?stockCode=001225&announcementId=1219147790&orgId=9900048366&announcementTime=2024-02-22,2024-02-23,2024-05-24,-0.074412
001226,拓山重工,2023,2024-04-18,2023年年度报告,http://www.cninfo.com.cn/new/disclosure/detail?stockCode=001226&announcementId=1219649880&orgId=9900052656&announcementTime=2024-04-18,2024-04-19,2024-07-18,-0.306642
001227,兰州银行,2023,2024-04-27,2023年年度报告,http://www.cninfo.com.cn/new/disclosure/detail?stockCode=001227&announcementId=1219866120&orgId=9900021964&announcementTime=2024-04-27,2024-04-29,2024-07-26,-0.078067
001228,永泰运,2023,2024-04-10,2023年年度报告,http://www.cninfo.com.cn/new/disclosure/detail?stockCode=001228&announcementId=1219552947&orgId=nssc1000083&announcementTime=2024-04-10,2024-04-11,2024-07-10,-0.208201
001229,魅视科技,2023,2024-04-29,2023年年度报告,http://www.cninfo.com.cn/new/disclosure/detail?stockCode=001229&announcementId=1219870471&orgId=9900047621&announcementTime=2024-04-29,2024-04-30,2024-07-29,-0.175646
001230,劲旅环境,2023,2024-04-26,2023年年度报告,http://www.cninfo.com.cn/new/disclosure/detail?stockCode=001230&announcementId=1219820401&orgId=nssc1000600&announcementTime=2024-04-26,2024-04-29,2024-07-26,0.028914
001231,农心科技,2023,2024-04-26,2023年年度报告,http://www.cninfo.com.cn/new/disclosure/detail?stockCode=001231&announcementId=1219825747&orgId=9900047224&announcementTime=2024-04-26,2024-04-29,2024-07-26,-0.141948
001234,泰慕士,2023,2024-04-26,2023年年度报告,http://www.cninfo.com.cn/new/disclosure/detail?stockCode=001234&announcementId=1219821517&orgId=9900046655&announcementTime=2024-04-26,2024-04-29,2024-07-26,-0.078167
001236,弘业期货,2023,2024-03-29,2023年年度报告,http://www.cninfo.com.cn/new/disclosure/detail?stockCode=001236&announcementId=1219445292&orgId=9900031747&announcementTime=2024-03-29,2024-04-01,2024-07-02,-0.301493
001238,浙江正特,2023,2024-04-30,2023年年度报告,http://www.cninfo.com.cn/new/disclosure/detail?stockCode=001238&announcementId=1219903194&orgId=9900033230&announcementTime=2024-04-30,2024-05-06,2024-07-30,-0.083791
001239,永达股份,2023,2024-04-29,2023年年度报告,http://www.cninfo.com.cn/new/disclosure/detail?stockCode=001239&announcementId=1219860433&orgId=9900054494&announcementTime=2024-04-29,2024-04-30,2024-07-29,-0.110333
001255,博菲电气,2023,2024-04-25,2023年年度报告,http://www.cninfo.com.cn/new/disclosure/detail?stockCode=001255&announcementId=1219800185&orgId=9900052533&announcementTime=2024-04-25,2024-04-26,2024-07-25,-0.154656
001256,炜冈科技,2023,2024-04-29,2023年年度报告,http://www.cninfo.com.cn/new/disclosure/detail?stockCode=001256&announcementId=1219868224&orgId=9900053246&announcementTime=2024-04-29,2024-04-30,2024-07-29,-0.108537
001258,立新能源,2023,2024-03-16,2023年年度报告,http://www.cninfo.com.cn/new/disclosure/detail?stockCode=001258&announcementId=1219312947&orgId=9900046967&announcementTime=2024-03-16,2024-03-18,2024-06-18,-0.063187
001259,利仁科技,2023,2024-04-27,2023年年度报告,http://www.cninfo.com.cn/new/disclosure/detail?stockCode=001259&announcementId=1219865897&orgId=gfbj0838907&announcementTime=2024-04-27,2024-04-29,2024-07-26,-0.058086
001260,坤泰股份,2023,2024-04-27,2023年年度报告,http://www.cninfo.com.cn/new/disclosure/detail?stockCode=001260&announcementId=1219853473&orgId=9900046979&announcementTime=2024-04-27,2024-04-29,2024-07-26,-0.142767
001266,宏英智能,2023,2024-04-29,2023年年度报告,http://www.cninfo.com.cn/new/disclosure/detail?stockCode=001266&announcementId=1219871201&orgId=9900048786&announcementTime=2024-04-29,2024-04-30,2024-07-29,-0.101366
001267,汇绿生态,2023,2024-04-27,2023年年度报告,http://www.cninfo.com.cn/new/disclosure/detail?stockCode=001267&announcementId=1219867859&orgId=gssz0000765&announcementTime=2024-04-27,2024-04-29,2024-07-26,0.475676
001268,联合精密,2023,2024-04-26,2023年年度报告,http://www.cninfo.com.cn/new/disclosure/detail?stockCode=001268&announcementId=1219829502&orgId=nssc1000056&announcementTime=2024-04-26,2024-04-29,2024-07-26,-0.099345
001269,欧晶科技,2023,2024-04-27,2023年年度报告,http://www.cninfo.com.cn/new/disclosure/detail?stockCode=001269&announcementId=1219860768&orgId=gfbj0836724&announcementTime=2024-04-27,2024-04-29,2024-07-26,-0.291637
001270,*ST铖昌,2023,2024-03-30,2023年年度报告,http://www.cninfo.com.cn/new/disclosure/detail?stockCode=001270&announcementId=1219472041&orgId=9900052541&announcementTime=2024-03-30,2024-04-01,2024-07-02,-0.19523
001278,一彬科技,2023,2024-04-26,2023年年度报告,http://www.cninfo.com.cn/new/disclosure/detail?stockCode=001278&announcementId=1219826785&orgId=gfbj0871976&announcementTime=2024-04-26,2024-04-29,2024-07-26,-0.190371
001282,三联锻造,2023,2024-04-26,2023年年度报告,http://www.cninfo.com.cn/new/disclosure/detail?stockCode=001282&announcementId=1219816722&orgId=9900048170&announcementTime=2024-04-26,2024-04-29,2024-07-26,-0.14653
001283,豪鹏科技,2023,2024-04-27,2023年年度报告,http://www.cninfo.com.cn/new/disclosure/detail?stockCode=001283&announcementId=1219863546&orgId=9900048773&announcementTime=2024-04-27,2024-04-29,2024-07-26,-0.015147
001286,陕西能源,2023,2024-04-26,2023年年度报告,http://www.cninfo.com.cn/new/disclosure/detail?stockCode=001286&announcementId=1219831959&orgId=9900048369&announcementTime=2024-04-26,2024-04-29,2024-07-26,0.088847
001287,中电港,2023,2024-04-26,2023年年度报告,http://www.cninfo.com.cn/new/disclosure/detail?stockCode=001287&announcementId=1219815851&orgId=9900054451&announcementTime=2024-04-26,2024-04-29,2024-07-26,-0.169677
001288,运机集团,2023,2024-03-30,2023年年度报告,http://www.cninfo.com.cn/new/disclosure/detail?stockCode=001288&announcementId=1219463615&orgId=9900041838&announcementTime=2024-03-30,2024-04-01,2024-07-02,0.365421
001289,龙源电力,2023,2024-03-28,2023年年度报告,http://www.cninfo.com.cn/new/disclosure/detail?stockCode=001289&announcementId=1219426737&orgId=9900009768&announcementTime=2024-03-28,2024-03-29,2024-07-01,-0.031066
001296,长江材料,2023,2024-04-20,2023年年度报告,http://www.cninfo.com.cn/new/disclosure/detail?stockCode=001296&announcementId=1219694438&orgId=gfbj0833138&announcementTime=2024-04-20,2024-04-22,2024-07-19,-0.084661
001298,好上好,2023,2024-04-26,2023年年度报告,http://www.cninfo.com.cn/new/disclosure/detail?stockCode=001298&announcementId=1219829949&orgId=9900047340&announcementTime=2024-04-26,2024-04-29,2024-07-26,0.239445
001299,美能能源,2023,2024-04-25,2023年年度报告,http://www.cninfo.com.cn/new/disclosure/detail?stockCode=001299&announcementId=1219793101&orgId=gfbj0838794&announcementTime=2024-04-25,2024-04-26,2024-07-25,-0.06449
001300,三柏硕,2023,2024-04-27,2023年年度报告,http://www.cninfo.com.cn/new/disclosure/detail?stockCode=001300&announcementId=1219864090&orgId=9900048101&announcementTime=2024-04-27,2024-04-29,2024-07-26,-0.1464
001301,尚太科技,2023,2024-04-25,2023年年度报告,http://www.cninfo.com.cn/new/disclosure/detail?stockCode=001301&announcementId=1219801986&orgId=9900047767&announcementTime=2024-04-25,2024-04-26,2024-07-25,0.151404
001308,康冠科技,2023,2024-04-10,2023年年度报告,http://www.cninfo.com.cn/new/disclosure/detail?stockCode=001308&announcementId=1219553613&orgId=nssc1000504&announcementTime=2024-04-10,2024-04-11,2024-07-10,-0.158495
001306,夏厦精密,2023,2024-04-19,2023年年度报告,http://www.cninfo.com.cn/new/disclosure/detail?stockCode=001306&announcementId=1219667709&orgId=9900047779&announcementTime=2024-04-19,2024-04-22,2024-07-19,-0.103047
001309,德明利,2023,2024-02-27,2023年年度报告,http://www.cninfo.com.cn/new/disclosure/detail?stockCode=001309&announcementId=1219187780&orgId=nssc1000644&announcementTime=2024-02-27,2024-02-28,2024-05-29,0.246993
001311,多利科技,2023,2024-04-19,2023年年度报告,http://www.cninfo.com.cn/new/disclosure/detail?stockCode=001311&announcementId=1219666968&orgId=9900052515&announcementTime=2024-04-19,2024-04-22,2024-07-19,-0.083352
001313,粤海饲料,2023,2024-04-29,2023年年度报告,http://www.cninfo.com.cn/new/disclosure/detail?stockCode=001313&announcementId=1219863784&orgId=9900038396&announcementTime=2024-04-29,2024-04-30,2024-07-29,-0.23348
001314,亿道信息,2023,2024-04-29,2023年年度报告,http://www.cninfo.com.cn/new/disclosure/detail?stockCode=001314&announcementId=1219867758&orgId=gfbj0837171&announcementTime=2024-04-29,2024-04-30,2024-07-29,-0.148557
001316,润贝航科,2023,2024-04-12,2023年年度报告,http://www.cninfo.com.cn/new/disclosure/detail?stockCode=001316&announcementId=1219582664&orgId=9900048764&announcementTime=2024-04-12,2024-04-15,2024-07-12,0.012594
001317,三羊马,2023,2024-04-27,2023年年度报告,http://www.cninfo.com.cn/new/disclosure/detail?stockCode=001317&announcementId=1219870634&orgId=gfbj0838107&announcementTime=2024-04-27,2024-04-29,2024-07-26,-0.122479
001318,阳光乳业,2023,2024-04-20,2023年年度报告,http://www.cninfo.com.cn/new/disclosure/detail?stockCode=001318&announcementId=1219690856&orgId=9900041625&announcementTime=2024-04-20,2024-04-22,2024-07-19,-0.045704
001319,铭科精技,2023,2024-04-26,2023年年度报告,http://www.cninfo.com.cn/new/disclosure/detail?stockCode=001319&announcementId=1219825517&orgId=9900047223&announcementTime=2024-04-26,2024-04-29,2024-07-26,-0.151819
001322,箭牌家居,2023,2024-04-20,2023年年度报告,http://www.cninfo.com.cn/new/disclosure/detail?stockCode=001322&announcementId=1219694626&orgId=9900047305&announcementTime=2024-04-20,2024-04-22,2024-07-19,-0.172374
001323,慕思股份,2023,2024-04-27,2023年年度报告,http://www.cninfo.com.cn/new/disclosure/detail?stockCode=001323&announcementId=1219872703&orgId=9900046964&announcementTime=2024-04-27,2024-04-29,2024-07-26,-0.101027
001324,长青科技,2023,2024-04-29,2023年年度报告,http://www.cninfo.com.cn/new/disclosure/detail?stockCode=001324&announcementId=1219869811&orgId=9900048581&announcementTime=2024-04-29,2024-04-30,2024-07-29,-0.172858
001326,联域股份,2023,2024-04-17,2023年年度报告,http://www.cninfo.com.cn/new/disclosure/detail?stockCode=001326&announcementId=1219635872&orgId=9900055651&announcementTime=2024-04-17,2024-04-18,2024-07-17,-0.027684
001328,登康口腔,2023,2024-04-27,2023年年度报告,http://www.cninfo.com.cn/new/disclosure/detail?stockCode=001328&announcementId=1219859045&orgId=GD081685&announcementTime=2024-04-27,2024-04-29,2024-07-26,0.152193
001330,博纳影业,2023,2024-04-30,2023年年度报告,http://www.cninfo.com.cn/new/disclosure/detail?stockCode=001330&announcementId=1219927822&orgId=9900036065&announcementTime=2024-04-30,2024-05-06,2024-07-30,-0.404402
001331,胜通能源,2023,2024-04-29,2023年年度报告,http://www.cninfo.com.cn/new/disclosure/detail?stockCode=001331&announcementId=1219853541&orgId=9900047217&announcementTime=2024-04-29,2024-04-30,2024-07-29,-0.025013
001332,锡装股份,2023,2024-04-18,2023年年度报告,http://www.cninfo.com.cn/new/disclosure/detail?stockCode=001332&announcementId=1219649091&orgId=9900031494&announcementTime=2024-04-18,2024-04-19,2024-07-18,-0.159482
001333,光华股份,2023,2024-04-25,2023年年度报告,http://www.cninfo.com.cn/new/disclosure/detail?stockCode=001333&announcementId=1219796840&orgId=nssc1000548&announcementTime=2024-04-25,2024-04-26,2024-07-25,-0.058619
001336,楚环科技,2023,2024-04-27,2023年年度报告,http://www.cninfo.com.cn/new/disclosure/detail?stockCode=001336&announcementId=1219856226&orgId=9900052524&announcementTime=2024-04-27,2024-04-29,2024-07-26,-0.178299
001337,四川黄金,2023,2024-03-30,2023年年度报告,http://www.cninfo.com.cn/new/disclosure/detail?stockCode=001337&announcementId=1219466712&orgId=9900051539&announcementTime=2024-03-30,2024-04-01,2024-07-02,-0.154122
001338,永顺泰,2023,2024-04-19,2023年年度报告,http://www.cninfo.com.cn/new/disclosure/detail?stockCode=001338&announcementId=1219681153&orgId=9900048070&announcementTime=2024-04-19,2024-04-22,2024-07-19,-0.011976
001339,智微智能,2023,2024-04-26,2023年年度报告,http://www.cninfo.com.cn/new/disclosure/detail?stockCode=001339&announcementId=1219828554&orgId=9900049006&announcementTime=2024-04-26,2024-04-29,2024-07-26,-0.010768
001358,兴欣新材,2023,2024-03-26,2023年年度报告,http://www.cninfo.com.cn/new/disclosure/detail?stockCode=001358&announcementId=1219400845&orgId=9900039470&announcementTime=2024-03-26,2024-03-27,2024-06-27,-0.245073
001359,平安电工,2023,2024-04-25,2023年年度报告,http://www.cninfo.com.cn/new/disclosure/detail?stockCode=001359&announcementId=1219799840&orgId=9900056197&announcementTime=2024-04-25,2024-04-26,2024-07-25,-0.206312
001360,南矿集团,2023,2024-04-19,2023年年度报告,http://www.cninfo.com.cn/new/disclosure/detail?stockCode=001360&announcementId=1219665771&orgId=9900055633&announcementTime=2024-04-19,2024-04-22,2024-07-19,-0.028818
001366,播恩集团,2023,2024-04-29,2023年年度报告,http://www.cninfo.com.cn/new/disclosure/detail?stockCode=001366&announcementId=1219862753&orgId=nssc1000728&announcementTime=2024-04-29,2024-04-30,2024-07-29,-0.162569
001367,海森药业,2023,2024-04-23,2023年年度报告,http://www.cninfo.com.cn/new/disclosure/detail?stockCode=001367&announcementId=1219737821&orgId=9900052535&announcementTime=2024-04-23,2024-04-24,2024-07-23,-0.008636
001368,通达创智,2023,2024-03-28,2023年年度报告,http://www.cninfo.com.cn/new/disclosure/detail?stockCode=001368&announcementId=1219427907&orgId=9900046506&announcementTime=2024-03-28,2024-03-29,2024-07-01,-0.051199
001373,翔腾新材,2023,2024-04-25,2023年年度报告,http://www.cninfo.com.cn/new/disclosure/detail?stockCode=001373&announcementId=1219794392&orgId=9900051389&announcementTime=2024-04-25,2024-04-26,2024-07-25,-0.175524
001376,百通能源,2023,2024-03-15,2023年年度报告,http://www.cninfo.com.cn/new/disclosure/detail?stockCode=001376&announcementId=1219307667&orgId=gfbj0835359&announcementTime=2024-03-15,2024-03-18,2024-06-18,0.155793
001378,德冠新材,2023,2024-04-25,2023年年度报告,http://www.cninfo.com.cn/new/disclosure/detail?stockCode=001378&announcementId=1219792871&orgId=9900023839&announcementTime=2024-04-25,2024-04-26,2024-07-25,-0.068864
001379,腾达科技,2023,2024-04-19,2023年年度报告,http://www.cninfo.com.cn/new/disclosure/detail?stockCode=001379&announcementId=1219668899&orgId=9900048085&announcementTime=2024-04-19,2024-04-22,2024-07-19,-0.171763
001380,华纬科技,2023,2024-04-09,2023年年度报告,http://www.cninfo.com.cn/new/disclosure/detail?stockCode=001380&announcementId=1219539904&orgId=9900041935&announcementTime=2024-04-09,2024-04-10,2024-07-09,-0.126863
001387,雪祺电气,2023,2024-04-25,2023年年度报告,http://www.cninfo.com.cn/new/disclosure/detail?stockCode=001387&announcementId=1219800290&orgId=9900056877&announcementTime=2024-04-25,2024-04-26,2024-07-25,-0.274011
001389,广合科技,2023,2024-04-29,2023年年度报告,http://www.cninfo.com.cn/new/disclosure/detail?stockCode=001389&announcementId=1219873939&orgId=9900046622&announcementTime=2024-04-29,2024-04-30,2024-07-29,-0.209919
001696,宗申动力,2023,2024-03-30,2023年年度报告,http://www.cninfo.com.cn/new/disclosure/detail?stockCode=001696&announcementId=1219467524&orgId=gssz0001696&announcementTime=2024-03-30,2024-04-01,2024-07-02,0.289963
001896,豫能控股,2023,2024-04-25,2023年年度报告,http://www.cninfo.com.cn/new/disclosure/detail?stockCode=001896&announcementId=1219802509&orgId=gssz0001896&announcementTime=2024-04-25,2024-04-26,2024-07-25,-0.091727
001872,招商港口,2023,2024-04-02,2023年年度报告,http://www.cninfo.com.cn/new/disclosure/detail?stockCode=001872&announcementId=1219493771&orgId=gssz0000022&announcementTime=2024-04-02,2024-04-03,2024-07-04,0.163944
001914,招商积余,2023,2024-03-16,2023年年度报告,http://www.cninfo.com.cn/new/disclosure/detail?stockCode=001914&announcementId=1219313125&orgId=gssz0000043&announcementTime=2024-03-16,2024-03-18,2024-06-18,-0.04122
001965,招商公路,2023,2024-04-03,2023年年度报告,http://www.cninfo.com.cn/new/disclosure/detail?stockCode=001965&announcementId=1219505605&orgId=GD008065&announcementTime=2024-04-03,2024-04-08,2024-07-05,0.073135
001979,招商蛇口,2023,2024-03-19,2023年年度报告,http://www.cninfo.com.cn/new/disclosure/detail?stockCode=001979&announcementId=1219330022&orgId=GD014107&announcementTime=2024-03-19,2024-03-20,2024-06-20,-0.04042
002001,新 和 成,2023,2024-04-23,2023年年度报告,http://www.cninfo.com.cn/new/disclosure/detail?stockCode=002001&announcementId=1219748174&orgId=gssz0002001&announcementTime=2024-04-23,2024-04-24,2024-07-23,0.157875
002004,华邦健康,2023,2024-04-27,2023年年度报告,http://www.cninfo.com.cn/new/disclosure/detail?stockCode=002004&announcementId=1219858669&orgId=gssz0002004&announcementTime=2024-04-27,2024-04-29,2024-07-26,-0.111752
002003,伟星股份,2023,2024-04-18,2023年年度报告,http://www.cninfo.com.cn/new/disclosure/detail?stockCode=002003&announcementId=1219651995&orgId=gssz0002003&announcementTime=2024-04-18,2024-04-19,2024-07-18,0.099324
002005,ST德豪,2023,2024-04-27,2023年年度报告,http://www.cninfo.com.cn/new/disclosure/detail?stockCode=002005&announcementId=1219873062&orgId=gssz0002005&announcementTime=2024-04-27,2024-04-29,2024-07-26,0.114108
002006,精工科技,2023,2024-04-25,2023年年度报告,http://www.cninfo.com.cn/new/disclosure/detail?stockCode=002006&announcementId=1219787497&orgId=gssz0002006&announcementTime=2024-04-25,2024-04-26,2024-07-25,-0.041412
002007,华兰生物,2023,2024-03-30,2023年年度报告,http://www.cninfo.com.cn/new/disclosure/detail?stockCode=002007&announcementId=1219464618&orgId=gssz0002007&announcementTime=2024-03-30,2024-04-01,2024-07-02,-0.228718
002008,大族激光,2023,2024-04-18,2023年年度报告,http://www.cninfo.com.cn/new/disclosure/detail?stockCode=002008&announcementId=1219653141&orgId=gssz0002008&announcementTime=2024-04-18,2024-04-19,2024-07-18,0.182605
002010,传化智联,2023,2024-04-23,2023年年度报告,http://www.cninfo.com.cn/new/disclosure/detail?stockCode=002010&announcementId=1219739992&orgId=gssz0002010&announcementTime=2024-04-23,2024-04-24,2024-07-23,-0.0901
002009,天奇股份,2023,2024-04-26,2023年年度报告,http://www.cninfo.com.cn/new/disclosure/detail?stockCode=002009&announcementId=1219828704&orgId=gssz0002009&announcementTime=2024-04-26,2024-04-29,2024-07-26,-0.286719
002011,盾安环境,2023,2024-04-19,2023年年度报告,http://www.cninfo.com.cn/new/disclosure/detail?stockCode=002011&announcementId=1219666793&orgId=gssz0002011&announcementTime=2024-04-19,2024-04-22,2024-07-19,-0.036562
002012,凯恩股份,2023,2024-03-28,2023年年度报告,http://www.cninfo.com.cn/new/disclosure/detail?stockCode=002012&announcementId=1219430037&orgId=gssz0002012&announcementTime=2024-03-28,2024-03-29,2024-07-01,-0.311281
002014,永新股份,2023,2024-02-29,2023年年度报告,http://www.cninfo.com.cn/new/disclosure/detail?stockCode=002014&announcementId=1219210285&orgId=gssz0002014&announcementTime=2024-02-29,2024-03-01,2024-05-31,0.130546
002015,协鑫能科,2023,2024-04-26,2023年年度报告,http://www.cninfo.com.cn/new/disclosure/detail?stockCode=002015&announcementId=1219830956&orgId=gssz0002015&announcementTime=2024-04-26,2024-04-29,2024-07-26,-0.160413
002016,世荣兆业,2023,2024-04-30,2023年年度报告,http://www.cninfo.com.cn/new/disclosure/detail?stockCode=002016&announcementId=1219919569&orgId=gssz0002016&announcementTime=2024-04-30,2024-05-06,2024-07-30,0.120423
002017,东信和平,2023,2024-04-20,2023年年度报告,http://www.cninfo.com.cn/new/disclosure/detail?stockCode=002017&announcementId=1219701427&orgId=gssz0002017&announcementTime=2024-04-20,2024-04-22,2024-07-19,-0.085516
002019,亿帆医药,2023,2024-04-20,2023年年度报告,http://www.cninfo.com.cn/new/disclosure/detail?stockCode=002019&announcementId=1219698398&orgId=gssz0002019&announcementTime=2024-04-20,2024-04-22,2024-07-19,0.112103
002020,京新药业,2023,2024-03-30,2023年年度报告,http://www.cninfo.com.cn/new/disclosure/detail?stockCode=002020&announcementId=1219464062&orgId=gssz0002020&announcementTime=2024-03-30,2024-04-01,2024-07-02,0.010441
002021,中捷资源,2023,2024-04-27,2023年年度报告,http://www.cninfo.com.cn/new/disclosure/detail?stockCode=002021&announcementId=1219871052&orgId=gssz0002021&announcementTime=2024-04-27,2024-04-29,2024-07-29,-0.153034
002022,科华生物,2023,2024-03-23,2023年年度报告,http://www.cninfo.com.cn/new/disclosure/detail?stockCode=002022&announcementId=1219387575&orgId=gssz0002022&announcementTime=2024-03-23,2024-03-25,2024-06-25,-0.333726
002023,海特高新,2023,2024-04-25,2023年年度报告,http://www.cninfo.com.cn/new/disclosure/detail?stockCode=002023&announcementId=1219798277&orgId=gssz0002023&announcementTime=2024-04-25,2024-04-26,2024-07-25,-0.252969
002024,ST易购,2023,2024-03-30,2023年年度报告,http://www.cninfo.com.cn/new/disclosure/detail?stockCode=002024&announcementId=1219473986&orgId=gssz0002024&announcementTime=2024-03-30,2024-04-01,2024-07-02,-0.188643
002025,航天电器,2023,2024-03-30,2023年年度报告,http://www.cninfo.com.cn/new/disclosure/detail?stockCode=002025&announcementId=1219465453&orgId=gssz0002025&announcementTime=2024-03-30,2024-04-01,2024-07-02,0.162925
002026,山东威达,2023,2024-04-23,2023年年度报告,http://www.cninfo.com.cn/new/disclosure/detail?stockCode=002026&announcementId=1219736888&orgId=gssz0002026&announcementTime=2024-04-23,2024-04-24,2024-07-23,-0.018904
002027,分众传媒,2023,2024-04-30,2023年年度报告,http://www.cninfo.com.cn/new/disclosure/detail?stockCode=002027&announcementId=1219912683&orgId=gssz0002027&announcementTime=2024-04-30,2024-05-06,2024-07-30,-0.095288
002029,七 匹 狼,2023,2024-04-03,2023年年度报告,http://www.cninfo.com.cn/new/disclosure/detail?stockCode=002029&announcementId=1219502911&orgId=gssz0002029&announcementTime=2024-04-03,2024-04-08,2024-07-05,-0.096769
002028,思源电气,2023,2024-04-20,2023年年度报告,http://www.cninfo.com.cn/new/disclosure/detail?stockCode=002028&announcementId=1219702367&orgId=gssz0002028&announcementTime=2024-04-20,2024-04-22,2024-07-19,-0.042385
002030,达安基因,2023,2024-03-30,2023年年度报告,http://www.cninfo.com.cn/new/disclosure/detail?stockCode=002030&announcementId=1219464912&orgId=gssz0002030&announcementTime=2024-03-30,2024-04-01,2024-07-02,-0.381948
002031,巨轮智能,2023,2024-04-30,2023年年度报告,http://www.cninfo.com.cn/new/disclosure/detail?stockCode=002031&announcementId=1219914715&orgId=gssz0002031&announcementTime=2024-04-30,2024-05-06,2024-07-30,-0.255346
002032,苏 泊 尔,2023,2024-03-30,2023年年度报告,http://www.cninfo.com.cn/new/disclosure/detail?stockCode=002032&announcementId=1219462976&orgId=gssz0002032&announcementTime=2024-03-30,2024-04-01,2024-07-02,-0.11628
002033,丽江股份,2023,2024-03-12,2023年年度报告,http://www.cninfo.com.cn/new/disclosure/detail?stockCode=002033&announcementId=1219285532&orgId=gssz0002033&announcementTime=2024-03-12,2024-03-13,2024-06-13,-0.039037
002034,旺能环境,2023,2024-04-27,2023年年度报告,http://www.cninfo.com.cn/new/disclosure/detail?stockCode=002034&announcementId=1219863126&orgId=gssz0002034&announcementTime=2024-04-27,2024-04-29,2024-07-26,-0.077999
002035,华帝股份,2023,2024-04-26,2023年年度报告,http://www.cninfo.com.cn/new/disclosure/detail?stockCode=002035&announcementId=1219829454&orgId=gssz0002035&announcementTime=2024-04-26,2024-04-29,2024-07-26,-0.075501
002036,联创电子,2023,2024-04-30,2023年年度报告,http://www.cninfo.com.cn/new/disclosure/detail?stockCode=002036&announcementId=1219915025&orgId=gssz0002036&announcementTime=2024-04-30,2024-05-06,2024-07-30,-0.141919
002037,保利联合,2023,2024-04-29,2023年年度报告,http://www.cninfo.com.cn/new/disclosure/detail?stockCode=002037&announcementId=1219873236&orgId=gssz0002037&announcementTime=2024-04-29,2024-04-30,2024-07-29,0.026415
002038,双鹭药业,2023,2024-04-24,2023年年度报告,http://www.cninfo.com.cn/new/disclosure/detail?stockCode=002038&announcementId=1219768559&orgId=gssz0002038&announcementTime=2024-04-24,2024-04-25,2024-07-24,-0.117747
002039,黔源电力,2023,2024-03-30,2023年年度报告,http://www.cninfo.com.cn/new/disclosure/detail?stockCode=002039&announcementId=1219462913&orgId=gssz0002039&announcementTime=2024-03-30,2024-04-01,2024-07-02,0.198096
002040,南 京 港,2023,2024-04-27,2023年年度报告,http://www.cninfo.com.cn/new/disclosure/detail?stockCode=002040&announcementId=1219863046&orgId=gssz0002040&announcementTime=2024-04-27,2024-04-29,2024-07-26,-0.086262
002041,登海种业,2023,2024-04-23,2023年年度报告,http://www.cninfo.com.cn/new/disclosure/detail?stockCode=002041&announcementId=1219737119&orgId=gssz0002041&announcementTime=2024-04-23,2024-04-24,2024-07-23,-0.155898
002042,华孚时尚,2023,2024-04-27,2023年年度报告,http://www.cninfo.com.cn/new/disclosure/detail?stockCode=002042&announcementId=1219873788&orgId=gssz0002042&announcementTime=2024-04-27,2024-04-29,2024-07-26,-0.288654
002043,兔 宝 宝,2023,2024-04-25,2023年年度报告,http://www.cninfo.com.cn/new/disclosure/detail?stockCode=002043&announcementId=1219787391&orgId=gssz0002043&announcementTime=2024-04-25,2024-04-26,2024-07-25,-0.112555
002044,美年健康,2023,2024-04-25,2023年年度报告,http://www.cninfo.com.cn/new/disclosure/detail?stockCode=002044&announcementId=1219795750&orgId=gssz0002044&announcementTime=2024-04-25,2024-04-26,2024-07-25,-0.250841
002046,国机精工,2023,2024-04-13,2023年年度报告,http://www.cninfo.com.cn/new/disclosure/detail?stockCode=002046&announcementId=1219595984&orgId=gssz0002046&announcementTime=2024-04-13,2024-04-15,2024-07-12,0.009792
002045,国光电器,2023,2024-04-16,2023年年度报告,http://www.cninfo.com.cn/new/disclosure/detail?stockCode=002045&announcementId=1219622548&orgId=gssz0002045&announcementTime=2024-04-16,2024-04-17,2024-07-16,0.111191
002047,*ST宝鹰,2023,2024-04-27,2023年年度报告,http://www.cninfo.com.cn/new/disclosure/detail?stockCode=002047&announcementId=1219870062&orgId=gssz0002047&announcementTime=2024-04-27,2024-04-29,2024-07-26,-0.096491
002048,宁波华翔,2023,2024-04-26,2023年年度报告,http://www.cninfo.com.cn/new/disclosure/detail?stockCode=002048&announcementId=1219833408&orgId=gssz0002048&announcementTime=2024-04-26,2024-04-29,2024-07-26,-0.022555
002049,紫光国微,2023,2024-04-18,2023年年度报告,http://www.cninfo.com.cn/new/disclosure/detail?stockCode=002049&announcementId=1219653695&orgId=gssz0002049&announcementTime=2024-04-18,2024-04-19,2024-07-18,-0.124557
002050,三花智控,2023,2024-04-30,2023年年度报告,http://www.cninfo.com.cn/new/disclosure/detail?stockCode=002050&announcementId=1219912907&orgId=gssz0002050&announcementTime=2024-04-30,2024-05-06,2024-07-30,-0.186983
002051,中工国际,2023,2024-04-08,2023年年度报告,http://www.cninfo.com.cn/new/disclosure/detail?stockCode=002051&announcementId=1219518949&orgId=gssz0002051&announcementTime=2024-04-08,2024-04-09,2024-07-08,-0.093904
002052,同洲电子,2023,2024-04-20,2023年年度报告,http://www.cninfo.com.cn/new/disclosure/detail?stockCode=002052&announcementId=1219705257&orgId=gssz0002052&announcementTime=2024-04-20,2024-04-23,2024-07-22,-0.192967
002053,云南能投,2023,2024-03-28,2023年年度报告,http://www.cninfo.com.cn/new/disclosure/detail?stockCode=002053&announcementId=1219426785&orgId=gssz0002053&announcementTime=2024-03-28,2024-03-29,2024-07-01,0.174281
002054,德美化工,2023,2024-03-30,2023年年度报告,http://www.cninfo.com.cn/new/disclosure/detail?stockCode=002054&announcementId=1219470357&orgId=9900000062&announcementTime=2024-03-30,2024-04-01,2024-07-02,-0.083464
002055,ST得润,2023,2024-04-30,2023年年度报告,http://www.cninfo.com.cn/new/disclosure/detail?stockCode=002055&announcementId=1219918466&orgId=9900000123&announcementTime=2024-04-30,2024-05-06,2024-07-30,-0.020828
002056,横店东磁,2023,2024-03-09,2023年年度报告,http://www.cninfo.com.cn/new/disclosure/detail?stockCode=002056&announcementId=1219266960&orgId=9900000141&announcementTime=2024-03-09,2024-03-11,2024-06-11,-0.081649
002057,中钢天源,2023,2024-04-27,2023年年度报告,http://www.cninfo.com.cn/new/disclosure/detail?stockCode=002057&announcementId=1219865183&orgId=9900000181&announcementTime=2024-04-27,2024-04-29,2024-07-26,-0.139631
002058,*ST威尔,2023,2024-04-27,2023年年度报告,http://www.cninfo.com.cn/new/disclosure/detail?stockCode=002058&announcementId=1219867075&orgId=9900000201&announcementTime=2024-04-27,2024-04-29,2024-07-26,-0.241047
002059,云南旅游,2023,2024-03-30,2023年年度报告,http://www.cninfo.com.cn/new/disclosure/detail?stockCode=002059&announcementId=1219473660&orgId=9900000241&announcementTime=2024-03-30,2024-04-01,2024-07-02,-0.084071
002060,广东建工,2023,2024-04-15,2023年年度报告,http://www.cninfo.com.cn/new/disclosure/detail?stockCode=002060&announcementId=1219597164&orgId=9900000281&announcementTime=2024-04-15,2024-04-16,2024-07-15,-0.122086
002061,浙江交科,2023,2024-04-30,2023年年度报告,http://www.cninfo.com.cn/new/disclosure/detail?stockCode=002061&announcementId=1219913359&orgId=9900000341&announcementTime=2024-04-30,2024-05-06,2024-07-30,-0.05019
002062,宏润建设,2023,2024-04-18,2023年年度报告,http://www.cninfo.com.cn/new/disclosure/detail?stockCode=002062&announcementId=1219649467&orgId=9900000362&announcementTime=2024-04-18,2024-04-19,2024-07-18,-0.109153
002063,远光软件,2023,2024-03-30,2023年年度报告,http://www.cninfo.com.cn/new/disclosure/detail?stockCode=002063&announcementId=1219472795&orgId=9900000382&announcementTime=2024-03-30,2024-04-01,2024-07-02,-0.00361
002064,华峰化学,2023,2024-04-20,2023年年度报告,http://www.cninfo.com.cn/new/disclosure/detail?stockCode=002064&announcementId=1219702302&orgId=9900000404&announcementTime=2024-04-20,2024-04-22,2024-07-19,0.004297
002065,东华软件,2023,2024-04-12,2023年年度报告,http://www.cninfo.com.cn/new/disclosure/detail?stockCode=002065&announcementId=1219579676&orgId=9900000405&announcementTime=2024-04-12,2024-04-15,2024-07-12,-0.126032
002066,瑞泰科技,2023,2024-03-06,2023年年度报告,http://www.cninfo.com.cn/new/disclosure/detail?stockCode=002066&announcementId=1219242077&orgId=9900000421&announcementTime=2024-03-06,2024-03-07,2024-06-06,-0.068739
002067,景兴纸业,2023,2024-04-27,2023年年度报告,http://www.cninfo.com.cn/new/disclosure/detail?stockCode=002067&announcementId=1219864003&orgId=9900000601&announcementTime=2024-04-27,2024-04-29,2024-07-26,-0.072864
002068,黑猫股份,2023,2024-03-29,2023年年度报告,http://www.cninfo.com.cn/new/disclosure/detail?stockCode=002068&announcementId=1219439526&orgId=9900000622&announcementTime=2024-03-29,2024-04-01,2024-07-02,-0.248035
002069,獐子岛,2023,2024-04-27,2023年年度报告,http://www.cninfo.com.cn/new/disclosure/detail?stockCode=002069&announcementId=1219862446&orgId=9900000781&announcementTime=2024-04-27,2024-04-29,2024-07-26,-0.191205
002072,凯瑞德,2023,2024-04-25,2023年年度报告,http://www.cninfo.com.cn/new/disclosure/detail?stockCode=002072&announcementId=1219803866&orgId=9900000881&announcementTime=2024-04-25,2024-04-26,2024-07-25,-0.248139
002073,软控股份,2023,2024-04-03,2023年年度报告,http://www.cninfo.com.cn/new/disclosure/detail?stockCode=002073&announcementId=1219501703&orgId=9900000961&announcementTime=2024-04-03,2024-04-08,2024-07-05,0.053864
002074,国轩高科,2023,2024-04-20,2023年年度报告,http://www.cninfo.com.cn/new/disclosure/detail?stockCode=002074&announcementId=1219700973&orgId=9900001001&announcementTime=2024-04-20,2024-04-22,2024-07-19,0.037011
002075,沙钢股份,2023,2024-04-26,2023年年度报告,http://www.cninfo.com.cn/new/disclosure/detail?stockCode=002075&announcementId=1219829059&orgId=9900001101&announcementTime=2024-04-26,2024-04-29,2024-07-26,-0.019295
002076,*ST星光,2023,2024-04-27,2023年年度报告,http://www.cninfo.com.cn/new/disclosure/detail?stockCode=002076&announcementId=1219860138&orgId=9900001102&announcementTime=2024-04-27,2024-04-29,2024-07-26,-0.1936
002077,大港股份,2023,2024-04-27,2023年年度报告,http://www.cninfo.com.cn/new/disclosure/detail?stockCode=002077&announcementId=1219857127&orgId=9900001222&announcementTime=2024-04-27,2024-04-29,2024-07-26,-0.058698
002079,苏州固锝,2023,2024-03-30,2023年年度报告,http://www.cninfo.com.cn/new/disclosure/detail?stockCode=002079&announcementId=1219473024&orgId=9900001221&announcementTime=2024-03-30,2024-04-01,2024-07-02,-0.118605
002078,太阳纸业,2023,2024-04-10,2023年年度报告,http://www.cninfo.com.cn/new/disclosure/detail?stockCode=002078&announcementId=1219554051&orgId=9900001223&announcementTime=2024-04-10,2024-04-11,2024-07-10,-0.083132
002080,中材科技,2023,2024-03-22,2023年年度报告,http://www.cninfo.com.cn/new/disclosure/detail?stockCode=002080&announcementId=1219375828&orgId=9900001282&announcementTime=2024-03-22,2024-03-25,2024-06-25,-0.097766
002081,金 螳 螂,2023,2024-04-30,2023年年度报告,http://www.cninfo.com.cn/new/disclosure/detail?stockCode=002081&announcementId=1219904245&orgId=9900001283&announcementTime=2024-04-30,2024-05-06,2024-07-30,-0.084293
002082,万邦德,2023,2024-04-26,2023年年度报告,http://www.cninfo.com.cn/new/disclosure/detail?stockCode=002082&announcementId=1219827864&orgId=9900001284&announcementTime=2024-04-26,2024-04-29,2024-07-26,-0.108633
002083,孚日股份,2023,2024-04-12,2023年年度报告,http://www.cninfo.com.cn/new/disclosure/detail?stockCode=002083&announcementId=1219582077&orgId=9900001342&announcementTime=2024-04-12,2024-04-15,2024-07-12,-0.057532
002084,海鸥住工,2023,2024-04-20,2023年年度报告,http://www.cninfo.com.cn/new/disclosure/detail?stockCode=002084&announcementId=1219699254&orgId=9900001343&announcementTime=2024-04-20,2024-04-22,2024-07-19,-0.043943
002085,万丰奥威,2023,2024-04-25,2023年年度报告,http://www.cninfo.com.cn/new/disclosure/detail?stockCode=002085&announcementId=1219800529&orgId=9900001341&announcementTime=2024-04-25,2024-04-26,2024-07-25,-0.312652
002086,东方海洋,2023,2024-04-30,2023年年度报告,http://www.cninfo.com.cn/new/disclosure/detail?stockCode=002086&announcementId=1219924758&orgId=9900001344&announcementTime=2024-04-30,2024-05-06,2024-07-31,-0.242308
002088,鲁阳节能,2023,2024-04-27,2023年年度报告,http://www.cninfo.com.cn/new/disclosure/detail?stockCode=002088&announcementId=1219854679&orgId=9900001422&announcementTime=2024-04-27,2024-04-29,2024-07-26,-0.107877
002090,金智科技,2023,2024-04-12,2023年年度报告,http://www.cninfo.com.cn/new/disclosure/detail?stockCode=002090&announcementId=1219581476&orgId=9900001461&announcementTime=2024-04-12,2024-04-15,2024-07-12,-0.116361
002091,江苏国泰,2023,2024-04-25,2023年年度报告,http://www.cninfo.com.cn/new/disclosure/detail?stockCode=002091&announcementId=1219790623&orgId=9900001462&announcementTime=2024-04-25,2024-04-26,2024-07-25,-0.143712
002092,中泰化学,2023,2024-04-30,2023年年度报告,http://www.cninfo.com.cn/new/disclosure/detail?stockCode=002092&announcementId=1219917121&orgId=9900001463&announcementTime=2024-04-30,2024-05-06,2024-07-31,-0.263971
002093,国脉科技,2023,2024-04-20,2023年年度报告,http://www.cninfo.com.cn/new/disclosure/detail?stockCode=002093&announcementId=1219694763&orgId=9900001583&announcementTime=2024-04-20,2024-04-22,2024-07-19,-0.05835
002094,青岛金王,2023,2024-04-20,2023年年度报告,http://www.cninfo.com.cn/new/disclosure/detail?stockCode=002094&announcementId=1219696288&orgId=9900001581&announcementTime=2024-04-20,2024-04-22,2024-07-19,-0.192427
002095,生 意 宝,2023,2024-04-27,2023年年度报告,http://www.cninfo.com.cn/new/disclosure/detail?stockCode=002095&announcementId=1219861619&orgId=9900001582&announcementTime=2024-04-27,2024-04-29,2024-07-26,-0.175441
002096,易普力,2023,2024-03-29,2023年年度报告,http://www.cninfo.com.cn/new/disclosure/detail?stockCode=002096&announcementId=1219448929&orgId=9900001622&announcementTime=2024-03-29,2024-04-01,2024-07-02,0.083543
002098,浔兴股份,2023,2024-04-27,2023年年度报告,http://www.cninfo.com.cn/new/disclosure/detail?stockCode=002098&announcementId=1219869638&orgId=9900001623&announcementTime=2024-04-27,2024-04-29,2024-07-26,0.129956
002099,海翔药业,2023,2024-04-29,2023年年度报告,http://www.cninfo.com.cn/new/disclosure/detail?stockCode=002099&announcementId=1219859595&orgId=9900001661&announcementTime=2024-04-29,2024-04-30,2024-07-29,-0.214869
002100,天康生物,2023,2024-04-29,2023年年度报告,http://www.cninfo.com.cn/new/disclosure/detail?stockCode=002100&announcementId=1219863990&orgId=9900001641&announcementTime=2024-04-29,2024-04-30,2024-07-29,-0.081289
002101,广东鸿图,2023,2024-04-23,2023年年度报告,http://www.cninfo.com.cn/new/disclosure/detail?stockCode=002101&announcementId=1219747031&orgId=9900001761&announcementTime=2024-04-23,2024-04-24,2024-07-23,-0.179503
002102,能特科技,2023,2024-04-19,2023年年度报告,http://www.cninfo.com.cn/new/disclosure/detail?stockCode=002102&announcementId=1219665523&orgId=9900001762&announcementTime=2024-04-19,2024-04-22,2024-07-19,-0.051683
002103,广博股份,2023,2024-04-19,2023年年度报告,http://www.cninfo.com.cn/new/disclosure/detail?stockCode=002103&announcementId=1219666794&orgId=9900001821&announcementTime=2024-04-19,2024-04-22,2024-07-19,-0.138591
002104,恒宝股份,2023,2024-04-30,2023年年度报告,http://www.cninfo.com.cn/new/disclosure/detail?stockCode=002104&announcementId=1219909405&orgId=9900001841&announcementTime=2024-04-30,2024-05-06,2024-07-30,-0.165969
002105,信隆健康,2023,2024-04-24,2023年年度报告,http://www.cninfo.com.cn/new/disclosure/detail?stockCode=002105&announcementId=1219772440&orgId=9900001922&announcementTime=2024-04-24,2024-04-25,2024-07-24,-0.167526
002106,莱宝高科,2023,2024-03-30,2023年年度报告,http://www.cninfo.com.cn/new/disclosure/detail?stockCode=002106&announcementId=1219474278&orgId=9900001921&announcementTime=2024-03-30,2024-04-01,2024-07-02,0.10056
002108,沧州明珠,2023,2024-04-26,2023年年度报告,http://www.cninfo.com.cn/new/disclosure/detail?stockCode=002108&announcementId=1219823922&orgId=9900002002&announcementTime=2024-04-26,2024-04-29,2024-07-26,-0.133011
002107,沃华医药,2023,2024-03-30,2023年年度报告,http://www.cninfo.com.cn/new/disclosure/detail?stockCode=002107&announcementId=1219473159&orgId=9900002001&announcementTime=2024-03-30,2024-04-01,2024-07-02,-0.116485
002109,兴化股份,2023,2024-04-26,2023年年度报告,http://www.cninfo.com.cn/new/disclosure/detail?stockCode=002109&announcementId=1219827034&orgId=9900002009&announcementTime=2024-04-26,2024-04-29,2024-07-26,-0.294278
002110,三钢闽光,2023,2024-04-26,2023年年度报告,http://www.cninfo.com.cn/new/disclosure/detail?stockCode=002110&announcementId=1219825230&orgId=9900002010&announcementTime=2024-04-26,2024-04-29,2024-07-26,-0.195039
002111,威海广泰,2023,2024-04-23,2023年年度报告,http://www.cninfo.com.cn/new/disclosure/detail?stockCode=002111&announcementId=1219738002&orgId=9900002021&announcementTime=2024-04-23,2024-04-24,2024-07-23,-0.035701
002112,三变科技,2023,2024-04-20,2023年年度报告,http://www.cninfo.com.cn/new/disclosure/detail?stockCode=002112&announcementId=1219690728&orgId=9900002121&announcementTime=2024-04-20,2024-04-22,2024-07-19,0.034242
002114,罗平锌电,2023,2024-03-30,2023年年度报告,http://www.cninfo.com.cn/new/disclosure/detail?stockCode=002114&announcementId=1219465673&orgId=9900002161&announcementTime=2024-03-30,2024-04-01,2024-07-02,-0.215534
002115,三维通信,2023,2024-04-27,2023年年度报告,http://www.cninfo.com.cn/new/disclosure/detail?stockCode=002115&announcementId=1219863396&orgId=9900002162&announcementTime=2024-04-27,2024-04-29,2024-07-26,-0.278894
002116,中国海诚,2023,2024-04-26,2023年年度报告,http://www.cninfo.com.cn/new/disclosure/detail?stockCode=002116&announcementId=1219833703&orgId=9900002183&announcementTime=2024-04-26,2024-04-29,2024-07-26,-0.236268
002117,东港股份,2023,2024-03-26,2023年年度报告,http://www.cninfo.com.cn/new/disclosure/detail?stockCode=002117&announcementId=1219402603&orgId=9900002186&announcementTime=2024-03-26,2024-03-27,2024-06-27,-0.121172
002119,康强电子,2023,2024-03-26,2023年年度报告,http://www.cninfo.com.cn/new/disclosure/detail?stockCode=002119&announcementId=1219405231&orgId=9900002188&announcementTime=2024-03-26,2024-03-27,2024-06-27,-0.084749
002120,韵达股份,2023,2024-04-30,2023年年度报告,http://www.cninfo.com.cn/new/disclosure/detail?stockCode=002120&announcementId=1219924669&orgId=9900002261&announcementTime=2024-04-30,2024-05-06,2024-07-30,-0.1052
002121,科陆电子,2023,2024-03-22,2023年年度报告,http://www.cninfo.com.cn/new/disclosure/detail?stockCode=002121&announcementId=1219375623&orgId=9900002262&announcementTime=2024-03-22,2024-03-25,2024-06-25,-0.171777
002122,ST汇洲,2023,2024-04-19,2023年年度报告,http://www.cninfo.com.cn/new/disclosure/detail?stockCode=002122&announcementId=1219664034&orgId=9900002421&announcementTime=2024-04-19,2024-04-22,2024-07-19,-0.357843
002123,梦网科技,2023,2024-04-26,2023年年度报告,http://www.cninfo.com.cn/new/disclosure/detail?stockCode=002123&announcementId=1219843342&orgId=9900002422&announcementTime=2024-04-26,2024-04-29,2024-07-26,-0.283662
002124,天邦食品,2023,2024-04-30,2023年年度报告,http://www.cninfo.com.cn/new/disclosure/detail?stockCode=002124&announcementId=1219920450&orgId=9900002441&announcementTime=2024-04-30,2024-05-06,2024-07-30,-0.085674
002125,湘潭电化,2023,2024-04-26,2023年年度报告,http://www.cninfo.com.cn/new/disclosure/detail?stockCode=002125&announcementId=1219828416&orgId=9900002442&announcementTime=2024-04-26,2024-04-29,2024-07-26,-0.14941
002126,银轮股份,2023,2024-04-16,2023年年度报告,http://www.cninfo.com.cn/new/disclosure/detail?stockCode=002126&announcementId=1219623234&orgId=9900002661&announcementTime=2024-04-16,2024-04-17,2024-07-16,-0.01256
002127,南极电商,2023,2024-04-20,2023年年度报告,http://www.cninfo.com.cn/new/disclosure/detail?stockCode=002127&announcementId=1219700229&orgId=9900002701&announcementTime=2024-04-20,2024-04-22,2024-07-19,-0.020007
002128,电投能源,2023,2024-04-26,2023年年度报告,http://www.cninfo.com.cn/new/disclosure/detail?stockCode=002128&announcementId=1219821555&orgId=9900002704&announcementTime=2024-04-26,2024-04-29,2024-07-26,-0.060512
002130,沃尔核材,2023,2024-04-23,2023年年度报告,http://www.cninfo.com.cn/new/disclosure/detail?stockCode=002130&announcementId=1219737579&orgId=9900002702&announcementTime=2024-04-23,2024-04-24,2024-07-23,0.282192
002129,TCL中环,2023,2024-04-26,2023年年度报告,http://www.cninfo.com.cn/new/disclosure/detail?stockCode=002129&announcementId=1219863251&orgId=9900002703&announcementTime=2024-04-26,2024-04-29,2024-07-26,-0.169743
002131,利欧股份,2023,2024-04-29,2023年年度报告,http://www.cninfo.com.cn/new/disclosure/detail?stockCode=002131&announcementId=1219866071&orgId=9900002724&announcementTime=2024-04-29,2024-04-30,2024-07-29,-0.256219
002132,恒星科技,2023,2024-04-27,2023年年度报告,http://www.cninfo.com.cn/new/disclosure/detail?stockCode=002132&announcementId=1219865975&orgId=9900002723&announcementTime=2024-04-27,2024-04-29,2024-07-26,-0.174519
002134,天津普林,2023,2024-04-17,2023年年度报告,http://www.cninfo.com.cn/new/disclosure/detail?stockCode=002134&announcementId=1219637827&orgId=9900002821&announcementTime=2024-04-17,2024-04-18,2024-07-17,0.200898
002133,广宇集团,2023,2024-04-30,2023年年度报告,http://www.cninfo.com.cn/new/disclosure/detail?stockCode=002133&announcementId=1219911825&orgId=9900002761&announcementTime=2024-04-30,2024-05-06,2024-07-30,-0.206459
002136,安 纳 达,2023,2024-04-23,2023年年度报告,http://www.cninfo.com.cn/new/disclosure/detail?stockCode=002136&announcementId=1219734392&orgId=9900003061&announcementTime=2024-04-23,2024-04-24,2024-07-23,-0.026906
002135,东南网架,2023,2024-04-23,2023年年度报告,http://www.cninfo.com.cn/new/disclosure/detail?stockCode=002135&announcementId=1219738706&orgId=9900002861&announcementTime=2024-04-23,2024-04-24,2024-07-23,-0.102313
002137,实益达,2023,2024-04-23,2023年年度报告,http://www.cninfo.com.cn/new/disclosure/detail?stockCode=002137&announcementId=1219746511&orgId=9900003141&announcementTime=2024-04-23,2024-04-24,2024-07-23,-0.044288
002138,顺络电子,2023,2024-02-29,2023年年度报告,http://www.cninfo.com.cn/new/disclosure/detail?stockCode=002138&announcementId=1219210791&orgId=9900003163&announcementTime=2024-02-29,2024-03-01,2024-05-31,-0.083195
002139,拓邦股份,2023,2024-03-27,2023年年度报告,http://www.cninfo.com.cn/new/disclosure/detail?stockCode=002139&announcementId=1219412282&orgId=9900003222&announcementTime=2024-03-27,2024-03-28,2024-06-28,0.198799
002140,东华科技,2023,2024-03-30,2023年年度报告,http://www.cninfo.com.cn/new/disclosure/detail?stockCode=002140&announcementId=1219470730&orgId=9900003261&announcementTime=2024-03-30,2024-04-01,2024-07-02,0.017057
002142,宁波银行,2023,2024-04-10,2023年年度报告,http://www.cninfo.com.cn/new/disclosure/detail?stockCode=002142&announcementId=1219551816&orgId=9900003281&announcementTime=2024-04-10,2024-04-11,2024-07-10,0.075822
002141,贤丰控股,2023,2024-04-26,2023年年度报告,http://www.cninfo.com.cn/new/disclosure/detail?stockCode=002141&announcementId=1219842587&orgId=9900003282&announcementTime=2024-04-26,2024-04-29,2024-07-26,0.066745
002144,宏达高科,2023,2024-04-26,2023年年度报告,http://www.cninfo.com.cn/new/disclosure/detail?stockCode=002144&announcementId=1219824257&orgId=9900003341&announcementTime=2024-04-26,2024-04-29,2024-07-26,-0.07411
002145,钛能化学,2023,2024-04-18,2023年年度报告,http://www.cninfo.com.cn/new/disclosure/detail?stockCode=002145&announcementId=1219649693&orgId=9900003342&announcementTime=2024-04-18,2024-04-19,2024-07-18,-0.144388
002146,荣盛发展,2023,2024-04-29,2023年年度报告,http://www.cninfo.com.cn/new/disclosure/detail?stockCode=002146&announcementId=1219865459&orgId=9900003361&announcementTime=2024-04-29,2024-04-30,2024-07-29,-0.191542
002148,北纬科技,2023,2024-03-29,2023年年度报告,http://www.cninfo.com.cn/new/disclosure/detail?stockCode=002148&announcementId=1219446085&orgId=9900003401&announcementTime=2024-03-29,2024-04-01,2024-07-02,-0.149523
002150,正泰电源,2023,2024-04-25,2023年年度报告,http://www.cninfo.com.cn/new/disclosure/detail?stockCode=002150&announcementId=1219789773&orgId=9900003402&announcementTime=2024-04-25,2024-04-26,2024-07-25,0.11436
002149,西部材料,2023,2024-04-02,2023年年度报告,http://www.cninfo.com.cn/new/disclosure/detail?stockCode=002149&announcementId=1219493253&orgId=9900003403&announcementTime=2024-04-02,2024-04-03,2024-07-04,-0.133811
002152,广电运通,2023,2024-03-30,2023年年度报告,http://www.cninfo.com.cn/new/disclosure/detail?stockCode=002152&announcementId=1219469635&orgId=9900003423&announcementTime=2024-03-30,2024-04-01,2024-07-02,-0.126162
002151,北斗星通,2023,2024-03-28,2023年年度报告,http://www.cninfo.com.cn/new/disclosure/detail?stockCode=002151&announcementId=1219425085&orgId=9900003421&announcementTime=2024-03-28,2024-03-29,2024-07-01,-0.218723
002153,石基信息,2023,2024-04-30,2023年年度报告,http://www.cninfo.com.cn/new/disclosure/detail?stockCode=002153&announcementId=1219922003&orgId=9900003424&announcementTime=2024-04-30,2024-05-06,2024-07-30,-0.276579
002154,报 喜 鸟,2023,2024-04-12,2023年年度报告,http://www.cninfo.com.cn/new/disclosure/detail?stockCode=002154&announcementId=1219582734&orgId=9900003429&announcementTime=2024-04-12,2024-04-15,2024-07-12,-0.247967
002155,湖南黄金,2023,2024-03-26,2023年年度报告,http://www.cninfo.com.cn/new/disclosure/detail?stockCode=002155&announcementId=1219405101&orgId=9900003428&announcementTime=2024-03-26,2024-03-27,2024-06-27,0.379739
002156,通富微电,2023,2024-04-13,2023年年度报告,http://www.cninfo.com.cn/new/disclosure/detail?stockCode=002156&announcementId=1219598327&orgId=9900003427&announcementTime=2024-04-13,2024-04-15,2024-07-12,0.115822
002157,正邦科技,2023,2024-04-30,2023年年度报告,http://www.cninfo.com.cn/new/disclosure/detail?stockCode=002157&announcementId=1219923507&orgId=9900003434&announcementTime=2024-04-30,2024-05-06,2024-07-31,-0.031164
002158,汉钟精机,2023,2024-04-27,2023年年度报告,http://www.cninfo.com.cn/new/disclosure/detail?stockCode=002158&announcementId=1219853370&orgId=9900003433&announcementTime=2024-04-27,2024-04-29,2024-07-26,-0.120981
002159,三特索道,2023,2024-04-24,2023年年度报告,http://www.cninfo.com.cn/new/disclosure/detail?stockCode=002159&announcementId=1219763976&orgId=9900003435&announcementTime=2024-04-24,2024-04-25,2024-07-24,-0.180994
002161,远 望 谷,2023,2024-04-03,2023年年度报告,http://www.cninfo.com.cn/new/disclosure/detail?stockCode=002161&announcementId=1219504548&orgId=9900003442&announcementTime=2024-04-03,2024-04-08,2024-07-05,-0.065915
002160,常铝股份,2023,2024-04-12,2023年年度报告,http://www.cninfo.com.cn/new/disclosure/detail?stockCode=002160&announcementId=1219579197&orgId=9900003441&announcementTime=2024-04-12,2024-04-15,2024-07-12,-0.275748
002163,海南发展,2023,2024-04-19,2023年年度报告,http://www.cninfo.com.cn/new/disclosure/detail?stockCode=002163&announcementId=1219667940&orgId=9900003444&announcementTime=2024-04-19,2024-04-22,2024-07-19,-0.218423
002162,悦心健康,2023,2024-03-30,2023年年度报告,http://www.cninfo.com.cn/new/disclosure/detail?stockCode=002162&announcementId=1219462269&orgId=9900003445&announcementTime=2024-03-30,2024-04-01,2024-07-02,-0.25814
002165,红 宝 丽,2023,2024-04-20,2023年年度报告,http://www.cninfo.com.cn/new/disclosure/detail?stockCode=002165&announcementId=1219692141&orgId=9900003521&announcementTime=2024-04-20,2024-04-22,2024-07-19,-0.034758
002164,宁波东力,2023,2024-04-26,2023年年度报告,http://www.cninfo.com.cn/new/disclosure/detail?stockCode=002164&announcementId=1219815010&orgId=9900003443&announcementTime=2024-04-26,2024-04-29,2024-07-26,-0.158865
002166,莱茵生物,2023,2024-04-10,2023年年度报告,http://www.cninfo.com.cn/new/disclosure/detail?stockCode=002166&announcementId=1219553198&orgId=9900003561&announcementTime=2024-04-10,2024-04-11,2024-07-10,-0.07657
002167,东方锆业,2023,2024-04-19,2023年年度报告,http://www.cninfo.com.cn/new/disclosure/detail?stockCode=002167&announcementId=1219671743&orgId=9900003562&announcementTime=2024-04-19,2024-04-22,2024-07-19,-0.33041
002168,*ST惠程,2023,2024-04-20,2023年年度报告,http://www.cninfo.com.cn/new/disclosure/detail?stockCode=002168&announcementId=1219705872&orgId=9900003601&announcementTime=2024-04-20,2024-04-22,2024-07-19,-0.129039
002169,智光电气,2023,2024-04-29,2023年年度报告,http://www.cninfo.com.cn/new/disclosure/detail?stockCode=002169&announcementId=1219871415&orgId=9900003602&announcementTime=2024-04-29,2024-04-30,2024-07-29,-0.182586
002170,芭田股份,2023,2024-04-27,2023年年度报告,http://www.cninfo.com.cn/new/disclosure/detail?stockCode=002170&announcementId=1219861161&orgId=9900003603&announcementTime=2024-04-27,2024-04-29,2024-07-26,-0.122949
002171,楚江新材,2023,2024-04-26,2023年年度报告,http://www.cninfo.com.cn/new/disclosure/detail?stockCode=002171&announcementId=1219837917&orgId=9900003622&announcementTime=2024-04-26,2024-04-29,2024-07-26,-0.220654
002172,澳洋健康,2023,2024-04-27,2023年年度报告,http://www.cninfo.com.cn/new/disclosure/detail?stockCode=002172&announcementId=1219858505&orgId=9900003621&announcementTime=2024-04-27,2024-04-29,2024-07-26,-0.189003
002173,创新医疗,2023,2024-04-13,2023年年度报告,http://www.cninfo.com.cn/new/disclosure/detail?stockCode=002173&announcementId=1219598104&orgId=9900003664&announcementTime=2024-04-13,2024-04-15,2024-07-12,-0.238765
002174,游族网络,2023,2024-04-29,2023年年度报告,http://www.cninfo.com.cn/new/disclosure/detail?stockCode=002174&announcementId=1219873189&orgId=9900003663&announcementTime=2024-04-29,2024-04-30,2024-07-29,-0.258682
002175,东方智造,2023,2024-04-27,2023年年度报告,http://www.cninfo.com.cn/new/disclosure/detail?stockCode=002175&announcementId=1219862297&orgId=9900003698&announcementTime=2024-04-27,2024-04-29,2024-07-26,-0.230221
002177,御银股份,2023,2024-04-25,2023年年度报告,http://www.cninfo.com.cn/new/disclosure/detail?stockCode=002177&announcementId=1219799341&orgId=9900003781&announcementTime=2024-04-25,2024-04-26,2024-07-25,0.006034
002176,江特电机,2023,2024-04-29,2023年年度报告,http://www.cninfo.com.cn/new/disclosure/detail?stockCode=002176&announcementId=1219864567&orgId=9900003697&announcementTime=2024-04-29,2024-04-30,2024-07-29,-0.293384
002178,延华智能,2023,2024-04-30,2023年年度报告,http://www.cninfo.com.cn/new/disclosure/detail?stockCode=002178&announcementId=1219920831&orgId=9900003782&announcementTime=2024-04-30,2024-05-06,2024-07-30,-0.223813
002179,中航光电,2023,2024-03-16,2023年年度报告,http://www.cninfo.com.cn/new/disclosure/detail?stockCode=002179&announcementId=1219313247&orgId=9900003783&announcementTime=2024-03-16,2024-03-18,2024-06-18,0.112065
002181,粤 传 媒,2023,2024-04-10,2023年年度报告,http://www.cninfo.com.cn/new/disclosure/detail?stockCode=002181&announcementId=1219551411&orgId=9900003823&announcementTime=2024-04-10,2024-04-11,2024-07-10,-0.247578
002180,纳思达,2023,2024-04-27,2023年年度报告,http://www.cninfo.com.cn/new/disclosure/detail?stockCode=002180&announcementId=1219869569&orgId=9900003822&announcementTime=2024-04-27,2024-04-29,2024-07-26,0.124676
002183,怡 亚 通,2023,2024-04-12,2023年年度报告,http://www.cninfo.com.cn/new/disclosure/detail?stockCode=002183&announcementId=1219584507&orgId=9900003828&announcementTime=2024-04-12,2024-04-15,2024-07-12,-0.215835
002182,宝武镁业,2023,2024-04-25,2023年年度报告,http://www.cninfo.com.cn/new/disclosure/detail?stockCode=002182&announcementId=1219786440&orgId=9900003827&announcementTime=2024-04-25,2024-04-26,2024-07-25,-0.220173
002185,华天科技,2023,2024-04-02,2023年年度报告,http://www.cninfo.com.cn/new/disclosure/detail?stockCode=002185&announcementId=1219490652&orgId=9900003862&announcementTime=2024-04-02,2024-04-03,2024-07-04,0.011071
002184,海得控制,2023,2024-04-27,2023年年度报告,http://www.cninfo.com.cn/new/disclosure/detail?stockCode=002184&announcementId=1219867109&orgId=9900003861&announcementTime=2024-04-27,2024-04-29,2024-07-26,-0.294932
002187,广百股份,2023,2024-03-23,2023年年度报告,http://www.cninfo.com.cn/new/disclosure/detail?stockCode=002187&announcementId=1219389144&orgId=9900003881&announcementTime=2024-03-23,2024-03-25,2024-06-25,-0.225394
002186,全 聚 德,2023,2024-04-16,2023年年度报告,http://www.cninfo.com.cn/new/disclosure/detail?stockCode=002186&announcementId=1219620572&orgId=9900003863&announcementTime=2024-04-16,2024-04-17,2024-07-16,-0.076957
002189,中光学,2023,2024-04-26,2023年年度报告,http://www.cninfo.com.cn/new/disclosure/detail?stockCode=002189&announcementId=1219826889&orgId=9900003902&announcementTime=2024-04-26,2024-04-29,2024-07-26,-0.053218
002188,中天服务,2023,2024-03-13,2023年年度报告,http://www.cninfo.com.cn/new/disclosure/detail?stockCode=002188&announcementId=1219296019&orgId=9900003882&announcementTime=2024-03-13,2024-03-14,2024-06-14,-0.045064
002190,成飞集成,2023,2024-03-19,2023年年度报告,http://www.cninfo.com.cn/new/disclosure/detail?stockCode=002190&announcementId=1219330182&orgId=9900003903&announcementTime=2024-03-19,2024-03-20,2024-06-20,-0.163364
002191,劲嘉股份,2023,2024-04-20,2023年年度报告,http://www.cninfo.com.cn/new/disclosure/detail?stockCode=002191&announcementId=1219701083&orgId=9900003910&announcementTime=2024-04-20,2024-04-22,2024-07-19,-0.138294
002192,融捷股份,2023,2024-04-18,2023年年度报告,http://www.cninfo.com.cn/new/disclosure/detail?stockCode=002192&announcementId=1219657519&orgId=9900003921&announcementTime=2024-04-18,2024-04-19,2024-07-18,-0.158096
002193,如意集团,2023,2024-04-30,2023年年度报告,http://www.cninfo.com.cn/new/disclosure/detail?stockCode=002193&announcementId=1219921456&orgId=9900003911&announcementTime=2024-04-30,2024-05-06,2024-07-30,-0.10641
002194,武汉凡谷,2023,2024-03-30,2023年年度报告,http://www.cninfo.com.cn/new/disclosure/detail?stockCode=002194&announcementId=1219468689&orgId=9900003908&announcementTime=2024-03-30,2024-04-01,2024-07-02,-0.217391
002195,岩山科技,2023,2024-04-18,2023年年度报告,http://www.cninfo.com.cn/new/disclosure/detail?stockCode=002195&announcementId=1219648995&orgId=9900003909&announcementTime=2024-04-18,2024-04-19,2024-07-18,-0.14946
002196,方正电机,2023,2024-04-30,2023年年度报告,http://www.cninfo.com.cn/new/disclosure/detail?stockCode=002196&announcementId=1219922165&orgId=9900003913&announcementTime=2024-04-30,2024-05-06,2024-07-30,-0.180683
002198,嘉应制药,2023,2024-04-27,2023年年度报告,http://www.cninfo.com.cn/new/disclosure/detail?stockCode=002198&announcementId=1219858871&orgId=9900003905&announcementTime=2024-04-27,2024-04-29,2024-07-26,-0.042579
002197,证通电子,2023,2024-04-30,2023年年度报告,http://www.cninfo.com.cn/new/disclosure/detail?stockCode=002197&announcementId=1219915284&orgId=9900003915&announcementTime=2024-04-30,2024-05-06,2024-07-30,-0.543887
002200,*ST交投,2023,2024-04-26,2023年年度报告,http://www.cninfo.com.cn/new/disclosure/detail?stockCode=002200&announcementId=1219841981&orgId=9900003907&announcementTime=2024-04-26,2024-04-29,2024-07-26,-0.049098
002199,*ST东晶,2023,2024-04-18,2023年年度报告,http://www.cninfo.com.cn/new/disclosure/detail?stockCode=002199&announcementId=1219645961&orgId=9900003906&announcementTime=2024-04-18,2024-04-19,2024-07-18,-0.00136
002201,九鼎新材,2023,2024-04-23,2023年年度报告,http://www.cninfo.com.cn/new/disclosure/detail?stockCode=002201&announcementId=1219742655&orgId=9900003944&announcementTime=2024-04-23,2024-04-24,2024-07-23,-0.214066
002202,金风科技,2023,2024-03-29,2023年年度报告,http://www.cninfo.com.cn/new/disclosure/detail?stockCode=002202&announcementId=1219449714&orgId=9900003947&announcementTime=2024-03-29,2024-04-01,2024-07-02,-0.103069
002204,大连重工,2023,2024-04-19,2023年年度报告,http://www.cninfo.com.cn/new/disclosure/detail?stockCode=002204&announcementId=1219672117&orgId=9900004001&announcementTime=2024-04-19,2024-04-22,2024-07-19,-0.114198
002203,海亮股份,2023,2024-04-30,2023年年度报告,http://www.cninfo.com.cn/new/disclosure/detail?stockCode=002203&announcementId=1219910342&orgId=9900003945&announcementTime=2024-04-30,2024-05-06,2024-07-30,-0.167228
002206,海 利 得,2023,2024-04-15,2023年年度报告,http://www.cninfo.com.cn/new/disclosure/detail?stockCode=002206&announcementId=1219596312&orgId=9900004023&announcementTime=2024-04-15,2024-04-16,2024-07-15,-0.056242
002205,国统股份,2023,2024-04-27,2023年年度报告,http://www.cninfo.com.cn/new/disclosure/detail?stockCode=002205&announcementId=1219865510&orgId=9900004002&announcementTime=2024-04-27,2024-04-29,2024-07-26,-0.148621
002208,合肥城建,2023,2024-04-25,2023年年度报告,http://www.cninfo.com.cn/new/disclosure/detail?stockCode=002208&announcementId=1219796338&orgId=9900003912&announcementTime=2024-04-25,2024-04-26,2024-07-25,-0.128615
002207,准油股份,2023,2024-04-26,2023年年度报告,http://www.cninfo.com.cn/new/disclosure/detail?stockCode=002207&announcementId=1219825359&orgId=9900004022&announcementTime=2024-04-26,2024-04-29,2024-07-26,-0.266114
002209,达 意 隆,2023,2024-04-12,2023年年度报告,http://www.cninfo.com.cn/new/disclosure/detail?stockCode=002209&announcementId=1219584072&orgId=9900004041&announcementTime=2024-04-12,2024-04-15,2024-07-12,-0.152395
002210,飞马国际,2023,2024-04-27,2023年年度报告,http://www.cninfo.com.cn/new/disclosure/detail?stockCode=002210&announcementId=1219860373&orgId=9900004061&announcementTime=2024-04-27,2024-04-29,2024-07-26,-0.116183
002211,ST宏达,2023,2024-04-27,2023年年度报告,http://www.cninfo.com.cn/new/disclosure/detail?stockCode=002211&announcementId=1219867216&orgId=9900004082&announcementTime=2024-04-27,2024-04-29,2024-07-26,-0.283333
002212,天融信,2023,2024-04-20,2023年年度报告,http://www.cninfo.com.cn/new/disclosure/detail?stockCode=002212&announcementId=1219700501&orgId=9900004142&announcementTime=2024-04-20,2024-04-22,2024-07-19,-0.23176
002213,大为股份,2023,2024-04-12,2023年年度报告,http://www.cninfo.com.cn/new/disclosure/detail?stockCode=002213&announcementId=1219581355&orgId=9900004184&announcementTime=2024-04-12,2024-04-15,2024-07-12,-0.126422
002214,*ST大立,2023,2024-04-27,2023年年度报告,http://www.cninfo.com.cn/new/disclosure/detail?stockCode=002214&announcementId=1219867904&orgId=9900004201&announcementTime=2024-04-27,2024-04-29,2024-07-26,-0.110112
002215,诺 普 信,2023,2024-04-27,2023年年度报告,http://www.cninfo.com.cn/new/disclosure/detail?stockCode=002215&announcementId=1219867348&orgId=9900004141&announcementTime=2024-04-27,2024-04-29,2024-07-26,-0.159735
002216,三全食品,2023,2024-04-26,2023年年度报告,http://www.cninfo.com.cn/new/disclosure/detail?stockCode=002216&announcementId=1219817889&orgId=9900004261&announcementTime=2024-04-26,2024-04-29,2024-07-26,-0.063192
002217,合力泰,2023,2024-04-30,2023年年度报告,http://www.cninfo.com.cn/new/disclosure/detail?stockCode=002217&announcementId=1219925663&orgId=9900004262&announcementTime=2024-04-30,2024-05-06,2024-07-30,0.008596
002218,拓日新能,2023,2024-04-25,2023年年度报告,http://www.cninfo.com.cn/new/disclosure/detail?stockCode=002218&announcementId=1219800357&orgId=9900004281&announcementTime=2024-04-25,2024-04-26,2024-07-25,-0.150561
002219,新里程,2023,2024-04-18,2023年年度报告,http://www.cninfo.com.cn/new/disclosure/detail?stockCode=002219&announcementId=1219648894&orgId=9900004301&announcementTime=2024-04-18,2024-04-19,2024-07-18,-0.189189
002221,东华能源,2023,2024-04-18,2023年年度报告,http://www.cninfo.com.cn/new/disclosure/detail?stockCode=002221&announcementId=1219650781&orgId=9900004342&announcementTime=2024-04-18,2024-04-19,2024-07-18,-0.094924
002222,福晶科技,2023,2024-04-20,2023年年度报告,http://www.cninfo.com.cn/new/disclosure/detail?stockCode=002222&announcementId=1219692680&orgId=9900004361&announcementTime=2024-04-20,2024-04-22,2024-07-19,-0.023337
002223,鱼跃医疗,2023,2024-04-27,2023年年度报告,http://www.cninfo.com.cn/new/disclosure/detail?stockCode=002223&announcementId=1219871664&orgId=9900004462&announcementTime=2024-04-27,2024-04-29,2024-07-26,0.056785
002224,三 力 士,2023,2024-04-30,2023年年度报告,http://www.cninfo.com.cn/new/disclosure/detail?stockCode=002224&announcementId=1219926131&orgId=9900004521&announcementTime=2024-04-30,2024-05-06,2024-07-30,-0.225751
002226,江南化工,2023,2024-03-23,2023年年度报告,http://www.cninfo.com.cn/new/disclosure/detail?stockCode=002226&announcementId=1219387592&orgId=9900004543&announcementTime=2024-03-23,2024-03-25,2024-06-25,-0.000334
002225,濮耐股份,2023,2024-03-30,2023年年度报告,http://www.cninfo.com.cn/new/disclosure/detail?stockCode=002225&announcementId=1219461360&orgId=9900004522&announcementTime=2024-03-30,2024-04-01,2024-07-02,0.20362
002227,奥 特 迅,2023,2024-04-16,2023年年度报告,http://www.cninfo.com.cn/new/disclosure/detail?stockCode=002227&announcementId=1219621365&orgId=9900004544&announcementTime=2024-04-16,2024-04-17,2024-07-16,-0.026432
002228,合兴包装,2023,2024-04-20,2023年年度报告,http://www.cninfo.com.cn/new/disclosure/detail?stockCode=002228&announcementId=1219700026&orgId=9900004545&announcementTime=2024-04-20,2024-04-22,2024-07-19,-0.050402
002230,科大讯飞,2023,2024-04-23,2023年年度报告,http://www.cninfo.com.cn/new/disclosure/detail?stockCode=002230&announcementId=1219744478&orgId=9900004565&announcementTime=2024-04-23,2024-04-24,2024-07-23,-0.079184
002229,鸿博股份,2023,2024-04-30,2023年年度报告,http://www.cninfo.com.cn/new/disclosure/detail?stockCode=002229&announcementId=1219918890&orgId=9900004546&announcementTime=2024-04-30,2024-05-06,2024-07-30,-0.479324
002231,*ST奥维,2023,2024-04-26,2023年年度报告,http://www.cninfo.com.cn/new/disclosure/detail?stockCode=002231&announcementId=1219825122&orgId=9900004566&announcementTime=2024-04-26,2024-04-29,2024-07-26,-0.397699
002232,启明信息,2023,2024-04-13,2023年年度报告,http://www.cninfo.com.cn/new/disclosure/detail?stockCode=002232&announcementId=1219596126&orgId=9900004567&announcementTime=2024-04-13,2024-04-15,2024-07-12,-0.017581
002233,塔牌集团,2023,2024-03-15,2023年年度报告,http://www.cninfo.com.cn/new/disclosure/detail?stockCode=002233&announcementId=1219307018&orgId=9900004603&announcementTime=2024-03-15,2024-03-18,2024-06-18,-0.063768
002234,民和股份,2023,2024-03-19,2023年年度报告,http://www.cninfo.com.cn/new/disclosure/detail?stockCode=002234&announcementId=1219328941&orgId=9900004604&announcementTime=2024-03-19,2024-03-20,2024-06-20,-0.123058
002235,安妮股份,2023,2024-04-30,2023年年度报告,http://www.cninfo.com.cn/new/disclosure/detail?stockCode=002235&announcementId=1219909935&orgId=9900004605&announcementTime=2024-04-30,2024-05-06,2024-07-30,-0.218617
002236,大华股份,2023,2024-04-16,2023年年度报告,http://www.cninfo.com.cn/new/disclosure/detail?stockCode=002236&announcementId=1219624275&orgId=9900004625&announcementTime=2024-04-16,2024-04-17,2024-07-16,-0.121419
002237,恒邦股份,2023,2024-03-27,2023年年度报告,http://www.cninfo.com.cn/new/disclosure/detail?stockCode=002237&announcementId=1219408595&orgId=9900004624&announcementTime=2024-03-27,2024-03-28,2024-06-28,0.102045
002238,天威视讯,2023,2024-04-02,2023年年度报告,http://www.cninfo.com.cn/new/disclosure/detail?stockCode=002238&announcementId=1219493503&orgId=9900004647&announcementTime=2024-04-02,2024-04-03,2024-07-04,-0.297867
002239,奥特佳,2023,2024-04-26,2023年年度报告,http://www.cninfo.com.cn/new/disclosure/detail?stockCode=002239&announcementId=1219828814&orgId=9900004648&announcementTime=2024-04-26,2024-04-29,2024-07-26,-0.130088
002240,盛新锂能,2023,2024-03-28,2023年年度报告,http://www.cninfo.com.cn/new/disclosure/detail?stockCode=002240&announcementId=1219425439&orgId=9900004687&announcementTime=2024-03-28,2024-03-29,2024-07-01,-0.269886
002241,歌尔股份,2023,2024-03-28,2023年年度报告,http://www.cninfo.com.cn/new/disclosure/detail?stockCode=002241&announcementId=1219428292&orgId=9900004688&announcementTime=2024-03-28,2024-03-29,2024-07-01,0.26337
002242,九阳股份,2023,2024-03-29,2023年年度报告,http://www.cninfo.com.cn/new/disclosure/detail?stockCode=002242&announcementId=1219448841&orgId=9900004732&announcementTime=2024-03-29,2024-04-01,2024-07-02,0.016243
002243,力合科创,2023,2024-03-27,2023年年度报告,http://www.cninfo.com.cn/new/disclosure/detail?stockCode=002243&announcementId=1219408107&orgId=9900004731&announcementTime=2024-03-27,2024-03-28,2024-06-28,-0.147414
002244,滨江集团,2023,2024-04-27,2023年年度报告,http://www.cninfo.com.cn/new/disclosure/detail?stockCode=002244&announcementId=1219860111&orgId=9900004730&announcementTime=2024-04-27,2024-04-29,2024-07-26,0.207897
002245,蔚蓝锂芯,2023,2024-04-03,2023年年度报告,http://www.cninfo.com.cn/new/disclosure/detail?stockCode=002245&announcementId=1219503730&orgId=9900004790&announcementTime=2024-04-03,2024-04-08,2024-07-05,-0.138081
002246,北化股份,2023,2024-04-27,2023年年度报告,http://www.cninfo.com.cn/new/disclosure/detail?stockCode=002246&announcementId=1219871078&orgId=9900004810&announcementTime=2024-04-27,2024-04-29,2024-07-26,-0.055944
002247,聚力文化,2023,2024-04-20,2023年年度报告,http://www.cninfo.com.cn/new/disclosure/detail?stockCode=002247&announcementId=1219691963&orgId=9900004830&announcementTime=2024-04-20,2024-04-22,2024-07-19,0.031325
002248,华东数控,2023,2024-04-25,2023年年度报告,http://www.cninfo.com.cn/new/disclosure/detail?stockCode=002248&announcementId=1219790869&orgId=9900004870&announcementTime=2024-04-25,2024-04-26,2024-07-25,-0.012688
002249,大洋电机,2023,2024-04-23,2023年年度报告,http://www.cninfo.com.cn/new/disclosure/detail?stockCode=002249&announcementId=1219745367&orgId=9900004896&announcementTime=2024-04-23,2024-04-24,2024-07-23,-0.096411
002250,联化科技,2023,2024-04-27,2023年年度报告,http://www.cninfo.com.cn/new/disclosure/detail?stockCode=002250&announcementId=1219864524&orgId=9900004895&announcementTime=2024-04-27,2024-04-29,2024-07-26,-0.129108
002251,步步高,2023,2024-04-30,2023年年度报告,http://www.cninfo.com.cn/new/disclosure/detail?stockCode=002251&announcementId=1219924931&orgId=9900004894&announcementTime=2024-04-30,2024-05-06,2024-07-30,-0.212913
002252,上海莱士,2023,2024-04-29,2023年年度报告,http://www.cninfo.com.cn/new/disclosure/detail?stockCode=002252&announcementId=1219867617&orgId=9900004910&announcementTime=2024-04-29,2024-04-30,2024-07-29,0.043349
002253,*ST智胜,2023,2024-03-29,2023年年度报告,http://www.cninfo.com.cn/new/disclosure/detail?stockCode=002253&announcementId=1219441751&orgId=9900004911&announcementTime=2024-03-29,2024-04-01,2024-07-02,-0.168324
002254,泰和新材,2023,2024-04-29,2023年年度报告,http://www.cninfo.com.cn/new/disclosure/detail?stockCode=002254&announcementId=1219866377&orgId=9900004933&announcementTime=2024-04-29,2024-04-30,2024-07-29,-0.240368
002255,海陆重工,2023,2024-03-20,2023年年度报告,http://www.cninfo.com.cn/new/disclosure/detail?stockCode=002255&announcementId=1219346582&orgId=9900004932&announcementTime=2024-03-20,2024-03-21,2024-06-21,-0.093525
002256,兆新股份,2023,2024-04-30,2023年年度报告,http://www.cninfo.com.cn/new/disclosure/detail?stockCode=002256&announcementId=1219908696&orgId=9900004931&announcementTime=2024-04-30,2024-05-06,2024-07-30,-0.238126
002258,利尔化学,2023,2024-03-23,2023年年度报告,http://www.cninfo.com.cn/new/disclosure/detail?stockCode=002258&announcementId=1219386344&orgId=9900004975&announcementTime=2024-03-23,2024-03-25,2024-06-25,-0.12925
002259,升达林业,2023,2024-04-09,2023年年度报告,http://www.cninfo.com.cn/new/disclosure/detail?stockCode=002259&announcementId=1219539028&orgId=9900004996&announcementTime=2024-04-09,2024-04-10,2024-07-09,-0.311321
002261,拓维信息,2023,2024-04-26,2023年年度报告,http://www.cninfo.com.cn/new/disclosure/detail?stockCode=002261&announcementId=1219829161&orgId=9900005034&announcementTime=2024-04-26,2024-04-29,2024-07-26,-0.250322
002262,恩华药业,2023,2024-03-30,2023年年度报告,http://www.cninfo.com.cn/new/disclosure/detail?stockCode=002262&announcementId=1219467934&orgId=9900005035&announcementTime=2024-03-30,2024-04-01,2024-07-02,0.091419
002263,大东南,2023,2024-03-15,2023年年度报告,http://www.cninfo.com.cn/new/disclosure/detail?stockCode=002263&announcementId=1219306500&orgId=9900005061&announcementTime=2024-03-15,2024-03-18,2024-06-20,-0.124201
002264,新 华 都,2023,2024-04-13,2023年年度报告,http://www.cninfo.com.cn/new/disclosure/detail?stockCode=002264&announcementId=1219593702&orgId=9900005062&announcementTime=2024-04-13,2024-04-15,2024-07-12,0.059992
002265,建设工业,2023,2024-04-18,2023年年度报告,http://www.cninfo.com.cn/new/disclosure/detail?stockCode=002265&announcementId=1219650522&orgId=9900005074&announcementTime=2024-04-18,2024-04-19,2024-07-18,-0.116597
002266,浙富控股,2023,2024-04-27,2023年年度报告,http://www.cninfo.com.cn/new/disclosure/detail?stockCode=002266&announcementId=1219864045&orgId=9900005075&announcementTime=2024-04-27,2024-04-29,2024-07-26,-0.140991
002267,陕天然气,2023,2024-04-23,2023年年度报告,http://www.cninfo.com.cn/new/disclosure/detail?stockCode=002267&announcementId=1219737362&orgId=9900005096&announcementTime=2024-04-23,2024-04-24,2024-07-23,0.064516
002268,电科网安,2023,2024-04-26,2023年年度报告,http://www.cninfo.com.cn/new/disclosure/detail?stockCode=002268&announcementId=1219825768&orgId=9900005097&announcementTime=2024-04-26,2024-04-29,2024-07-26,-0.267214
002269,美邦服饰,2023,2024-04-30,2023年年度报告,http://www.cninfo.com.cn/new/disclosure/detail?stockCode=002269&announcementId=1219909729&orgId=9900005143&announcementTime=2024-04-30,2024-05-06,2024-07-30,-0.298408
002270,华明装备,2023,2024-04-11,2023年年度报告,http://www.cninfo.com.cn/new/disclosure/detail?stockCode=002270&announcementId=1219567826&orgId=9900005198&announcementTime=2024-04-11,2024-04-12,2024-07-11,-0.014938
002271,东方雨虹,2023,2024-04-19,2023年年度报告,http://www.cninfo.com.cn/new/disclosure/detail?stockCode=002271&announcementId=1219673354&orgId=9900005238&announcementTime=2024-04-19,2024-04-22,2024-07-19,0.000897
002272,川润股份,2023,2024-04-30,2023年年度报告,http://www.cninfo.com.cn/new/disclosure/detail?stockCode=002272&announcementId=1219908169&orgId=9900005281&announcementTime=2024-04-30,2024-05-06,2024-07-30,-0.124276
002273,水晶光电,2023,2024-03-22,2023年年度报告,http://www.cninfo.com.cn/new/disclosure/detail?stockCode=002273&announcementId=1219373237&orgId=9900005282&announcementTime=2024-03-22,2024-03-25,2024-06-25,0.040234
002274,华昌化工,2023,2024-04-26,2023年年度报告,http://www.cninfo.com.cn/new/disclosure/detail?stockCode=002274&announcementId=1219825522&orgId=9900005320&announcementTime=2024-04-26,2024-04-29,2024-07-26,-0.143256
002275,桂林三金,2023,2024-04-26,2023年年度报告,http://www.cninfo.com.cn/new/disclosure/detail?stockCode=002275&announcementId=1219821384&orgId=9900007027&announcementTime=2024-04-26,2024-04-29,2024-07-26,-0.079336
002276,万马股份,2023,2024-04-10,2023年年度报告,http://www.cninfo.com.cn/new/disclosure/detail?stockCode=002276&announcementId=1219554452&orgId=9900007107&announcementTime=2024-04-10,2024-04-11,2024-07-10,-0.211067
002277,友阿股份,2023,2024-04-30,2023年年度报告,http://www.cninfo.com.cn/new/disclosure/detail?stockCode=002277&announcementId=1219906111&orgId=9900007247&announcementTime=2024-04-30,2024-05-06,2024-07-30,-0.158663
002278,神开股份,2023,2024-04-27,2023年年度报告,http://www.cninfo.com.cn/new/disclosure/detail?stockCode=002278&announcementId=1219859999&orgId=9900007787&announcementTime=2024-04-27,2024-04-29,2024-07-26,0.029598
002279,久其软件,2023,2024-04-26,2023年年度报告,http://www.cninfo.com.cn/new/disclosure/detail?stockCode=002279&announcementId=1219821327&orgId=9900000821&announcementTime=2024-04-26,2024-04-29,2024-07-26,-0.056674
002281,光迅科技,2023,2024-04-26,2023年年度报告,http://www.cninfo.com.cn/new/disclosure/detail?stockCode=002281&announcementId=1219826062&orgId=9900007888&announcementTime=2024-04-26,2024-04-29,2024-07-26,-0.135882
002282,博深股份,2023,2024-03-19,2023年年度报告,http://www.cninfo.com.cn/new/disclosure/detail?stockCode=002282&announcementId=1219329533&orgId=9900007908&announcementTime=2024-03-19,2024-03-20,2024-06-20,0.011212
002283,天润工业,2023,2024-03-20,2023年年度报告,http://www.cninfo.com.cn/new/disclosure/detail?stockCode=002283&announcementId=1219348176&orgId=9900007907&announcementTime=2024-03-20,2024-03-21,2024-06-21,-0.180321
002284,亚太股份,2023,2024-04-18,2023年年度报告,http://www.cninfo.com.cn/new/disclosure/detail?stockCode=002284&announcementId=1219646787&orgId=9900007913&announcementTime=2024-04-18,2024-04-19,2024-07-18,0.02955
002285,世联行,2023,2024-03-30,2023年年度报告,http://www.cninfo.com.cn/new/disclosure/detail?stockCode=002285&announcementId=1219471471&orgId=9900007914&announcementTime=2024-03-30,2024-04-01,2024-07-02,-0.114417
002286,保龄宝,2023,2024-02-07,2023年年度报告,http://www.cninfo.com.cn/new/disclosure/detail?stockCode=002286&announcementId=1219110472&orgId=9900007927&announcementTime=2024-02-07,2024-02-08,2024-05-17,0.391846
002287,奇正藏药,2023,2024-04-19,2023年年度报告,http://www.cninfo.com.cn/new/disclosure/detail?stockCode=002287&announcementId=1219662652&orgId=9900007928&announcementTime=2024-04-19,2024-04-22,2024-07-19,-0.112454
002289,*ST宇顺,2023,2024-04-29,2023年年度报告,http://www.cninfo.com.cn/new/disclosure/detail?stockCode=002289&announcementId=1219871193&orgId=9900007948&announcementTime=2024-04-29,2024-04-30,2024-07-29,-0.269581
002290,禾盛新材,2023,2024-03-20,2023年年度报告,http://www.cninfo.com.cn/new/disclosure/detail?stockCode=002290&announcementId=1219345102&orgId=9900007968&announcementTime=2024-03-20,2024-03-21,2024-06-21,-0.038766
002291,遥望科技,2023,2024-04-30,2023年年度报告,http://www.cninfo.com.cn/new/disclosure/detail?stockCode=002291&announcementId=1219917492&orgId=9900007969&announcementTime=2024-04-30,2024-05-06,2024-07-30,-0.307767
002292,奥飞娱乐,2023,2024-04-30,2023年年度报告,http://www.cninfo.com.cn/new/disclosure/detail?stockCode=002292&announcementId=1219918263&orgId=9900007988&announcementTime=2024-04-30,2024-05-06,2024-07-30,-0.217437
002293,罗莱生活,2023,2024-04-27,2023年年度报告,http://www.cninfo.com.cn/new/disclosure/detail?stockCode=002293&announcementId=1219864314&orgId=9900008009&announcementTime=2024-04-27,2024-04-29,2024-07-26,-0.140642
002294,信立泰,2023,2024-03-26,2023年年度报告,http://www.cninfo.com.cn/new/disclosure/detail?stockCode=002294&announcementId=1219404372&orgId=9900008010&announcementTime=2024-03-26,2024-03-27,2024-06-27,0.010069
002296,辉煌科技,2023,2024-04-19,2023年年度报告,http://www.cninfo.com.cn/new/disclosure/detail?stockCode=002296&announcementId=1219672030&orgId=9900008169&announcementTime=2024-04-19,2024-04-22,2024-07-19,-0.028787
002295,精艺股份,2023,2024-04-27,2023年年度报告,http://www.cninfo.com.cn/new/disclosure/detail?stockCode=002295&announcementId=1219867409&orgId=9900008168&announcementTime=2024-04-27,2024-04-29,2024-07-26,-0.163009
002298,中电鑫龙,2023,2024-04-26,2023年年度报告,http://www.cninfo.com.cn/new/disclosure/detail?stockCode=002298&announcementId=1219831448&orgId=9900008208&announcementTime=2024-04-26,2024-04-29,2024-07-26,-0.335025
002297,博云新材,2023,2024-04-03,2023年年度报告,http://www.cninfo.com.cn/new/disclosure/detail?stockCode=002297&announcementId=1219504204&orgId=9900008207&announcementTime=2024-04-03,2024-04-08,2024-07-05,-0.148885
002300,太阳电缆,2023,2024-04-11,2023年年度报告,http://www.cninfo.com.cn/new/disclosure/detail?stockCode=002300&announcementId=1219567842&orgId=9900008410&announcementTime=2024-04-11,2024-04-12,2024-07-11,-0.137004
002299,圣农发展,2023,2024-03-28,2023年年度报告,http://www.cninfo.com.cn/new/disclosure/detail?stockCode=002299&announcementId=1219428601&orgId=9900008409&announcementTime=2024-03-28,2024-03-29,2024-07-01,-0.091467
002301,齐心集团,2023,2024-04-23,2023年年度报告,http://www.cninfo.com.cn/new/disclosure/detail?stockCode=002301&announcementId=1219737128&orgId=9900008467&announcementTime=2024-04-23,2024-04-24,2024-07-23,-0.111067
002302,西部建设,2023,2024-04-03,2023年年度报告,http://www.cninfo.com.cn/new/disclosure/detail?stockCode=002302&announcementId=1219503649&orgId=9900008615&announcementTime=2024-04-03,2024-04-08,2024-07-05,-0.235192
002303,美盈森,2023,2024-04-12,2023年年度报告,http://www.cninfo.com.cn/new/disclosure/detail?stockCode=002303&announcementId=1219582401&orgId=9900008616&announcementTime=2024-04-12,2024-04-15,2024-07-12,-0.165461
002304,洋河股份,2023,2024-04-27,2023年年度报告,http://www.cninfo.com.cn/new/disclosure/detail?stockCode=002304&announcementId=1219873234&orgId=9900008689&announcementTime=2024-04-27,2024-04-29,2024-07-26,-0.100562
002305,*ST南置,2023,2024-04-25,2023年年度报告,http://www.cninfo.com.cn/new/disclosure/detail?stockCode=002305&announcementId=1219798518&orgId=9900008690&announcementTime=2024-04-25,2024-04-26,2024-07-25,-0.031809
002306,*ST云网,2023,2024-04-30,2023年年度报告,http://www.cninfo.com.cn/new/disclosure/detail?stockCode=002306&announcementId=1219923026&orgId=9900008769&announcementTime=2024-04-30,2024-05-06,2024-07-30,-0.21685
002307,北新路桥,2023,2024-04-20,2023年年度报告,http://www.cninfo.com.cn/new/disclosure/detail?stockCode=002307&announcementId=1219706769&orgId=9900008770&announcementTime=2024-04-20,2024-04-22,2024-07-19,-0.228982
002309,中利集团,2023,2024-04-24,2023年年度报告,http://www.cninfo.com.cn/new/disclosure/detail?stockCode=002309&announcementId=1219775289&orgId=9900008969&announcementTime=2024-04-24,2024-04-25,2024-07-24,0.106457
002310,东方新能,2023,2024-04-27,2023年年度报告,http://www.cninfo.com.cn/new/disclosure/detail?stockCode=002310&announcementId=1219871972&orgId=9900009031&announcementTime=2024-04-27,2024-04-30,2024-07-29,0.6
002312,川发龙蟒,2023,2024-04-23,2023年年度报告,http://www.cninfo.com.cn/new/disclosure/detail?stockCode=002312&announcementId=1219739317&orgId=9900009110&announcementTime=2024-04-23,2024-04-24,2024-07-23,0.042952
002311,海大集团,2023,2024-04-23,2023年年度报告,http://www.cninfo.com.cn/new/disclosure/detail?stockCode=002311&announcementId=1219735739&orgId=9900009032&announcementTime=2024-04-23,2024-04-24,2024-07-23,-0.107614
002313,日海智能,2023,2024-03-29,2023年年度报告,http://www.cninfo.com.cn/new/disclosure/detail?stockCode=002313&announcementId=1219449018&orgId=9900009111&announcementTime=2024-03-29,2024-04-01,2024-07-02,-0.318962
002314,南山控股,2023,2024-03-30,2023年年度报告,http://www.cninfo.com.cn/new/disclosure/detail?stockCode=002314&announcementId=1219468516&orgId=9900009112&announcementTime=2024-03-30,2024-04-01,2024-07-02,-0.144759
002315,焦点科技,2023,2024-02-23,2023年年度报告,http://www.cninfo.com.cn/new/disclosure/detail?stockCode=002315&announcementId=1219156927&orgId=9900009170&announcementTime=2024-02-23,2024-02-26,2024-05-27,0.011132
002316,亚联发展,2023,2024-04-30,2023年年度报告,http://www.cninfo.com.cn/new/disclosure/detail?stockCode=002316&announcementId=1219914359&orgId=9900009171&announcementTime=2024-04-30,2024-05-06,2024-07-30,-0.217881
002317,众生药业,2023,2024-04-23,2023年年度报告,http://www.cninfo.com.cn/new/disclosure/detail?stockCode=002317&announcementId=1219744587&orgId=9900009189&announcementTime=2024-04-23,2024-04-24,2024-07-23,-0.196814
002318,久立特材,2023,2024-04-30,2023年年度报告,http://www.cninfo.com.cn/new/disclosure/detail?stockCode=002318&announcementId=1219908868&orgId=9900009190&announcementTime=2024-04-30,2024-05-06,2024-07-30,-0.175031
002320,海峡股份,2023,2024-03-30,2023年年度报告,http://www.cninfo.com.cn/new/disclosure/detail?stockCode=002320&announcementId=1219468828&orgId=9900009333&announcementTime=2024-03-30,2024-04-01,2024-07-02,-0.164831
002319,乐通股份,2023,2024-04-27,2023年年度报告,http://www.cninfo.com.cn/new/disclosure/detail?stockCode=002319&announcementId=1219863232&orgId=9900009191&announcementTime=2024-04-27,2024-04-29,2024-07-26,-0.225011
002321,华英农业,2023,2024-04-20,2023年年度报告,http://www.cninfo.com.cn/new/disclosure/detail?stockCode=002321&announcementId=1219690595&orgId=9900009334&announcementTime=2024-04-20,2024-04-22,2024-07-19,-0.048571
002322,理工能科,2023,2024-04-12,2023年年度报告,http://www.cninfo.com.cn/new/disclosure/detail?stockCode=002322&announcementId=1219584541&orgId=9900009448&announcementTime=2024-04-12,2024-04-15,2024-07-12,0.223242
002324,普利特,2023,2024-04-19,2023年年度报告,http://www.cninfo.com.cn/new/disclosure/detail?stockCode=002324&announcementId=1219670523&orgId=9900009450&announcementTime=2024-04-19,2024-04-22,2024-07-19,-0.209548
002323,雅博股份,2023,2024-03-30,2023年年度报告,http://www.cninfo.com.cn/new/disclosure/detail?stockCode=002323&announcementId=1219465500&orgId=9900009449&announcementTime=2024-03-30,2024-04-01,2024-07-02,-0.298417
002326,永太科技,2023,2024-04-26,2023年年度报告,http://www.cninfo.com.cn/new/disclosure/detail?stockCode=002326&announcementId=1219827732&orgId=9900009510&announcementTime=2024-04-26,2024-04-29,2024-07-26,-0.214707
002327,富安娜,2023,2024-04-26,2023年年度报告,http://www.cninfo.com.cn/new/disclosure/detail?stockCode=002327&announcementId=1219843130&orgId=9900009727&announcementTime=2024-04-26,2024-04-29,2024-07-26,-0.134726
002328,新朋股份,2023,2024-04-25,2023年年度报告,http://www.cninfo.com.cn/new/disclosure/detail?stockCode=002328&announcementId=1219788415&orgId=9900009728&announcementTime=2024-04-25,2024-04-26,2024-07-25,-0.034153
002329,皇氏集团,2023,2024-04-26,2023年年度报告,http://www.cninfo.com.cn/new/disclosure/detail?stockCode=002329&announcementId=1219842467&orgId=9900009827&announcementTime=2024-04-26,2024-04-29,2024-07-26,-0.356688
002331,皖通科技,2023,2024-04-27,2023年年度报告,http://www.cninfo.com.cn/new/disclosure/detail?stockCode=002331&announcementId=1219854929&orgId=9900009829&announcementTime=2024-04-27,2024-04-29,2024-07-26,0.140872
002330,得利斯,2023,2024-04-24,2023年年度报告,http://www.cninfo.com.cn/new/disclosure/detail?stockCode=002330&announcementId=1219773127&orgId=9900009828&announcementTime=2024-04-24,2024-04-25,2024-07-24,-0.100962
002332,仙琚制药,2023,2024-04-25,2023年年度报告,http://www.cninfo.com.cn/new/disclosure/detail?stockCode=002332&announcementId=1219798621&orgId=9900009947&announcementTime=2024-04-25,2024-04-26,2024-07-25,0.0
002333,罗普斯金,2023,2024-04-26,2023年年度报告,http://www.cninfo.com.cn/new/disclosure/detail?stockCode=002333&announcementId=1219834374&orgId=9900009948&announcementTime=2024-04-26,2024-04-29,2024-07-26,-0.145716
002335,科华数据,2023,2024-04-26,2023年年度报告,http://www.cninfo.com.cn/new/disclosure/detail?stockCode=002335&announcementId=1219828957&orgId=9900010032&announcementTime=2024-04-26,2024-04-29,2024-07-26,-0.270598
002334,英威腾,2023,2024-04-09,2023年年度报告,http://www.cninfo.com.cn/new/disclosure/detail?stockCode=002334&announcementId=1219538655&orgId=9900010031&announcementTime=2024-04-09,2024-04-10,2024-07-09,-0.276989
002337,赛象科技,2023,2024-04-25,2023年年度报告,http://www.cninfo.com.cn/new/disclosure/detail?stockCode=002337&announcementId=1219787255&orgId=9900010087&announcementTime=2024-04-25,2024-04-26,2024-07-25,-0.15401
002338,奥普光电,2023,2024-04-26,2023年年度报告,http://www.cninfo.com.cn/new/disclosure/detail?stockCode=002338&announcementId=1219819887&orgId=9900010088&announcementTime=2024-04-26,2024-04-29,2024-07-26,0.058021
002340,格林美,2023,2024-04-27,2023年年度报告,http://www.cninfo.com.cn/new/disclosure/detail?stockCode=002340&announcementId=1219871582&orgId=9900010252&announcementTime=2024-04-27,2024-04-29,2024-07-26,-0.054268
002339,积成电子,2023,2024-04-26,2023年年度报告,http://www.cninfo.com.cn/new/disclosure/detail?stockCode=002339&announcementId=1219821997&orgId=9900010251&announcementTime=2024-04-26,2024-04-29,2024-07-26,-0.162201
002342,巨力索具,2023,2024-04-27,2023年年度报告,http://www.cninfo.com.cn/new/disclosure/detail?stockCode=002342&announcementId=1219857245&orgId=9900010327&announcementTime=2024-04-27,2024-04-29,2024-07-26,-0.108209
002343,慈文传媒,2023,2024-04-19,2023年年度报告,http://www.cninfo.com.cn/new/disclosure/detail?stockCode=002343&announcementId=1219671134&orgId=9900010328&announcementTime=2024-04-19,2024-04-22,2024-07-19,-0.359474
002344,海宁皮城,2023,2024-04-03,2023年年度报告,http://www.cninfo.com.cn/new/disclosure/detail?stockCode=002344&announcementId=1219505393&orgId=9900010329&announcementTime=2024-04-03,2024-04-08,2024-07-05,-0.174118
002345,潮宏基,2023,2024-04-27,2023年年度报告,http://www.cninfo.com.cn/new/disclosure/detail?stockCode=002345&announcementId=1219869057&orgId=9900010347&announcementTime=2024-04-27,2024-04-29,2024-07-26,-0.295479
002346,柘中股份,2023,2024-04-26,2023年年度报告,http://www.cninfo.com.cn/new/disclosure/detail?stockCode=002346&announcementId=1219829318&orgId=9900010348&announcementTime=2024-04-26,2024-04-29,2024-07-26,-0.157551
002347,泰尔股份,2023,2024-04-26,2023年年度报告,http://www.cninfo.com.cn/new/disclosure/detail?stockCode=002347&announcementId=1219830683&orgId=9900010349&announcementTime=2024-04-26,2024-04-29,2024-07-26,-0.104637
002348,高乐股份,2023,2024-04-26,2023年年度报告,http://www.cninfo.com.cn/new/disclosure/detail?stockCode=002348&announcementId=1219819724&orgId=9900010387&announcementTime=2024-04-26,2024-04-29,2024-07-26,-0.224323
002349,精华制药,2023,2024-04-19,2023年年度报告,http://www.cninfo.com.cn/new/disclosure/detail?stockCode=002349&announcementId=1219664526&orgId=9900010389&announcementTime=2024-04-19,2024-04-22,2024-07-19,-0.099416
002351,漫步者,2023,2024-04-26,2023年年度报告,http://www.cninfo.com.cn/new/disclosure/detail?stockCode=002351&announcementId=1219826265&orgId=9900010447&announcementTime=2024-04-26,2024-04-29,2024-07-26,-0.059116
002350,北京科锐,2023,2024-04-17,2023年年度报告,http://www.cninfo.com.cn/new/disclosure/detail?stockCode=002350&announcementId=1219637036&orgId=9900010388&announcementTime=2024-04-17,2024-04-18,2024-07-17,-0.020824
002352,顺丰控股,2023,2024-03-27,2023年年度报告,http://www.cninfo.com.cn/new/disclosure/detail?stockCode=002352&announcementId=1219410699&orgId=9900010448&announcementTime=2024-03-27,2024-03-28,2024-06-28,0.004323
002353,杰瑞股份,2023,2024-04-03,2023年年度报告,http://www.cninfo.com.cn/new/disclosure/detail?stockCode=002353&announcementId=1219506639&orgId=9900010449&announcementTime=2024-04-03,2024-04-08,2024-07-05,0.06581
002354,天娱数科,2023,2024-04-25,2023年年度报告,http://www.cninfo.com.cn/new/disclosure/detail?stockCode=002354&announcementId=1219794971&orgId=9900010489&announcementTime=2024-04-25,2024-04-26,2024-07-25,-0.337209
002355,兴民智通,2023,2024-04-30,2023年年度报告,http://www.cninfo.com.cn/new/disclosure/detail?stockCode=002355&announcementId=1219920855&orgId=9900010490&announcementTime=2024-04-30,2024-05-06,2024-07-30,0.170394
002356,赫美集团,2023,2024-03-29,2023年年度报告,http://www.cninfo.com.cn/new/disclosure/detail?stockCode=002356&announcementId=1219448910&orgId=9900010491&announcementTime=2024-03-29,2024-04-01,2024-07-02,-0.269928
002357,富临运业,2023,2024-04-26,2023年年度报告,http://www.cninfo.com.cn/new/disclosure/detail?stockCode=002357&announcementId=1219826771&orgId=9900010527&announcementTime=2024-04-26,2024-04-29,2024-07-26,0.176585
002358,森源电气,2023,2024-04-26,2023年年度报告,http://www.cninfo.com.cn/new/disclosure/detail?stockCode=002358&announcementId=1219827471&orgId=9900010528&announcementTime=2024-04-26,2024-04-29,2024-07-26,-0.149249
002360,同德化工,2023,2024-04-16,2023年年度报告,http://www.cninfo.com.cn/new/disclosure/detail?stockCode=002360&announcementId=1219621234&orgId=9900010767&announcementTime=2024-04-16,2024-04-17,2024-07-16,-0.129137
002361,神剑股份,2023,2024-04-27,2023年年度报告,http://www.cninfo.com.cn/new/disclosure/detail?stockCode=002361&announcementId=1219854020&orgId=9900010768&announcementTime=2024-04-27,2024-04-29,2024-07-26,-0.050251
002362,汉王科技,2023,2024-03-30,2023年年度报告,http://www.cninfo.com.cn/new/disclosure/detail?stockCode=002362&announcementId=1219468640&orgId=9900010769&announcementTime=2024-03-30,2024-04-01,2024-07-02,-0.188399
002363,隆基机械,2023,2024-04-29,2023年年度报告,http://www.cninfo.com.cn/new/disclosure/detail?stockCode=002363&announcementId=1219868360&orgId=9900010847&announcementTime=2024-04-29,2024-04-30,2024-07-29,-0.142105
002364,中恒电气,2023,2024-04-27,2023年年度报告,http://www.cninfo.com.cn/new/disclosure/detail?stockCode=002364&announcementId=1219857583&orgId=9900010848&announcementTime=2024-04-27,2024-04-29,2024-07-26,-0.024305
002365,永安药业,2023,2024-04-19,2023年年度报告,http://www.cninfo.com.cn/new/disclosure/detail?stockCode=002365&announcementId=1219670639&orgId=9900010849&announcementTime=2024-04-19,2024-04-22,2024-07-19,0.071961
002366,融发核电,2023,2024-04-25,2023年年度报告,http://www.cninfo.com.cn/new/disclosure/detail?stockCode=002366&announcementId=1219804281&orgId=9900010927&announcementTime=2024-04-25,2024-04-26,2024-07-25,-0.246914
002368,太极股份,2023,2024-04-18,2023年年度报告,http://www.cninfo.com.cn/new/disclosure/detail?stockCode=002368&announcementId=1219648035&orgId=9900010929&announcementTime=2024-04-18,2024-04-19,2024-07-18,-0.270721
002367,康力电梯,2023,2024-03-28,2023年年度报告,http://www.cninfo.com.cn/new/disclosure/detail?stockCode=002367&announcementId=1219430192&orgId=9900010928&announcementTime=2024-03-28,2024-03-29,2024-07-01,-0.137681
002369,卓翼科技,2023,2024-04-23,2023年年度报告,http://www.cninfo.com.cn/new/disclosure/detail?stockCode=002369&announcementId=1219740393&orgId=9900011030&announcementTime=2024-04-23,2024-04-24,2024-07-23,-0.135928
002370,亚太药业,2023,2024-03-30,2023年年度报告,http://www.cninfo.com.cn/new/disclosure/detail?stockCode=002370&announcementId=1219471085&orgId=9900011032&announcementTime=2024-03-30,2024-04-01,2024-07-02,-0.272872
002372,伟星新材,2023,2024-04-09,2023年年度报告,http://www.cninfo.com.cn/new/disclosure/detail?stockCode=002372&announcementId=1219540563&orgId=9900011087&announcementTime=2024-04-09,2024-04-10,2024-07-09,-0.038338
002371,北方华创,2023,2024-04-30,2023年年度报告,http://www.cninfo.com.cn/new/disclosure/detail?stockCode=002371&announcementId=1219908921&orgId=9900006137&announcementTime=2024-04-30,2024-05-06,2024-07-30,0.042602
002374,中锐股份,2023,2024-04-20,2023年年度报告,http://www.cninfo.com.cn/new/disclosure/detail?stockCode=002374&announcementId=1219708026&orgId=9900011089&announcementTime=2024-04-20,2024-04-22,2024-07-19,-0.342457
002373,千方科技,2023,2024-04-18,2023年年度报告,http://www.cninfo.com.cn/new/disclosure/detail?stockCode=002373&announcementId=1219653791&orgId=9900011088&announcementTime=2024-04-18,2024-04-19,2024-07-18,-0.103075
002375,亚厦股份,2023,2024-04-30,2023年年度报告,http://www.cninfo.com.cn/new/disclosure/detail?stockCode=002375&announcementId=1219914059&orgId=9900011247&announcementTime=2024-04-30,2024-05-06,2024-07-30,-0.183931
002376,新北洋,2023,2024-04-27,2023年年度报告,http://www.cninfo.com.cn/new/disclosure/detail?stockCode=002376&announcementId=1219867504&orgId=9900011249&announcementTime=2024-04-27,2024-04-29,2024-07-26,-0.104953
002377,国创高新,2023,2024-04-27,2023年年度报告,http://www.cninfo.com.cn/new/disclosure/detail?stockCode=002377&announcementId=1219864990&orgId=9900011248&announcementTime=2024-04-27,2024-04-30,2024-07-29,-0.336372
002378,章源钨业,2023,2024-04-23,2023年年度报告,http://www.cninfo.com.cn/new/disclosure/detail?stockCode=002378&announcementId=1219743585&orgId=9900011447&announcementTime=2024-04-23,2024-04-24,2024-07-23,-0.165616
002379,宏桥控股,2023,2024-03-22,2023年年度报告,http://www.cninfo.com.cn/new/disclosure/detail?stockCode=002379&announcementId=1219373308&orgId=9900011448&announcementTime=2024-03-22,2024-03-25,2024-06-25,0.434871
002380,科远智慧,2023,2024-04-26,2023年年度报告,http://www.cninfo.com.cn/new/disclosure/detail?stockCode=002380&announcementId=1219814781&orgId=9900011449&announcementTime=2024-04-26,2024-04-29,2024-07-26,-0.000551
002382,蓝帆医疗,2023,2024-04-27,2023年年度报告,http://www.cninfo.com.cn/new/disclosure/detail?stockCode=002382&announcementId=1219855304&orgId=9900011548&announcementTime=2024-04-27,2024-04-29,2024-07-26,-0.206484
002381,双箭股份,2023,2024-03-28,2023年年度报告,http://www.cninfo.com.cn/new/disclosure/detail?stockCode=002381&announcementId=1219426094&orgId=9900011547&announcementTime=2024-03-28,2024-03-29,2024-07-01,-0.071677
002384,东山精密,2023,2024-04-18,2023年年度报告,http://www.cninfo.com.cn/new/disclosure/detail?stockCode=002384&announcementId=1219652459&orgId=9900011647&announcementTime=2024-04-18,2024-04-19,2024-07-18,0.840526
002383,合众思壮,2023,2024-04-12,2023年年度报告,http://www.cninfo.com.cn/new/disclosure/detail?stockCode=002383&announcementId=1219581751&orgId=9900011549&announcementTime=2024-04-12,2024-04-15,2024-07-12,-0.199133
002386,天原股份,2023,2024-04-29,2023年年度报告,http://www.cninfo.com.cn/new/disclosure/detail?stockCode=002386&announcementId=1219859860&orgId=9900011649&announcementTime=2024-04-29,2024-04-30,2024-07-29,-0.157466
002385,大北农,2023,2024-04-26,2023年年度报告,http://www.cninfo.com.cn/new/disclosure/detail?stockCode=002385&announcementId=1219831744&orgId=9900011648&announcementTime=2024-04-26,2024-04-29,2024-07-26,-0.145855
002388,新亚制程,2023,2024-04-30,2023年年度报告,http://www.cninfo.com.cn/new/disclosure/detail?stockCode=002388&announcementId=1219926697&orgId=9900011729&announcementTime=2024-04-30,2024-05-06,2024-07-30,-0.261606
002387,维信诺,2023,2024-04-30,2023年年度报告,http://www.cninfo.com.cn/new/disclosure/detail?stockCode=002387&announcementId=1219922645&orgId=9900011728&announcementTime=2024-04-30,2024-05-06,2024-07-30,-0.189493
002390,信邦制药,2023,2024-04-16,2023年年度报告,http://www.cninfo.com.cn/new/disclosure/detail?stockCode=002390&announcementId=1219618646&orgId=9900011847&announcementTime=2024-04-16,2024-04-17,2024-07-16,-0.068676
002389,航天彩虹,2023,2024-03-30,2023年年度报告,http://www.cninfo.com.cn/new/disclosure/detail?stockCode=002389&announcementId=1219468722&orgId=9900011727&announcementTime=2024-03-30,2024-04-01,2024-07-02,-0.168888
002392,北京利尔,2023,2024-04-30,2023年年度报告,http://www.cninfo.com.cn/new/disclosure/detail?stockCode=002392&announcementId=1219904111&orgId=9900012090&announcementTime=2024-04-30,2024-05-06,2024-07-30,-0.191957
002391,长青股份,2023,2024-04-18,2023年年度报告,http://www.cninfo.com.cn/new/disclosure/detail?stockCode=002391&announcementId=1219653607&orgId=9900011848&announcementTime=2024-04-18,2024-04-19,2024-07-18,-0.036469
002393,力生制药,2023,2024-03-22,2023年年度报告,http://www.cninfo.com.cn/new/disclosure/detail?stockCode=002393&announcementId=1219375791&orgId=9900012091&announcementTime=2024-03-22,2024-03-25,2024-06-25,-0.098457
002394,联发股份,2023,2024-04-30,2023年年度报告,http://www.cninfo.com.cn/new/disclosure/detail?stockCode=002394&announcementId=1219907759&orgId=9900012092&announcementTime=2024-04-30,2024-05-06,2024-07-30,-0.159526
002395,双象股份,2023,2024-04-16,2023年年度报告,http://www.cninfo.com.cn/new/disclosure/detail?stockCode=002395&announcementId=1219623661&orgId=9900012130&announcementTime=2024-04-16,2024-04-17,2024-07-16,0.082339
002396,星网锐捷,2023,2024-03-29,2023年年度报告,http://www.cninfo.com.cn/new/disclosure/detail?stockCode=002396&announcementId=1219438882&orgId=9900012131&announcementTime=2024-03-29,2024-04-01,2024-07-02,-0.209477
002398,垒知集团,2023,2024-04-16,2023年年度报告,http://www.cninfo.com.cn/new/disclosure/detail?stockCode=002398&announcementId=1219618597&orgId=9900012290&announcementTime=2024-04-16,2024-04-17,2024-07-16,-0.017642
002399,海普瑞,2023,2024-03-29,2023年年度报告,http://www.cninfo.com.cn/new/disclosure/detail?stockCode=002399&announcementId=1219453224&orgId=9900012288&announcementTime=2024-03-29,2024-04-01,2024-07-02,0.033344
002400,省广集团,2023,2024-03-28,2023年年度报告,http://www.cninfo.com.cn/new/disclosure/detail?stockCode=002400&announcementId=1219425591&orgId=9900012289&announcementTime=2024-03-28,2024-03-29,2024-07-01,-0.153287
002397,梦洁股份,2023,2024-04-29,2023年年度报告,http://www.cninfo.com.cn/new/disclosure/detail?stockCode=002397&announcementId=1219871569&orgId=9900012129&announcementTime=2024-04-29,2024-04-30,2024-07-29,-0.313267
002401,中远海科,2023,2024-04-03,2023年年度报告,http://www.cninfo.com.cn/new/disclosure/detail?stockCode=002401&announcementId=1219505722&orgId=9900012287&announcementTime=2024-04-03,2024-04-08,2024-07-05,-0.103688
002403,爱仕达,2023,2024-04-29,2023年年度报告,http://www.cninfo.com.cn/new/disclosure/detail?stockCode=002403&announcementId=1219872266&orgId=9900012349&announcementTime=2024-04-29,2024-04-30,2024-07-29,-0.173561
002402,和而泰,2023,2024-03-30,2023年年度报告,http://www.cninfo.com.cn/new/disclosure/detail?stockCode=002402&announcementId=1219472436&orgId=9900012348&announcementTime=2024-03-30,2024-04-01,2024-07-02,-0.133054
002404,嘉欣丝绸,2023,2024-04-10,2023年年度报告,http://www.cninfo.com.cn/new/disclosure/detail?stockCode=002404&announcementId=1219551989&orgId=9900012350&announcementTime=2024-04-10,2024-04-11,2024-07-10,-0.00722
002405,四维图新,2023,2024-04-30,2023年年度报告,http://www.cninfo.com.cn/new/disclosure/detail?stockCode=002405&announcementId=1219915982&orgId=9900012447&announcementTime=2024-04-30,2024-05-06,2024-07-30,-0.067887
002407,多氟多,2023,2024-03-29,2023年年度报告,http://www.cninfo.com.cn/new/disclosure/detail?stockCode=002407&announcementId=1219437815&orgId=9900012449&announcementTime=2024-03-29,2024-04-01,2024-07-02,-0.13657
002406,远东传动,2023,2024-03-26,2023年年度报告,http://www.cninfo.com.cn/new/disclosure/detail?stockCode=002406&announcementId=1219404719&orgId=9900012448&announcementTime=2024-03-26,2024-03-27,2024-06-27,-0.248775
002408,齐翔腾达,2023,2024-04-27,2023年年度报告,http://www.cninfo.com.cn/new/disclosure/detail?stockCode=002408&announcementId=1219870416&orgId=9900012450&announcementTime=2024-04-27,2024-04-29,2024-07-26,-0.011799
002410,广联达,2023,2024-03-26,2023年年度报告,http://www.cninfo.com.cn/new/disclosure/detail?stockCode=002410&announcementId=1219402662&orgId=9900012609&announcementTime=2024-03-26,2024-03-27,2024-06-27,-0.198213
002412,汉森制药,2023,2024-04-27,2023年年度报告,http://www.cninfo.com.cn/new/disclosure/detail?stockCode=002412&announcementId=1219863503&orgId=9900012608&announcementTime=2024-04-27,2024-04-29,2024-07-26,-0.026125
002414,高德红外,2023,2024-04-16,2023年年度报告,http://www.cninfo.com.cn/new/disclosure/detail?stockCode=002414&announcementId=1219621953&orgId=9900012687&announcementTime=2024-04-16,2024-04-17,2024-07-16,-0.02866
002415,海康威视,2023,2024-04-20,2023年年度报告,http://www.cninfo.com.cn/new/disclosure/detail?stockCode=002415&announcementId=1219703072&orgId=9900012688&announcementTime=2024-04-20,2024-04-22,2024-07-19,-0.01809
002416,爱施德,2023,2024-04-26,2023年年度报告,http://www.cninfo.com.cn/new/disclosure/detail?stockCode=002416&announcementId=1219840204&orgId=9900012689&announcementTime=2024-04-26,2024-04-29,2024-07-26,-0.218999
002418,康盛股份,2023,2024-04-26,2023年年度报告,http://www.cninfo.com.cn/new/disclosure/detail?stockCode=002418&announcementId=1219842762&orgId=9900012728&announcementTime=2024-04-26,2024-04-29,2024-07-26,-0.212947
002419,天虹股份,2023,2024-03-15,2023年年度报告,http://www.cninfo.com.cn/new/disclosure/detail?stockCode=002419&announcementId=1219306692&orgId=9900012729&announcementTime=2024-03-15,2024-03-18,2024-06-18,-0.068388
002421,达实智能,2023,2024-04-30,2023年年度报告,http://www.cninfo.com.cn/new/disclosure/detail?stockCode=002421&announcementId=1219916603&orgId=9900012787&announcementTime=2024-04-30,2024-05-06,2024-07-30,-0.216446
002420,毅昌科技,2023,2024-03-15,2023年年度报告,http://www.cninfo.com.cn/new/disclosure/detail?stockCode=002420&announcementId=1219306982&orgId=9900012730&announcementTime=2024-03-15,2024-03-18,2024-06-18,0.017621
002422,科伦药业,2023,2024-04-25,2023年年度报告,http://www.cninfo.com.cn/new/disclosure/detail?stockCode=002422&announcementId=1219802169&orgId=9900012788&announcementTime=2024-04-25,2024-04-26,2024-07-25,0.007165
002423,中粮资本,2023,2024-04-26,2023年年度报告,http://www.cninfo.com.cn/new/disclosure/detail?stockCode=002423&announcementId=1219819064&orgId=9900012789&announcementTime=2024-04-26,2024-04-29,2024-07-26,-0.054422
002424,ST百灵,2023,2024-04-30,2023年年度报告,http://www.cninfo.com.cn/new/disclosure/detail?stockCode=002424&announcementId=1219927538&orgId=9900012790&announcementTime=2024-04-30,2024-05-06,2024-07-30,-0.426721
002425,凯撒文化,2023,2024-04-30,2023年年度报告,http://www.cninfo.com.cn/new/disclosure/detail?stockCode=002425&announcementId=1219913596&orgId=9900012831&announcementTime=2024-04-30,2024-05-06,2024-07-30,-0.150347
002426,胜利精密,2023,2024-04-26,2023年年度报告,http://www.cninfo.com.cn/new/disclosure/detail?stockCode=002426&announcementId=1219831116&orgId=9900012832&announcementTime=2024-04-26,2024-04-29,2024-07-26,-0.083146
002427,尤夫股份,2023,2024-04-27,2023年年度报告,http://www.cninfo.com.cn/new/disclosure/detail?stockCode=002427&announcementId=1219863652&orgId=9900012833&announcementTime=2024-04-27,2024-04-29,2024-07-26,-0.168605
002428,云南锗业,2023,2024-03-29,2023年年度报告,http://www.cninfo.com.cn/new/disclosure/detail?stockCode=002428&announcementId=1219445329&orgId=9900012834&announcementTime=2024-03-29,2024-04-01,2024-07-02,0.031824
002429,兆驰股份,2023,2024-04-13,2023年年度报告,http://www.cninfo.com.cn/new/disclosure/detail?stockCode=002429&announcementId=1219597033&orgId=9900012873&announcementTime=2024-04-13,2024-04-15,2024-07-12,0.04162
002430,杭氧股份,2023,2024-03-28,2023年年度报告,http://www.cninfo.com.cn/new/disclosure/detail?stockCode=002430&announcementId=1219427888&orgId=9900012874&announcementTime=2024-03-28,2024-03-29,2024-07-01,-0.198851
002431,棕榈股份,2023,2024-04-27,2023年年度报告,http://www.cninfo.com.cn/new/disclosure/detail?stockCode=002431&announcementId=1219870541&orgId=9900012875&announcementTime=2024-04-27,2024-04-29,2024-07-26,-0.237173
002432,九安医疗,2023,2024-04-29,2023年年度报告,http://www.cninfo.com.cn/new/disclosure/detail?stockCode=002432&announcementId=1219869090&orgId=9900012876&announcementTime=2024-04-29,2024-04-30,2024-07-29,-0.060972
002434,万里扬,2023,2024-04-25,2023年年度报告,http://www.cninfo.com.cn/new/disclosure/detail?stockCode=002434&announcementId=1219794932&orgId=9900012932&announcementTime=2024-04-25,2024-04-26,2024-07-25,-0.155206
002436,兴森科技,2023,2024-04-25,2023年年度报告,http://www.cninfo.com.cn/new/disclosure/detail?stockCode=002436&announcementId=1219790493&orgId=9900012934&announcementTime=2024-04-25,2024-04-26,2024-07-25,-0.215021
002437,誉衡药业,2023,2024-04-20,2023年年度报告,http://www.cninfo.com.cn/new/disclosure/detail?stockCode=002437&announcementId=1219692592&orgId=9900012988&announcementTime=2024-04-20,2024-04-22,2024-07-19,-0.070387
002438,江苏神通,2023,2024-04-23,2023年年度报告,http://www.cninfo.com.cn/new/disclosure/detail?stockCode=002438&announcementId=1219737803&orgId=9900012990&announcementTime=2024-04-23,2024-04-24,2024-07-23,-0.078787
002439,启明星辰,2023,2024-04-13,2023年年度报告,http://www.cninfo.com.cn/new/disclosure/detail?stockCode=002439&announcementId=1219597815&orgId=9900012989&announcementTime=2024-04-13,2024-04-15,2024-07-12,-0.205076
002440,闰土股份,2023,2024-04-30,2023年年度报告,http://www.cninfo.com.cn/new/disclosure/detail?stockCode=002440&announcementId=1219909026&orgId=9900013207&announcementTime=2024-04-30,2024-05-06,2024-07-30,-0.124202
002441,众业达,2023,2024-04-20,2023年年度报告,http://www.cninfo.com.cn/new/disclosure/detail?stockCode=002441&announcementId=1219690267&orgId=9900013208&announcementTime=2024-04-20,2024-04-22,2024-07-19,-0.042939
002442,龙星科技,2023,2024-04-30,2023年年度报告,http://www.cninfo.com.cn/new/disclosure/detail?stockCode=002442&announcementId=1219903970&orgId=9900013209&announcementTime=2024-04-30,2024-05-06,2024-07-30,-0.099194
002443,金洲管道,2023,2024-04-20,2023年年度报告,http://www.cninfo.com.cn/new/disclosure/detail?stockCode=002443&announcementId=1219693428&orgId=9900013210&announcementTime=2024-04-20,2024-04-22,2024-07-19,-0.101874
002444,巨星科技,2023,2024-04-25,2023年年度报告,http://www.cninfo.com.cn/new/disclosure/detail?stockCode=002444&announcementId=1219788255&orgId=9900013367&announcementTime=2024-04-25,2024-04-26,2024-07-25,-0.01208
002445,中南文化,2023,2024-04-18,2023年年度报告,http://www.cninfo.com.cn/new/disclosure/detail?stockCode=002445&announcementId=1219646864&orgId=9900013368&announcementTime=2024-04-18,2024-04-19,2024-07-18,-0.157635
002448,中原内配,2023,2024-04-24,2023年年度报告,http://www.cninfo.com.cn/new/disclosure/detail?stockCode=002448&announcementId=1219766420&orgId=9900013432&announcementTime=2024-04-24,2024-04-25,2024-07-24,-0.154441
002446,盛路通信,2023,2024-04-26,2023年年度报告,http://www.cninfo.com.cn/new/disclosure/detail?stockCode=002446&announcementId=1219826700&orgId=9900013369&announcementTime=2024-04-26,2024-04-29,2024-07-26,-0.219347
002449,国星光电,2023,2024-04-13,2023年年度报告,http://www.cninfo.com.cn/new/disclosure/detail?stockCode=002449&announcementId=1219599106&orgId=9900013434&announcementTime=2024-04-13,2024-04-15,2024-07-12,0.035747
002451,摩恩电气,2023,2024-03-26,2023年年度报告,http://www.cninfo.com.cn/new/disclosure/detail?stockCode=002451&announcementId=1219405557&orgId=9900013507&announcementTime=2024-03-26,2024-03-27,2024-06-27,-0.225155
002453,华软科技,2023,2024-04-26,2023年年度报告,http://www.cninfo.com.cn/new/disclosure/detail?stockCode=002453&announcementId=1219843076&orgId=9900013509&announcementTime=2024-04-26,2024-04-29,2024-07-26,-0.316537
002452,长高电新,2023,2024-03-27,2023年年度报告,http://www.cninfo.com.cn/new/disclosure/detail?stockCode=002452&announcementId=1219412203&orgId=9900013508&announcementTime=2024-03-27,2024-03-28,2024-06-28,0.301851
002455,百川股份,2023,2024-04-30,2023年年度报告,http://www.cninfo.com.cn/new/disclosure/detail?stockCode=002455&announcementId=1219903369&orgId=9900013692&announcementTime=2024-04-30,2024-05-06,2024-07-30,-0.207612
002454,松芝股份,2023,2024-04-29,2023年年度报告,http://www.cninfo.com.cn/new/disclosure/detail?stockCode=002454&announcementId=1219859160&orgId=9900013510&announcementTime=2024-04-29,2024-04-30,2024-07-29,-0.135887
002456,欧菲光,2023,2024-04-20,2023年年度报告,http://www.cninfo.com.cn/new/disclosure/detail?stockCode=002456&announcementId=1219706827&orgId=9900013691&announcementTime=2024-04-20,2024-04-22,2024-07-19,-0.084064
002457,青龙管业,2023,2024-04-10,2023年年度报告,http://www.cninfo.com.cn/new/disclosure/detail?stockCode=002457&announcementId=1219552917&orgId=9900013690&announcementTime=2024-04-10,2024-04-11,2024-07-10,0.037718
002459,晶澳科技,2023,2024-04-30,2023年年度报告,http://www.cninfo.com.cn/new/disclosure/detail?stockCode=002459&announcementId=1219917147&orgId=9900013788&announcementTime=2024-04-30,2024-05-06,2024-07-30,-0.263186
002458,益生股份,2023,2024-03-07,2023年年度报告,http://www.cninfo.com.cn/new/disclosure/detail?stockCode=002458&announcementId=1219249443&orgId=9900013789&announcementTime=2024-03-07,2024-03-08,2024-06-07,-0.072772
002461,珠江啤酒,2023,2024-03-29,2023年年度报告,http://www.cninfo.com.cn/new/disclosure/detail?stockCode=002461&announcementId=1219437732&orgId=9900011107&announcementTime=2024-03-29,2024-04-01,2024-07-02,-0.029308
002460,赣锋锂业,2023,2024-03-29,2023年年度报告,http://www.cninfo.com.cn/new/disclosure/detail?stockCode=002460&announcementId=1219453182&orgId=9900013787&announcementTime=2024-03-29,2024-04-01,2024-07-02,-0.217614
002462,嘉事堂,2023,2024-04-29,2023年年度报告,http://www.cninfo.com.cn/new/disclosure/detail?stockCode=002462&announcementId=1219868890&orgId=9900013928&announcementTime=2024-04-29,2024-04-30,2024-07-29,-0.136861
002463,沪电股份,2023,2024-03-26,2023年年度报告,http://www.cninfo.com.cn/new/disclosure/detail?stockCode=002463&announcementId=1219407512&orgId=9900013929&announcementTime=2024-03-26,2024-03-27,2024-06-27,0.184113
002465,海格通信,2023,2024-03-29,2023年年度报告,http://www.cninfo.com.cn/new/disclosure/detail?stockCode=002465&announcementId=1219447792&orgId=9900014188&announcementTime=2024-03-29,2024-04-01,2024-07-02,-0.062856
002466,天齐锂业,2023,2024-03-28,2023年年度报告,http://www.cninfo.com.cn/new/disclosure/detail?stockCode=002466&announcementId=1219430741&orgId=9900014189&announcementTime=2024-03-28,2024-03-29,2024-07-01,-0.346096
002467,二六三,2023,2024-03-30,2023年年度报告,http://www.cninfo.com.cn/new/disclosure/detail?stockCode=002467&announcementId=1219468897&orgId=9900014250&announcementTime=2024-03-30,2024-04-01,2024-07-02,-0.136674
002468,申通快递,2023,2024-04-25,2023年年度报告,http://www.cninfo.com.cn/new/disclosure/detail?stockCode=002468&announcementId=1219789392&orgId=9900014251&announcementTime=2024-04-25,2024-04-26,2024-07-25,-0.124046
002470,金正大,2023,2024-04-30,2023年年度报告,http://www.cninfo.com.cn/new/disclosure/detail?stockCode=002470&announcementId=1219923364&orgId=9900014252&announcementTime=2024-04-30,2024-05-06,2024-07-30,-0.068038
002469,三维化学,2023,2024-03-22,2023年年度报告,http://www.cninfo.com.cn/new/disclosure/detail?stockCode=002469&announcementId=1219372741&orgId=9900014267&announcementTime=2024-03-22,2024-03-25,2024-06-25,0.057237
002471,中超控股,2023,2024-03-30,2023年年度报告,http://www.cninfo.com.cn/new/disclosure/detail?stockCode=002471&announcementId=1219461686&orgId=9900014367&announcementTime=2024-03-30,2024-04-01,2024-07-02,-0.274884
002472,双环传动,2023,2024-04-12,2023年年度报告,http://www.cninfo.com.cn/new/disclosure/detail?stockCode=002472&announcementId=1219583567&orgId=9900014368&announcementTime=2024-04-12,2024-04-15,2024-07-12,0.023546
002474,榕基软件,2023,2024-04-10,2023年年度报告,http://www.cninfo.com.cn/new/disclosure/detail?stockCode=002474&announcementId=1219551083&orgId=9900014447&announcementTime=2024-04-10,2024-04-11,2024-07-10,-0.200853
002475,立讯精密,2023,2024-04-25,2023年年度报告,http://www.cninfo.com.cn/new/disclosure/detail?stockCode=002475&announcementId=1219799516&orgId=9900014448&announcementTime=2024-04-25,2024-04-26,2024-07-25,0.309133
002476,宝莫股份,2023,2024-04-29,2023年年度报告,http://www.cninfo.com.cn/new/disclosure/detail?stockCode=002476&announcementId=1219860270&orgId=9900014449&announcementTime=2024-04-29,2024-04-30,2024-07-29,-0.019826
002478,常宝股份,2023,2024-03-29,2023年年度报告,http://www.cninfo.com.cn/new/disclosure/detail?stockCode=002478&announcementId=1219440584&orgId=9900014607&announcementTime=2024-03-29,2024-04-01,2024-07-02,-0.145038
002479,富春环保,2023,2024-04-10,2023年年度报告,http://www.cninfo.com.cn/new/disclosure/detail?stockCode=002479&announcementId=1219550881&orgId=9900014608&announcementTime=2024-04-10,2024-04-11,2024-07-10,-0.163881
002480,新筑股份,2023,2024-04-08,2023年年度报告,http://www.cninfo.com.cn/new/disclosure/detail?stockCode=002480&announcementId=1219515442&orgId=9900014609&announcementTime=2024-04-08,2024-04-09,2024-07-08,-0.265906
002482,广田集团,2023,2024-04-27,2023年年度报告,http://www.cninfo.com.cn/new/disclosure/detail?stockCode=002482&announcementId=1219872343&orgId=9900014775&announcementTime=2024-04-27,2024-04-29,2024-07-29,-0.170795
002481,双塔食品,2023,2024-04-20,2023年年度报告,http://www.cninfo.com.cn/new/disclosure/detail?stockCode=002481&announcementId=1219699565&orgId=9900014610&announcementTime=2024-04-20,2024-04-22,2024-07-19,0.082031
002483,润邦股份,2023,2024-04-02,2023年年度报告,http://www.cninfo.com.cn/new/disclosure/detail?stockCode=002483&announcementId=1219488995&orgId=9900014776&announcementTime=2024-04-02,2024-04-03,2024-07-04,-0.03271
002484,江海股份,2023,2024-04-12,2023年年度报告,http://www.cninfo.com.cn/new/disclosure/detail?stockCode=002484&announcementId=1219579441&orgId=9900014777&announcementTime=2024-04-12,2024-04-15,2024-07-12,-0.152183
002486,嘉麟杰,2023,2024-04-27,2023年年度报告,http://www.cninfo.com.cn/new/disclosure/detail?stockCode=002486&announcementId=1219868827&orgId=9900014995&announcementTime=2024-04-27,2024-04-29,2024-07-26,-0.328859
002485,ST雪发,2023,2024-04-30,2023年年度报告,http://www.cninfo.com.cn/new/disclosure/detail?stockCode=002485&announcementId=1219921994&orgId=9900014994&announcementTime=2024-04-30,2024-05-06,2024-07-30,0.230447
002487,大金重工,2023,2024-04-27,2023年年度报告,http://www.cninfo.com.cn/new/disclosure/detail?stockCode=002487&announcementId=1219857500&orgId=9900014996&announcementTime=2024-04-27,2024-04-29,2024-07-26,0.151006
002488,金固股份,2023,2024-04-29,2023年年度报告,http://www.cninfo.com.cn/new/disclosure/detail?stockCode=002488&announcementId=1219863056&orgId=9900015174&announcementTime=2024-04-29,2024-04-30,2024-07-29,-0.193322
002489,浙江永强,2023,2024-04-23,2023年年度报告,http://www.cninfo.com.cn/new/disclosure/detail?stockCode=002489&announcementId=1219735808&orgId=9900015175&announcementTime=2024-04-23,2024-04-24,2024-07-23,0.02404
002490,山东墨龙,2023,2024-03-29,2023年年度报告,http://www.cninfo.com.cn/new/disclosure/detail?stockCode=002490&announcementId=1219449106&orgId=gshk0000568&announcementTime=2024-03-29,2024-04-01,2024-07-02,-0.518237
002491,通鼎互联,2023,2024-04-27,2023年年度报告,http://www.cninfo.com.cn/new/disclosure/detail?stockCode=002491&announcementId=1219867422&orgId=9900015177&announcementTime=2024-04-27,2024-04-29,2024-07-26,-0.34519
002492,恒基达鑫,2023,2024-04-20,2023年年度报告,http://www.cninfo.com.cn/new/disclosure/detail?stockCode=002492&announcementId=1219704165&orgId=9900015501&announcementTime=2024-04-20,2024-04-22,2024-07-19,-0.021941
002493,荣盛石化,2023,2024-04-26,2023年年度报告,http://www.cninfo.com.cn/new/disclosure/detail?stockCode=002493&announcementId=1219828048&orgId=9900015502&announcementTime=2024-04-26,2024-04-29,2024-07-26,-0.19993
002494,华斯股份,2023,2024-04-16,2023年年度报告,http://www.cninfo.com.cn/new/disclosure/detail?stockCode=002494&announcementId=1219617180&orgId=9900015503&announcementTime=2024-04-16,2024-04-17,2024-07-16,0.00369
002495,佳隆股份,2023,2024-04-26,2023年年度报告,http://www.cninfo.com.cn/new/disclosure/detail?stockCode=002495&announcementId=1219825463&orgId=9900015504&announcementTime=2024-04-26,2024-04-29,2024-07-26,-0.248911
002496,*ST辉丰,2023,2024-04-25,2023年年度报告,http://www.cninfo.com.cn/new/disclosure/detail?stockCode=002496&announcementId=1219798448&orgId=9900015672&announcementTime=2024-04-25,2024-04-26,2024-07-25,-0.07598
002497,雅化集团,2023,2024-04-26,2023年年度报告,http://www.cninfo.com.cn/new/disclosure/detail?stockCode=002497&announcementId=1219832431&orgId=9900015673&announcementTime=2024-04-26,2024-04-29,2024-07-26,-0.134596
002498,汉缆股份,2023,2024-04-26,2023年年度报告,http://www.cninfo.com.cn/new/disclosure/detail?stockCode=002498&announcementId=1219819163&orgId=9900015674&announcementTime=2024-04-26,2024-04-29,2024-07-26,-0.122807
002500,山西证券,2023,2024-04-30,2023年年度报告,http://www.cninfo.com.cn/new/disclosure/detail?stockCode=002500&announcementId=1219915224&orgId=qsgn0000279&announcementTime=2024-04-30,2024-05-06,2024-07-30,-0.096923
002506,协鑫集成,2023,2024-04-27,2023年年度报告,http://www.cninfo.com.cn/new/disclosure/detail?stockCode=002506&announcementId=1219861522&orgId=9900015881&announcementTime=2024-04-27,2024-04-29,2024-07-26,-0.237942
002501,利源股份,2023,2024-04-29,2023年年度报告,http://www.cninfo.com.cn/new/disclosure/detail?stockCode=002501&announcementId=1219871914&orgId=9900015790&announcementTime=2024-04-29,2024-04-30,2024-07-29,-0.025172
002507,涪陵榨菜,2023,2024-03-30,2023年年度报告,http://www.cninfo.com.cn/new/disclosure/detail?stockCode=002507&announcementId=1219462373&orgId=9900015937&announcementTime=2024-03-30,2024-04-01,2024-07-02,-0.054618
002508,老板电器,2023,2024-04-25,2023年年度报告,http://www.cninfo.com.cn/new/disclosure/detail?stockCode=002508&announcementId=1219798535&orgId=9900015938&announcementTime=2024-04-25,2024-04-26,2024-07-25,-0.073601
002511,中顺洁柔,2023,2024-04-25,2023年年度报告,http://www.cninfo.com.cn/new/disclosure/detail?stockCode=002511&announcementId=1219794212&orgId=9900015999&announcementTime=2024-04-25,2024-04-26,2024-07-25,-0.201278
002510,天汽模,2023,2024-04-26,2023年年度报告,http://www.cninfo.com.cn/new/disclosure/detail?stockCode=002510&announcementId=1219815439&orgId=9900015998&announcementTime=2024-04-26,2024-04-29,2024-07-30,-0.071715
002513,蓝丰生化,2023,2024-04-30,2023年年度报告,http://www.cninfo.com.cn/new/disclosure/detail?stockCode=002513&announcementId=1219925490&orgId=9900016128&announcementTime=2024-04-30,2024-05-06,2024-07-30,-0.045714
002512,达华智能,2023,2024-04-30,2023年年度报告,http://www.cninfo.com.cn/new/disclosure/detail?stockCode=002512&announcementId=1219913560&orgId=9900016127&announcementTime=2024-04-30,2024-05-06,2024-07-30,-0.256098
002515,金字火腿,2023,2024-04-23,2023年年度报告,http://www.cninfo.com.cn/new/disclosure/detail?stockCode=002515&announcementId=1219744611&orgId=9900016130&announcementTime=2024-04-23,2024-04-24,2024-07-23,-0.122694
002514,宝馨科技,2023,2024-04-30,2023年年度报告,http://www.cninfo.com.cn/new/disclosure/detail?stockCode=002514&announcementId=1219919627&orgId=9900016129&announcementTime=2024-04-30,2024-05-06,2024-07-30,-0.30801
002517,恺英网络,2023,2024-04-30,2023年年度报告,http://www.cninfo.com.cn/new/disclosure/detail?stockCode=002517&announcementId=1219920147&orgId=9900016208&announcementTime=2024-04-30,2024-05-06,2024-07-30,-0.243197
002516,旷达科技,2023,2024-03-20,2023年年度报告,http://www.cninfo.com.cn/new/disclosure/detail?stockCode=002516&announcementId=1219344690&orgId=9900016207&announcementTime=2024-03-20,2024-03-21,2024-06-21,-0.170842
002518,科士达,2023,2024-04-16,2023年年度报告,http://www.cninfo.com.cn/new/disclosure/detail?stockCode=002518&announcementId=1219622839&orgId=9900016209&announcementTime=2024-04-16,2024-04-17,2024-07-16,-0.210324
002519,银河电子,2023,2024-03-23,2023年年度报告,http://www.cninfo.com.cn/new/disclosure/detail?stockCode=002519&announcementId=1219388140&orgId=9900016210&announcementTime=2024-03-23,2024-03-25,2024-06-25,-0.044829
002520,日发精机,2023,2024-04-30,2023年年度报告,http://www.cninfo.com.cn/new/disclosure/detail?stockCode=002520&announcementId=1219917922&orgId=9900016327&announcementTime=2024-04-30,2024-05-06,2024-07-30,-0.242947
002521,齐峰新材,2023,2024-04-13,2023年年度报告,http://www.cninfo.com.cn/new/disclosure/detail?stockCode=002521&announcementId=1219596024&orgId=9900016328&announcementTime=2024-04-13,2024-04-15,2024-07-12,-0.016153
002522,浙江众成,2023,2024-04-13,2023年年度报告,http://www.cninfo.com.cn/new/disclosure/detail?stockCode=002522&announcementId=1219595288&orgId=9900016329&announcementTime=2024-04-13,2024-04-15,2024-07-12,-0.221971
002523,天桥起重,2023,2024-04-13,2023年年度报告,http://www.cninfo.com.cn/new/disclosure/detail?stockCode=002523&announcementId=1219596559&orgId=9900016330&announcementTime=2024-04-13,2024-04-15,2024-07-12,-0.338468
002524,光正眼科,2023,2024-04-25,2023年年度报告,http://www.cninfo.com.cn/new/disclosure/detail?stockCode=002524&announcementId=1219802443&orgId=9900016430&announcementTime=2024-04-25,2024-04-26,2024-07-25,-0.283489
002526,山东矿机,2023,2024-04-24,2023年年度报告,http://www.cninfo.com.cn/new/disclosure/detail?stockCode=002526&announcementId=1219767442&orgId=9900016432&announcementTime=2024-04-24,2024-04-25,2024-07-24,-0.310859
002527,新时达,2023,2024-04-27,2023年年度报告,http://www.cninfo.com.cn/new/disclosure/detail?stockCode=002527&announcementId=1219858235&orgId=9900016567&announcementTime=2024-04-27,2024-04-29,2024-07-26,-0.254529
002528,ST英飞拓,2023,2024-04-30,2023年年度报告,http://www.cninfo.com.cn/new/disclosure/detail?stockCode=002528&announcementId=1219926801&orgId=9900016568&announcementTime=2024-04-30,2024-05-06,2024-07-30,-0.614938
002529,*ST海源,2023,2024-04-29,2023年年度报告,http://www.cninfo.com.cn/new/disclosure/detail?stockCode=002529&announcementId=1219869897&orgId=9900006138&announcementTime=2024-04-29,2024-04-30,2024-07-29,-0.31236
002530,金财互联,2023,2024-04-26,2023年年度报告,http://www.cninfo.com.cn/new/disclosure/detail?stockCode=002530&announcementId=1219834637&orgId=9900016747&announcementTime=2024-04-26,2024-04-29,2024-07-26,-0.073499
002531,天顺风能,2023,2024-04-27,2023年年度报告,http://www.cninfo.com.cn/new/disclosure/detail?stockCode=002531&announcementId=1219857992&orgId=9900016748&announcementTime=2024-04-27,2024-04-29,2024-07-26,-0.080391
002532,天山铝业,2023,2024-04-09,2023年年度报告,http://www.cninfo.com.cn/new/disclosure/detail?stockCode=002532&announcementId=1219534481&orgId=9900016749&announcementTime=2024-04-09,2024-04-10,2024-07-09,0.286916
002533,金杯电工,2023,2024-03-29,2023年年度报告,http://www.cninfo.com.cn/new/disclosure/detail?stockCode=002533&announcementId=1219447244&orgId=9900016750&announcementTime=2024-03-29,2024-04-01,2024-07-02,-0.025609
002534,西子洁能,2023,2024-03-30,2023年年度报告,http://www.cninfo.com.cn/new/disclosure/detail?stockCode=002534&announcementId=1219473784&orgId=9900016928&announcementTime=2024-03-30,2024-04-01,2024-07-02,-0.057261
002535,林州重机,2023,2024-04-29,2023年年度报告,http://www.cninfo.com.cn/new/disclosure/detail?stockCode=002535&announcementId=1219866390&orgId=9900016930&announcementTime=2024-04-29,2024-04-30,2024-07-29,-0.235127
002536,飞龙股份,2023,2024-04-12,2023年年度报告,http://www.cninfo.com.cn/new/disclosure/detail?stockCode=002536&announcementId=1219580514&orgId=9900016931&announcementTime=2024-04-12,2024-04-15,2024-07-12,-0.097246
002537,海联金汇,2023,2024-03-15,2023年年度报告,http://www.cninfo.com.cn/new/disclosure/detail?stockCode=002537&announcementId=1219307344&orgId=9900016929&announcementTime=2024-03-15,2024-03-18,2024-06-18,-0.06638
002538,司尔特,2023,2024-04-25,2023年年度报告,http://www.cninfo.com.cn/new/disclosure/detail?stockCode=002538&announcementId=1219803412&orgId=9900017115&announcementTime=2024-04-25,2024-04-26,2024-07-25,-0.093186
002539,云图控股,2023,2024-04-13,2023年年度报告,http://www.cninfo.com.cn/new/disclosure/detail?stockCode=002539&announcementId=1219593571&orgId=9900017116&announcementTime=2024-04-13,2024-04-15,2024-07-12,-0.086847
002540,亚太科技,2023,2024-04-23,2023年年度报告,http://www.cninfo.com.cn/new/disclosure/detail?stockCode=002540&announcementId=1219739648&orgId=9900017117&announcementTime=2024-04-23,2024-04-24,2024-07-23,-0.150828
002541,鸿路钢构,2023,2024-03-30,2023年年度报告,http://www.cninfo.com.cn/new/disclosure/detail?stockCode=002541&announcementId=1219468473&orgId=9900017118&announcementTime=2024-03-30,2024-04-01,2024-07-02,0.14034
002542,中化岩土,2023,2024-04-10,2023年年度报告,http://www.cninfo.com.cn/new/disclosure/detail?stockCode=002542&announcementId=1219553630&orgId=9900017427&announcementTime=2024-04-10,2024-04-11,2024-07-10,-0.361422
002543,万和电气,2023,2024-04-27,2023年年度报告,http://www.cninfo.com.cn/new/disclosure/detail?stockCode=002543&announcementId=1219867285&orgId=9900017428&announcementTime=2024-04-27,2024-04-29,2024-07-26,-0.119765
002544,普天科技,2023,2024-04-25,2023年年度报告,http://www.cninfo.com.cn/new/disclosure/detail?stockCode=002544&announcementId=1219800104&orgId=9900017429&announcementTime=2024-04-25,2024-04-26,2024-07-25,-0.318042
002545,东方铁塔,2023,2024-04-19,2023年年度报告,http://www.cninfo.com.cn/new/disclosure/detail?stockCode=002545&announcementId=1219665168&orgId=9900017607&announcementTime=2024-04-19,2024-04-22,2024-07-19,-0.166053
002546,新联电子,2023,2024-04-13,2023年年度报告,http://www.cninfo.com.cn/new/disclosure/detail?stockCode=002546&announcementId=1219598522&orgId=9900017608&announcementTime=2024-04-13,2024-04-15,2024-07-12,-0.228771
002547,春兴精工,2023,2024-04-24,2023年年度报告,http://www.cninfo.com.cn/new/disclosure/detail?stockCode=002547&announcementId=1219767702&orgId=9900017828&announcementTime=2024-04-24,2024-04-25,2024-07-24,-0.341644
002548,金新农,2023,2024-04-30,2023年年度报告,http://www.cninfo.com.cn/new/disclosure/detail?stockCode=002548&announcementId=1219919082&orgId=9900017829&announcementTime=2024-04-30,2024-05-06,2024-07-30,-0.154132
002549,凯美特气,2023,2024-03-29,2023年年度报告,http://www.cninfo.com.cn/new/disclosure/detail?stockCode=002549&announcementId=1219447128&orgId=9900017827&announcementTime=2024-03-29,2024-04-01,2024-07-02,-0.293639
002550,千红制药,2023,2024-04-26,2023年年度报告,http://www.cninfo.com.cn/new/disclosure/detail?stockCode=002550&announcementId=1219824384&orgId=9900017830&announcementTime=2024-04-26,2024-04-29,2024-07-26,0.027418
002551,尚荣医疗,2023,2024-04-23,2023年年度报告,http://www.cninfo.com.cn/new/disclosure/detail?stockCode=002551&announcementId=1219739011&orgId=9900018063&announcementTime=2024-04-23,2024-04-24,2024-07-23,-0.120811
002552,宝鼎科技,2023,2024-04-11,2023年年度报告,http://www.cninfo.com.cn/new/disclosure/detail?stockCode=002552&announcementId=1219567586&orgId=9900018064&announcementTime=2024-04-11,2024-04-12,2024-07-11,-0.050355
002553,南方精工,2023,2024-04-19,2023年年度报告,http://www.cninfo.com.cn/new/disclosure/detail?stockCode=002553&announcementId=1219671549&orgId=9900018065&announcementTime=2024-04-19,2024-04-22,2024-07-19,-0.119375
002554,惠博普,2023,2024-04-27,2023年年度报告,http://www.cninfo.com.cn/new/disclosure/detail?stockCode=002554&announcementId=1219867772&orgId=9900018066&announcementTime=2024-04-27,2024-04-29,2024-07-26,-0.194866
002555,三七互娱,2023,2024-04-20,2023年年度报告,http://www.cninfo.com.cn/new/disclosure/detail?stockCode=002555&announcementId=1219692344&orgId=9900018279&announcementTime=2024-04-20,2024-04-22,2024-07-19,-0.190924
002556,辉隆股份,2023,2024-04-19,2023年年度报告,http://www.cninfo.com.cn/new/disclosure/detail?stockCode=002556&announcementId=1219672303&orgId=9900018282&announcementTime=2024-04-19,2024-04-22,2024-07-19,-0.02868
002558,巨人网络,2023,2024-04-30,2023年年度报告,http://www.cninfo.com.cn/new/disclosure/detail?stockCode=002558&announcementId=1219912206&orgId=9900018280&announcementTime=2024-04-30,2024-05-06,2024-07-30,-0.257437
002557,洽洽食品,2023,2024-04-26,2023年年度报告,http://www.cninfo.com.cn/new/disclosure/detail?stockCode=002557&announcementId=1219833637&orgId=9900018281&announcementTime=2024-04-26,2024-04-29,2024-07-26,-0.23691
002560,通达股份,2023,2024-03-30,2023年年度报告,http://www.cninfo.com.cn/new/disclosure/detail?stockCode=002560&announcementId=1219469076&orgId=9900018388&announcementTime=2024-03-30,2024-04-01,2024-07-02,-0.163251
002559,亚威股份,2023,2024-04-13,2023年年度报告,http://www.cninfo.com.cn/new/disclosure/detail?stockCode=002559&announcementId=1219592759&orgId=9900018387&announcementTime=2024-04-13,2024-04-15,2024-07-12,-0.240741
002561,徐家汇,2023,2024-03-30,2023年年度报告,http://www.cninfo.com.cn/new/disclosure/detail?stockCode=002561&announcementId=1219467631&orgId=9900018389&announcementTime=2024-03-30,2024-04-01,2024-07-02,-0.155537
002562,兄弟科技,2023,2024-04-20,2023年年度报告,http://www.cninfo.com.cn/new/disclosure/detail?stockCode=002562&announcementId=1219702883&orgId=9900018667&announcementTime=2024-04-20,2024-04-22,2024-07-19,0.111418
002563,森马服饰,2023,2024-04-02,2023年年度报告,http://www.cninfo.com.cn/new/disclosure/detail?stockCode=002563&announcementId=1219489505&orgId=9900018668&announcementTime=2024-04-02,2024-04-03,2024-07-04,0.017456
002564,天沃科技,2023,2024-04-27,2023年年度报告,http://www.cninfo.com.cn/new/disclosure/detail?stockCode=002564&announcementId=1219871793&orgId=9900018669&announcementTime=2024-04-27,2024-04-29,2024-07-26,-0.197151
002565,顺灏股份,2023,2024-04-30,2023年年度报告,http://www.cninfo.com.cn/new/disclosure/detail?stockCode=002565&announcementId=1219913771&orgId=9900018830&announcementTime=2024-04-30,2024-05-06,2024-07-30,-0.18862
002566,益盛药业,2023,2024-04-19,2023年年度报告,http://www.cninfo.com.cn/new/disclosure/detail?stockCode=002566&announcementId=1219664001&orgId=9900018831&announcementTime=2024-04-19,2024-04-22,2024-07-19,-0.137885
002567,唐人神,2023,2024-04-30,2023年年度报告,http://www.cninfo.com.cn/new/disclosure/detail?stockCode=002567&announcementId=1219910967&orgId=9900018892&announcementTime=2024-04-30,2024-05-06,2024-07-30,-0.078888
002568,百润股份,2023,2024-04-26,2023年年度报告,http://www.cninfo.com.cn/new/disclosure/detail?stockCode=002568&announcementId=1219831303&orgId=9900018893&announcementTime=2024-04-26,2024-04-29,2024-07-26,-0.183277
002569,*ST步森,2023,2024-04-30,2023年年度报告,http://www.cninfo.com.cn/new/disclosure/detail?stockCode=002569&announcementId=1219922140&orgId=9900019034&announcementTime=2024-04-30,2024-05-06,2024-07-30,0.318822
002570,贝因美,2023,2024-04-30,2023年年度报告,http://www.cninfo.com.cn/new/disclosure/detail?stockCode=002570&announcementId=1219913116&orgId=9900019035&announcementTime=2024-04-30,2024-05-06,2024-07-30,-0.198986
002571,德力股份,2023,2024-04-13,2023年年度报告,http://www.cninfo.com.cn/new/disclosure/detail?stockCode=002571&announcementId=1219595705&orgId=9900019036&announcementTime=2024-04-13,2024-04-15,2024-07-12,-0.151309
002572,索菲亚,2023,2024-04-12,2023年年度报告,http://www.cninfo.com.cn/new/disclosure/detail?stockCode=002572&announcementId=1219581061&orgId=9900019037&announcementTime=2024-04-12,2024-04-15,2024-07-12,-0.025687
002574,明牌珠宝,2023,2024-04-26,2023年年度报告,http://www.cninfo.com.cn/new/disclosure/detail?stockCode=002574&announcementId=1219827508&orgId=9900019212&announcementTime=2024-04-26,2024-04-29,2024-07-26,-0.235487
002573,清新环境,2023,2024-04-30,2023年年度报告,http://www.cninfo.com.cn/new/disclosure/detail?stockCode=002573&announcementId=1219920365&orgId=9900019152&announcementTime=2024-04-30,2024-05-06,2024-07-30,-0.207973
002575,群兴玩具,2023,2024-04-30,2023年年度报告,http://www.cninfo.com.cn/new/disclosure/detail?stockCode=002575&announcementId=1219904570&orgId=9900019213&announcementTime=2024-04-30,2024-05-06,2024-07-30,-0.259945
002576,通达动力,2023,2024-03-29,2023年年度报告,http://www.cninfo.com.cn/new/disclosure/detail?stockCode=002576&announcementId=1219440661&orgId=9900019312&announcementTime=2024-03-29,2024-04-01,2024-07-02,-0.214215
002578,闽发铝业,2023,2024-04-03,2023年年度报告,http://www.cninfo.com.cn/new/disclosure/detail?stockCode=002578&announcementId=1219504716&orgId=9900019314&announcementTime=2024-04-03,2024-04-08,2024-07-05,-0.284184
002577,雷柏科技,2023,2024-03-30,2023年年度报告,http://www.cninfo.com.cn/new/disclosure/detail?stockCode=002577&announcementId=1219469216&orgId=9900019313&announcementTime=2024-03-30,2024-04-01,2024-07-02,-0.155086
002580,圣阳股份,2023,2024-04-20,2023年年度报告,http://www.cninfo.com.cn/new/disclosure/detail?stockCode=002580&announcementId=1219696432&orgId=9900019411&announcementTime=2024-04-20,2024-04-22,2024-07-19,-0.105319
002579,中京电子,2023,2024-04-26,2023年年度报告,http://www.cninfo.com.cn/new/disclosure/detail?stockCode=002579&announcementId=1219825466&orgId=9900019410&announcementTime=2024-04-26,2024-04-29,2024-07-26,-0.096012
002581,ST未名,2023,2024-04-30,2023年年度报告,http://www.cninfo.com.cn/new/disclosure/detail?stockCode=002581&announcementId=1219924603&orgId=9900019530&announcementTime=2024-04-30,2024-05-06,2024-07-30,-0.336845
002582,好想你,2023,2024-04-26,2023年年度报告,http://www.cninfo.com.cn/new/disclosure/detail?stockCode=002582&announcementId=1219836321&orgId=9900019704&announcementTime=2024-04-26,2024-04-29,2024-07-26,-0.112914
002583,海能达,2023,2024-04-30,2023年年度报告,http://www.cninfo.com.cn/new/disclosure/detail?stockCode=002583&announcementId=1219922364&orgId=9900019838&announcementTime=2024-04-30,2024-05-06,2024-07-30,-0.064529
002584,西陇科学,2023,2024-04-27,2023年年度报告,http://www.cninfo.com.cn/new/disclosure/detail?stockCode=002584&announcementId=1219855193&orgId=9900019958&announcementTime=2024-04-27,2024-04-29,2024-07-26,-0.088608
002585,双星新材,2023,2024-04-29,2023年年度报告,http://www.cninfo.com.cn/new/disclosure/detail?stockCode=002585&announcementId=1219865281&orgId=9900019959&announcementTime=2024-04-29,2024-04-30,2024-07-29,-0.285888
002586,ST围海,2023,2024-04-30,2023年年度报告,http://www.cninfo.com.cn/new/disclosure/detail?stockCode=002586&announcementId=1219968275&orgId=9900019960&announcementTime=2024-04-30 23:19:51,2024-05-06,2024-07-30,-0.097948
002587,奥拓电子,2023,2024-04-27,2023年年度报告,http://www.cninfo.com.cn/new/disclosure/detail?stockCode=002587&announcementId=1219855441&orgId=9900020087&announcementTime=2024-04-27,2024-04-29,2024-07-26,0.034358
002588,史丹利,2023,2024-04-19,2023年年度报告,http://www.cninfo.com.cn/new/disclosure/detail?stockCode=002588&announcementId=1219669970&orgId=9900020088&announcementTime=2024-04-19,2024-04-22,2024-07-19,0.099658
002589,瑞康医药,2023,2024-04-30,2023年年度报告,http://www.cninfo.com.cn/new/disclosure/detail?stockCode=002589&announcementId=1219925210&orgId=9900020089&announcementTime=2024-04-30,2024-05-06,2024-07-30,-0.198993
002590,万安科技,2023,2024-04-17,2023年年度报告,http://www.cninfo.com.cn/new/disclosure/detail?stockCode=002590&announcementId=1219634888&orgId=9900020090&announcementTime=2024-04-17,2024-04-18,2024-07-17,-0.034417
002591,恒大高新,2023,2024-04-25,2023年年度报告,http://www.cninfo.com.cn/new/disclosure/detail?stockCode=002591&announcementId=1219793688&orgId=9900009048&announcementTime=2024-04-25,2024-04-26,2024-07-25,-0.157401
002592,ST八菱,2023,2024-03-30,2023年年度报告,http://www.cninfo.com.cn/new/disclosure/detail?stockCode=002592&announcementId=1219471256&orgId=9900020254&announcementTime=2024-03-30,2024-04-01,2024-07-02,-0.29316
002593,日上集团,2023,2024-04-16,2023年年度报告,http://www.cninfo.com.cn/new/disclosure/detail?stockCode=002593&announcementId=1219620071&orgId=9900020387&announcementTime=2024-04-16,2024-04-17,2024-07-16,-0.023422
002594,比亚迪,2023,2024-03-27,2023年年度报告,http://www.cninfo.com.cn/new/disclosure/detail?stockCode=002594&announcementId=1219412018&orgId=gshk0001211&announcementTime=2024-03-27,2024-03-28,2024-06-28,0.192515
002595,豪迈科技,2023,2024-03-16,2023年年度报告,http://www.cninfo.com.cn/new/disclosure/detail?stockCode=002595&announcementId=1219312637&orgId=9900020389&announcementTime=2024-03-16,2024-03-18,2024-06-18,0.095163
002596,海南瑞泽,2023,2024-04-19,2023年年度报告,http://www.cninfo.com.cn/new/disclosure/detail?stockCode=002596&announcementId=1219671443&orgId=9900020487&announcementTime=2024-04-19,2024-04-22,2024-07-19,-0.259177
002597,金禾实业,2023,2024-04-16,2023年年度报告,http://www.cninfo.com.cn/new/disclosure/detail?stockCode=002597&announcementId=1219620100&orgId=9900020703&announcementTime=2024-04-16,2024-04-17,2024-07-16,-0.058483
002600,领益智造,2023,2024-04-30,2023年年度报告,http://www.cninfo.com.cn/new/disclosure/detail?stockCode=002600&announcementId=1219913498&orgId=9900020848&announcementTime=2024-04-30,2024-05-06,2024-07-30,0.296522
002599,盛通股份,2023,2024-04-27,2023年年度报告,http://www.cninfo.com.cn/new/disclosure/detail?stockCode=002599&announcementId=1219853449&orgId=9900020847&announcementTime=2024-04-27,2024-04-29,2024-07-26,-0.198617
002602,世纪华通,2023,2024-04-30,2023年年度报告,http://www.cninfo.com.cn/new/disclosure/detail?stockCode=002602&announcementId=1219923252&orgId=9900021007&announcementTime=2024-04-30,2024-05-06,2024-07-30,-0.334647
002601,龙佰集团,2023,2024-04-24,2023年年度报告,http://www.cninfo.com.cn/new/disclosure/detail?stockCode=002601&announcementId=1219774183&orgId=9900020849&announcementTime=2024-04-24,2024-04-25,2024-07-24,-0.161826
002603,以岭药业,2023,2024-04-27,2023年年度报告,http://www.cninfo.com.cn/new/disclosure/detail?stockCode=002603&announcementId=1219858811&orgId=9900021072&announcementTime=2024-04-27,2024-04-29,2024-07-26,-0.155947
002605,姚记科技,2023,2024-04-30,2023年年度报告,http://www.cninfo.com.cn/new/disclosure/detail?stockCode=002605&announcementId=1219903039&orgId=9900021171&announcementTime=2024-04-30,2024-05-06,2024-07-30,-0.320033
002606,大连电瓷,2023,2024-04-25,2023年年度报告,http://www.cninfo.com.cn/new/disclosure/detail?stockCode=002606&announcementId=1219799773&orgId=9900021172&announcementTime=2024-04-25,2024-04-26,2024-07-25,0.107916
002607,中公教育,2023,2024-04-30,2023年年度报告,http://www.cninfo.com.cn/new/disclosure/detail?stockCode=002607&announcementId=1219926621&orgId=9900021221&announcementTime=2024-04-30,2024-05-06,2024-07-30,-0.407457
002608,江苏国信,2023,2024-04-12,2023年年度报告,http://www.cninfo.com.cn/new/disclosure/detail?stockCode=002608&announcementId=1219581820&orgId=9900021237&announcementTime=2024-04-12,2024-04-15,2024-07-12,-0.072775
002609,捷顺科技,2023,2024-04-27,2023年年度报告,http://www.cninfo.com.cn/new/disclosure/detail?stockCode=002609&announcementId=1219863602&orgId=9900021238&announcementTime=2024-04-27,2024-04-29,2024-07-26,-0.162986
002611,东方精工,2023,2024-03-28,2023年年度报告,http://www.cninfo.com.cn/new/disclosure/detail?stockCode=002611&announcementId=1219428473&orgId=9900021298&announcementTime=2024-03-28,2024-03-29,2024-07-01,-0.291007
002612,朗姿股份,2023,2024-04-23,2023年年度报告,http://www.cninfo.com.cn/new/disclosure/detail?stockCode=002612&announcementId=1219742561&orgId=9900021326&announcementTime=2024-04-23,2024-04-24,2024-07-23,-0.161578
002613,北玻股份,2023,2024-04-27,2023年年度报告,http://www.cninfo.com.cn/new/disclosure/detail?stockCode=002613&announcementId=1219861421&orgId=9900021350&announcementTime=2024-04-27,2024-04-29,2024-07-26,-0.092105
002614,奥佳华,2023,2024-04-27,2023年年度报告,http://www.cninfo.com.cn/new/disclosure/detail?stockCode=002614&announcementId=1219867206&orgId=9900021412&announcementTime=2024-04-27,2024-04-29,2024-07-26,-0.174129
002615,哈尔斯,2023,2024-04-02,2023年年度报告,http://www.cninfo.com.cn/new/disclosure/detail?stockCode=002615&announcementId=1219491122&orgId=9900021413&announcementTime=2024-04-02,2024-04-03,2024-07-04,-0.180098
002617,露笑科技,2023,2024-04-18,2023年年度报告,http://www.cninfo.com.cn/new/disclosure/detail?stockCode=002617&announcementId=1219647799&orgId=9900021430&announcementTime=2024-04-18,2024-04-19,2024-07-18,-0.073028
002616,长青集团,2023,2024-03-30,2023年年度报告,http://www.cninfo.com.cn/new/disclosure/detail?stockCode=002616&announcementId=1219467724&orgId=9900021434&announcementTime=2024-03-30,2024-04-01,2024-07-02,-0.000942
002622,皓宸医疗,2023,2024-04-29,2023年年度报告,http://www.cninfo.com.cn/new/disclosure/detail?stockCode=002622&announcementId=1219870176&orgId=9900021500&announcementTime=2024-04-29,2024-04-30,2024-07-29,-0.379661
002620,ST瑞和,2023,2024-04-30,2023年年度报告,http://www.cninfo.com.cn/new/disclosure/detail?stockCode=002620&announcementId=1219927129&orgId=9900021475&announcementTime=2024-04-30,2024-05-06,2024-07-30,-0.189125
002623,亚玛顿,2023,2024-04-27,2023年年度报告,http://www.cninfo.com.cn/new/disclosure/detail?stockCode=002623&announcementId=1219867654&orgId=9900021501&announcementTime=2024-04-27,2024-04-29,2024-07-26,-0.185167
002624,完美世界,2023,2024-04-16,2023年年度报告,http://www.cninfo.com.cn/new/disclosure/detail?stockCode=002624&announcementId=1219617080&orgId=9900021520&announcementTime=2024-04-16,2024-04-17,2024-07-16,-0.214224
002625,光启技术,2023,2024-04-29,2023年年度报告,http://www.cninfo.com.cn/new/disclosure/detail?stockCode=002625&announcementId=1219865186&orgId=9900021556&announcementTime=2024-04-29,2024-04-30,2024-07-29,-0.148891
002627,三峡旅游,2023,2024-04-18,2023年年度报告,http://www.cninfo.com.cn/new/disclosure/detail?stockCode=002627&announcementId=1219649357&orgId=9900021537&announcementTime=2024-04-18,2024-04-19,2024-07-18,-0.075014
002626,金达威,2023,2024-04-30,2023年年度报告,http://www.cninfo.com.cn/new/disclosure/detail?stockCode=002626&announcementId=1219912986&orgId=9900021528&announcementTime=2024-04-30,2024-05-06,2024-07-30,-0.178222
002629,仁智股份,2023,2024-03-18,2023年年度报告,http://www.cninfo.com.cn/new/disclosure/detail?stockCode=002629&announcementId=1219313294&orgId=9900021552&announcementTime=2024-03-18,2024-03-19,2024-06-19,-0.423044
002628,成都路桥,2023,2024-04-30,2023年年度报告,http://www.cninfo.com.cn/new/disclosure/detail?stockCode=002628&announcementId=1219924504&orgId=9900021545&announcementTime=2024-04-30,2024-05-06,2024-07-30,-0.207668
002630,ST华西,2023,2024-04-27,2023年年度报告,http://www.cninfo.com.cn/new/disclosure/detail?stockCode=002630&announcementId=1219873024&orgId=9900021630&announcementTime=2024-04-27,2024-04-29,2024-07-26,-0.114
002631,德尔未来,2023,2024-04-20,2023年年度报告,http://www.cninfo.com.cn/new/disclosure/detail?stockCode=002631&announcementId=1219691321&orgId=9900021631&announcementTime=2024-04-20,2024-04-22,2024-07-19,-0.244306
002633,申科股份,2023,2024-04-30,2023年年度报告,http://www.cninfo.com.cn/new/disclosure/detail?stockCode=002633&announcementId=1219928465&orgId=9900021749&announcementTime=2024-04-30,2024-05-06,2024-07-30,-0.003968
002632,道明光学,2023,2024-04-30,2023年年度报告,http://www.cninfo.com.cn/new/disclosure/detail?stockCode=002632&announcementId=1219908581&orgId=9900021691&announcementTime=2024-04-30,2024-05-06,2024-07-30,-0.088677
002635,安洁科技,2023,2024-03-29,2023年年度报告,http://www.cninfo.com.cn/new/disclosure/detail?stockCode=002635&announcementId=1219448073&orgId=9900021759&announcementTime=2024-03-29,2024-04-01,2024-07-02,0.060632
002634,棒杰股份,2023,2024-04-26,2023年年度报告,http://www.cninfo.com.cn/new/disclosure/detail?stockCode=002634&announcementId=1219824132&orgId=9900021794&announcementTime=2024-04-26,2024-04-29,2024-07-26,-0.297363
002637,赞宇科技,2023,2024-04-19,2023年年度报告,http://www.cninfo.com.cn/new/disclosure/detail?stockCode=002637&announcementId=1219668409&orgId=9900021767&announcementTime=2024-04-19,2024-04-22,2024-07-19,-0.009082
002636,金安国纪,2023,2024-04-29,2023年年度报告,http://www.cninfo.com.cn/new/disclosure/detail?stockCode=002636&announcementId=1219857399&orgId=9900021766&announcementTime=2024-04-29,2024-04-30,2024-07-29,-0.09735
002639,雪人集团,2023,2024-04-30,2023年年度报告,http://www.cninfo.com.cn/new/disclosure/detail?stockCode=002639&announcementId=1219908376&orgId=9900021772&announcementTime=2024-04-30,2024-05-06,2024-07-30,-0.170616
002638,勤上股份,2023,2024-04-20,2023年年度报告,http://www.cninfo.com.cn/new/disclosure/detail?stockCode=002638&announcementId=1219697870&orgId=9900021768&announcementTime=2024-04-20,2024-04-22,2024-07-19,-0.271341
002640,跨境通,2023,2024-03-30,2023年年度报告,http://www.cninfo.com.cn/new/disclosure/detail?stockCode=002640&announcementId=1219468255&orgId=9900021795&announcementTime=2024-03-30,2024-04-01,2024-07-02,-0.469957
002641,公元股份,2023,2024-04-26,2023年年度报告,http://www.cninfo.com.cn/new/disclosure/detail?stockCode=002641&announcementId=1219822476&orgId=9900021802&announcementTime=2024-04-26,2024-04-29,2024-07-26,-0.173064
002642,荣联科技,2023,2024-04-24,2023年年度报告,http://www.cninfo.com.cn/new/disclosure/detail?stockCode=002642&announcementId=1219773016&orgId=9900021847&announcementTime=2024-04-24,2024-04-25,2024-07-24,-0.075665
002643,万润股份,2023,2024-04-20,2023年年度报告,http://www.cninfo.com.cn/new/disclosure/detail?stockCode=002643&announcementId=1219692470&orgId=9900021848&announcementTime=2024-04-20,2024-04-22,2024-07-19,-0.185174
002644,佛慈制药,2023,2024-04-10,2023年年度报告,http://www.cninfo.com.cn/new/disclosure/detail?stockCode=002644&announcementId=1219552390&orgId=9900021870&announcementTime=2024-04-10,2024-04-11,2024-07-10,-0.184802
002645,华宏科技,2023,2024-04-26,2023年年度报告,http://www.cninfo.com.cn/new/disclosure/detail?stockCode=002645&announcementId=1219830778&orgId=9900021858&announcementTime=2024-04-26,2024-04-29,2024-07-26,-0.332526
002646,天佑德酒,2023,2024-04-19,2023年年度报告,http://www.cninfo.com.cn/new/disclosure/detail?stockCode=002646&announcementId=1219667599&orgId=9900021859&announcementTime=2024-04-19,2024-04-22,2024-07-19,0.050228
002647,*ST仁东,2023,2024-04-30,2023年年度报告,http://www.cninfo.com.cn/new/disclosure/detail?stockCode=002647&announcementId=1219910002&orgId=9900021885&announcementTime=2024-04-30,2024-05-06,2024-07-30,-0.204935
002648,卫星化学,2023,2024-03-26,2023年年度报告,http://www.cninfo.com.cn/new/disclosure/detail?stockCode=002648&announcementId=1219403677&orgId=9900021886&announcementTime=2024-03-26,2024-03-27,2024-06-27,0.077676
002649,博彦科技,2023,2024-04-27,2023年年度报告,http://www.cninfo.com.cn/new/disclosure/detail?stockCode=002649&announcementId=1219859258&orgId=9900021913&announcementTime=2024-04-27,2024-04-29,2024-07-26,-0.192363
002650,ST加加,2023,2024-04-29,2023年年度报告,http://www.cninfo.com.cn/new/disclosure/detail?stockCode=002650&announcementId=1219872679&orgId=9900021914&announcementTime=2024-04-29,2024-04-30,2024-07-29,-0.336748
002651,利君股份,2023,2024-04-27,2023年年度报告,http://www.cninfo.com.cn/new/disclosure/detail?stockCode=002651&announcementId=1219855381&orgId=9900021920&announcementTime=2024-04-27,2024-04-29,2024-07-26,-0.093577
002652,扬子新材,2023,2024-04-24,2023年年度报告,http://www.cninfo.com.cn/new/disclosure/detail?stockCode=002652&announcementId=1219763707&orgId=9900021982&announcementTime=2024-04-24,2024-04-25,2024-07-24,0.161765
002653,海思科,2023,2024-04-20,2023年年度报告,http://www.cninfo.com.cn/new/disclosure/detail?stockCode=002653&announcementId=1219691879&orgId=9900021961&announcementTime=2024-04-20,2024-04-22,2024-07-19,0.122353
002654,万润科技,2023,2024-04-27,2023年年度报告,http://www.cninfo.com.cn/new/disclosure/detail?stockCode=002654&announcementId=1219868691&orgId=9900022054&announcementTime=2024-04-27,2024-04-29,2024-07-26,-0.024915
002655,共达电声,2023,2024-04-03,2023年年度报告,http://www.cninfo.com.cn/new/disclosure/detail?stockCode=002655&announcementId=1219506684&orgId=9900022079&announcementTime=2024-04-03,2024-04-08,2024-07-05,-0.064053
002657,中科金财,2023,2024-04-26,2023年年度报告,http://www.cninfo.com.cn/new/disclosure/detail?stockCode=002657&announcementId=1219834976&orgId=9900022100&announcementTime=2024-04-26,2024-04-29,2024-07-26,-0.18193
002656,*ST摩登,2023,2024-04-29,2023年年度报告,http://www.cninfo.com.cn/new/disclosure/detail?stockCode=002656&announcementId=1219871271&orgId=9900022094&announcementTime=2024-04-29,2024-04-30,2024-07-29,-0.062409
002659,凯文教育,2023,2024-04-27,2023年年度报告,http://www.cninfo.com.cn/new/disclosure/detail?stockCode=002659&announcementId=1219862053&orgId=9900022143&announcementTime=2024-04-27,2024-04-29,2024-07-26,-0.142292
002658,雪迪龙,2023,2024-03-28,2023年年度报告,http://www.cninfo.com.cn/new/disclosure/detail?stockCode=002658&announcementId=1219428263&orgId=9900022113&announcementTime=2024-03-28,2024-03-29,2024-07-01,-0.232049
002660,茂硕电源,2023,2024-03-30,2023年年度报告,http://www.cninfo.com.cn/new/disclosure/detail?stockCode=002660&announcementId=1219471974&orgId=9900022169&announcementTime=2024-03-30,2024-04-01,2024-07-02,-0.221613
002661,克明食品,2023,2024-03-16,2023年年度报告,http://www.cninfo.com.cn/new/disclosure/detail?stockCode=002661&announcementId=1219312898&orgId=9900022153&announcementTime=2024-03-16,2024-03-18,2024-06-18,-0.009259
002662,峰璟股份,2023,2024-03-29,2023年年度报告,http://www.cninfo.com.cn/new/disclosure/detail?stockCode=002662&announcementId=1219439759&orgId=9900022144&announcementTime=2024-03-29,2024-04-01,2024-07-02,-0.041562
002663,普邦股份,2023,2024-04-16,2023年年度报告,http://www.cninfo.com.cn/new/disclosure/detail?stockCode=002663&announcementId=1219624856&orgId=9900022158&announcementTime=2024-04-16,2024-04-17,2024-07-16,-0.099044
002664,信质集团,2023,2024-04-19,2023年年度报告,http://www.cninfo.com.cn/new/disclosure/detail?stockCode=002664&announcementId=1219670897&orgId=9900022159&announcementTime=2024-04-19,2024-04-22,2024-07-19,-0.198099
002666,德联集团,2023,2024-04-18,2023年年度报告,http://www.cninfo.com.cn/new/disclosure/detail?stockCode=002666&announcementId=1219651479&orgId=9900022216&announcementTime=2024-04-18,2024-04-19,2024-07-18,-0.134867
002667,威领股份,2023,2024-04-26,2023年年度报告,http://www.cninfo.com.cn/new/disclosure/detail?stockCode=002667&announcementId=1219842490&orgId=9900022274&announcementTime=2024-04-26,2024-04-29,2024-07-26,-0.323083
002668,TCL智家,2023,2024-03-20,2023年年度报告,http://www.cninfo.com.cn/new/disclosure/detail?stockCode=002668&announcementId=1219346321&orgId=9900022336&announcementTime=2024-03-20,2024-03-21,2024-06-21,0.194992
002669,康达新材,2023,2024-04-16,2023年年度报告,http://www.cninfo.com.cn/new/disclosure/detail?stockCode=002669&announcementId=1219619596&orgId=9900022368&announcementTime=2024-04-16,2024-04-17,2024-07-16,-0.073553
002670,国盛证券,2023,2024-03-30,2023年年度报告,http://www.cninfo.com.cn/new/disclosure/detail?stockCode=002670&announcementId=1219466020&orgId=9900022401&announcementTime=2024-03-30,2024-04-01,2024-07-02,-0.100589
002671,龙泉股份,2023,2024-03-30,2023年年度报告,http://www.cninfo.com.cn/new/disclosure/detail?stockCode=002671&announcementId=1219465527&orgId=9900022509&announcementTime=2024-03-30,2024-04-01,2024-07-02,-0.171667
002672,东江环保,2023,2024-03-28,2023年年度报告,http://www.cninfo.com.cn/new/disclosure/detail?stockCode=002672&announcementId=1219429672&orgId=gshk0008230&announcementTime=2024-03-28,2024-03-29,2024-07-01,-0.209916
002673,西部证券,2023,2024-04-24,2023年年度报告,http://www.cninfo.com.cn/new/disclosure/detail?stockCode=002673&announcementId=1219769275&orgId=qsgn0000644&announcementTime=2024-04-24,2024-04-25,2024-07-24,-0.125488
002674,兴业科技,2023,2024-04-23,2023年年度报告,http://www.cninfo.com.cn/new/disclosure/detail?stockCode=002674&announcementId=1219739556&orgId=9900022573&announcementTime=2024-04-23,2024-04-24,2024-07-23,-0.22146
002675,东诚药业,2023,2024-04-27,2023年年度报告,http://www.cninfo.com.cn/new/disclosure/detail?stockCode=002675&announcementId=1219862266&orgId=9900022707&announcementTime=2024-04-27,2024-04-29,2024-07-26,-0.08843
002676,顺威股份,2023,2024-04-20,2023年年度报告,http://www.cninfo.com.cn/new/disclosure/detail?stockCode=002676&announcementId=1219703834&orgId=9900022708&announcementTime=2024-04-20,2024-04-22,2024-07-19,0.020245
002677,浙江美大,2023,2024-04-19,2023年年度报告,http://www.cninfo.com.cn/new/disclosure/detail?stockCode=002677&announcementId=1219661987&orgId=9900022709&announcementTime=2024-04-19,2024-04-22,2024-07-19,-0.227112
002679,福建金森,2023,2024-04-30,2023年年度报告,http://www.cninfo.com.cn/new/disclosure/detail?stockCode=002679&announcementId=1219911502&orgId=9900022738&announcementTime=2024-04-30,2024-05-06,2024-07-30,-0.162508
002678,珠江钢琴,2023,2024-03-30,2023年年度报告,http://www.cninfo.com.cn/new/disclosure/detail?stockCode=002678&announcementId=1219467795&orgId=9900022739&announcementTime=2024-03-30,2024-04-01,2024-07-02,-0.176704
002681,奋达科技,2023,2024-04-25,2023年年度报告,http://www.cninfo.com.cn/new/disclosure/detail?stockCode=002681&announcementId=1219797475&orgId=9900022749&announcementTime=2024-04-25,2024-04-26,2024-07-25,-0.191247
002682,龙洲股份,2023,2024-04-23,2023年年度报告,http://www.cninfo.com.cn/new/disclosure/detail?stockCode=002682&announcementId=1219740453&orgId=9900022781&announcementTime=2024-04-23,2024-04-24,2024-07-23,0.030333
002683,广东宏大,2023,2024-03-30,2023年年度报告,http://www.cninfo.com.cn/new/disclosure/detail?stockCode=002683&announcementId=1219461708&orgId=9900006140&announcementTime=2024-03-30,2024-04-01,2024-07-02,0.053917
002685,华东重机,2023,2024-04-27,2023年年度报告,http://www.cninfo.com.cn/new/disclosure/detail?stockCode=002685&announcementId=1219861902&orgId=9900022782&announcementTime=2024-04-27,2024-04-29,2024-07-26,0.101377
002686,亿利达,2023,2024-04-24,2023年年度报告,http://www.cninfo.com.cn/new/disclosure/detail?stockCode=002686&announcementId=1219768069&orgId=9900022841&announcementTime=2024-04-24,2024-04-25,2024-07-24,-0.192394
002687,乔治白,2023,2024-02-29,2023年年度报告,http://www.cninfo.com.cn/new/disclosure/detail?stockCode=002687&announcementId=1219210441&orgId=9900022920&announcementTime=2024-02-29,2024-03-01,2024-05-31,-0.080698
002688,金河生物,2023,2024-04-29,2023年年度报告,http://www.cninfo.com.cn/new/disclosure/detail?stockCode=002688&announcementId=1219863960&orgId=9900023128&announcementTime=2024-04-29,2024-04-30,2024-07-29,-0.091584
002689,ST远智,2023,2024-04-27,2023年年度报告,http://www.cninfo.com.cn/new/disclosure/detail?stockCode=002689&announcementId=1219861833&orgId=9900022993&announcementTime=2024-04-27,2024-04-29,2024-07-26,-0.344044
002690,美亚光电,2023,2024-03-30,2023年年度报告,http://www.cninfo.com.cn/new/disclosure/detail?stockCode=002690&announcementId=1219461505&orgId=9900023234&announcementTime=2024-03-30,2024-04-01,2024-07-02,-0.140385
002692,远程股份,2023,2024-04-16,2023年年度报告,http://www.cninfo.com.cn/new/disclosure/detail?stockCode=002692&announcementId=1219623292&orgId=9900023230&announcementTime=2024-04-16,2024-04-17,2024-07-16,-0.023994
002691,冀凯股份,2023,2024-04-20,2023年年度报告,http://www.cninfo.com.cn/new/disclosure/detail?stockCode=002691&announcementId=1219697526&orgId=9900023236&announcementTime=2024-04-20,2024-04-22,2024-07-19,-0.253796
002693,*ST双成,2023,2024-04-30,2023年年度报告,http://www.cninfo.com.cn/new/disclosure/detail?stockCode=002693&announcementId=1219912313&orgId=9900022952&announcementTime=2024-04-30,2024-05-06,2024-07-30,-0.217531
002694,顾地科技,2023,2024-04-26,2023年年度报告,http://www.cninfo.com.cn/new/disclosure/detail?stockCode=002694&announcementId=1219830583&orgId=9900023214&announcementTime=2024-04-26,2024-04-29,2024-07-26,-0.157381
002695,煌上煌,2023,2024-03-30,2023年年度报告,http://www.cninfo.com.cn/new/disclosure/detail?stockCode=002695&announcementId=1219462668&orgId=9900023215&announcementTime=2024-03-30,2024-04-01,2024-07-02,-0.182128
002696,百洋股份,2023,2024-04-27,2023年年度报告,http://www.cninfo.com.cn/new/disclosure/detail?stockCode=002696&announcementId=1219860895&orgId=9900023143&announcementTime=2024-04-27,2024-04-29,2024-07-26,-0.167781
002697,红旗连锁,2023,2024-04-02,2023年年度报告,http://www.cninfo.com.cn/new/disclosure/detail?stockCode=002697&announcementId=1219489390&orgId=9900023218&announcementTime=2024-04-02,2024-04-03,2024-07-04,-0.072063
002698,博实股份,2023,2024-04-27,2023年年度报告,http://www.cninfo.com.cn/new/disclosure/detail?stockCode=002698&announcementId=1219857680&orgId=9900023192&announcementTime=2024-04-27,2024-04-29,2024-07-26,-0.262868
002700,万憬能源,2023,2024-04-25,2023年年度报告,http://www.cninfo.com.cn/new/disclosure/detail?stockCode=002700&announcementId=1219798379&orgId=9900023125&announcementTime=2024-04-25,2024-04-26,2024-07-25,0.654815
002701,奥瑞金,2023,2024-04-30,2023年年度报告,http://www.cninfo.com.cn/new/disclosure/detail?stockCode=002701&announcementId=1219913987&orgId=9900023208&announcementTime=2024-04-30,2024-05-06,2024-07-30,-0.106699
002702,海欣食品,2023,2024-04-26,2023年年度报告,http://www.cninfo.com.cn/new/disclosure/detail?stockCode=002702&announcementId=1219818964&orgId=9900023240&announcementTime=2024-04-26,2024-04-29,2024-07-26,-0.173424
002703,浙江世宝,2023,2024-03-29,2023年年度报告,http://www.cninfo.com.cn/new/disclosure/detail?stockCode=002703&announcementId=1219442281&orgId=gshk0008331&announcementTime=2024-03-29,2024-04-01,2024-07-02,-0.165738
002705,新宝股份,2023,2024-04-27,2023年年度报告,http://www.cninfo.com.cn/new/disclosure/detail?stockCode=002705&announcementId=1219858104&orgId=9900023005&announcementTime=2024-04-27,2024-04-29,2024-07-26,-0.246835
002706,良信股份,2023,2024-03-30,2023年年度报告,http://www.cninfo.com.cn/new/disclosure/detail?stockCode=002706&announcementId=1219464797&orgId=9900023117&announcementTime=2024-03-30,2024-04-01,2024-07-02,-0.09651
002708,光洋股份,2023,2024-04-30,2023年年度报告,http://www.cninfo.com.cn/new/disclosure/detail?stockCode=002708&announcementId=1219911240&orgId=9900023255&announcementTime=2024-04-30,2024-05-06,2024-07-30,-0.178292
002707,众信旅游,2023,2024-04-30,2023年年度报告,http://www.cninfo.com.cn/new/disclosure/detail?stockCode=002707&announcementId=1219912844&orgId=9900023126&announcementTime=2024-04-30,2024-05-06,2024-07-30,-0.034483
002709,天赐材料,2023,2024-03-26,2023年年度报告,http://www.cninfo.com.cn/new/disclosure/detail?stockCode=002709&announcementId=1219402767&orgId=9900022986&announcementTime=2024-03-26,2024-03-27,2024-06-27,-0.209767
002712,思美传媒,2023,2024-03-30,2023年年度报告,http://www.cninfo.com.cn/new/disclosure/detail?stockCode=002712&announcementId=1219471121&orgId=9900022963&announcementTime=2024-03-30,2024-04-01,2024-07-02,-0.304394
002713,*ST东易,2023,2024-04-30,2023年年度报告,http://www.cninfo.com.cn/new/disclosure/detail?stockCode=002713&announcementId=1219927425&orgId=9900022996&announcementTime=2024-04-30,2024-05-06,2024-07-30,-0.417052
002714,牧原股份,2023,2024-04-27,2023年年度报告,http://www.cninfo.com.cn/new/disclosure/detail?stockCode=002714&announcementId=1219861302&orgId=9900022995&announcementTime=2024-04-27,2024-04-29,2024-07-26,-0.024479
002715,登云股份,2023,2024-03-30,2023年年度报告,http://www.cninfo.com.cn/new/disclosure/detail?stockCode=002715&announcementId=1219463961&orgId=9900023194&announcementTime=2024-03-30,2024-04-01,2024-07-16,-0.222979
002716,湖南白银,2023,2024-04-26,2023年年度报告,http://www.cninfo.com.cn/new/disclosure/detail?stockCode=002716&announcementId=1219837281&orgId=9900023224&announcementTime=2024-04-26,2024-04-29,2024-07-26,-0.154192
002717,ST岭南,2023,2024-04-30,2023年年度报告,http://www.cninfo.com.cn/new/disclosure/detail?stockCode=002717&announcementId=1219923002&orgId=9900023171&announcementTime=2024-04-30,2024-05-06,2024-07-30,-0.481365
002718,友邦吊顶,2023,2024-04-27,2023年年度报告,http://www.cninfo.com.cn/new/disclosure/detail?stockCode=002718&announcementId=1219864922&orgId=9900022985&announcementTime=2024-04-27,2024-04-29,2024-07-26,-0.163418
002719,麦趣尔,2023,2024-04-23,2023年年度报告,http://www.cninfo.com.cn/new/disclosure/detail?stockCode=002719&announcementId=1219745708&orgId=9900023119&announcementTime=2024-04-23,2024-04-24,2024-07-23,-0.128823
002722,物产金轮,2023,2024-04-16,2023年年度报告,http://www.cninfo.com.cn/new/disclosure/detail?stockCode=002722&announcementId=1219621680&orgId=9900023197&announcementTime=2024-04-16,2024-04-17,2024-07-16,-0.033359
002721,金一文化,2023,2024-03-28,2023年年度报告,http://www.cninfo.com.cn/new/disclosure/detail?stockCode=002721&announcementId=1219428162&orgId=9900023233&announcementTime=2024-03-28,2024-03-29,2024-07-02,-0.267576
002724,海洋王,2023,2024-04-23,2023年年度报告,http://www.cninfo.com.cn/new/disclosure/detail?stockCode=002724&announcementId=1219744782&orgId=9900023121&announcementTime=2024-04-23,2024-04-24,2024-07-23,-0.197887
002723,小崧股份,2023,2024-04-30,2023年年度报告,http://www.cninfo.com.cn/new/disclosure/detail?stockCode=002723&announcementId=1219916864&orgId=9900027909&announcementTime=2024-04-30,2024-05-06,2024-07-30,-0.357263
002725,跃岭股份,2023,2024-04-27,2023年年度报告,http://www.cninfo.com.cn/new/disclosure/detail?stockCode=002725&announcementId=1219869459&orgId=9900023238&announcementTime=2024-04-27,2024-04-29,2024-07-26,-0.082953
002726,龙大美食,2023,2024-04-16,2023年年度报告,http://www.cninfo.com.cn/new/disclosure/detail?stockCode=002726&announcementId=1219623416&orgId=9900023003&announcementTime=2024-04-16,2024-04-17,2024-07-16,-0.0827
002727,一心堂,2023,2024-04-27,2023年年度报告,http://www.cninfo.com.cn/new/disclosure/detail?stockCode=002727&announcementId=1219856991&orgId=9900023195&announcementTime=2024-04-27,2024-04-29,2024-07-26,-0.337688
002728,特一药业,2023,2024-03-08,2023年年度报告,http://www.cninfo.com.cn/new/disclosure/detail?stockCode=002728&announcementId=1219255232&orgId=9900023186&announcementTime=2024-03-08,2024-03-11,2024-06-11,-0.244065
002729,好利科技,2023,2024-04-29,2023年年度报告,http://www.cninfo.com.cn/new/disclosure/detail?stockCode=002729&announcementId=1219872457&orgId=9900023135&announcementTime=2024-04-29,2024-04-30,2024-07-29,-0.227468
002730,电光科技,2023,2024-04-19,2023年年度报告,http://www.cninfo.com.cn/new/disclosure/detail?stockCode=002730&announcementId=1219663361&orgId=9900023237&announcementTime=2024-04-19,2024-04-22,2024-07-19,-0.071472
002731,萃华珠宝,2023,2024-04-29,2023年年度报告,http://www.cninfo.com.cn/new/disclosure/detail?stockCode=002731&announcementId=1219872601&orgId=9900022974&announcementTime=2024-04-29,2024-04-30,2024-07-29,-0.224537
002732,燕塘乳业,2023,2024-03-30,2023年年度报告,http://www.cninfo.com.cn/new/disclosure/detail?stockCode=002732&announcementId=1219470942&orgId=9900022959&announcementTime=2024-03-30,2024-04-01,2024-07-02,-0.17446
002733,雄韬股份,2023,2024-04-30,2023年年度报告,http://www.cninfo.com.cn/new/disclosure/detail?stockCode=002733&announcementId=1219910160&orgId=9900023165&announcementTime=2024-04-30,2024-05-06,2024-07-30,-0.173629
002734,利民股份,2023,2024-04-26,2023年年度报告,http://www.cninfo.com.cn/new/disclosure/detail?stockCode=002734&announcementId=1219826458&orgId=9900022967&announcementTime=2024-04-26,2024-04-29,2024-07-26,0.055957
002735,王子新材,2023,2024-04-30,2023年年度报告,http://www.cninfo.com.cn/new/disclosure/detail?stockCode=002735&announcementId=1219908229&orgId=9900023181&announcementTime=2024-04-30,2024-05-06,2024-07-30,-0.378595
002736,国信证券,2023,2024-04-17,2023年年度报告,http://www.cninfo.com.cn/new/disclosure/detail?stockCode=002736&announcementId=1219638359&orgId=9900004734&announcementTime=2024-04-17,2024-04-18,2024-07-17,-0.025424
002737,葵花药业,2023,2024-04-26,2023年年度报告,http://www.cninfo.com.cn/new/disclosure/detail?stockCode=002737&announcementId=1219817999&orgId=9900023185&announcementTime=2024-04-26,2024-04-29,2024-07-26,-0.097926
002738,中矿资源,2023,2024-04-26,2023年年度报告,http://www.cninfo.com.cn/new/disclosure/detail?stockCode=002738&announcementId=1219841848&orgId=9900015289&announcementTime=2024-04-26,2024-04-29,2024-07-26,-0.207495
002739,万达电影,2023,2024-04-30,2023年年度报告,http://www.cninfo.com.cn/new/disclosure/detail?stockCode=002739&announcementId=1219913298&orgId=9900022983&announcementTime=2024-04-30,2024-05-06,2024-07-30,-0.286454
002741,光华科技,2023,2024-04-27,2023年年度报告,http://www.cninfo.com.cn/new/disclosure/detail?stockCode=002741&announcementId=1219864831&orgId=9900023101&announcementTime=2024-04-27,2024-04-29,2024-07-26,-0.003633
002742,*ST三圣,2023,2024-04-30,2023年年度报告,http://www.cninfo.com.cn/new/disclosure/detail?stockCode=002742&announcementId=1219924834&orgId=9900022970&announcementTime=2024-04-30,2024-05-06,2024-07-30,0.022202
002743,富煌钢构,2023,2024-04-26,2023年年度报告,http://www.cninfo.com.cn/new/disclosure/detail?stockCode=002743&announcementId=1219827829&orgId=9900023252&announcementTime=2024-04-26,2024-04-29,2024-07-26,-0.134768
002745,木林森,2023,2024-04-18,2023年年度报告,http://www.cninfo.com.cn/new/disclosure/detail?stockCode=002745&announcementId=1219654367&orgId=9900023188&announcementTime=2024-04-18,2024-04-19,2024-07-18,0.03765
002746,仙坛股份,2023,2024-04-23,2023年年度报告,http://www.cninfo.com.cn/new/disclosure/detail?stockCode=002746&announcementId=1219735516&orgId=9900023137&announcementTime=2024-04-23,2024-04-24,2024-07-23,-0.036328
002747,埃斯顿,2023,2024-04-30,2023年年度报告,http://www.cninfo.com.cn/new/disclosure/detail?stockCode=002747&announcementId=1219913425&orgId=9900022936&announcementTime=2024-04-30,2024-05-06,2024-07-30,-0.239063
002748,世龙实业,2023,2024-04-27,2023年年度报告,http://www.cninfo.com.cn/new/disclosure/detail?stockCode=002748&announcementId=1219873376&orgId=9900023138&announcementTime=2024-04-27,2024-04-29,2024-07-29,-0.287078
002752,昇兴股份,2023,2024-04-30,2023年年度报告,http://www.cninfo.com.cn/new/disclosure/detail?stockCode=002752&announcementId=1219917883&orgId=9900022981&announcementTime=2024-04-30,2024-05-06,2024-07-30,-0.168157
002749,国光股份,2023,2024-04-25,2023年年度报告,http://www.cninfo.com.cn/new/disclosure/detail?stockCode=002749&announcementId=1219797033&orgId=9900023788&announcementTime=2024-04-25,2024-04-26,2024-07-25,-0.024264
002753,永东股份,2023,2024-04-29,2023年年度报告,http://www.cninfo.com.cn/new/disclosure/detail?stockCode=002753&announcementId=1219866583&orgId=9900022937&announcementTime=2024-04-29,2024-04-30,2024-07-29,-0.103088
002755,奥赛康,2023,2024-04-29,2023年年度报告,http://www.cninfo.com.cn/new/disclosure/detail?stockCode=002755&announcementId=1219857822&orgId=9900022950&announcementTime=2024-04-29,2024-04-30,2024-07-29,-0.130952
002756,永兴材料,2023,2024-04-30,2023年年度报告,http://www.cninfo.com.cn/new/disclosure/detail?stockCode=002756&announcementId=1219908490&orgId=9900022998&announcementTime=2024-04-30,2024-05-06,2024-07-30,-0.309688
002757,南兴股份,2023,2024-04-27,2023年年度报告,http://www.cninfo.com.cn/new/disclosure/detail?stockCode=002757&announcementId=1219863201&orgId=9900023647&announcementTime=2024-04-27,2024-04-29,2024-07-26,-0.158642
002758,浙农股份,2023,2024-04-26,2023年年度报告,http://www.cninfo.com.cn/new/disclosure/detail?stockCode=002758&announcementId=1219831255&orgId=9900023652&announcementTime=2024-04-26,2024-04-29,2024-07-26,-0.173403
002759,天际股份,2023,2024-03-25,2023年年度报告,http://www.cninfo.com.cn/new/disclosure/detail?stockCode=002759&announcementId=1219388035&orgId=9900023778&announcementTime=2024-03-25,2024-03-26,2024-06-26,-0.289219
002760,凤形股份,2023,2024-04-27,2023年年度报告,http://www.cninfo.com.cn/new/disclosure/detail?stockCode=002760&announcementId=1219858535&orgId=9900023679&announcementTime=2024-04-27,2024-04-29,2024-07-26,-0.197539
002761,浙江建投,2023,2024-04-25,2023年年度报告,http://www.cninfo.com.cn/new/disclosure/detail?stockCode=002761&announcementId=1219795036&orgId=9900023671&announcementTime=2024-04-25,2024-04-26,2024-07-25,-0.104317
002762,*ST金比,2023,2024-04-18,2023年年度报告,http://www.cninfo.com.cn/new/disclosure/detail?stockCode=002762&announcementId=1219653060&orgId=9900023705&announcementTime=2024-04-18,2024-04-19,2024-07-18,-0.171995
002763,汇洁股份,2023,2024-03-30,2023年年度报告,http://www.cninfo.com.cn/new/disclosure/detail?stockCode=002763&announcementId=1219465248&orgId=9900023669&announcementTime=2024-03-30,2024-04-01,2024-07-02,-0.072038
002765,蓝黛科技,2023,2024-03-29,2023年年度报告,http://www.cninfo.com.cn/new/disclosure/detail?stockCode=002765&announcementId=1219442674&orgId=9900023682&announcementTime=2024-03-29,2024-04-01,2024-07-02,-0.075985
002766,索菱股份,2023,2024-03-26,2023年年度报告,http://www.cninfo.com.cn/new/disclosure/detail?stockCode=002766&announcementId=1219404202&orgId=9900023703&announcementTime=2024-03-26,2024-03-27,2024-06-27,0.077766
002768,国恩股份,2023,2024-04-26,2023年年度报告,http://www.cninfo.com.cn/new/disclosure/detail?stockCode=002768&announcementId=1219837226&orgId=9900023787&announcementTime=2024-04-26,2024-04-29,2024-07-26,-0.182266
002767,先锋电子,2023,2024-04-10,2023年年度报告,http://www.cninfo.com.cn/new/disclosure/detail?stockCode=002767&announcementId=1219552353&orgId=9900023515&announcementTime=2024-04-10,2024-04-11,2024-07-10,-0.103358
002771,真视通,2023,2024-04-26,2023年年度报告,http://www.cninfo.com.cn/new/disclosure/detail?stockCode=002771&announcementId=1219825813&orgId=9900023511&announcementTime=2024-04-26,2024-04-29,2024-07-26,-0.274909
002769,普路通,2023,2024-04-30,2023年年度报告,http://www.cninfo.com.cn/new/disclosure/detail?stockCode=002769&announcementId=1219913661&orgId=9900023993&announcementTime=2024-04-30,2024-05-06,2024-07-30,-0.159458
002772,众兴菌业,2023,2024-03-26,2023年年度报告,http://www.cninfo.com.cn/new/disclosure/detail?stockCode=002772&announcementId=1219405509&orgId=9900024538&announcementTime=2024-03-26,2024-03-27,2024-06-27,-0.198404
002773,康弘药业,2023,2024-04-25,2023年年度报告,http://www.cninfo.com.cn/new/disclosure/detail?stockCode=002773&announcementId=1219794757&orgId=9900022951&announcementTime=2024-04-25,2024-04-26,2024-07-25,0.005608
002775,文科股份,2023,2024-04-12,2023年年度报告,http://www.cninfo.com.cn/new/disclosure/detail?stockCode=002775&announcementId=1219583417&orgId=9900023734&announcementTime=2024-04-12,2024-04-15,2024-07-12,-0.306763
002774,快意电梯,2023,2024-04-02,2023年年度报告,http://www.cninfo.com.cn/new/disclosure/detail?stockCode=002774&announcementId=1219491183&orgId=9900030589&announcementTime=2024-04-02,2024-04-03,2024-07-04,-0.09113
002778,中晟高科,2023,2024-04-25,2023年年度报告,http://www.cninfo.com.cn/new/disclosure/detail?stockCode=002778&announcementId=1219796517&orgId=9900023987&announcementTime=2024-04-25,2024-04-26,2024-07-25,-0.16447
002777,久远银海,2023,2024-04-03,2023年年度报告,http://www.cninfo.com.cn/new/disclosure/detail?stockCode=002777&announcementId=1219503198&orgId=9900023743&announcementTime=2024-04-03,2024-04-08,2024-07-05,-0.289392
002779,中坚科技,2023,2024-04-26,2023年年度报告,http://www.cninfo.com.cn/new/disclosure/detail?stockCode=002779&announcementId=1219821649&orgId=9900023448&announcementTime=2024-04-26,2024-04-29,2024-07-26,-0.107265
002780,三夫户外,2023,2024-04-30,2023年年度报告,http://www.cninfo.com.cn/new/disclosure/detail?stockCode=002780&announcementId=1219908756&orgId=9900023789&announcementTime=2024-04-30,2024-05-06,2024-07-30,-0.218401
002783,凯龙股份,2023,2024-04-30,2023年年度报告,http://www.cninfo.com.cn/new/disclosure/detail?stockCode=002783&announcementId=1219903673&orgId=9900022957&announcementTime=2024-04-30,2024-05-06,2024-07-30,-0.118716
002782,可立克,2023,2024-03-27,2023年年度报告,http://www.cninfo.com.cn/new/disclosure/detail?stockCode=002782&announcementId=1219412765&orgId=9900023239&announcementTime=2024-03-27,2024-03-28,2024-06-28,0.062679
002785,万里石,2023,2024-04-23,2023年年度报告,http://www.cninfo.com.cn/new/disclosure/detail?stockCode=002785&announcementId=1219746407&orgId=9900023763&announcementTime=2024-04-23,2024-04-24,2024-07-23,0.059151
002786,银宝山新,2023,2024-04-29,2023年年度报告,http://www.cninfo.com.cn/new/disclosure/detail?stockCode=002786&announcementId=1219865365&orgId=9900023708&announcementTime=2024-04-29,2024-04-30,2024-07-29,-0.334675
002787,华源控股,2023,2024-03-29,2023年年度报告,http://www.cninfo.com.cn/new/disclosure/detail?stockCode=002787&announcementId=1219446837&orgId=9900026421&announcementTime=2024-03-29,2024-04-01,2024-07-02,-0.076393
002788,鹭燕医药,2023,2024-04-16,2023年年度报告,http://www.cninfo.com.cn/new/disclosure/detail?stockCode=002788&announcementId=1219617488&orgId=9900023613&announcementTime=2024-04-16,2024-04-17,2024-07-16,-0.021094
002789,*ST建艺,2023,2024-04-30,2023年年度报告,http://www.cninfo.com.cn/new/disclosure/detail?stockCode=002789&announcementId=1219921230&orgId=9900026451&announcementTime=2024-04-30,2024-05-06,2024-07-30,-0.039457
002790,瑞尔特,2023,2024-04-23,2023年年度报告,http://www.cninfo.com.cn/new/disclosure/detail?stockCode=002790&announcementId=1219740769&orgId=9900024907&announcementTime=2024-04-23,2024-04-24,2024-07-23,-0.310404
002791,坚朗五金,2023,2024-03-27,2023年年度报告,http://www.cninfo.com.cn/new/disclosure/detail?stockCode=002791&announcementId=1219410255&orgId=9900023709&announcementTime=2024-03-27,2024-03-28,2024-06-28,-0.271097
002792,通宇通讯,2023,2024-04-26,2023年年度报告,http://www.cninfo.com.cn/new/disclosure/detail?stockCode=002792&announcementId=1219833222&orgId=9900023217&announcementTime=2024-04-26,2024-04-29,2024-07-26,-0.137475
002793,罗欣药业,2023,2024-04-27,2023年年度报告,http://www.cninfo.com.cn/new/disclosure/detail?stockCode=002793&announcementId=1219856622&orgId=9900026645&announcementTime=2024-04-27,2024-04-29,2024-07-26,-0.101673
002795,永和智控,2023,2024-04-30,2023年年度报告,http://www.cninfo.com.cn/new/disclosure/detail?stockCode=002795&announcementId=1219908919&orgId=9900026670&announcementTime=2024-04-30,2024-05-06,2024-07-30,-0.122664
002796,世嘉科技,2023,2024-04-23,2023年年度报告,http://www.cninfo.com.cn/new/disclosure/detail?stockCode=002796&announcementId=1219746001&orgId=9900026564&announcementTime=2024-04-23,2024-04-24,2024-07-23,-0.098326
002797,第一创业,2023,2024-04-27,2023年年度报告,http://www.cninfo.com.cn/new/disclosure/detail?stockCode=002797&announcementId=1219864193&orgId=qsgn0000069&announcementTime=2024-04-27,2024-04-29,2024-07-26,-0.111588
002798,帝欧水华,2023,2024-04-27,2023年年度报告,http://www.cninfo.com.cn/new/disclosure/detail?stockCode=002798&announcementId=1219867557&orgId=9900023663&announcementTime=2024-04-27,2024-04-29,2024-07-26,-0.167386
002799,环球印务,2023,2024-04-26,2023年年度报告,http://www.cninfo.com.cn/new/disclosure/detail?stockCode=002799&announcementId=1219832238&orgId=9900023953&announcementTime=2024-04-26,2024-04-29,2024-07-26,-0.150085
002800,天顺股份,2023,2024-04-12,2023年年度报告,http://www.cninfo.com.cn/new/disclosure/detail?stockCode=002800&announcementId=1219583611&orgId=9900026802&announcementTime=2024-04-12,2024-04-15,2024-07-15,-0.162257
002801,微光股份,2023,2024-04-30,2023年年度报告,http://www.cninfo.com.cn/new/disclosure/detail?stockCode=002801&announcementId=1219906683&orgId=9900026210&announcementTime=2024-04-30,2024-05-06,2024-07-30,-0.211829
002802,洪汇新材,2023,2024-04-27,2023年年度报告,http://www.cninfo.com.cn/new/disclosure/detail?stockCode=002802&announcementId=1219858900&orgId=9900024761&announcementTime=2024-04-27,2024-04-29,2024-07-26,-0.085616
002803,吉宏股份,2023,2024-03-30,2023年年度报告,http://www.cninfo.com.cn/new/disclosure/detail?stockCode=002803&announcementId=1219463249&orgId=9900026644&announcementTime=2024-03-30,2024-04-01,2024-07-02,-0.339219
002805,丰元股份,2023,2024-04-27,2023年年度报告,http://www.cninfo.com.cn/new/disclosure/detail?stockCode=002805&announcementId=1219865950&orgId=9900023727&announcementTime=2024-04-27,2024-04-29,2024-07-26,-0.267342
002806,华锋股份,2023,2024-04-26,2023年年度报告,http://www.cninfo.com.cn/new/disclosure/detail?stockCode=002806&announcementId=1219828658&orgId=9900024944&announcementTime=2024-04-26,2024-04-29,2024-07-26,0.200274
002807,江阴银行,2023,2024-03-30,2023年年度报告,http://www.cninfo.com.cn/new/disclosure/detail?stockCode=002807&announcementId=1219469592&orgId=9900022947&announcementTime=2024-03-30,2024-04-01,2024-07-02,0.086486
002809,红墙股份,2023,2024-04-25,2023年年度报告,http://www.cninfo.com.cn/new/disclosure/detail?stockCode=002809&announcementId=1219792949&orgId=9900026563&announcementTime=2024-04-25,2024-04-26,2024-07-25,-0.144136
002810,山东赫达,2023,2024-04-27,2023年年度报告,http://www.cninfo.com.cn/new/disclosure/detail?stockCode=002810&announcementId=1219864648&orgId=9900026449&announcementTime=2024-04-27,2024-04-29,2024-07-26,-0.195122
002811,郑中设计,2023,2024-04-24,2023年年度报告,http://www.cninfo.com.cn/new/disclosure/detail?stockCode=002811&announcementId=1219770349&orgId=9900026798&announcementTime=2024-04-24,2024-04-25,2024-07-24,-0.004464
002812,恩捷股份,2023,2024-04-25,2023年年度报告,http://www.cninfo.com.cn/new/disclosure/detail?stockCode=002812&announcementId=1219795065&orgId=9900026450&announcementTime=2024-04-25,2024-04-26,2024-07-25,-0.235876
002813,路畅科技,2023,2024-03-15,2023年年度报告,http://www.cninfo.com.cn/new/disclosure/detail?stockCode=002813&announcementId=1219307119&orgId=9900026536&announcementTime=2024-03-15,2024-03-18,2024-06-18,-0.046849
002815,崇达技术,2023,2024-04-13,2023年年度报告,http://www.cninfo.com.cn/new/disclosure/detail?stockCode=002815&announcementId=1219596460&orgId=9900023139&announcementTime=2024-04-13,2024-04-15,2024-07-12,0.196516
002817,黄山胶囊,2023,2024-03-23,2023年年度报告,http://www.cninfo.com.cn/new/disclosure/detail?stockCode=002817&announcementId=1219390567&orgId=9900026805&announcementTime=2024-03-23,2024-03-25,2024-06-25,-0.237425
002816,*ST和科,2023,2024-04-29,2023年年度报告,http://www.cninfo.com.cn/new/disclosure/detail?stockCode=002816&announcementId=1219872338&orgId=9900026779&announcementTime=2024-04-29,2024-04-30,2024-07-29,-0.238627
002818,富森美,2023,2024-03-29,2023年年度报告,http://www.cninfo.com.cn/new/disclosure/detail?stockCode=002818&announcementId=1219444032&orgId=9900026774&announcementTime=2024-03-29,2024-04-01,2024-07-02,-0.074051
002819,东方中科,2023,2024-04-16,2023年年度报告,http://www.cninfo.com.cn/new/disclosure/detail?stockCode=002819&announcementId=1219625567&orgId=9900024446&announcementTime=2024-04-16,2024-04-17,2024-07-16,-0.149425
002820,桂发祥,2023,2024-04-09,2023年年度报告,http://www.cninfo.com.cn/new/disclosure/detail?stockCode=002820&announcementId=1219539088&orgId=9900027320&announcementTime=2024-04-09,2024-04-10,2024-07-09,-0.198446
002822,ST中装,2023,2024-04-30,2023年年度报告,http://www.cninfo.com.cn/new/disclosure/detail?stockCode=002822&announcementId=1219926071&orgId=9900027671&announcementTime=2024-04-30,2024-05-06,2024-07-30,-0.024457
002821,凯莱英,2023,2024-03-29,2023年年度报告,http://www.cninfo.com.cn/new/disclosure/detail?stockCode=002821&announcementId=1219441324&orgId=9900026806&announcementTime=2024-03-29,2024-04-01,2024-07-02,-0.233504
002823,凯中精密,2023,2024-04-16,2023年年度报告,http://www.cninfo.com.cn/new/disclosure/detail?stockCode=002823&announcementId=1219624253&orgId=9900028776&announcementTime=2024-04-16,2024-04-17,2024-07-16,0.8271
002824,和胜股份,2023,2024-04-29,2023年年度报告,http://www.cninfo.com.cn/new/disclosure/detail?stockCode=002824&announcementId=1219869223&orgId=9900029032&announcementTime=2024-04-29,2024-04-30,2024-07-29,-0.237725
002825,纳尔股份,2023,2024-04-23,2023年年度报告,http://www.cninfo.com.cn/new/disclosure/detail?stockCode=002825&announcementId=1219747840&orgId=9900028910&announcementTime=2024-04-23,2024-04-24,2024-07-23,-0.109744
002826,易明医药,2023,2024-04-26,2023年年度报告,http://www.cninfo.com.cn/new/disclosure/detail?stockCode=002826&announcementId=1219824993&orgId=9900032175&announcementTime=2024-04-26,2024-04-29,2024-07-26,-0.046875
002827,高争民爆,2023,2024-04-19,2023年年度报告,http://www.cninfo.com.cn/new/disclosure/detail?stockCode=002827&announcementId=1219666439&orgId=9900031912&announcementTime=2024-04-19,2024-04-22,2024-07-19,0.51356
002828,贝肯能源,2023,2024-04-02,2023年年度报告,http://www.cninfo.com.cn/new/disclosure/detail?stockCode=002828&announcementId=1219490796&orgId=9900028824&announcementTime=2024-04-02,2024-04-03,2024-07-04,-0.151672
002829,星网宇达,2023,2024-04-26,2023年年度报告,http://www.cninfo.com.cn/new/disclosure/detail?stockCode=002829&announcementId=1219839614&orgId=9900028875&announcementTime=2024-04-26,2024-04-29,2024-07-26,-0.165766
002830,名雕股份,2023,2024-04-27,2023年年度报告,http://www.cninfo.com.cn/new/disclosure/detail?stockCode=002830&announcementId=1219857746&orgId=9900023978&announcementTime=2024-04-27,2024-04-29,2024-07-26,-0.106402
002831,裕同科技,2023,2024-04-26,2023年年度报告,http://www.cninfo.com.cn/new/disclosure/detail?stockCode=002831&announcementId=1219830709&orgId=9900029473&announcementTime=2024-04-26,2024-04-29,2024-07-26,-0.096907
002832,比音勒芬,2023,2024-04-27,2023年年度报告,http://www.cninfo.com.cn/new/disclosure/detail?stockCode=002832&announcementId=1219868409&orgId=9900026776&announcementTime=2024-04-27,2024-04-29,2024-07-26,-0.29125
002833,弘亚数控,2023,2024-04-26,2023年年度报告,http://www.cninfo.com.cn/new/disclosure/detail?stockCode=002833&announcementId=1219827062&orgId=9900029438&announcementTime=2024-04-26,2024-04-29,2024-07-26,-0.192142
002835,同为股份,2023,2024-04-26,2023年年度报告,http://www.cninfo.com.cn/new/disclosure/detail?stockCode=002835&announcementId=1219831053&orgId=9900028957&announcementTime=2024-04-26,2024-04-29,2024-07-26,-0.17437
002836,新宏泽,2023,2024-04-29,2023年年度报告,http://www.cninfo.com.cn/new/disclosure/detail?stockCode=002836&announcementId=1219859788&orgId=GD030325&announcementTime=2024-04-29,2024-04-30,2024-07-29,-0.087193
002838,道恩股份,2023,2024-04-02,2023年年度报告,http://www.cninfo.com.cn/new/disclosure/detail?stockCode=002838&announcementId=1219489286&orgId=9900022768&announcementTime=2024-04-02,2024-04-03,2024-07-04,-0.227855
002837,英维克,2023,2024-04-16,2023年年度报告,http://www.cninfo.com.cn/new/disclosure/detail?stockCode=002837&announcementId=1219623801&orgId=9900029666&announcementTime=2024-04-16,2024-04-17,2024-07-16,0.137973
002839,张家港行,2023,2024-04-30,2023年年度报告,http://www.cninfo.com.cn/new/disclosure/detail?stockCode=002839&announcementId=1219911257&orgId=9900022943&announcementTime=2024-04-30,2024-05-06,2024-07-30,-0.008389
002840,华统股份,2023,2024-04-23,2023年年度报告,http://www.cninfo.com.cn/new/disclosure/detail?stockCode=002840&announcementId=1219744989&orgId=9900023469&announcementTime=2024-04-23,2024-04-24,2024-07-23,-0.329602
002841,视源股份,2023,2024-04-25,2023年年度报告,http://www.cninfo.com.cn/new/disclosure/detail?stockCode=002841&announcementId=1219800467&orgId=9900029752&announcementTime=2024-04-25,2024-04-26,2024-07-25,-0.074556
002842,翔鹭钨业,2023,2024-04-25,2023年年度报告,http://www.cninfo.com.cn/new/disclosure/detail?stockCode=002842&announcementId=1219788876&orgId=9900029049&announcementTime=2024-04-25,2024-04-26,2024-07-25,-0.175831
002843,泰嘉股份,2023,2024-03-30,2023年年度报告,http://www.cninfo.com.cn/new/disclosure/detail?stockCode=002843&announcementId=1219470397&orgId=9900023212&announcementTime=2024-03-30,2024-04-01,2024-07-02,-0.185422
002845,同兴达,2023,2024-04-16,2023年年度报告,http://www.cninfo.com.cn/new/disclosure/detail?stockCode=002845&announcementId=1219622932&orgId=9900029474&announcementTime=2024-04-16,2024-04-17,2024-07-16,0.06133
002846,英联股份,2023,2024-04-30,2023年年度报告,http://www.cninfo.com.cn/new/disclosure/detail?stockCode=002846&announcementId=1219920345&orgId=9900030302&announcementTime=2024-04-30,2024-05-06,2024-07-30,-0.126787
002847,盐津铺子,2023,2024-03-27,2023年年度报告,http://www.cninfo.com.cn/new/disclosure/detail?stockCode=002847&announcementId=1219410233&orgId=9900030301&announcementTime=2024-03-27,2024-03-28,2024-06-28,-0.202699
002848,*ST高斯,2023,2024-04-16,2023年年度报告,http://www.cninfo.com.cn/new/disclosure/detail?stockCode=002848&announcementId=1219623305&orgId=9900029751&announcementTime=2024-04-16,2024-04-17,2024-07-16,-0.001534
002849,威星智能,2023,2024-04-25,2023年年度报告,http://www.cninfo.com.cn/new/disclosure/detail?stockCode=002849&announcementId=1219797723&orgId=9900033359&announcementTime=2024-04-25,2024-04-26,2024-07-25,-0.272355
002851,麦格米特,2023,2024-04-30,2023年年度报告,http://www.cninfo.com.cn/new/disclosure/detail?stockCode=002851&announcementId=1219912772&orgId=9900023251&announcementTime=2024-04-30,2024-05-06,2024-07-30,0.201901
002850,科达利,2023,2024-04-13,2023年年度报告,http://www.cninfo.com.cn/new/disclosure/detail?stockCode=002850&announcementId=1219594078&orgId=9900029916&announcementTime=2024-04-13,2024-04-15,2024-07-12,-0.090243
002853,皮阿诺,2023,2024-04-25,2023年年度报告,http://www.cninfo.com.cn/new/disclosure/detail?stockCode=002853&announcementId=1219801941&orgId=9900030400&announcementTime=2024-04-25,2024-04-26,2024-07-25,-0.207875
002852,道道全,2023,2024-04-27,2023年年度报告,http://www.cninfo.com.cn/new/disclosure/detail?stockCode=002852&announcementId=1219862164&orgId=9900030528&announcementTime=2024-04-27,2024-04-29,2024-07-26,-0.14879
002856,美芝股份,2023,2024-04-29,2023年年度报告,http://www.cninfo.com.cn/new/disclosure/detail?stockCode=002856&announcementId=1219873670&orgId=9900028823&announcementTime=2024-04-29,2024-04-30,2024-07-29,-0.128259
002855,捷荣技术,2023,2024-04-27,2023年年度报告,http://www.cninfo.com.cn/new/disclosure/detail?stockCode=002855&announcementId=1219873424&orgId=9900030092&announcementTime=2024-04-27,2024-04-29,2024-07-26,-0.271534
002857,三晖电气,2023,2024-04-19,2023年年度报告,http://www.cninfo.com.cn/new/disclosure/detail?stockCode=002857&announcementId=1219668025&orgId=9900029748&announcementTime=2024-04-19,2024-04-22,2024-07-19,0.034183
002858,力盛体育,2023,2024-04-26,2023年年度报告,http://www.cninfo.com.cn/new/disclosure/detail?stockCode=002858&announcementId=1219831177&orgId=9900029827&announcementTime=2024-04-26,2024-04-29,2024-07-26,-0.111015
002859,洁美科技,2023,2024-04-16,2023年年度报告,http://www.cninfo.com.cn/new/disclosure/detail?stockCode=002859&announcementId=1219624296&orgId=9900030782&announcementTime=2024-04-16,2024-04-17,2024-07-16,0.030467
002860,星帅尔,2023,2024-04-10,2023年年度报告,http://www.cninfo.com.cn/new/disclosure/detail?stockCode=002860&announcementId=1219551289&orgId=9900023097&announcementTime=2024-04-10,2024-04-11,2024-07-10,-0.19045
002861,瀛通通讯,2023,2024-04-26,2023年年度报告,http://www.cninfo.com.cn/new/disclosure/detail?stockCode=002861&announcementId=1219842564&orgId=9900029915&announcementTime=2024-04-26,2024-04-29,2024-07-26,0.135266
002862,实丰文化,2023,2024-04-29,2023年年度报告,http://www.cninfo.com.cn/new/disclosure/detail?stockCode=002862&announcementId=1219863671&orgId=9900030606&announcementTime=2024-04-29,2024-04-30,2024-07-29,-0.029229
002863,今飞凯达,2023,2024-04-26,2023年年度报告,http://www.cninfo.com.cn/new/disclosure/detail?stockCode=002863&announcementId=1219829260&orgId=9900030825&announcementTime=2024-04-26,2024-04-29,2024-07-26,-0.157895
002864,盘龙药业,2023,2024-04-26,2023年年度报告,http://www.cninfo.com.cn/new/disclosure/detail?stockCode=002864&announcementId=1219836541&orgId=9900034531&announcementTime=2024-04-26,2024-04-29,2024-07-26,-0.109777
002866,传艺科技,2023,2024-03-30,2023年年度报告,http://www.cninfo.com.cn/new/disclosure/detail?stockCode=002866&announcementId=1219472308&orgId=9900031481&announcementTime=2024-03-30,2024-04-01,2024-07-02,-0.212713
002865,钧达股份,2023,2024-03-13,2023年年度报告,http://www.cninfo.com.cn/new/disclosure/detail?stockCode=002865&announcementId=1219298363&orgId=9900029046&announcementTime=2024-03-13,2024-03-14,2024-06-14,-0.362418
002867,周大生,2023,2024-04-26,2023年年度报告,http://www.cninfo.com.cn/new/disclosure/detail?stockCode=002867&announcementId=1219830523&orgId=9900029978&announcementTime=2024-04-26,2024-04-29,2024-07-26,-0.221672
002868,*ST绿康,2023,2024-04-30,2023年年度报告,http://www.cninfo.com.cn/new/disclosure/detail?stockCode=002868&announcementId=1219917465&orgId=9900030698&announcementTime=2024-04-30,2024-05-06,2024-07-30,-0.178076
002869,金溢科技,2023,2024-04-19,2023年年度报告,http://www.cninfo.com.cn/new/disclosure/detail?stockCode=002869&announcementId=1219671890&orgId=9900030824&announcementTime=2024-04-19,2024-04-22,2024-07-19,0.705119
002870,香山股份,2023,2024-03-28,2023年年度报告,http://www.cninfo.com.cn/new/disclosure/detail?stockCode=002870&announcementId=1219427214&orgId=9900030780&announcementTime=2024-03-28,2024-03-29,2024-07-01,-0.097118
002871,伟隆股份,2023,2024-04-26,2023年年度报告,http://www.cninfo.com.cn/new/disclosure/detail?stockCode=002871&announcementId=1219830417&orgId=9900030830&announcementTime=2024-04-26,2024-04-29,2024-07-26,0.006986
002872,ST天圣,2023,2024-04-26,2023年年度报告,http://www.cninfo.com.cn/new/disclosure/detail?stockCode=002872&announcementId=1219835921&orgId=9900030826&announcementTime=2024-04-26,2024-04-29,2024-07-26,-0.216463
002873,新天药业,2023,2024-04-12,2023年年度报告,http://www.cninfo.com.cn/new/disclosure/detail?stockCode=002873&announcementId=1219583378&orgId=9900023814&announcementTime=2024-04-12,2024-04-15,2024-07-12,-0.300024
002875,安奈儿,2023,2024-04-30,2023年年度报告,http://www.cninfo.com.cn/new/disclosure/detail?stockCode=002875&announcementId=1219922646&orgId=9900030588&announcementTime=2024-04-30,2024-05-06,2024-07-30,0.007743
002876,三利谱,2023,2024-04-12,2023年年度报告,http://www.cninfo.com.cn/new/disclosure/detail?stockCode=002876&announcementId=1219581905&orgId=9900030828&announcementTime=2024-04-12,2024-04-15,2024-07-12,-0.019582
002878,元隆雅图,2023,2024-04-19,2023年年度报告,http://www.cninfo.com.cn/new/disclosure/detail?stockCode=002878&announcementId=1219672405&orgId=9900030663&announcementTime=2024-04-19,2024-04-22,2024-07-19,-0.09982
002877,智能自控,2023,2024-04-22,2023年年度报告,http://www.cninfo.com.cn/new/disclosure/detail?stockCode=002877&announcementId=1219700805&orgId=9900031501&announcementTime=2024-04-22,2024-04-23,2024-07-22,-0.121995
002879,长缆科技,2023,2024-03-15,2023年年度报告,http://www.cninfo.com.cn/new/disclosure/detail?stockCode=002879&announcementId=1219307390&orgId=9900031441&announcementTime=2024-03-15,2024-03-18,2024-06-18,-0.07973
002880,卫光生物,2023,2024-04-26,2023年年度报告,http://www.cninfo.com.cn/new/disclosure/detail?stockCode=002880&announcementId=1219825375&orgId=9900031439&announcementTime=2024-04-26,2024-04-29,2024-07-26,-0.055177
002882,金龙羽,2023,2024-04-13,2023年年度报告,http://www.cninfo.com.cn/new/disclosure/detail?stockCode=002882&announcementId=1219592969&orgId=9900030699&announcementTime=2024-04-13,2024-04-15,2024-07-12,-0.118609
002883,中设股份,2023,2024-04-23,2023年年度报告,http://www.cninfo.com.cn/new/disclosure/detail?stockCode=002883&announcementId=1219737432&orgId=9900031776&announcementTime=2024-04-23,2024-04-24,2024-07-23,-0.079365
002881,美格智能,2023,2024-04-25,2023年年度报告,http://www.cninfo.com.cn/new/disclosure/detail?stockCode=002881&announcementId=1219797200&orgId=9900032572&announcementTime=2024-04-25,2024-04-26,2024-07-25,-0.110191
002884,凌霄泵业,2023,2024-04-11,2023年年度报告,http://www.cninfo.com.cn/new/disclosure/detail?stockCode=002884&announcementId=1219568186&orgId=9900031445&announcementTime=2024-04-11,2024-04-12,2024-07-11,-0.068251
002885,京泉华,2023,2024-04-27,2023年年度报告,http://www.cninfo.com.cn/new/disclosure/detail?stockCode=002885&announcementId=1219872070&orgId=9900032561&announcementTime=2024-04-27,2024-04-29,2024-07-26,-0.178395
002886,沃特股份,2023,2024-04-20,2023年年度报告,http://www.cninfo.com.cn/new/disclosure/detail?stockCode=002886&announcementId=1219696621&orgId=9900031440&announcementTime=2024-04-20,2024-04-22,2024-07-19,0.040615
002887,绿茵生态,2023,2024-04-30,2023年年度报告,http://www.cninfo.com.cn/new/disclosure/detail?stockCode=002887&announcementId=1219913707&orgId=9900031819&announcementTime=2024-04-30,2024-05-06,2024-07-30,-0.072297
002888,惠威科技,2023,2024-04-26,2023年年度报告,http://www.cninfo.com.cn/new/disclosure/detail?stockCode=002888&announcementId=1219822217&orgId=9900032420&announcementTime=2024-04-26,2024-04-29,2024-07-26,0.023883
002889,东方嘉盛,2023,2024-04-26,2023年年度报告,http://www.cninfo.com.cn/new/disclosure/detail?stockCode=002889&announcementId=1219834066&orgId=9900014832&announcementTime=2024-04-26,2024-04-29,2024-07-26,0.091908
002890,弘宇股份,2023,2024-04-18,2023年年度报告,http://www.cninfo.com.cn/new/disclosure/detail?stockCode=002890&announcementId=1219649239&orgId=9900031913&announcementTime=2024-04-18,2024-04-19,2024-07-18,-0.176697
002891,中宠股份,2023,2024-04-23,2023年年度报告,http://www.cninfo.com.cn/new/disclosure/detail?stockCode=002891&announcementId=1219735254&orgId=9900032780&announcementTime=2024-04-23,2024-04-24,2024-07-23,-0.243773
002892,科力尔,2023,2024-04-26,2023年年度报告,http://www.cninfo.com.cn/new/disclosure/detail?stockCode=002892&announcementId=1219830866&orgId=9900032990&announcementTime=2024-04-26,2024-04-29,2024-07-26,-0.209065
002893,京能热力,2023,2024-04-27,2023年年度报告,http://www.cninfo.com.cn/new/disclosure/detail?stockCode=002893&announcementId=1219869351&orgId=GD116217&announcementTime=2024-04-27,2024-04-29,2024-07-26,-0.123864
002895,川恒股份,2023,2024-03-29,2023年年度报告,http://www.cninfo.com.cn/new/disclosure/detail?stockCode=002895&announcementId=1219445007&orgId=9900032889&announcementTime=2024-03-29,2024-04-01,2024-07-02,0.08104
002896,中大力德,2023,2024-04-16,2023年年度报告,http://www.cninfo.com.cn/new/disclosure/detail?stockCode=002896&announcementId=1219621979&orgId=9900033209&announcementTime=2024-04-16,2024-04-17,2024-07-16,-0.129672
002897,意华股份,2023,2024-04-26,2023年年度报告,http://www.cninfo.com.cn/new/disclosure/detail?stockCode=002897&announcementId=1219816297&orgId=9900032890&announcementTime=2024-04-26,2024-04-29,2024-07-26,0.040211
002898,*ST赛隆,2023,2024-04-20,2023年年度报告,http://www.cninfo.com.cn/new/disclosure/detail?stockCode=002898&announcementId=1219698018&orgId=9900032573&announcementTime=2024-04-20,2024-04-22,2024-07-19,-0.056585
002899,英派斯,2023,2024-04-27,2023年年度报告,http://www.cninfo.com.cn/new/disclosure/detail?stockCode=002899&announcementId=1219862232&orgId=9900033211&announcementTime=2024-04-27,2024-04-29,2024-07-26,-0.187231
002900,哈三联,2023,2024-04-26,2023年年度报告,http://www.cninfo.com.cn/new/disclosure/detail?stockCode=002900&announcementId=1219815730&orgId=9900031438&announcementTime=2024-04-26,2024-04-29,2024-07-26,-0.131088
002902,铭普光磁,2023,2024-04-23,2023年年度报告,http://www.cninfo.com.cn/new/disclosure/detail?stockCode=002902&announcementId=1219746085&orgId=9900030783&announcementTime=2024-04-23,2024-04-24,2024-07-23,-0.173584
002903,宇环数控,2023,2024-03-29,2023年年度报告,http://www.cninfo.com.cn/new/disclosure/detail?stockCode=002903&announcementId=1219440030&orgId=9900033226&announcementTime=2024-03-29,2024-04-01,2024-07-02,-0.119218
002905,金逸影视,2023,2024-04-16,2023年年度报告,http://www.cninfo.com.cn/new/disclosure/detail?stockCode=002905&announcementId=1219621393&orgId=9900023145&announcementTime=2024-04-16,2024-04-17,2024-07-16,-0.095449
002906,华阳集团,2023,2024-03-30,2023年年度报告,http://www.cninfo.com.cn/new/disclosure/detail?stockCode=002906&announcementId=1219470586&orgId=9900030637&announcementTime=2024-03-30,2024-04-01,2024-07-02,0.001085
002907,华森制药,2023,2024-04-10,2023年年度报告,http://www.cninfo.com.cn/new/disclosure/detail?stockCode=002907&announcementId=1219550596&orgId=9900033357&announcementTime=2024-04-10,2024-04-11,2024-07-10,-0.105528
002908,德生科技,2023,2024-04-20,2023年年度报告,http://www.cninfo.com.cn/new/disclosure/detail?stockCode=002908&announcementId=1219699521&orgId=9900033187&announcementTime=2024-04-20,2024-04-22,2024-07-19,-0.131907
002909,集泰股份,2023,2024-04-19,2023年年度报告,http://www.cninfo.com.cn/new/disclosure/detail?stockCode=002909&announcementId=1219663789&orgId=9900031818&announcementTime=2024-04-19,2024-04-22,2024-07-19,-0.28292
002910,庄园牧场,2023,2024-04-27,2023年年度报告,http://www.cninfo.com.cn/new/disclosure/detail?stockCode=002910&announcementId=1219871887&orgId=9900025273&announcementTime=2024-04-27,2024-04-29,2024-07-26,-0.191489
002911,佛燃能源,2023,2024-03-27,2023年年度报告,http://www.cninfo.com.cn/new/disclosure/detail?stockCode=002911&announcementId=1219408283&orgId=9900023979&announcementTime=2024-03-27,2024-03-28,2024-06-28,-0.062732
002912,中新赛克,2023,2024-03-15,2023年年度报告,http://www.cninfo.com.cn/new/disclosure/detail?stockCode=002912&announcementId=1219307613&orgId=9900033221&announcementTime=2024-03-15,2024-03-18,2024-06-18,-0.3488
002913,奥士康,2023,2024-04-25,2023年年度报告,http://www.cninfo.com.cn/new/disclosure/detail?stockCode=002913&announcementId=1219801855&orgId=9900033854&announcementTime=2024-04-25,2024-04-26,2024-07-25,0.01927
002915,中欣氟材,2023,2024-04-16,2023年年度报告,http://www.cninfo.com.cn/new/disclosure/detail?stockCode=002915&announcementId=1219624031&orgId=9900033856&announcementTime=2024-04-16,2024-04-17,2024-07-16,-0.115029
002916,深南电路,2023,2024-03-15,2023年年度报告,http://www.cninfo.com.cn/new/disclosure/detail?stockCode=002916&announcementId=1219307500&orgId=9900022488&announcementTime=2024-03-15,2024-03-18,2024-06-18,0.259555
002917,金奥博,2023,2024-04-26,2023年年度报告,http://www.cninfo.com.cn/new/disclosure/detail?stockCode=002917&announcementId=1219831262&orgId=9900034453&announcementTime=2024-04-26,2024-04-29,2024-07-26,-0.076373
002918,蒙娜丽莎,2023,2024-04-20,2023年年度报告,http://www.cninfo.com.cn/new/disclosure/detail?stockCode=002918&announcementId=1219696427&orgId=9900033052&announcementTime=2024-04-20,2024-04-22,2024-07-19,-0.167396
002920,德赛西威,2023,2024-03-28,2023年年度报告,http://www.cninfo.com.cn/new/disclosure/detail?stockCode=002920&announcementId=1219428492&orgId=9900032987&announcementTime=2024-03-28,2024-03-29,2024-07-01,-0.340748
002919,名臣健康,2023,2024-04-29,2023年年度报告,http://www.cninfo.com.cn/new/disclosure/detail?stockCode=002919&announcementId=1219858453&orgId=9900033207&announcementTime=2024-04-29,2024-04-30,2024-07-29,-0.380855
002922,伊戈尔,2023,2024-03-30,2023年年度报告,http://www.cninfo.com.cn/new/disclosure/detail?stockCode=002922&announcementId=1219472857&orgId=9900023654&announcementTime=2024-03-30,2024-04-01,2024-07-02,0.366071
002921,联诚精密,2023,2024-04-20,2023年年度报告,http://www.cninfo.com.cn/new/disclosure/detail?stockCode=002921&announcementId=1219701864&orgId=9900033213&announcementTime=2024-04-20,2024-04-22,2024-07-19,-0.159326
002925,盈趣科技,2023,2024-04-27,2023年年度报告,http://www.cninfo.com.cn/new/disclosure/detail?stockCode=002925&announcementId=1219867746&orgId=9900033915&announcementTime=2024-04-27,2024-04-29,2024-07-26,-0.183036
002923,润都股份,2023,2024-04-27,2023年年度报告,http://www.cninfo.com.cn/new/disclosure/detail?stockCode=002923&announcementId=1219866487&orgId=9900025272&announcementTime=2024-04-27,2024-04-29,2024-07-26,-0.125664
002926,华西证券,2023,2024-04-27,2023年年度报告,http://www.cninfo.com.cn/new/disclosure/detail?stockCode=002926&announcementId=1219869677&orgId=qsgn0000140&announcementTime=2024-04-27,2024-04-29,2024-07-26,-0.10705
002927,泰永长征,2023,2024-04-26,2023年年度报告,http://www.cninfo.com.cn/new/disclosure/detail?stockCode=002927&announcementId=1219830990&orgId=9900035338&announcementTime=2024-04-26,2024-04-29,2024-07-26,-0.229408
002928,华夏航空,2023,2024-04-24,2023年年度报告,http://www.cninfo.com.cn/new/disclosure/detail?stockCode=002928&announcementId=1219769617&orgId=9900034642&announcementTime=2024-04-24,2024-04-25,2024-07-24,-0.047076
002929,润建股份,2023,2024-04-30,2023年年度报告,http://www.cninfo.com.cn/new/disclosure/detail?stockCode=002929&announcementId=1220127280&orgId=gfbj0834571&announcementTime=2024-04-30,2024-05-06,2024-07-30,-0.236472
002930,宏川智慧,2023,2024-04-25,2023年年度报告,http://www.cninfo.com.cn/new/disclosure/detail?stockCode=002930&announcementId=1219800426&orgId=gfbj0834337&announcementTime=2024-04-25,2024-04-26,2024-07-25,-0.197844
002931,锋龙股份,2023,2024-03-26,2023年年度报告,http://www.cninfo.com.cn/new/disclosure/detail?stockCode=002931&announcementId=1219403881&orgId=9900035297&announcementTime=2024-03-26,2024-03-27,2024-06-27,-0.334727
002932,明德生物,2023,2024-04-26,2023年年度报告,http://www.cninfo.com.cn/new/disclosure/detail?stockCode=002932&announcementId=1219817184&orgId=gfbj0430591&announcementTime=2024-04-26,2024-04-29,2024-07-26,-0.169876
002933,新兴装备,2023,2024-04-10,2023年年度报告,http://www.cninfo.com.cn/new/disclosure/detail?stockCode=002933&announcementId=1219553943&orgId=9900033914&announcementTime=2024-04-10,2024-04-11,2024-07-10,-0.239489
002936,郑州银行,2023,2024-03-29,2023年年度报告,http://www.cninfo.com.cn/new/disclosure/detail?stockCode=002936&announcementId=1219447805&orgId=9900011028&announcementTime=2024-03-29,2024-04-01,2024-07-02,-0.087273
002935,天奥电子,2023,2024-04-26,2023年年度报告,http://www.cninfo.com.cn/new/disclosure/detail?stockCode=002935&announcementId=1219826338&orgId=9900031437&announcementTime=2024-04-26,2024-04-29,2024-07-26,-0.128699
002937,兴瑞科技,2023,2024-04-18,2023年年度报告,http://www.cninfo.com.cn/new/disclosure/detail?stockCode=002937&announcementId=1219654292&orgId=9900035540&announcementTime=2024-04-18,2024-04-19,2024-07-18,0.03599
002938,鹏鼎控股,2023,2024-03-30,2023年年度报告,http://www.cninfo.com.cn/new/disclosure/detail?stockCode=002938&announcementId=1219466957&orgId=9900036236&announcementTime=2024-03-30,2024-04-01,2024-07-02,0.661102
002939,长城证券,2023,2024-04-23,2023年年度报告,http://www.cninfo.com.cn/new/disclosure/detail?stockCode=002939&announcementId=1219745507&orgId=qsgn0000030&announcementTime=2024-04-23,2024-04-24,2024-07-23,-0.092328
002940,昂利康,2023,2024-04-20,2023年年度报告,http://www.cninfo.com.cn/new/disclosure/detail?stockCode=002940&announcementId=1219696671&orgId=9900035538&announcementTime=2024-04-20,2024-04-22,2024-07-19,-0.059412
002941,新疆交建,2023,2024-04-10,2023年年度报告,http://www.cninfo.com.cn/new/disclosure/detail?stockCode=002941&announcementId=1219550616&orgId=9900024967&announcementTime=2024-04-10,2024-04-11,2024-07-10,-0.236596
002942,新农股份,2023,2024-04-25,2023年年度报告,http://www.cninfo.com.cn/new/disclosure/detail?stockCode=002942&announcementId=1219798959&orgId=gfbj0831868&announcementTime=2024-04-25,2024-04-26,2024-07-25,-0.125539
002943,宇晶股份,2023,2024-03-26,2023年年度报告,http://www.cninfo.com.cn/new/disclosure/detail?stockCode=002943&announcementId=1219405754&orgId=gfbj0834124&announcementTime=2024-03-26,2024-03-27,2024-06-27,0.05103
002945,华林证券,2023,2024-04-20,2023年年度报告,http://www.cninfo.com.cn/new/disclosure/detail?stockCode=002945&announcementId=1219703406&orgId=qsgn0000869&announcementTime=2024-04-20,2024-04-22,2024-07-19,-0.07328
002946,新乳业,2023,2024-04-26,2023年年度报告,http://www.cninfo.com.cn/new/disclosure/detail?stockCode=002946&announcementId=1219824289&orgId=9900035998&announcementTime=2024-04-26,2024-04-29,2024-07-26,-0.156064
002947,恒铭达,2023,2024-04-02,2023年年度报告,http://www.cninfo.com.cn/new/disclosure/detail?stockCode=002947&announcementId=1219493692&orgId=9900035996&announcementTime=2024-04-02,2024-04-03,2024-07-04,0.246586
002948,青岛银行,2023,2024-03-29,2023年年度报告,http://www.cninfo.com.cn/new/disclosure/detail?stockCode=002948&announcementId=1219448233&orgId=9900025494&announcementTime=2024-03-29,2024-04-01,2024-07-02,0.129412
002949,华阳国际,2023,2024-03-29,2023年年度报告,http://www.cninfo.com.cn/new/disclosure/detail?stockCode=002949&announcementId=1219444911&orgId=gfbj0836762&announcementTime=2024-03-29,2024-04-01,2024-07-02,-0.146901
002951,金时科技,2023,2024-03-28,2023年年度报告,http://www.cninfo.com.cn/new/disclosure/detail?stockCode=002951&announcementId=1219430386&orgId=9900036403&announcementTime=2024-03-28,2024-03-29,2024-07-01,-0.261307
002950,奥美医疗,2023,2024-04-30,2023年年度报告,http://www.cninfo.com.cn/new/disclosure/detail?stockCode=002950&announcementId=1219915388&orgId=9900036281&announcementTime=2024-04-30,2024-05-06,2024-07-30,-0.228173
002952,亚世光电,2023,2024-04-29,2023年年度报告,http://www.cninfo.com.cn/new/disclosure/detail?stockCode=002952&announcementId=1219865065&orgId=gfbj0832840&announcementTime=2024-04-29,2024-04-30,2024-07-29,-0.188658
002953,日丰股份,2023,2024-04-26,2023年年度报告,http://www.cninfo.com.cn/new/disclosure/detail?stockCode=002953&announcementId=1219825429&orgId=9900030006&announcementTime=2024-04-26,2024-04-29,2024-07-26,-0.129469
002955,鸿合科技,2023,2024-04-26,2023年年度报告,http://www.cninfo.com.cn/new/disclosure/detail?stockCode=002955&announcementId=1219827703&orgId=9900037182&announcementTime=2024-04-26,2024-04-29,2024-07-26,-0.16602
002956,西麦食品,2023,2024-04-26,2023年年度报告,http://www.cninfo.com.cn/new/disclosure/detail?stockCode=002956&announcementId=1219825659&orgId=9900036485&announcementTime=2024-04-26,2024-04-29,2024-07-26,-0.081008
002958,青农商行,2023,2024-04-27,2023年年度报告,http://www.cninfo.com.cn/new/disclosure/detail?stockCode=002958&announcementId=1219861234&orgId=9900031174&announcementTime=2024-04-27,2024-04-29,2024-07-26,-0.041667
002957,科瑞技术,2023,2024-04-27,2023年年度报告,http://www.cninfo.com.cn/new/disclosure/detail?stockCode=002957&announcementId=1219865673&orgId=9900036562&announcementTime=2024-04-27,2024-04-29,2024-07-26,-0.136063
002959,小熊电器,2023,2024-04-09,2023年年度报告,http://www.cninfo.com.cn/new/disclosure/detail?stockCode=002959&announcementId=1219538007&orgId=9900037093&announcementTime=2024-04-09,2024-04-10,2024-07-09,-0.14382
002960,青鸟消防,2023,2024-03-26,2023年年度报告,http://www.cninfo.com.cn/new/disclosure/detail?stockCode=002960&announcementId=1219404401&orgId=9900029804&announcementTime=2024-03-26,2024-03-27,2024-06-27,-0.119468
002961,瑞达期货,2023,2024-03-30,2023年年度报告,http://www.cninfo.com.cn/new/disclosure/detail?stockCode=002961&announcementId=1219469694&orgId=9900030586&announcementTime=2024-03-30,2024-04-01,2024-07-02,-0.099848
002962,五方光电,2023,2024-04-26,2023年年度报告,http://www.cninfo.com.cn/new/disclosure/detail?stockCode=002962&announcementId=1219831084&orgId=9900037010&announcementTime=2024-04-26,2024-04-29,2024-07-26,-0.03456
002963,豪尔赛,2023,2024-04-26,2023年年度报告,http://www.cninfo.com.cn/new/disclosure/detail?stockCode=002963&announcementId=1219836869&orgId=9900037235&announcementTime=2024-04-26,2024-04-29,2024-07-26,-0.068709
002965,祥鑫科技,2023,2024-04-25,2023年年度报告,http://www.cninfo.com.cn/new/disclosure/detail?stockCode=002965&announcementId=1219797092&orgId=9900030905&announcementTime=2024-04-25,2024-04-26,2024-07-25,-0.229764
002966,苏州银行,2023,2024-04-27,2023年年度报告,http://www.cninfo.com.cn/new/disclosure/detail?stockCode=002966&announcementId=1219863833&orgId=9900027389&announcementTime=2024-04-27,2024-04-29,2024-07-26,0.037569
002967,广电计量,2023,2024-03-29,2023年年度报告,http://www.cninfo.com.cn/new/disclosure/detail?stockCode=002967&announcementId=1219447675&orgId=gfbj0832462&announcementTime=2024-03-29,2024-04-01,2024-07-02,-0.186998
002968,新大正,2023,2024-04-12,2023年年度报告,http://www.cninfo.com.cn/new/disclosure/detail?stockCode=002968&announcementId=1219583867&orgId=gfbj0870776&announcementTime=2024-04-12,2024-04-15,2024-07-12,-0.049045
002969,嘉美包装,2023,2024-04-26,2023年年度报告,http://www.cninfo.com.cn/new/disclosure/detail?stockCode=002969&announcementId=1219831749&orgId=9900037304&announcementTime=2024-04-26,2024-04-29,2024-07-26,-0.159664
002970,锐明技术,2023,2024-04-24,2023年年度报告,http://www.cninfo.com.cn/new/disclosure/detail?stockCode=002970&announcementId=1219774034&orgId=9900033057&announcementTime=2024-04-24,2024-04-25,2024-07-24,0.130172
002971,和远气体,2023,2024-04-23,2023年年度报告,http://www.cninfo.com.cn/new/disclosure/detail?stockCode=002971&announcementId=1219741464&orgId=9900037686&announcementTime=2024-04-23,2024-04-24,2024-07-23,-0.136784
002972,科安达,2023,2024-04-25,2023年年度报告,http://www.cninfo.com.cn/new/disclosure/detail?stockCode=002972&announcementId=1219796600&orgId=9900030394&announcementTime=2024-04-25,2024-04-26,2024-07-25,0.022628
002973,侨银股份,2023,2024-04-27,2023年年度报告,http://www.cninfo.com.cn/new/disclosure/detail?stockCode=002973&announcementId=1219872915&orgId=9900037236&announcementTime=2024-04-27,2024-04-29,2024-07-26,0.03903
002975,博杰股份,2023,2024-04-29,2023年年度报告,http://www.cninfo.com.cn/new/disclosure/detail?stockCode=002975&announcementId=1219869367&orgId=9900038155&announcementTime=2024-04-29,2024-04-30,2024-07-29,-0.16659
002976,瑞玛精密,2023,2024-04-12,2023年年度报告,http://www.cninfo.com.cn/new/disclosure/detail?stockCode=002976&announcementId=1219584711&orgId=9900038395&announcementTime=2024-04-12,2024-04-15,2024-07-12,-0.002046
002977,天箭科技,2023,2024-04-26,2023年年度报告,http://www.cninfo.com.cn/new/disclosure/detail?stockCode=002977&announcementId=1219829963&orgId=9900037750&announcementTime=2024-04-26,2024-04-29,2024-07-26,0.097164
002978,安宁股份,2023,2024-04-18,2023年年度报告,http://www.cninfo.com.cn/new/disclosure/detail?stockCode=002978&announcementId=1219653033&orgId=9900034946&announcementTime=2024-04-18,2024-04-19,2024-07-18,-0.177973
002979,雷赛智能,2023,2024-04-26,2023年年度报告,http://www.cninfo.com.cn/new/disclosure/detail?stockCode=002979&announcementId=1219821925&orgId=9900023947&announcementTime=2024-04-26,2024-04-29,2024-07-26,-0.122282
002980,华盛昌,2023,2024-04-20,2023年年度报告,http://www.cninfo.com.cn/new/disclosure/detail?stockCode=002980&announcementId=1219699681&orgId=9900037842&announcementTime=2024-04-20,2024-04-22,2024-07-19,-0.181335
002981,朝阳科技,2023,2024-04-27,2023年年度报告,http://www.cninfo.com.cn/new/disclosure/detail?stockCode=002981&announcementId=1219871470&orgId=9900035176&announcementTime=2024-04-27,2024-04-29,2024-07-26,-0.142661
002982,湘佳股份,2023,2024-04-10,2023年年度报告,http://www.cninfo.com.cn/new/disclosure/detail?stockCode=002982&announcementId=1219550513&orgId=gfbj0831102&announcementTime=2024-04-10,2024-04-11,2024-07-10,-0.169256
002983,芯瑞达,2023,2024-03-27,2023年年度报告,http://www.cninfo.com.cn/new/disclosure/detail?stockCode=002983&announcementId=1219410164&orgId=9900038397&announcementTime=2024-03-27,2024-03-28,2024-06-28,-0.129363
002984,森麒麟,2023,2024-03-01,2023年年度报告,http://www.cninfo.com.cn/new/disclosure/detail?stockCode=002984&announcementId=1219214136&orgId=9900037009&announcementTime=2024-03-01,2024-03-04,2024-06-03,0.16014
002985,北摩高科,2023,2024-04-25,2023年年度报告,http://www.cninfo.com.cn/new/disclosure/detail?stockCode=002985&announcementId=1219802989&orgId=9900038313&announcementTime=2024-04-25,2024-04-26,2024-07-25,-0.224602
002986,宇新股份,2023,2024-04-22,2023年年度报告,http://www.cninfo.com.cn/new/disclosure/detail?stockCode=002986&announcementId=1219699699&orgId=9900039828&announcementTime=2024-04-22,2024-04-23,2024-07-22,-0.355663
002987,京北方,2023,2024-04-13,2023年年度报告,http://www.cninfo.com.cn/new/disclosure/detail?stockCode=002987&announcementId=1219596707&orgId=9900038942&announcementTime=2024-04-13,2024-04-15,2024-07-12,-0.06001
002988,豪美新材,2023,2024-03-19,2023年年度报告,http://www.cninfo.com.cn/new/disclosure/detail?stockCode=002988&announcementId=1219328850&orgId=9900039755&announcementTime=2024-03-19,2024-03-20,2024-06-20,-0.201946
002989,中天精装,2023,2024-04-26,2023年年度报告,http://www.cninfo.com.cn/new/disclosure/detail?stockCode=002989&announcementId=1219831863&orgId=9900034522&announcementTime=2024-04-26,2024-04-29,2024-07-26,-0.179152
002990,盛视科技,2023,2024-04-13,2023年年度报告,http://www.cninfo.com.cn/new/disclosure/detail?stockCode=002990&announcementId=1219599322&orgId=9900039822&announcementTime=2024-04-13,2024-04-15,2024-07-12,-0.149203
002991,甘源食品,2023,2024-04-24,2023年年度报告,http://www.cninfo.com.cn/new/disclosure/detail?stockCode=002991&announcementId=1219767620&orgId=9900039782&announcementTime=2024-04-24,2024-04-25,2024-07-24,-0.373026
002992,宝明科技,2023,2024-04-29,2023年年度报告,http://www.cninfo.com.cn/new/disclosure/detail?stockCode=002992&announcementId=1219871525&orgId=9900035527&announcementTime=2024-04-29,2024-04-30,2024-07-29,0.098997
002993,奥海科技,2023,2024-04-30,2023年年度报告,http://www.cninfo.com.cn/new/disclosure/detail?stockCode=002993&announcementId=1219903509&orgId=9900038941&announcementTime=2024-04-30,2024-05-06,2024-07-30,-0.110845
002995,天地在线,2023,2024-04-27,2023年年度报告,http://www.cninfo.com.cn/new/disclosure/detail?stockCode=002995&announcementId=1219858643&orgId=9900034850&announcementTime=2024-04-27,2024-04-29,2024-07-26,-0.023201
002996,顺博合金,2023,2024-04-25,2023年年度报告,http://www.cninfo.com.cn/new/disclosure/detail?stockCode=002996&announcementId=1219796901&orgId=gfbj0833081&announcementTime=2024-04-25,2024-04-26,2024-07-25,-0.241711
002997,瑞鹄模具,2023,2024-04-23,2023年年度报告,http://www.cninfo.com.cn/new/disclosure/detail?stockCode=002997&announcementId=1219738766&orgId=gfbj0837440&announcementTime=2024-04-23,2024-04-24,2024-07-23,0.021277
002998,优彩资源,2023,2024-04-27,2023年年度报告,http://www.cninfo.com.cn/new/disclosure/detail?stockCode=002998&announcementId=1219870998&orgId=9900039845&announcementTime=2024-04-27,2024-04-29,2024-07-26,-0.204317
002999,天禾股份,2023,2024-04-16,2023年年度报告,http://www.cninfo.com.cn/new/disclosure/detail?stockCode=002999&announcementId=1219621481&orgId=9900033717&announcementTime=2024-04-16,2024-04-17,2024-07-16,-0.104839
003000,劲仔食品,2023,2024-03-28,2023年年度报告,http://www.cninfo.com.cn/new/disclosure/detail?stockCode=003000&announcementId=1219425821&orgId=9900039825&announcementTime=2024-03-28,2024-03-29,2024-07-01,-0.085544
003001,中岩大地,2023,2024-04-17,2023年年度报告,http://www.cninfo.com.cn/new/disclosure/detail?stockCode=003001&announcementId=1219638659&orgId=gfbj0835524&announcementTime=2024-04-17,2024-04-18,2024-07-17,0.160333
003002,壶化股份,2023,2024-04-26,2023年年度报告,http://www.cninfo.com.cn/new/disclosure/detail?stockCode=003002&announcementId=1219818799&orgId=9900030582&announcementTime=2024-04-26,2024-04-29,2024-07-26,-0.17579
003003,天元股份,2023,2024-04-29,2023年年度报告,http://www.cninfo.com.cn/new/disclosure/detail?stockCode=003003&announcementId=1219893167&orgId=gfbj0836099&announcementTime=2024-04-29,2024-04-30,2024-07-29,-0.174283
003004,*ST声迅,2023,2024-04-26,2023年年度报告,http://www.cninfo.com.cn/new/disclosure/detail?stockCode=003004&announcementId=1219832039&orgId=9900036362&announcementTime=2024-04-26,2024-04-29,2024-07-26,0.016577
003005,竞业达,2023,2024-04-29,2023年年度报告,http://www.cninfo.com.cn/new/disclosure/detail?stockCode=003005&announcementId=1219869023&orgId=9900039784&announcementTime=2024-04-29,2024-04-30,2024-07-29,-0.149385
003006,百亚股份,2023,2024-03-23,2023年年度报告,http://www.cninfo.com.cn/new/disclosure/detail?stockCode=003006&announcementId=1219389561&orgId=9900032173&announcementTime=2024-03-23,2024-03-25,2024-06-25,0.492853
003007,直真科技,2023,2024-04-26,2023年年度报告,http://www.cninfo.com.cn/new/disclosure/detail?stockCode=003007&announcementId=1219828402&orgId=9900039727&announcementTime=2024-04-26,2024-04-29,2024-07-26,-0.217019
003008,开普检测,2023,2024-04-22,2023年年度报告,http://www.cninfo.com.cn/new/disclosure/detail?stockCode=003008&announcementId=1219701339&orgId=9900038903&announcementTime=2024-04-22,2024-04-23,2024-07-22,0.130818
003009,中天火箭,2023,2024-04-17,2023年年度报告,http://www.cninfo.com.cn/new/disclosure/detail?stockCode=003009&announcementId=1219637131&orgId=9900039724&announcementTime=2024-04-17,2024-04-18,2024-07-17,-0.119354
003010,若羽臣,2023,2024-04-29,2023年年度报告,http://www.cninfo.com.cn/new/disclosure/detail?stockCode=003010&announcementId=1219853242&orgId=gfbj0834647&announcementTime=2024-04-29,2024-04-30,2024-07-29,-0.047192
003011,海象新材,2023,2024-04-27,2023年年度报告,http://www.cninfo.com.cn/new/disclosure/detail?stockCode=003011&announcementId=1219862358&orgId=9900039851&announcementTime=2024-04-27,2024-04-29,2024-07-26,-0.181985
003012,东鹏控股,2023,2024-04-20,2023年年度报告,http://www.cninfo.com.cn/new/disclosure/detail?stockCode=003012&announcementId=1219699128&orgId=9900035896&announcementTime=2024-04-20,2024-04-22,2024-07-19,-0.215881
003013,地铁设计,2023,2024-03-30,2023年年度报告,http://www.cninfo.com.cn/new/disclosure/detail?stockCode=003013&announcementId=1219466606&orgId=9900039775&announcementTime=2024-03-30,2024-04-01,2024-07-02,-0.036563
003015,日久光电,2023,2024-04-16,2023年年度报告,http://www.cninfo.com.cn/new/disclosure/detail?stockCode=003015&announcementId=1219624388&orgId=gfbj0835229&announcementTime=2024-04-16,2024-04-17,2024-07-16,0.208287
003016,欣贺股份,2023,2024-04-30,2023年年度报告,http://www.cninfo.com.cn/new/disclosure/detail?stockCode=003016&announcementId=1219908272&orgId=9900028775&announcementTime=2024-04-30,2024-05-06,2024-07-30,-0.044474
003018,金富科技,2023,2024-04-23,2023年年度报告,http://www.cninfo.com.cn/new/disclosure/detail?stockCode=003018&announcementId=1219744662&orgId=9900039757&announcementTime=2024-04-23,2024-04-24,2024-07-23,-0.09047
003017,大洋生物,2023,2024-04-26,2023年年度报告,http://www.cninfo.com.cn/new/disclosure/detail?stockCode=003017&announcementId=1219827129&orgId=gfbj0837112&announcementTime=2024-04-26,2024-04-29,2024-07-26,-0.116873
003020,立方制药,2023,2024-04-23,2023年年度报告,http://www.cninfo.com.cn/new/disclosure/detail?stockCode=003020&announcementId=1219738453&orgId=9900030695&announcementTime=2024-04-23,2024-04-24,2024-07-23,-0.064968
003019,宸展光电,2023,2024-04-29,2023年年度报告,http://www.cninfo.com.cn/new/disclosure/detail?stockCode=003019&announcementId=1219860323&orgId=9900039765&announcementTime=2024-04-29,2024-04-30,2024-07-29,-0.07305
003021,兆威机电,2023,2024-03-30,2023年年度报告,http://www.cninfo.com.cn/new/disclosure/detail?stockCode=003021&announcementId=1219470277&orgId=9900039718&announcementTime=2024-03-30,2024-04-01,2024-07-02,0.003767
003022,联泓新科,2023,2024-03-27,2023年年度报告,http://www.cninfo.com.cn/new/disclosure/detail?stockCode=003022&announcementId=1219412709&orgId=9900039749&announcementTime=2024-03-27,2024-03-28,2024-06-28,-0.161866
003023,彩虹集团,2023,2024-04-23,2023年年度报告,http://www.cninfo.com.cn/new/disclosure/detail?stockCode=003023&announcementId=1219737014&orgId=GD005978&announcementTime=2024-04-23,2024-04-24,2024-07-23,-0.087107
003025,思进智能,2023,2024-04-27,2023年年度报告,http://www.cninfo.com.cn/new/disclosure/detail?stockCode=003025&announcementId=1219869037&orgId=9900030867&announcementTime=2024-04-27,2024-04-29,2024-07-26,0.065206
003026,中晶科技,2023,2024-04-29,2023年年度报告,http://www.cninfo.com.cn/new/disclosure/detail?stockCode=003026&announcementId=1219864876&orgId=gfbj0831214&announcementTime=2024-04-29,2024-04-30,2024-07-29,0.176601
003027,同兴科技,2023,2024-03-30,2023年年度报告,http://www.cninfo.com.cn/new/disclosure/detail?stockCode=003027&announcementId=1219469808&orgId=9900039712&announcementTime=2024-03-30,2024-04-01,2024-07-02,-0.257639
003028,振邦智能,2023,2024-03-29,2023年年度报告,http://www.cninfo.com.cn/new/disclosure/detail?stockCode=003028&announcementId=1219449057&orgId=9900039781&announcementTime=2024-03-29,2024-04-01,2024-07-02,-0.023392
003029,吉大正元,2023,2024-04-27,2023年年度报告,http://www.cninfo.com.cn/new/disclosure/detail?stockCode=003029&announcementId=1219858598&orgId=9900039732&announcementTime=2024-04-27,2024-04-29,2024-07-26,-0.270791
003030,祖名股份,2023,2024-04-20,2023年年度报告,http://www.cninfo.com.cn/new/disclosure/detail?stockCode=003030&announcementId=1219706905&orgId=gfbj0836494&announcementTime=2024-04-20,2024-04-22,2024-07-19,-0.101095
003031,中瓷电子,2023,2024-04-26,2023年年度报告,http://www.cninfo.com.cn/new/disclosure/detail?stockCode=003031&announcementId=1219832754&orgId=9900040654&announcementTime=2024-04-26,2024-04-29,2024-07-26,-0.061344
003032,*ST传智,2023,2024-04-16,2023年年度报告,http://www.cninfo.com.cn/new/disclosure/detail?stockCode=003032&announcementId=1219619115&orgId=gfbj0839976&announcementTime=2024-04-16,2024-04-17,2024-07-16,-0.101402
003033,征和工业,2023,2024-04-27,2023年年度报告,http://www.cninfo.com.cn/new/disclosure/detail?stockCode=003033&announcementId=1219860611&orgId=9900033053&announcementTime=2024-04-27,2024-04-29,2024-07-26,-0.054574
003035,南网能源,2023,2024-03-30,2023年年度报告,http://www.cninfo.com.cn/new/disclosure/detail?stockCode=003035&announcementId=1219466439&orgId=nssc1000233&announcementTime=2024-03-30,2024-04-01,2024-07-02,-0.09761
003036,泰坦股份,2023,2024-04-16,2023年年度报告,http://www.cninfo.com.cn/new/disclosure/detail?stockCode=003036&announcementId=1219619689&orgId=9900023478&announcementTime=2024-04-16,2024-04-17,2024-07-16,-0.062651
003037,三和管桩,2023,2024-04-26,2023年年度报告,http://www.cninfo.com.cn/new/disclosure/detail?stockCode=003037&announcementId=1219819917&orgId=9900041435&announcementTime=2024-04-26,2024-04-29,2024-07-26,-0.292225
003038,鑫铂股份,2023,2024-04-26,2023年年度报告,http://www.cninfo.com.cn/new/disclosure/detail?stockCode=003038&announcementId=1219816226&orgId=9900041546&announcementTime=2024-04-26,2024-04-29,2024-07-26,-0.346097
003039,顺控发展,2023,2024-04-19,2023年年度报告,http://www.cninfo.com.cn/new/disclosure/detail?stockCode=003039&announcementId=1219671266&orgId=gfbj0836242&announcementTime=2024-04-19,2024-04-22,2024-07-19,-0.099411
003040,楚天龙,2023,2024-04-20,2023年年度报告,http://www.cninfo.com.cn/new/disclosure/detail?stockCode=003040&announcementId=1219704046&orgId=9900041451&announcementTime=2024-04-20,2024-04-22,2024-07-19,-0.053275
003041,真爱美家,2023,2024-04-27,2023年年度报告,http://www.cninfo.com.cn/new/disclosure/detail?stockCode=003041&announcementId=1219868931&orgId=9900030776&announcementTime=2024-04-27,2024-04-29,2024-07-26,-0.051941
003043,华亚智能,2023,2024-04-30,2023年年度报告,http://www.cninfo.com.cn/new/disclosure/detail?stockCode=003043&announcementId=1219906042&orgId=9900037303&announcementTime=2024-04-30,2024-05-06,2024-07-30,0.041128
003042,中农联合,2023,2024-04-27,2023年年度报告,http://www.cninfo.com.cn/new/disclosure/detail?stockCode=003042&announcementId=1219861760&orgId=gfbj0871103&announcementTime=2024-04-27,2024-04-29,2024-07-26,-0.212866
003816,中国广核,2023,2024-03-28,2023年年度报告,http://www.cninfo.com.cn/new/disclosure/detail?stockCode=003816&announcementId=1219426693&orgId=9900027002&announcementTime=2024-03-28,2024-03-29,2024-07-01,0.193694
600000,浦发银行,2023,2024-04-30,上海浦东发展银行股份有限公司2023年年度报告,http://www.cninfo.com.cn/new/disclosure/detail?stockCode=600000&announcementId=1219910205&orgId=gssh0600000&announcementTime=2024-04-30,2024-05-06,2024-07-30,0.112282
600004,白云机场,2023,2024-04-27,广州白云国际机场股份有限公司2023年年度报告,http://www.cninfo.com.cn/new/disclosure/detail?stockCode=600004&announcementId=1219874356&orgId=gssh0600004&announcementTime=2024-04-27,2024-04-29,2024-07-26,-0.101047
600007,中国国贸,2023,2024-03-29,中国国贸2023年年度报告,http://www.cninfo.com.cn/new/disclosure/detail?stockCode=600007&announcementId=1219437922&orgId=gssh0600007&announcementTime=2024-03-29,2024-04-01,2024-07-02,-0.0122
600006,东风股份,2023,2024-04-13,东风汽车股份有限公司2023年年度报告全文,http://www.cninfo.com.cn/new/disclosure/detail?stockCode=600006&announcementId=1219597929&orgId=gssh0600006&announcementTime=2024-04-13,2024-04-15,2024-07-12,-0.044666
600008,首创环保,2023,2024-04-13,首创环保2023年年度报告,http://www.cninfo.com.cn/new/disclosure/detail?stockCode=600008&announcementId=1219600104&orgId=gssh0600008&announcementTime=2024-04-13,2024-04-15,2024-07-12,0.032613
600009,上海机场,2023,2024-03-30,上海机场2023年年度报告,http://www.cninfo.com.cn/new/disclosure/detail?stockCode=600009&announcementId=1219461720&orgId=gssh0600009&announcementTime=2024-03-30,2024-04-01,2024-07-02,-0.103873
600011,华能国际,2023,2024-03-20,华能国际2023年年度报告全文,http://www.cninfo.com.cn/new/disclosure/detail?stockCode=600011&announcementId=1219348207&orgId=gssh0600011&announcementTime=2024-03-20,2024-03-21,2024-06-21,-0.002205
600010,包钢股份,2023,2024-04-19,包钢股份2023年年度报告,http://www.cninfo.com.cn/new/disclosure/detail?stockCode=600010&announcementId=1219671539&orgId=gssh0600010&announcementTime=2024-04-19,2024-04-22,2024-07-19,-0.10507
600012,皖通高速,2023,2024-03-29,皖通高速2023年年度报告,http://www.cninfo.com.cn/new/disclosure/detail?stockCode=600012&announcementId=1219445367&orgId=gssh0600012&announcementTime=2024-03-29,2024-04-01,2024-07-02,0.017978
600015,华夏银行,2023,2024-04-30,华夏银行2023年年度报告,http://www.cninfo.com.cn/new/disclosure/detail?stockCode=600015&announcementId=1219904607&orgId=gssh0600015&announcementTime=2024-04-30,2024-05-06,2024-07-30,-0.017302
600016,民生银行,2023,2024-03-29,中国民生银行2023年年度报告,http://www.cninfo.com.cn/new/disclosure/detail?stockCode=600016&announcementId=1219445373&orgId=gssh0600016&announcementTime=2024-03-29,2024-04-01,2024-07-02,-0.044414
600017,日照港,2023,2024-03-29,日照港2023年年度报告,http://www.cninfo.com.cn/new/disclosure/detail?stockCode=600017&announcementId=1219443810&orgId=9900000981&announcementTime=2024-03-29,2024-04-01,2024-07-02,0.007423
600019,宝钢股份,2023,2024-04-27,宝钢股份2023年年度报告全文,http://www.cninfo.com.cn/new/disclosure/detail?stockCode=600019&announcementId=1219853660&orgId=gssh0600019&announcementTime=2024-04-27,2024-04-29,2024-07-26,-0.000898
600018,上港集团,2023,2024-03-30,上港集团2023年年度报告,http://www.cninfo.com.cn/new/disclosure/detail?stockCode=600018&announcementId=1219464821&orgId=9900001281&announcementTime=2024-03-30,2024-04-01,2024-07-02,0.142689
600020,中原高速,2023,2024-04-11,河南中原高速公路股份有限公司2023年年度报告,http://www.cninfo.com.cn/new/disclosure/detail?stockCode=600020&announcementId=1219566052&orgId=gssh0600020&announcementTime=2024-04-11,2024-04-12,2024-07-11,-0.02209
600021,上海电力,2023,2024-04-02,上海电力股份有限公司2023年年度报告,http://www.cninfo.com.cn/new/disclosure/detail?stockCode=600021&announcementId=1219492961&orgId=gssh0600021&announcementTime=2024-04-02,2024-04-03,2024-07-04,0.158827
600022,山东钢铁,2023,2024-03-30,山东钢铁股份有限公司2023年年度报告,http://www.cninfo.com.cn/new/disclosure/detail?stockCode=600022&announcementId=1219461402&orgId=gssh0600022&announcementTime=2024-03-30,2024-04-01,2024-07-02,-0.074534
600023,浙能电力,2023,2024-04-30,2023年年度报告,http://www.cninfo.com.cn/new/disclosure/detail?stockCode=600023&announcementId=1219904656&orgId=9900027828&announcementTime=2024-04-30,2024-05-06,2024-07-30,0.097002
600025,华能水电,2023,2024-04-27,2023年年度报告,http://www.cninfo.com.cn/new/disclosure/detail?stockCode=600025&announcementId=1219874414&orgId=9900030360&announcementTime=2024-04-27,2024-04-29,2024-07-26,0.224543
600026,中远海能,2023,2024-03-29,中远海能2023年年度报告,http://www.cninfo.com.cn/new/disclosure/detail?stockCode=600026&announcementId=1219448544&orgId=gssh0600026&announcementTime=2024-03-29,2024-04-01,2024-07-02,-0.071051
600027,华电国际,2023,2024-03-28,2023年年度报告,http://www.cninfo.com.cn/new/disclosure/detail?stockCode=600027&announcementId=1219426314&orgId=gssh0600027&announcementTime=2024-03-28,2024-03-29,2024-07-01,0.051784
600028,中国石化,2023,2024-03-25,中国石化2023年年度报告,http://www.cninfo.com.cn/new/disclosure/detail?stockCode=600028&announcementId=1219392152&orgId=gssh0600028&announcementTime=2024-03-25,2024-03-26,2024-06-26,-0.012801
600029,南方航空,2023,2024-03-28,南方航空2023年度报告,http://www.cninfo.com.cn/new/disclosure/detail?stockCode=600029&announcementId=1219428821&orgId=gssh0600029&announcementTime=2024-03-28,2024-03-29,2024-07-01,0.049422
600030,中信证券,2023,2024-03-27,中信证券股份有限公司2023年年度报告,http://www.cninfo.com.cn/new/disclosure/detail?stockCode=600030&announcementId=1219411922&orgId=gssh0600030&announcementTime=2024-03-27,2024-03-28,2024-06-28,-0.055423
600031,三一重工,2023,2024-04-29,三一重工股份有限公司2023年年度报告,http://www.cninfo.com.cn/new/disclosure/detail?stockCode=600031&announcementId=1219890100&orgId=gssh0600031&announcementTime=2024-04-29,2024-04-30,2024-07-29,-0.014808
600032,浙江新能,2023,2024-04-30,浙江新能2023年年度报告,http://www.cninfo.com.cn/new/disclosure/detail?stockCode=600032&announcementId=1219904698&orgId=9900041932&announcementTime=2024-04-30,2024-05-06,2024-07-30,-0.055844
600033,福建高速,2023,2024-04-18,福建高速2023年年度报告,http://www.cninfo.com.cn/new/disclosure/detail?stockCode=600033&announcementId=1219647958&orgId=gssh0600033&announcementTime=2024-04-18,2024-04-19,2024-07-18,0.166365
600035,楚天高速,2023,2024-04-19,湖北楚天智能交通股份有限公司2023年年度报告,http://www.cninfo.com.cn/new/disclosure/detail?stockCode=600035&announcementId=1219669473&orgId=gssh0600035&announcementTime=2024-04-19,2024-04-22,2024-07-19,-0.022436
600036,招商银行,2023,2024-03-26,招商银行股份有限公司2023年度报告,http://www.cninfo.com.cn/new/disclosure/detail?stockCode=600036&announcementId=1219403503&orgId=gssh0600036&announcementTime=2024-03-26,2024-03-27,2024-06-27,0.060972
600037,歌华有线,2023,2024-04-27,歌华有线2023年年度报告,http://www.cninfo.com.cn/new/disclosure/detail?stockCode=600037&announcementId=1219874484&orgId=gssh0600037&announcementTime=2024-04-27,2024-04-29,2024-07-26,-0.125668
600038,中直股份,2023,2024-03-16,中航直升机股份有限公司2023年年度报告,http://www.cninfo.com.cn/new/disclosure/detail?stockCode=600038&announcementId=1219314145&orgId=gssh0600038&announcementTime=2024-03-16,2024-03-18,2024-06-18,0.065162
600039,四川路桥,2023,2024-04-23,四川路桥2023年年度报告,http://www.cninfo.com.cn/new/disclosure/detail?stockCode=600039&announcementId=1219745764&orgId=gssh0600039&announcementTime=2024-04-23,2024-04-24,2024-07-23,-0.016845
600048,保利发展,2023,2024-04-23,保利发展控股集团股份有限公司2023年年度报告,http://www.cninfo.com.cn/new/disclosure/detail?stockCode=600048&announcementId=1219740785&orgId=9900000161&announcementTime=2024-04-23,2024-04-24,2024-07-23,0.124848
600050,中国联通,2023,2024-03-20,中国联合网络通信股份有限公司2023年年度报告全文,http://www.cninfo.com.cn/new/disclosure/detail?stockCode=600050&announcementId=1219348063&orgId=gssh0600050&announcementTime=2024-03-20,2024-03-21,2024-06-21,-0.025799
600051,宁波联合,2023,2024-04-16,宁波联合2023年年度报告,http://www.cninfo.com.cn/new/disclosure/detail?stockCode=600051&announcementId=1219622132&orgId=gssh0600051&announcementTime=2024-04-16,2024-04-17,2024-07-16,-0.053235
600053,九鼎投资,2023,2024-04-16,九鼎投资2023年年度报告,http://www.cninfo.com.cn/new/disclosure/detail?stockCode=600053&announcementId=1219623060&orgId=gssh0600053&announcementTime=2024-04-16,2024-04-17,2024-07-16,-0.080586
600052,东望时代,2023,2024-04-26,浙江东望时代科技股份有限公司2023年年度报告,http://www.cninfo.com.cn/new/disclosure/detail?stockCode=600052&announcementId=1219832168&orgId=gssh0600052&announcementTime=2024-04-26,2024-04-29,2024-07-26,-0.047518
600055,万东医疗,2023,2024-03-23,万东医疗2023年年度报告,http://www.cninfo.com.cn/new/disclosure/detail?stockCode=600055&announcementId=1219388717&orgId=gssh0600055&announcementTime=2024-03-23,2024-03-25,2024-06-25,-0.208337
600054,黄山旅游,2023,2024-04-20,黄山旅游2023年年度报告,http://www.cninfo.com.cn/new/disclosure/detail?stockCode=600054&announcementId=1219701780&orgId=gssh0600054&announcementTime=2024-04-20,2024-04-22,2024-07-19,-0.121892
600056,中国医药,2023,2024-04-27,2023年年度报告全文,http://www.cninfo.com.cn/new/disclosure/detail?stockCode=600056&announcementId=1219874528&orgId=gssh0600056&announcementTime=2024-04-27,2024-04-29,2024-07-26,-0.067267
600057,厦门象屿,2023,2024-04-24,厦门象屿2023年年度报告,http://www.cninfo.com.cn/new/disclosure/detail?stockCode=600057&announcementId=1219769897&orgId=gssh0600057&announcementTime=2024-04-24,2024-04-25,2024-07-24,-0.106276
600058,五矿发展,2023,2024-03-30,五矿发展股份有限公司2023年年度报告,http://www.cninfo.com.cn/new/disclosure/detail?stockCode=600058&announcementId=1219472877&orgId=gssh0600058&announcementTime=2024-03-30,2024-04-01,2024-07-02,-0.209693
600059,古越龙山,2023,2024-03-29,古越龙山2023年年度报告,http://www.cninfo.com.cn/new/disclosure/detail?stockCode=600059&announcementId=1219446392&orgId=gssh0600059&announcementTime=2024-03-29,2024-04-01,2024-07-02,-0.124629
600060,海信视像,2023,2024-03-30,海信视像2023年年度报告,http://www.cninfo.com.cn/new/disclosure/detail?stockCode=600060&announcementId=1219474366&orgId=gssh0600060&announcementTime=2024-03-30,2024-04-01,2024-07-02,0.017614
600061,国投资本,2023,2024-03-30,国投资本2023年年度报告,http://www.cninfo.com.cn/new/disclosure/detail?stockCode=600061&announcementId=1219470770&orgId=gssh0600061&announcementTime=2024-03-30,2024-04-01,2024-07-02,-0.123581
600062,华润双鹤,2023,2024-03-22,华润双鹤2023年年度报告,http://www.cninfo.com.cn/new/disclosure/detail?stockCode=600062&announcementId=1219375178&orgId=gssh0600062&announcementTime=2024-03-22,2024-03-25,2024-06-25,-0.036877
600063,皖维高新,2023,2024-04-16,皖维高新2023年年度报告全文,http://www.cninfo.com.cn/new/disclosure/detail?stockCode=600063&announcementId=1219618676&orgId=gssh0600063&announcementTime=2024-04-16,2024-04-17,2024-07-16,-0.107124
600064,南京高科,2023,2024-04-27,南京高科2023年年度报告,http://www.cninfo.com.cn/new/disclosure/detail?stockCode=600064&announcementId=1219874568&orgId=gssh0600064&announcementTime=2024-04-27,2024-04-29,2024-07-26,-0.035813
600066,宇通客车,2023,2024-04-02,2023年年度报告,http://www.cninfo.com.cn/new/disclosure/detail?stockCode=600066&announcementId=1219492560&orgId=gssh0600066&announcementTime=2024-04-02,2024-04-03,2024-07-04,0.188955
600067,冠城新材,2023,2024-04-18,冠城大通2023年年度报告,http://www.cninfo.com.cn/new/disclosure/detail?stockCode=600067&announcementId=1219650488&orgId=gssh0600067&announcementTime=2024-04-18,2024-04-19,2024-07-18,0.028376
600071,凤凰光学,2023,2024-04-17,凤凰光学股份有限公司2023年年度报告,http://www.cninfo.com.cn/new/disclosure/detail?stockCode=600071&announcementId=1219637914&orgId=gssh0600071&announcementTime=2024-04-17,2024-04-18,2024-07-17,-0.06297
600072,中船科技,2023,2024-04-27,中船科技股份有限公司2023年年度报告,http://www.cninfo.com.cn/new/disclosure/detail?stockCode=600072&announcementId=1219874635&orgId=gssh0600072&announcementTime=2024-04-27,2024-04-29,2024-07-26,-0.225386
600073,光明肉业,2023,2024-03-28,上海梅林2023年年度报告全文,http://www.cninfo.com.cn/new/disclosure/detail?stockCode=600073&announcementId=1219426598&orgId=gssh0600073&announcementTime=2024-03-28,2024-03-29,2024-07-01,-0.068125
600075,新疆天业,2023,2024-03-23,新疆天业股份有限公司2023年度报告,http://www.cninfo.com.cn/new/disclosure/detail?stockCode=600075&announcementId=1219388151&orgId=gssh0600075&announcementTime=2024-03-23,2024-03-25,2024-06-25,-0.130034
600076,康欣新材,2023,2024-04-20,康欣新材2023年度报告,http://www.cninfo.com.cn/new/disclosure/detail?stockCode=600076&announcementId=1219695494&orgId=gssh0600076&announcementTime=2024-04-20,2024-04-22,2024-07-19,-0.204626
600078,澄星股份,2023,2024-04-13,江苏澄星磷化工股份有限公司2023年年度报告,http://www.cninfo.com.cn/new/disclosure/detail?stockCode=600078&announcementId=1219600910&orgId=gssh0600078&announcementTime=2024-04-13,2024-04-15,2024-07-15,-0.207792
600079,ST人福,2023,2024-03-29,人福医药2023年年度报告,http://www.cninfo.com.cn/new/disclosure/detail?stockCode=600079&announcementId=1219453255&orgId=gssh0600079&announcementTime=2024-03-29,2024-04-01,2024-07-02,-0.101767
600080,金花股份,2023,2024-04-27,金花企业（集团）股份有限公司2023年年度报告,http://www.cninfo.com.cn/new/disclosure/detail?stockCode=600080&announcementId=1219874643&orgId=gssh0600080&announcementTime=2024-04-27,2024-04-29,2024-07-26,-0.082168
600081,东风科技,2023,2024-03-30,东风电子科技股份有限公司2023年年度报告,http://www.cninfo.com.cn/new/disclosure/detail?stockCode=600081&announcementId=1219466775&orgId=gssh0600081&announcementTime=2024-03-30,2024-04-01,2024-07-02,-0.19184
600082,海泰发展,2023,2024-04-30,天津海泰科技发展股份有限公司2023年年度报告,http://www.cninfo.com.cn/new/disclosure/detail?stockCode=600082&announcementId=1219914561&orgId=gssh0600082&announcementTime=2024-04-30,2024-05-06,2024-07-30,-0.211333
600084,中信尼雅,2023,2024-04-27,中信尼雅葡萄酒股份有限公司2023年度报告,http://www.cninfo.com.cn/new/disclosure/detail?stockCode=600084&announcementId=1219874681&orgId=gssh0600084&announcementTime=2024-04-27,2024-04-29,2024-07-26,-0.240628
600085,同仁堂,2023,2024-03-29,同仁堂 2023年年度报告,http://www.cninfo.com.cn/new/disclosure/detail?stockCode=600085&announcementId=1219443842&orgId=gssh0600085&announcementTime=2024-03-29,2024-04-01,2024-07-02,-0.040202
600088,中视传媒,2023,2024-04-20,中视传媒股份有限公司2023年年度报告,http://www.cninfo.com.cn/new/disclosure/detail?stockCode=600088&announcementId=1219705113&orgId=gssh0600088&announcementTime=2024-04-20,2024-04-22,2024-07-19,-0.301406
600089,特变电工,2023,2024-04-09,特变电工股份有限公司2023年年度报告,http://www.cninfo.com.cn/new/disclosure/detail?stockCode=600089&announcementId=1219538541&orgId=gssh0600089&announcementTime=2024-04-09,2024-04-10,2024-07-09,-0.061799
600094,大名城,2023,2024-04-16,大名城2023年年度报告,http://www.cninfo.com.cn/new/disclosure/detail?stockCode=600094&announcementId=1219622167&orgId=gssh0600094&announcementTime=2024-04-16,2024-04-17,2024-07-16,-0.029106
600095,湘财股份,2023,2024-04-13,湘财股份2023年年度报告,http://www.cninfo.com.cn/new/disclosure/detail?stockCode=600095&announcementId=1219600147&orgId=gssh0600095&announcementTime=2024-04-13,2024-04-15,2024-07-12,-0.04519
600096,云天化,2023,2024-03-26,云天化2023年年度报告,http://www.cninfo.com.cn/new/disclosure/detail?stockCode=600096&announcementId=1219402952&orgId=gssh0600096&announcementTime=2024-03-26,2024-03-27,2024-06-27,0.072314
600097,开创国际,2023,2024-03-29,开创国际2023年年度报告,http://www.cninfo.com.cn/new/disclosure/detail?stockCode=600097&announcementId=1219441413&orgId=gssh0600097&announcementTime=2024-03-29,2024-04-01,2024-07-02,-0.125802
600098,广州发展,2023,2024-04-10,广州发展集团股份有限公司2023年年度报告,http://www.cninfo.com.cn/new/disclosure/detail?stockCode=600098&announcementId=1219555181&orgId=gssh0600098&announcementTime=2024-04-10,2024-04-11,2024-07-10,-0.041008
600099,林海股份,2023,2024-03-30,林海股份有限公司2023年年度报告,http://www.cninfo.com.cn/new/disclosure/detail?stockCode=600099&announcementId=1219466836&orgId=gssh0600099&announcementTime=2024-03-30,2024-04-01,2024-07-02,-0.1608
600100,同方股份,2023,2024-04-27,同方股份有限公司2023年年度报告,http://www.cninfo.com.cn/new/disclosure/detail?stockCode=600100&announcementId=1219874709&orgId=gssh0600100&announcementTime=2024-04-27,2024-04-29,2024-07-26,-0.192356
600101,明星电力,2023,2024-03-29,四川明星电力股份有限公司2023年年度报告,http://www.cninfo.com.cn/new/disclosure/detail?stockCode=600101&announcementId=1219448600&orgId=gssh0600101&announcementTime=2024-03-29,2024-04-01,2024-07-02,0.825716
600103,青山纸业,2023,2024-04-02,2023年年度报告,http://www.cninfo.com.cn/new/disclosure/detail?stockCode=600103&announcementId=1219493003&orgId=gssh0600103&announcementTime=2024-04-02,2024-04-03,2024-07-04,-0.206376
600104,上汽集团,2023,2024-03-30,上汽集团2023年年度报告,http://www.cninfo.com.cn/new/disclosure/detail?stockCode=600104&announcementId=1219463815&orgId=gssh0600104&announcementTime=2024-03-30,2024-04-01,2024-07-02,-0.088184
600106,重庆路桥,2023,2024-04-19,重庆路桥2023年年度报告,http://www.cninfo.com.cn/new/disclosure/detail?stockCode=600106&announcementId=1219670084&orgId=gssh0600106&announcementTime=2024-04-19,2024-04-22,2024-07-19,-0.332656
600105,永鼎股份,2023,2024-04-27,永鼎股份2023年年度报告,http://www.cninfo.com.cn/new/disclosure/detail?stockCode=600105&announcementId=1219874746&orgId=gssh0600105&announcementTime=2024-04-27,2024-04-29,2024-07-26,-0.205402
600107,ST尔雅,2023,2024-04-30,2023年年度报告,http://www.cninfo.com.cn/new/disclosure/detail?stockCode=600107&announcementId=1222637059&orgId=gssh0600107&announcementTime=2024-04-30,2024-05-06,2024-07-30,-0.34596
600108,亚盛集团,2023,2024-04-25,亚盛集团2023年年度报告,http://www.cninfo.com.cn/new/disclosure/detail?stockCode=600108&announcementId=1219788130&orgId=gssh0600108&announcementTime=2024-04-25,2024-04-26,2024-07-25,-0.107143
600110,诺德股份,2023,2024-04-10,诺德新材料股份有限公司2023年年度报告,http://www.cninfo.com.cn/new/disclosure/detail?stockCode=600110&announcementId=1219554230&orgId=gssh0600110&announcementTime=2024-04-10,2024-04-11,2024-07-10,-0.376042
600109,国金证券,2023,2024-04-25,国金证券股份有限公司2023年年度报告,http://www.cninfo.com.cn/new/disclosure/detail?stockCode=600109&announcementId=1219803233&orgId=gssh0600109&announcementTime=2024-04-25,2024-04-26,2024-07-25,-0.112964
600111,北方稀土,2023,2024-04-19,北方稀土2023年度报告全文,http://www.cninfo.com.cn/new/disclosure/detail?stockCode=600111&announcementId=1219666409&orgId=gssh0600111&announcementTime=2024-04-19,2024-04-22,2024-07-19,-0.121043
600113,浙江东日,2023,2024-03-09,浙江东日股份有限公司2023年年度报告,http://www.cninfo.com.cn/new/disclosure/detail?stockCode=600113&announcementId=1219265783&orgId=gssh0600113&announcementTime=2024-03-09,2024-03-11,2024-06-11,0.149758
600114,东睦股份,2023,2024-04-27,东睦股份2023年年度报告,http://www.cninfo.com.cn/new/disclosure/detail?stockCode=600114&announcementId=1219874820&orgId=gssh0600114&announcementTime=2024-04-27,2024-04-29,2024-07-26,-0.036095
600115,中国东航,2023,2024-03-29,中国东方航空股份有限公司2023年度报告,http://www.cninfo.com.cn/new/disclosure/detail?stockCode=600115&announcementId=1219448636&orgId=gssh0600115&announcementTime=2024-03-29,2024-04-01,2024-07-02,0.10099
600116,三峡水利,2023,2024-04-25,重庆三峡水利电力（集团）股份有限公司2023年年度报告,http://www.cninfo.com.cn/new/disclosure/detail?stockCode=600116&announcementId=1219798881&orgId=gssh0600116&announcementTime=2024-04-25,2024-04-26,2024-07-25,0.055102
600117,西宁特钢,2023,2024-03-20,西宁特殊钢股份有限公司2023年度报告,http://www.cninfo.com.cn/new/disclosure/detail?stockCode=600117&announcementId=1219348257&orgId=gssh0600117&announcementTime=2024-03-20,2024-03-21,2024-06-24,-0.318239
600118,中国卫星,2023,2024-04-17,中国东方红卫星股份有限公司2023年年度报告,http://www.cninfo.com.cn/new/disclosure/detail?stockCode=600118&announcementId=1219636529&orgId=gssh0600118&announcementTime=2024-04-17,2024-04-18,2024-07-17,-0.15513
600119,长江投资,2023,2024-04-23,长江投资：2023年年度报告,http://www.cninfo.com.cn/new/disclosure/detail?stockCode=600119&announcementId=1219736855&orgId=gssh0600119&announcementTime=2024-04-23,2024-04-24,2024-07-23,0.022678
600120,浙江东方,2023,2024-04-13,浙江东方金融控股集团股份有限公司2023年年度报告,http://www.cninfo.com.cn/new/disclosure/detail?stockCode=600120&announcementId=1219596169&orgId=gssh0600120&announcementTime=2024-04-13,2024-04-15,2024-07-12,-0.076393
600121,郑州煤电,2023,2024-03-30,郑州煤电股份有限公司2023年年度报告全文,http://www.cninfo.com.cn/new/disclosure/detail?stockCode=600121&announcementId=1219466867&orgId=gssh0600121&announcementTime=2024-03-30,2024-04-01,2024-07-02,-0.048527
600123,兰花科创,2023,2024-04-23,兰花科创2023年度报告,http://www.cninfo.com.cn/new/disclosure/detail?stockCode=600123&announcementId=1219734848&orgId=gssh0600123&announcementTime=2024-04-23,2024-04-24,2024-07-23,-0.145057
600125,铁龙物流,2023,2024-04-09,中铁铁龙集装箱物流股份有限公司2023年年度报告,http://www.cninfo.com.cn/new/disclosure/detail?stockCode=600125&announcementId=1219536392&orgId=gssh0600125&announcementTime=2024-04-09,2024-04-10,2024-07-09,0.029362
600126,杭钢股份,2023,2024-04-13,杭州钢铁股份有限公司2023年年度报告,http://www.cninfo.com.cn/new/disclosure/detail?stockCode=600126&announcementId=1219594355&orgId=gssh0600126&announcementTime=2024-04-13,2024-04-15,2024-07-12,-0.235899
600127,金健米业,2023,2024-03-30,金健米业2023年年度报告,http://www.cninfo.com.cn/new/disclosure/detail?stockCode=600127&announcementId=1219466894&orgId=gssh0600127&announcementTime=2024-03-30,2024-04-01,2024-07-02,-0.08228
600128,苏豪弘业,2023,2024-04-23,苏豪弘业2023年年度报告,http://www.cninfo.com.cn/new/disclosure/detail?stockCode=600128&announcementId=1219740215&orgId=gssh0600128&announcementTime=2024-04-23,2024-04-24,2024-07-23,-0.096109
600129,太极集团,2023,2024-03-29,太极集团2023年年度报告,http://www.cninfo.com.cn/new/disclosure/detail?stockCode=600129&announcementId=1219448646&orgId=gssh0600129&announcementTime=2024-03-29,2024-04-01,2024-07-02,-0.106381
600130,*ST波导,2023,2024-04-30,波导股份2023年年度报告,http://www.cninfo.com.cn/new/disclosure/detail?stockCode=600130&announcementId=1219904763&orgId=gssh0600130&announcementTime=2024-04-30,2024-05-06,2024-07-30,-0.080515
600131,国网信通,2023,2024-04-26,国网信息通信股份有限公司2023年年度报告,http://www.cninfo.com.cn/new/disclosure/detail?stockCode=600131&announcementId=1219823089&orgId=gssh0600131&announcementTime=2024-04-26,2024-04-29,2024-07-26,0.005834
600132,重庆啤酒,2023,2024-03-30,重庆啤酒股份有限公司2023年年度报告,http://www.cninfo.com.cn/new/disclosure/detail?stockCode=600132&announcementId=1219468771&orgId=gssh0600132&announcementTime=2024-03-30,2024-04-01,2024-07-02,-0.051434
600133,东湖高新,2023,2024-04-30,2023年年度报告全文,http://www.cninfo.com.cn/new/disclosure/detail?stockCode=600133&announcementId=1219914624&orgId=gssh0600133&announcementTime=2024-04-30,2024-05-06,2024-07-30,-0.309624
600135,乐凯胶片,2023,2024-03-29,乐凯胶片股份有限公司2023年年度报告,http://www.cninfo.com.cn/new/disclosure/detail?stockCode=600135&announcementId=1219443030&orgId=gssh0600135&announcementTime=2024-03-29,2024-04-01,2024-07-02,-0.206107
600136,ST明诚,2023,2024-04-30,武汉当代明诚文化体育集团股份有限公司2023年年度报告,http://www.cninfo.com.cn/new/disclosure/detail?stockCode=600136&announcementId=1219928305&orgId=gssh0600136&announcementTime=2024-04-30,2024-05-06,2024-07-31,-0.088384
600137,浪莎股份,2023,2024-04-23,浪莎股份2023年年度报告,http://www.cninfo.com.cn/new/disclosure/detail?stockCode=600137&announcementId=1219740232&orgId=gssh0600137&announcementTime=2024-04-23,2024-04-24,2024-07-23,-0.1001
600138,中青旅,2023,2024-04-03,中青旅2023年年度报告,http://www.cninfo.com.cn/new/disclosure/detail?stockCode=600138&announcementId=1219505176&orgId=gssh0600138&announcementTime=2024-04-03,2024-04-08,2024-07-05,-0.105461
600141,兴发集团,2023,2024-04-02,湖北兴发化工集团股份有限公司2023年年度报告,http://www.cninfo.com.cn/new/disclosure/detail?stockCode=600141&announcementId=1219493033&orgId=gssh0600141&announcementTime=2024-04-02,2024-04-03,2024-07-04,-0.032764
600143,金发科技,2023,2024-04-30,金发科技2023年年度报告,http://www.cninfo.com.cn/new/disclosure/detail?stockCode=600143&announcementId=1219921870&orgId=gssh0600143&announcementTime=2024-04-30,2024-05-06,2024-07-30,-0.172314
600149,廊坊发展,2023,2024-04-20,廊坊发展股份有限公司2023年年度报告全文,http://www.cninfo.com.cn/new/disclosure/detail?stockCode=600149&announcementId=1219697973&orgId=gssh0600149&announcementTime=2024-04-20,2024-04-22,2024-07-19,-0.075911
600148,长春一东,2023,2024-04-26,长春一东2023年年度报告全文,http://www.cninfo.com.cn/new/disclosure/detail?stockCode=600148&announcementId=1219816425&orgId=gssh0600148&announcementTime=2024-04-26,2024-04-29,2024-07-26,-0.053939
600150,中国船舶,2023,2024-04-27,中国船舶2023年年度报告,http://www.cninfo.com.cn/new/disclosure/detail?stockCode=600150&announcementId=1219874852&orgId=gssh0600150&announcementTime=2024-04-27,2024-04-29,2024-07-26,0.07229
600151,航天机电,2023,2024-03-30,2023年年度报告,http://www.cninfo.com.cn/new/disclosure/detail?stockCode=600151&announcementId=1219472937&orgId=gssh0600151&announcementTime=2024-03-30,2024-04-01,2024-07-02,-0.170097
600152,维科技术,2023,2024-04-16,维科技术2023年年度报告,http://www.cninfo.com.cn/new/disclosure/detail?stockCode=600152&announcementId=1219625080&orgId=gssh0600152&announcementTime=2024-04-16,2024-04-17,2024-07-16,0.010571
600153,建发股份,2023,2024-04-16,建发股份2023年年度报告,http://www.cninfo.com.cn/new/disclosure/detail?stockCode=600153&announcementId=1219622186&orgId=gssh0600153&announcementTime=2024-04-16,2024-04-17,2024-07-16,-0.134744
600155,华创云信,2023,2024-04-19,华创云信数字技术股份有限公司2023年年度报告,http://www.cninfo.com.cn/new/disclosure/detail?stockCode=600155&announcementId=1219670759&orgId=gssh0600155&announcementTime=2024-04-19,2024-04-22,2024-07-19,-0.112763
600156,华升股份,2023,2024-04-10,华升股份2023年年度报告,http://www.cninfo.com.cn/new/disclosure/detail?stockCode=600156&announcementId=1219551701&orgId=gssh0600156&announcementTime=2024-04-10,2024-04-11,2024-07-10,-0.332921
600157,永泰能源,2023,2024-04-26,永泰能源集团股份有限公司2023年年度报告,http://www.cninfo.com.cn/new/disclosure/detail?stockCode=600157&announcementId=1219819360&orgId=gssh0600157&announcementTime=2024-04-26,2024-04-29,2024-08-09,-0.059688
600158,中体产业,2023,2024-04-30,中体产业集团股份有限公司2023年年度报告,http://www.cninfo.com.cn/new/disclosure/detail?stockCode=600158&announcementId=1219921874&orgId=gssh0600158&announcementTime=2024-04-30,2024-05-06,2024-07-30,-0.194007
600159,大龙地产,2023,2024-04-20,2023年年度报告,http://www.cninfo.com.cn/new/disclosure/detail?stockCode=600159&announcementId=1219695528&orgId=gssh0600159&announcementTime=2024-04-20,2024-04-22,2024-07-19,-0.079459
600160,巨化股份,2023,2024-04-18,巨化股份2023年年度报告,http://www.cninfo.com.cn/new/disclosure/detail?stockCode=600160&announcementId=1219650081&orgId=gssh0600160&announcementTime=2024-04-18,2024-04-19,2024-07-18,-0.137264
600161,天坛生物,2023,2024-03-29,天坛生物2023年年度报告,http://www.cninfo.com.cn/new/disclosure/detail?stockCode=600161&announcementId=1219446467&orgId=gssh0600161&announcementTime=2024-03-29,2024-04-01,2024-07-02,0.113428
600162,香江控股,2023,2024-04-20,香江控股2023年年度报告,http://www.cninfo.com.cn/new/disclosure/detail?stockCode=600162&announcementId=1219693851&orgId=gssh0600162&announcementTime=2024-04-20,2024-04-22,2024-07-19,-0.009181
600163,中闽能源,2023,2024-04-27,中闽能源2023年年度报告,http://www.cninfo.com.cn/new/disclosure/detail?stockCode=600163&announcementId=1219856518&orgId=gssh0600163&announcementTime=2024-04-27,2024-04-29,2024-07-26,0.259753
600165,ST宁科,2023,2024-04-27,ST宁科2023年年度报告,http://www.cninfo.com.cn/new/disclosure/detail?stockCode=600165&announcementId=1219874878&orgId=gssh0600165&announcementTime=2024-04-27,2024-04-30,2024-07-29,0.306701
600166,福田汽车,2023,2024-04-27,2023年年度报告,http://www.cninfo.com.cn/new/disclosure/detail?stockCode=600166&announcementId=1219874919&orgId=gssh0600166&announcementTime=2024-04-27,2024-04-29,2024-07-26,-0.007292
600167,联美控股,2023,2024-04-30,联美量子股份有限公司2023年年度报告,http://www.cninfo.com.cn/new/disclosure/detail?stockCode=600167&announcementId=1219910304&orgId=gssh0600167&announcementTime=2024-04-30,2024-05-06,2024-07-30,-0.069151
600168,武汉控股,2023,2024-03-28,武汉三镇实业控股股份有限公司2023年年度报告（全文）,http://www.cninfo.com.cn/new/disclosure/detail?stockCode=600168&announcementId=1219429071&orgId=gssh0600168&announcementTime=2024-03-28,2024-03-29,2024-07-01,-0.069522
600169,ST太重,2023,2024-04-23,太原重工2023年年度报告全文,http://www.cninfo.com.cn/new/disclosure/detail?stockCode=600169&announcementId=1219742193&orgId=gssh0600169&announcementTime=2024-04-23,2024-04-24,2024-07-23,-0.142723
600170,上海建工,2023,2024-04-23,上海建工2023年年度报告,http://www.cninfo.com.cn/new/disclosure/detail?stockCode=600170&announcementId=1219740261&orgId=gssh0600170&announcementTime=2024-04-23,2024-04-24,2024-07-23,-0.057551
600171,上海贝岭,2023,2024-04-02,上海贝岭2023年年度报告,http://www.cninfo.com.cn/new/disclosure/detail?stockCode=600171&announcementId=1219491726&orgId=gssh0600171&announcementTime=2024-04-02,2024-04-03,2024-07-04,0.269068
600172,黄河旋风,2023,2024-04-30,河南黄河旋风股份有限公司2023年年度报告全文,http://www.cninfo.com.cn/new/disclosure/detail?stockCode=600172&announcementId=1219924956&orgId=gssh0600172&announcementTime=2024-04-30,2024-05-06,2024-07-30,-0.30397
600173,卧龙新能,2023,2024-04-12,卧龙资源集团股份有限公司2023年年度报告,http://www.cninfo.com.cn/new/disclosure/detail?stockCode=600173&announcementId=1219583280&orgId=gssh0600173&announcementTime=2024-04-12,2024-04-15,2024-07-12,-0.076923
600176,中国巨石,2023,2024-03-20,中国巨石2023年年度报告,http://www.cninfo.com.cn/new/disclosure/detail?stockCode=600176&announcementId=1219348625&orgId=gssh0600176&announcementTime=2024-03-20,2024-03-21,2024-06-21,0.096511
600177,雅戈尔,2023,2024-04-30,雅戈尔时尚股份有限公司2023年年度报告,http://www.cninfo.com.cn/new/disclosure/detail?stockCode=600177&announcementId=1219914640&orgId=gssh0600177&announcementTime=2024-04-30,2024-05-06,2024-07-30,-0.049515
600178,东安动力,2023,2024-04-23,东安动力2023年年度报告,http://www.cninfo.com.cn/new/disclosure/detail?stockCode=600178&announcementId=1219736957&orgId=gssh0600178&announcementTime=2024-04-23,2024-04-24,2024-07-23,-0.181984
600179,安通控股,2023,2024-03-28,2023年年度报告,http://www.cninfo.com.cn/new/disclosure/detail?stockCode=600179&announcementId=1219427511&orgId=gssh0600179&announcementTime=2024-03-28,2024-03-29,2024-07-15,-0.003795
600180,瑞茂通,2023,2024-04-26,瑞茂通2023年年度报告,http://www.cninfo.com.cn/new/disclosure/detail?stockCode=600180&announcementId=1219832211&orgId=gssh0600180&announcementTime=2024-04-26,2024-04-29,2024-07-26,-0.17209
600182,S佳通,2023,2024-04-27,佳通轮胎股份有限公司2023年年度报告,http://www.cninfo.com.cn/new/disclosure/detail?stockCode=600182&announcementId=1219874948&orgId=gssh0600182&announcementTime=2024-04-27,2024-04-29,2024-07-26,-0.104143
600183,生益科技,2023,2024-03-29,生益科技2023年年度报告,http://www.cninfo.com.cn/new/disclosure/detail?stockCode=600183&announcementId=1219448691&orgId=gssh0600183&announcementTime=2024-03-29,2024-04-01,2024-07-02,0.19815
600185,珠免集团,2023,2024-03-30,2023年年度报告全文,http://www.cninfo.com.cn/new/disclosure/detail?stockCode=600185&announcementId=1219474683&orgId=gssh0600185&announcementTime=2024-03-30,2024-04-01,2024-07-02,-0.25605
600184,光电股份,2023,2024-04-26,北方光电股份有限公司2023年年度报告,http://www.cninfo.com.cn/new/disclosure/detail?stockCode=600184&announcementId=1219832251&orgId=gssh0600184&announcementTime=2024-04-26,2024-04-29,2024-07-26,-0.084031
600186,莲花控股,2023,2024-04-30,莲花健康2023年年度报告,http://www.cninfo.com.cn/new/disclosure/detail?stockCode=600186&announcementId=1219914663&orgId=gssh0600186&announcementTime=2024-04-30,2024-05-06,2024-07-30,-0.275042
600187,国中水务,2023,2024-04-30,2023年年度报告,http://www.cninfo.com.cn/new/disclosure/detail?stockCode=600187&announcementId=1219914694&orgId=gssh0600187&announcementTime=2024-04-30,2024-05-06,2024-07-30,0.345631
600188,兖矿能源,2023,2024-03-29,兖矿能源集团股份有限公司2023年年度报告全文,http://www.cninfo.com.cn/new/disclosure/detail?stockCode=600188&announcementId=1219443038&orgId=gssh0600188&announcementTime=2024-03-29,2024-04-01,2024-07-02,-0.00553
600189,泉阳泉,2023,2024-04-15,《2023年年度报告》,http://www.cninfo.com.cn/new/disclosure/detail?stockCode=600189&announcementId=1219612473&orgId=gssh0600189&announcementTime=2024-04-15,2024-04-16,2024-07-15,-0.180841
600191,华资实业,2023,2024-04-26,华资实业2023年年度报告,http://www.cninfo.com.cn/new/disclosure/detail?stockCode=600191&announcementId=1219842650&orgId=gssh0600191&announcementTime=2024-04-26,2024-04-29,2024-07-26,-0.062787
600192,长城电工,2023,2024-04-16,长城电工2023年年度报告,http://www.cninfo.com.cn/new/disclosure/detail?stockCode=600192&announcementId=1219622226&orgId=gssh0600192&announcementTime=2024-04-16,2024-04-17,2024-07-16,0.084195
600193,*ST创兴,2023,2024-04-30,上海创兴资源开发股份有限公司2023年年度报告,http://www.cninfo.com.cn/new/disclosure/detail?stockCode=600193&announcementId=1219914794&orgId=gssh0600193&announcementTime=2024-04-30,2024-05-06,2024-07-30,-0.088405
600195,中牧股份,2023,2024-04-10,中牧实业股份有限公司2023年年度报告,http://www.cninfo.com.cn/new/disclosure/detail?stockCode=600195&announcementId=1219551316&orgId=gssh0600195&announcementTime=2024-04-10,2024-04-11,2024-07-10,-0.232716
600196,复星医药,2023,2024-03-27,复星医药2023年年度报告,http://www.cninfo.com.cn/new/disclosure/detail?stockCode=600196&announcementId=1219411300&orgId=gssh0600196&announcementTime=2024-03-27,2024-03-28,2024-06-28,-0.028961
600197,伊力特,2023,2024-04-26,新疆伊力特实业股份有限公司2023年年度报告,http://www.cninfo.com.cn/new/disclosure/detail?stockCode=600197&announcementId=1219823122&orgId=gssh0600197&announcementTime=2024-04-26,2024-04-29,2024-07-26,-0.188672
600198,大唐电信,2023,2024-04-26,大唐电信科技股份有限公司2023年年度报告,http://www.cninfo.com.cn/new/disclosure/detail?stockCode=600198&announcementId=1219824416&orgId=gssh0600198&announcementTime=2024-04-26,2024-04-29,2024-07-26,-0.148649
600199,金种子酒,2023,2024-04-30,2023年年度报告,http://www.cninfo.com.cn/new/disclosure/detail?stockCode=600199&announcementId=1219921926&orgId=gssh0600199&announcementTime=2024-04-30,2024-05-06,2024-07-30,-0.229018
600201,生物股份,2023,2024-04-26,金宇生物技术股份有限公司2023年年度报告,http://www.cninfo.com.cn/new/disclosure/detail?stockCode=600201&announcementId=1219839865&orgId=gssh0600201&announcementTime=2024-04-26,2024-04-29,2024-07-26,-0.260449
600202,哈空调,2023,2024-04-09,哈尔滨空调股份有限公司2023年年度报告,http://www.cninfo.com.cn/new/disclosure/detail?stockCode=600202&announcementId=1219536422&orgId=gssh0600202&announcementTime=2024-04-09,2024-04-10,2024-07-09,-0.295195
600203,福日电子,2023,2024-04-12,福建福日电子股份有限公司2023年年度报告,http://www.cninfo.com.cn/new/disclosure/detail?stockCode=600203&announcementId=1219580001&orgId=gssh0600203&announcementTime=2024-04-12,2024-04-15,2024-07-12,-0.12585
600206,有研新材,2023,2024-04-13,有研新材料股份有限公司2023年年度报告,http://www.cninfo.com.cn/new/disclosure/detail?stockCode=600206&announcementId=1219595426&orgId=gssh0600206&announcementTime=2024-04-13,2024-04-15,2024-07-12,-0.198827
600208,衢州发展,2023,2024-04-30,2023年年度报告,http://www.cninfo.com.cn/new/disclosure/detail?stockCode=600208&announcementId=1219921950&orgId=gssh0600208&announcementTime=2024-04-30,2024-05-06,2024-07-30,-0.248037
600207,安彩高科,2023,2024-03-30,安彩高科2023年年度报告,http://www.cninfo.com.cn/new/disclosure/detail?stockCode=600207&announcementId=1219474541&orgId=gssh0600207&announcementTime=2024-03-30,2024-04-01,2024-07-02,-0.245839
600211,西藏药业,2023,2024-03-27,西藏药业2023年年度报告,http://www.cninfo.com.cn/new/disclosure/detail?stockCode=600211&announcementId=1219409994&orgId=gssh0600211&announcementTime=2024-03-27,2024-03-28,2024-06-28,-0.035289
600210,紫江企业,2023,2024-03-30,上海紫江企业集团股份有限公司2023年年度报告,http://www.cninfo.com.cn/new/disclosure/detail?stockCode=600210&announcementId=1219470874&orgId=gssh0600210&announcementTime=2024-03-30,2024-04-01,2024-07-02,0.04453
600215,派斯林,2023,2024-04-26,派斯林2023年年度报告,http://www.cninfo.com.cn/new/disclosure/detail?stockCode=600215&announcementId=1219832294&orgId=gssh0600215&announcementTime=2024-04-26,2024-04-29,2024-07-26,-0.295267
600212,绿能慧充,2023,2024-04-13,绿能慧充2023年年度报告,http://www.cninfo.com.cn/new/disclosure/detail?stockCode=600212&announcementId=1219597295&orgId=gssh0600212&announcementTime=2024-04-13,2024-04-15,2024-07-12,-0.137276
600216,浙江医药,2023,2024-04-26,浙江医药2023年年度报告,http://www.cninfo.com.cn/new/disclosure/detail?stockCode=600216&announcementId=1219820066&orgId=gssh0600216&announcementTime=2024-04-26,2024-04-29,2024-07-26,0.379603
600217,中再资环,2023,2024-04-30,中再资环2023年年度报告,http://www.cninfo.com.cn/new/disclosure/detail?stockCode=600217&announcementId=1219914802&orgId=gssh0600217&announcementTime=2024-04-30,2024-05-06,2024-07-30,-0.015101
600218,全柴动力,2023,2024-03-30,全柴动力2023年年度报告,http://www.cninfo.com.cn/new/disclosure/detail?stockCode=600218&announcementId=1219468832&orgId=gssh0600218&announcementTime=2024-03-30,2024-04-01,2024-07-02,-0.155425
600219,南山铝业,2023,2024-02-29,山东南山铝业股份有限公司2023年度报告,http://www.cninfo.com.cn/new/disclosure/detail?stockCode=600219&announcementId=1219209248&orgId=gssh0600219&announcementTime=2024-02-29,2024-03-01,2024-05-31,0.289577
600221,海航控股,2023,2024-04-27,海航控股：2023年年度报告,http://www.cninfo.com.cn/new/disclosure/detail?stockCode=600221&announcementId=1219875094&orgId=gssh0600221&announcementTime=2024-04-27,2024-04-29,2024-07-26,-0.242826
600222,太龙药业,2023,2024-03-28,太龙药业2023年年度报告,http://www.cninfo.com.cn/new/disclosure/detail?stockCode=600222&announcementId=1219426327&orgId=gssh0600222&announcementTime=2024-03-28,2024-03-29,2024-07-01,-0.169381
600223,福瑞达,2023,2024-03-22,鲁商福瑞达医药股份有限公司2023年年度报告,http://www.cninfo.com.cn/new/disclosure/detail?stockCode=600223&announcementId=1219375912&orgId=gssh0600223&announcementTime=2024-03-22,2024-03-25,2024-06-25,-0.25167
600226,亨通股份,2023,2024-04-23,浙江亨通控股股份有限公司2023年年度报告,http://www.cninfo.com.cn/new/disclosure/detail?stockCode=600226&announcementId=1219746577&orgId=gssh0600226&announcementTime=2024-04-23,2024-04-24,2024-07-23,-0.220912
600227,赤天化,2023,2024-04-27,贵州赤天化股份有限公司2023年年度报告,http://www.cninfo.com.cn/new/disclosure/detail?stockCode=600227&announcementId=1219875151&orgId=gssh0600227&announcementTime=2024-04-27,2024-04-29,2024-07-26,-0.211656
600228,*ST返利,2023,2024-04-27,返利网数字科技股份有限公司2023年年度报告,http://www.cninfo.com.cn/new/disclosure/detail?stockCode=600228&announcementId=1219875196&orgId=gssh0600228&announcementTime=2024-04-27,2024-04-29,2024-07-26,-0.207407
600229,城市传媒,2023,2024-04-27,青岛城市传媒股份有限公司2023年年度报告,http://www.cninfo.com.cn/new/disclosure/detail?stockCode=600229&announcementId=1219875234&orgId=gssh0600229&announcementTime=2024-04-27,2024-04-29,2024-07-26,-0.122705
600230,沧州大化,2023,2024-04-27,沧州大化股份有限公司2023年年度报告,http://www.cninfo.com.cn/new/disclosure/detail?stockCode=600230&announcementId=1219875254&orgId=gssh0600230&announcementTime=2024-04-27,2024-04-29,2024-07-26,-0.103389
600231,凌钢股份,2023,2024-04-25,凌源钢铁股份有限公司2023年年度报告,http://www.cninfo.com.cn/new/disclosure/detail?stockCode=600231&announcementId=1219795894&orgId=gssh0600231&announcementTime=2024-04-25,2024-04-26,2024-07-25,-0.230466
600232,金鹰股份,2023,2024-04-02,金鹰股份：2023年年度报告,http://www.cninfo.com.cn/new/disclosure/detail?stockCode=600232&announcementId=1219492751&orgId=gssh0600232&announcementTime=2024-04-02,2024-04-03,2024-07-04,-0.263495
600233,圆通速递,2023,2024-04-26,圆通速递股份有限公司2023年年度报告,http://www.cninfo.com.cn/new/disclosure/detail?stockCode=600233&announcementId=1219832303&orgId=gssh0600233&announcementTime=2024-04-26,2024-04-29,2024-07-26,-0.090463
600234,科新发展,2023,2024-04-29,山西科新发展股份有限公司2023年年度报告,http://www.cninfo.com.cn/new/disclosure/detail?stockCode=600234&announcementId=1219890384&orgId=gssh0600234&announcementTime=2024-04-29,2024-04-30,2024-07-29,-0.419227
600235,民丰特纸,2023,2024-03-29,民丰特纸2023年年度报告,http://www.cninfo.com.cn/new/disclosure/detail?stockCode=600235&announcementId=1219443089&orgId=gssh0600235&announcementTime=2024-03-29,2024-04-01,2024-07-02,-0.075175
600237,铜峰电子,2023,2024-03-19,铜峰电子2023年年度报告,http://www.cninfo.com.cn/new/disclosure/detail?stockCode=600237&announcementId=1219330867&orgId=gssh0600237&announcementTime=2024-03-19,2024-03-20,2024-06-20,-0.103489
600236,桂冠电力,2023,2024-04-25,广西桂冠电力股份有限公司2023年年度报告,http://www.cninfo.com.cn/new/disclosure/detail?stockCode=600236&announcementId=1219800631&orgId=gssh0600236&announcementTime=2024-04-25,2024-04-26,2024-07-25,0.209745
600238,*ST椰岛,2023,2024-04-27,海南椰岛2023年年度报告,http://www.cninfo.com.cn/new/disclosure/detail?stockCode=600238&announcementId=1219875263&orgId=gssh0600238&announcementTime=2024-04-27,2024-04-29,2024-07-26,0.233382
600239,云南城投,2023,2024-04-09,云南城投置业股份有限公司2023年年度报告,http://www.cninfo.com.cn/new/disclosure/detail?stockCode=600239&announcementId=1219539987&orgId=gssh0600239&announcementTime=2024-04-09,2024-04-10,2024-07-09,-0.12594
600241,时代万恒,2023,2024-04-19,辽宁时代万恒股份有限公司2023年年度报告,http://www.cninfo.com.cn/new/disclosure/detail?stockCode=600241&announcementId=1219674139&orgId=gssh0600241&announcementTime=2024-04-19,2024-04-22,2024-07-19,-0.138534
600243,*ST海华,2023,2024-04-16,青海华鼎2023年年度报告,http://www.cninfo.com.cn/new/disclosure/detail?stockCode=600243&announcementId=1219620180&orgId=gssh0600243&announcementTime=2024-04-16,2024-04-17,2024-07-16,-0.143737
600246,万通发展,2023,2024-03-30,2023年年度报告,http://www.cninfo.com.cn/new/disclosure/detail?stockCode=600246&announcementId=1219468880&orgId=gssh0600246&announcementTime=2024-03-30,2024-04-01,2024-07-02,0.023644
600248,陕建股份,2023,2024-04-30,陕西建工集团股份有限公司2023年年度报告,http://www.cninfo.com.cn/new/disclosure/detail?stockCode=600248&announcementId=1219910476&orgId=gssh0600248&announcementTime=2024-04-30,2024-05-06,2024-07-30,-0.096475
600249,两面针,2023,2024-03-29,两面针2023年年度报告,http://www.cninfo.com.cn/new/disclosure/detail?stockCode=600249&announcementId=1219441490&orgId=gssh0600249&announcementTime=2024-03-29,2024-04-01,2024-07-02,-0.212135
600250,南京商旅,2023,2024-04-30,南京商旅2023年年度报告,http://www.cninfo.com.cn/new/disclosure/detail?stockCode=600250&announcementId=1219914835&orgId=gssh0600250&announcementTime=2024-04-30,2024-05-06,2024-08-13,-0.080844
600251,冠农股份,2023,2024-03-28,新疆冠农股份有限公司2023年年度报告,http://www.cninfo.com.cn/new/disclosure/detail?stockCode=600251&announcementId=1219429441&orgId=gssh0600251&announcementTime=2024-03-28,2024-03-29,2024-07-01,-0.042234
600252,中恒集团,2023,2024-03-30,广西梧州中恒集团股份有限公司2023年年度报告,http://www.cninfo.com.cn/new/disclosure/detail?stockCode=600252&announcementId=1219472956&orgId=gssh0600252&announcementTime=2024-03-30,2024-04-01,2024-07-02,-0.025962
600255,鑫科材料,2023,2024-03-30,鑫科材料2023年年度报告,http://www.cninfo.com.cn/new/disclosure/detail?stockCode=600255&announcementId=1219463429&orgId=gssh0600255&announcementTime=2024-03-30,2024-04-01,2024-07-02,-0.083493
600256,广汇能源,2023,2024-04-20,广汇能源股份有限公司2023年年度报告,http://www.cninfo.com.cn/new/disclosure/detail?stockCode=600256&announcementId=1219690298&orgId=gssh0600256&announcementTime=2024-04-20,2024-04-22,2024-07-19,-0.182977
600257,大湖股份,2023,2024-04-18,大湖水殖股份有限公司2023年年度报告,http://www.cninfo.com.cn/new/disclosure/detail?stockCode=600257&announcementId=1219651824&orgId=gssh0600257&announcementTime=2024-04-18,2024-04-19,2024-07-18,-0.351313
600258,首旅酒店,2023,2024-03-29,北京首旅酒店（集团）股份有限公司2023年年度报告,http://www.cninfo.com.cn/new/disclosure/detail?stockCode=600258&announcementId=1219441915&orgId=gssh0600258&announcementTime=2024-03-29,2024-04-01,2024-07-02,-0.103429
600259,中稀有色,2023,2024-03-29,广晟有色金属股份有限公司2023年年度报告,http://www.cninfo.com.cn/new/disclosure/detail?stockCode=600259&announcementId=1219453318&orgId=gssh0600259&announcementTime=2024-03-29,2024-04-01,2024-07-02,-0.113005
600261,阳光照明,2023,2024-04-23,阳光照明2023年年度报告,http://www.cninfo.com.cn/new/disclosure/detail?stockCode=600261&announcementId=1219742217&orgId=gssh0600261&announcementTime=2024-04-23,2024-04-24,2024-07-23,-0.10625
600262,北方股份,2023,2024-04-16,内蒙古北方重型汽车股份有限公司2023年年度报告,http://www.cninfo.com.cn/new/disclosure/detail?stockCode=600262&announcementId=1219624040&orgId=gssh0600262&announcementTime=2024-04-16,2024-04-17,2024-07-16,0.126339
600265,ST景谷,2023,2024-04-24,2023年年度报告,http://www.cninfo.com.cn/new/disclosure/detail?stockCode=600265&announcementId=1219773322&orgId=gssh0600265&announcementTime=2024-04-24,2024-04-25,2024-07-25,-0.19591
600266,城建发展,2023,2024-04-13,2023年年度报告,http://www.cninfo.com.cn/new/disclosure/detail?stockCode=600266&announcementId=1219595758&orgId=gssh0600266&announcementTime=2024-04-13,2024-04-15,2024-07-12,0.108678
600267,海正药业,2023,2024-04-30,浙江海正药业股份有限公司2023年年度报告,http://www.cninfo.com.cn/new/disclosure/detail?stockCode=600267&announcementId=1219914871&orgId=gssh0600267&announcementTime=2024-04-30,2024-05-06,2024-07-30,-0.129312
600268,国电南自,2023,2024-03-29,国电南自2023年年度报告,http://www.cninfo.com.cn/new/disclosure/detail?stockCode=600268&announcementId=1219444526&orgId=gssh0600268&announcementTime=2024-03-29,2024-04-01,2024-07-02,-0.002606
600269,赣粤高速,2023,2024-03-26,赣粤高速2023年年度报告,http://www.cninfo.com.cn/new/disclosure/detail?stockCode=600269&announcementId=1219402277&orgId=gssh0600269&announcementTime=2024-03-26,2024-03-27,2024-06-27,0.138152
600271,航天信息,2023,2024-04-16,航天信息股份有限公司2023年年度报告,http://www.cninfo.com.cn/new/disclosure/detail?stockCode=600271&announcementId=1219624727&orgId=gssh0600271&announcementTime=2024-04-16,2024-04-17,2024-07-16,-0.101901
600272,开开实业,2023,2024-03-30,2023年年度报告全文,http://www.cninfo.com.cn/new/disclosure/detail?stockCode=600272&announcementId=1219462412&orgId=gssh0600272&announcementTime=2024-03-30,2024-04-01,2024-07-02,-0.170182
600273,嘉化能源,2023,2024-03-30,2023年年度报告,http://www.cninfo.com.cn/new/disclosure/detail?stockCode=600273&announcementId=1219467105&orgId=gssh0600273&announcementTime=2024-03-30,2024-04-01,2024-07-02,-0.078637
600276,恒瑞医药,2023,2024-04-18,恒瑞医药2023年年度报告,http://www.cninfo.com.cn/new/disclosure/detail?stockCode=600276&announcementId=1219650115&orgId=gssh0600276&announcementTime=2024-04-18,2024-04-19,2024-07-18,0.00854
600278,东方创业,2023,2024-04-27,东方创业2023年度报告全文,http://www.cninfo.com.cn/new/disclosure/detail?stockCode=600278&announcementId=1219875352&orgId=gssh0600278&announcementTime=2024-04-27,2024-04-29,2024-07-26,-0.06391
600279,重庆港,2023,2024-03-28,重庆港2023年年度报告,http://www.cninfo.com.cn/new/disclosure/detail?stockCode=600279&announcementId=1219430535&orgId=gssh0600279&announcementTime=2024-03-28,2024-03-29,2024-07-01,-0.10455
600280,中央商场,2023,2024-04-26,南京中央商场（集团）股份有限公司2023年年度报告,http://www.cninfo.com.cn/new/disclosure/detail?stockCode=600280&announcementId=1219832367&orgId=gssh0600280&announcementTime=2024-04-26,2024-04-29,2024-07-26,-0.135855
600281,华阳新材,2023,2024-04-20,华阳新材2023年年度报告,http://www.cninfo.com.cn/new/disclosure/detail?stockCode=600281&announcementId=1219693947&orgId=gssh0600281&announcementTime=2024-04-20,2024-04-22,2024-07-19,-0.133681
600282,南钢股份,2023,2024-03-09,南京钢铁股份有限公司2023年年度报告,http://www.cninfo.com.cn/new/disclosure/detail?stockCode=600282&announcementId=1219266240&orgId=gssh0600282&announcementTime=2024-03-09,2024-03-11,2024-06-11,0.143525
600283,钱江水利,2023,2024-04-12,钱江水利开发股份有限公司2023年年度报告,http://www.cninfo.com.cn/new/disclosure/detail?stockCode=600283&announcementId=1219581955&orgId=gssh0600283&announcementTime=2024-04-12,2024-04-15,2024-07-12,-0.066604
600284,浦东建设,2023,2024-03-30,浦东建设2023年年度报告,http://www.cninfo.com.cn/new/disclosure/detail?stockCode=600284&announcementId=1219468962&orgId=gssh0600284&announcementTime=2024-03-30,2024-04-01,2024-07-02,-0.054127
600285,羚锐制药,2023,2024-04-26,羚锐制药2023年年度报告,http://www.cninfo.com.cn/new/disclosure/detail?stockCode=600285&announcementId=1219832522&orgId=gssh0600285&announcementTime=2024-04-26,2024-04-29,2024-07-26,-0.138983
600288,大恒科技,2023,2024-03-29,大恒新纪元科技股份有限公司2023年年度报告,http://www.cninfo.com.cn/new/disclosure/detail?stockCode=600288&announcementId=1219443877&orgId=gssh0600288&announcementTime=2024-03-29,2024-04-01,2024-07-02,-0.2633
600287,苏豪时尚,2023,2024-04-30,江苏舜天2023年年度报告,http://www.cninfo.com.cn/new/disclosure/detail?stockCode=600287&announcementId=1219922110&orgId=gssh0600287&announcementTime=2024-04-30,2024-05-06,2024-07-31,-0.376618
600289,ST信通,2023,2024-04-30,亿阳信通2023年年度报告,http://www.cninfo.com.cn/new/disclosure/detail?stockCode=600289&announcementId=1219926940&orgId=gssh0600289&announcementTime=2024-04-30,2024-05-06,2024-07-30,-0.086914
600292,电投水电,2023,2024-03-30,远达环保2023年年度报告（全文）,http://www.cninfo.com.cn/new/disclosure/detail?stockCode=600292&announcementId=1219464247&orgId=gssh0600292&announcementTime=2024-03-30,2024-04-01,2024-07-02,-0.092922
600293,三峡新材,2023,2024-04-25,2023年年度报告,http://www.cninfo.com.cn/new/disclosure/detail?stockCode=600293&announcementId=1219802773&orgId=gssh0600293&announcementTime=2024-04-25,2024-04-26,2024-07-25,-0.110988
600295,鄂尔多斯,2023,2024-04-16,内蒙古鄂尔多斯资源股份有限公司2023年年度报告,http://www.cninfo.com.cn/new/disclosure/detail?stockCode=600295&announcementId=1219617757&orgId=gssh0600295&announcementTime=2024-04-16,2024-04-17,2024-07-16,-0.180597
600298,安琪酵母,2023,2024-03-19,安琪酵母股份有限公司2023年年度报告,http://www.cninfo.com.cn/new/disclosure/detail?stockCode=600298&announcementId=1219331681&orgId=gssh0600298&announcementTime=2024-03-19,2024-03-20,2024-06-20,-0.032657
600299,安迪苏,2023,2024-03-29,安迪苏2023年年度报告,http://www.cninfo.com.cn/new/disclosure/detail?stockCode=600299&announcementId=1219453329&orgId=gssh0600299&announcementTime=2024-03-29,2024-04-01,2024-07-02,0.121631
600300,维维股份,2023,2024-03-16,维维股份2023年年度报告,http://www.cninfo.com.cn/new/disclosure/detail?stockCode=600300&announcementId=1219314438&orgId=gssh0600300&announcementTime=2024-03-16,2024-03-18,2024-06-18,-0.138376
600301,华锡有色,2023,2024-04-25,广西华锡有色金属股份有限公司2023年年度报告,http://www.cninfo.com.cn/new/disclosure/detail?stockCode=600301&announcementId=1219793716&orgId=gssh0600301&announcementTime=2024-04-25,2024-04-26,2024-07-25,0.000344
600302,标准股份,2023,2024-04-18,标准股份2023年年度报告,http://www.cninfo.com.cn/new/disclosure/detail?stockCode=600302&announcementId=1219646140&orgId=gssh0600302&announcementTime=2024-04-18,2024-04-19,2024-07-18,-0.155498
600303,曙光股份,2023,2024-04-26,ST曙光2023年年度报告,http://www.cninfo.com.cn/new/disclosure/detail?stockCode=600303&announcementId=1219843492&orgId=gssh0600303&announcementTime=2024-04-26,2024-04-29,2024-07-26,-0.285891
600305,恒顺醋业,2023,2024-04-30,江苏恒顺醋业股份有限公司2023年年度报告,http://www.cninfo.com.cn/new/disclosure/detail?stockCode=600305&announcementId=1219914923&orgId=gssh0600305&announcementTime=2024-04-30,2024-05-06,2024-07-30,-0.134489
600307,酒钢宏兴,2023,2024-04-30,酒钢宏兴2023年度报告,http://www.cninfo.com.cn/new/disclosure/detail?stockCode=600307&announcementId=1219904851&orgId=gssh0600307&announcementTime=2024-04-30,2024-05-06,2024-07-30,-0.119929
600308,华泰股份,2023,2024-04-20,华泰股份2023年年度报告,http://www.cninfo.com.cn/new/disclosure/detail?stockCode=600308&announcementId=1219694052&orgId=gssh0600308&announcementTime=2024-04-20,2024-04-22,2024-07-19,-0.086298
600309,万华化学,2023,2024-03-19,万华化学2023年年度报告,http://www.cninfo.com.cn/new/disclosure/detail?stockCode=600309&announcementId=1219331064&orgId=gssh0600309&announcementTime=2024-03-19,2024-03-20,2024-06-20,0.095322
600312,平高电气,2023,2024-04-11,河南平高电气股份有限公司2023年年度报告,http://www.cninfo.com.cn/new/disclosure/detail?stockCode=600312&announcementId=1219567393&orgId=gssh0600312&announcementTime=2024-04-11,2024-04-12,2024-07-11,0.381778
600310,广西能源,2023,2024-03-28,广西能源股份有限公司2023年年度报告,http://www.cninfo.com.cn/new/disclosure/detail?stockCode=600310&announcementId=1219426855&orgId=gssh0600310&announcementTime=2024-03-28,2024-03-29,2024-07-01,0.110347
600313,农发种业,2023,2024-04-19,中农发种业集团股份有限公司2023年年度报告,http://www.cninfo.com.cn/new/disclosure/detail?stockCode=600313&announcementId=1219664113&orgId=gssh0600313&announcementTime=2024-04-19,2024-04-22,2024-07-19,-0.17234
600315,上海家化,2023,2024-03-16,上海家化2023年年度报告,http://www.cninfo.com.cn/new/disclosure/detail?stockCode=600315&announcementId=1219311336&orgId=gssh0600315&announcementTime=2024-03-16,2024-03-18,2024-06-18,0.002654
600316,洪都航空,2023,2024-03-16,江西洪都航空工业股份有限公司2023年年度报告,http://www.cninfo.com.cn/new/disclosure/detail?stockCode=600316&announcementId=1219314000&orgId=gssh0600316&announcementTime=2024-03-16,2024-03-18,2024-06-18,-0.026221
600318,新力金融,2023,2024-03-22,安徽新力金融股份有限公司2023年年度报告,http://www.cninfo.com.cn/new/disclosure/detail?stockCode=600318&announcementId=1219375663&orgId=gssh0600318&announcementTime=2024-03-22,2024-03-25,2024-06-25,-0.127089
600320,振华重工,2023,2024-03-29,振华重工2023年年度报告,http://www.cninfo.com.cn/new/disclosure/detail?stockCode=600320&announcementId=1219453369&orgId=gssh0600320&announcementTime=2024-03-29,2024-04-01,2024-07-02,0.017675
600319,亚星化学,2023,2024-04-09,潍坊亚星化学股份有限公司2023年年度报告,http://www.cninfo.com.cn/new/disclosure/detail?stockCode=600319&announcementId=1219537400&orgId=gssh0600319&announcementTime=2024-04-09,2024-04-10,2024-07-09,-0.350136
600322,津投城开,2023,2024-04-30,津投城开2023年年度报告,http://www.cninfo.com.cn/new/disclosure/detail?stockCode=600322&announcementId=1219904922&orgId=gssh0600322&announcementTime=2024-04-30,2024-05-06,2024-07-30,-0.289931
600323,瀚蓝环境,2023,2024-04-12,瀚蓝环境股份有限公司2023年年度报告,http://www.cninfo.com.cn/new/disclosure/detail?stockCode=600323&announcementId=1219580559&orgId=gssh0600323&announcementTime=2024-04-12,2024-04-15,2024-07-12,0.307342
600325,华发股份,2023,2024-04-27,华发股份2023年年度报告,http://www.cninfo.com.cn/new/disclosure/detail?stockCode=600325&announcementId=1219875404&orgId=gssh0600325&announcementTime=2024-04-27,2024-04-29,2024-07-26,-0.0177
600326,西藏天路,2023,2024-04-24,西藏天路2023年年度报告,http://www.cninfo.com.cn/new/disclosure/detail?stockCode=600326&announcementId=1219772111&orgId=gssh0600326&announcementTime=2024-04-24,2024-04-25,2024-07-24,0.242062
600327,大东方,2023,2024-04-20,大东方2023年年度报告,http://www.cninfo.com.cn/new/disclosure/detail?stockCode=600327&announcementId=1219694070&orgId=gssh0600327&announcementTime=2024-04-20,2024-04-22,2024-07-19,-0.099197
600328,中盐化工,2023,2024-04-18,600328_中盐化工_2023年_年度报告,http://www.cninfo.com.cn/new/disclosure/detail?stockCode=600328&announcementId=1219649785&orgId=gssh0600328&announcementTime=2024-04-18,2024-04-19,2024-07-18,-0.02884
600329,达仁堂,2023,2024-03-30,达仁堂2023年年度报告,http://www.cninfo.com.cn/new/disclosure/detail?stockCode=600329&announcementId=1219467121&orgId=gssh0600329&announcementTime=2024-03-30,2024-04-01,2024-07-02,0.137271
600330,天通股份,2023,2024-04-16,天通股份2023年年度报告,http://www.cninfo.com.cn/new/disclosure/detail?stockCode=600330&announcementId=1219618231&orgId=gssh0600330&announcementTime=2024-04-16,2024-04-17,2024-07-16,-0.069991
600331,宏达股份,2023,2024-04-30,宏达股份2023年年度报告,http://www.cninfo.com.cn/new/disclosure/detail?stockCode=600331&announcementId=1219928066&orgId=gssh0600331&announcementTime=2024-04-30,2024-05-06,2024-07-30,-0.111111
600332,白云山,2023,2024-03-16,广州白云山医药集团股份有限公司2023年年度报告全文,http://www.cninfo.com.cn/new/disclosure/detail?stockCode=600332&announcementId=1219314341&orgId=gssh0600332&announcementTime=2024-03-16,2024-03-18,2024-06-18,0.040195
600333,长春燃气,2023,2024-04-13,长春燃气2023年年度报告,http://www.cninfo.com.cn/new/disclosure/detail?stockCode=600333&announcementId=1219599962&orgId=gssh0600333&announcementTime=2024-04-13,2024-04-15,2024-07-12,-0.124558
600335,国机汽车,2023,2024-04-26,国机汽车2023年年度报告,http://www.cninfo.com.cn/new/disclosure/detail?stockCode=600335&announcementId=1219832564&orgId=gssh0600335&announcementTime=2024-04-26,2024-04-29,2024-07-26,-0.156833
600336,澳柯玛,2023,2024-04-27,澳柯玛2023年年度报告全文,http://www.cninfo.com.cn/new/disclosure/detail?stockCode=600336&announcementId=1219875459&orgId=gssh0600336&announcementTime=2024-04-27,2024-04-29,2024-07-26,-0.076825
600337,美克家居,2023,2024-04-29,美克国际家居用品股份有限公司2023年年度报告,http://www.cninfo.com.cn/new/disclosure/detail?stockCode=600337&announcementId=1219890425&orgId=gssh0600337&announcementTime=2024-04-29,2024-04-30,2024-07-29,-0.370294
600338,西藏珠峰,2023,2024-04-30,2023年年度报告,http://www.cninfo.com.cn/new/disclosure/detail?stockCode=600338&announcementId=1219928355&orgId=gssh0600338&announcementTime=2024-04-30,2024-05-06,2024-07-30,-0.115927
600339,中油工程,2023,2024-04-12,中油工程2023年年度报告,http://www.cninfo.com.cn/new/disclosure/detail?stockCode=600339&announcementId=1219584189&orgId=gssh0600339&announcementTime=2024-04-12,2024-04-15,2024-07-12,-0.053748
600340,华夏幸福,2023,2024-04-30,2023年年度报告,http://www.cninfo.com.cn/new/disclosure/detail?stockCode=600340&announcementId=1219910536&orgId=gssh0600340&announcementTime=2024-04-30,2024-05-06,2024-07-30,-0.152209
600343,航天动力,2023,2024-04-30,航天动力2023年年度报告,http://www.cninfo.com.cn/new/disclosure/detail?stockCode=600343&announcementId=1219922179&orgId=gssh0600343&announcementTime=2024-04-30,2024-05-06,2024-07-30,0.006073
600345,长江通信,2023,2024-04-30,长江通信2023年年度报告,http://www.cninfo.com.cn/new/disclosure/detail?stockCode=600345&announcementId=1219910562&orgId=gssh0600345&announcementTime=2024-04-30,2024-05-06,2024-07-30,-0.106526
600346,恒力石化,2023,2024-04-10,恒力石化2023年年度报告,http://www.cninfo.com.cn/new/disclosure/detail?stockCode=600346&announcementId=1219552475&orgId=gssh0600346&announcementTime=2024-04-10,2024-04-11,2024-07-10,-0.022179
600348,华阳股份,2023,2024-04-19,山西华阳集团新能股份有限公司2023年年度报告,http://www.cninfo.com.cn/new/disclosure/detail?stockCode=600348&announcementId=1219670776&orgId=gssh0600348&announcementTime=2024-04-19,2024-04-22,2024-07-19,-0.172619
600350,山东高速,2023,2024-04-19,山东高速股份有限公司2023年度报告,http://www.cninfo.com.cn/new/disclosure/detail?stockCode=600350&announcementId=1219669498&orgId=gssh0600350&announcementTime=2024-04-19,2024-04-22,2024-07-19,0.01236
600351,亚宝药业,2023,2024-04-26,亚宝药业集团股份有限公司2023年年度报告,http://www.cninfo.com.cn/new/disclosure/detail?stockCode=600351&announcementId=1219832595&orgId=gssh0600351&announcementTime=2024-04-26,2024-04-29,2024-07-26,-0.111134
600352,浙江龙盛,2023,2024-04-20,浙江龙盛2023年年度报告,http://www.cninfo.com.cn/new/disclosure/detail?stockCode=600352&announcementId=1219691532&orgId=gssh0600352&announcementTime=2024-04-20,2024-04-22,2024-07-19,-0.000168
600353,旭光电子,2023,2024-04-13,旭光电子2023年年度报告,http://www.cninfo.com.cn/new/disclosure/detail?stockCode=600353&announcementId=1219600170&orgId=gssh0600353&announcementTime=2024-04-13,2024-04-15,2024-07-12,-0.055038
600354,敦煌种业,2023,2024-03-22,甘肃省敦煌种业集团股份有限公司2023年年报,http://www.cninfo.com.cn/new/disclosure/detail?stockCode=600354&announcementId=1219375765&orgId=gssh0600354&announcementTime=2024-03-22,2024-03-25,2024-06-25,-0.20069
600355,*ST精伦,2023,2024-04-20,精伦电子2023年年度报告,http://www.cninfo.com.cn/new/disclosure/detail?stockCode=600355&announcementId=1219688830&orgId=gssh0600355&announcementTime=2024-04-20,2024-04-22,2024-07-19,-0.021966
600356,恒丰纸业,2023,2024-03-15,恒丰纸业2023年年度报告,http://www.cninfo.com.cn/new/disclosure/detail?stockCode=600356&announcementId=1219306241&orgId=gssh0600356&announcementTime=2024-03-15,2024-03-18,2024-06-18,-0.108072
600358,ST联合,2023,2024-03-30,国旅文化投资集团股份有限公司2023年年度报告,http://www.cninfo.com.cn/new/disclosure/detail?stockCode=600358&announcementId=1219465485&orgId=gssh0600358&announcementTime=2024-03-30,2024-04-01,2024-07-02,-0.343707
600359,新农开发,2023,2024-03-29,新疆塔里木农业综合开发股份有限公司2023年度报告,http://www.cninfo.com.cn/new/disclosure/detail?stockCode=600359&announcementId=1219447486&orgId=gssh0600359&announcementTime=2024-03-29,2024-04-01,2024-07-02,-0.083004
600360,*ST华微,2023,2024-04-30,吉林华微电子股份有限公司2023年年度报告,http://www.cninfo.com.cn/new/disclosure/detail?stockCode=600360&announcementId=1219927605&orgId=gssh0600360&announcementTime=2024-04-30,2024-05-06,2024-07-30,-0.332613
600361,创新新材,2023,2024-04-26,2023年年度报告,http://www.cninfo.com.cn/new/disclosure/detail?stockCode=600361&announcementId=1219832637&orgId=gssh0600361&announcementTime=2024-04-26,2024-04-29,2024-07-26,-0.036989
600362,江西铜业,2023,2024-03-28,江西铜业股份有限公司2023年年度报告,http://www.cninfo.com.cn/new/disclosure/detail?stockCode=600362&announcementId=1219426026&orgId=gssh0600362&announcementTime=2024-03-28,2024-03-29,2024-07-01,0.071095
600363,联创光电,2023,2024-04-25,2023年年度报告,http://www.cninfo.com.cn/new/disclosure/detail?stockCode=600363&announcementId=1219800705&orgId=gssh0600363&announcementTime=2024-04-25,2024-04-26,2024-07-25,-0.123789
600365,ST通葡,2023,2024-04-27,通化葡萄酒股份有限公司2023年年度报告,http://www.cninfo.com.cn/new/disclosure/detail?stockCode=600365&announcementId=1219875512&orgId=gssh0600365&announcementTime=2024-04-27,2024-04-29,2024-07-26,-0.151899
600366,宁波韵升,2023,2024-04-30,宁波韵升2023年年度报告,http://www.cninfo.com.cn/new/disclosure/detail?stockCode=600366&announcementId=1219910622&orgId=gssh0600366&announcementTime=2024-04-30,2024-05-06,2024-07-30,-0.094843
600367,红星发展,2023,2024-04-26,红星发展2023年年度报告,http://www.cninfo.com.cn/new/disclosure/detail?stockCode=600367&announcementId=1219823138&orgId=gssh0600367&announcementTime=2024-04-26,2024-04-29,2024-07-26,-0.18619
600368,五洲交通,2023,2024-03-29,五洲交通2023年年度报告（全文）,http://www.cninfo.com.cn/new/disclosure/detail?stockCode=600368&announcementId=1219449926&orgId=gssh0600368&announcementTime=2024-03-29,2024-04-01,2024-07-02,0.202703
600369,西南证券,2023,2024-03-30,西南证券股份有限公司2023年年度报告,http://www.cninfo.com.cn/new/disclosure/detail?stockCode=600369&announcementId=1219469018&orgId=gssh0600369&announcementTime=2024-03-30,2024-04-01,2024-07-02,-0.066564
600370,三房巷,2023,2024-03-29,江苏三房巷聚材股份有限公司2023年年度报告,http://www.cninfo.com.cn/new/disclosure/detail?stockCode=600370&announcementId=1219439284&orgId=gssh0600370&announcementTime=2024-03-29,2024-04-01,2024-07-02,-0.297167
600371,万向德农,2023,2024-04-16,万向德农股份有限公司2023年年度报告,http://www.cninfo.com.cn/new/disclosure/detail?stockCode=600371&announcementId=1219617366&orgId=gssh0600371&announcementTime=2024-04-16,2024-04-17,2024-07-16,-0.063518
600372,中航机载,2023,2024-03-16,中航机载2023年年度报告,http://www.cninfo.com.cn/new/disclosure/detail?stockCode=600372&announcementId=1219311356&orgId=gssh0600372&announcementTime=2024-03-16,2024-03-18,2024-06-18,0.039445
600373,中文传媒,2023,2024-04-19,中文传媒2023年年度报告,http://www.cninfo.com.cn/new/disclosure/detail?stockCode=600373&announcementId=1219666435&orgId=gssh0600373&announcementTime=2024-04-19,2024-04-22,2024-07-19,-0.08762
600375,汉马科技,2023,2024-03-29,汉马科技2023年年度报告,http://www.cninfo.com.cn/new/disclosure/detail?stockCode=600375&announcementId=1219443117&orgId=gssh0600375&announcementTime=2024-03-29,2024-04-01,2024-07-02,-0.142541
600376,首开股份,2023,2024-04-20,首开股份2023年年度报告,http://www.cninfo.com.cn/new/disclosure/detail?stockCode=600376&announcementId=1219689383&orgId=gssh0600376&announcementTime=2024-04-20,2024-04-22,2024-07-19,-0.131811
600377,宁沪高速,2023,2024-03-29,2023年年度报告,http://www.cninfo.com.cn/new/disclosure/detail?stockCode=600377&announcementId=1219453389&orgId=gssh0600377&announcementTime=2024-03-29,2024-04-01,2024-07-02,0.137465
600378,昊华科技,2023,2024-04-30,昊华科技2023年年度报告,http://www.cninfo.com.cn/new/disclosure/detail?stockCode=600378&announcementId=1219928104&orgId=gssh0600378&announcementTime=2024-04-30,2024-05-06,2024-07-30,-0.132775
600379,宝光股份,2023,2024-04-11,宝光股份2023年度报告,http://www.cninfo.com.cn/new/disclosure/detail?stockCode=600379&announcementId=1219567551&orgId=gssh0600379&announcementTime=2024-04-11,2024-04-12,2024-07-11,-0.060794
600380,健康元,2023,2024-04-03,健康元药业集团股份有限公司2023年年度报告,http://www.cninfo.com.cn/new/disclosure/detail?stockCode=600380&announcementId=1219504630&orgId=gssh0600380&announcementTime=2024-04-03,2024-04-08,2024-07-05,-0.034417
600381,*ST春天,2023,2024-04-30,青海春天2023年年度报告,http://www.cninfo.com.cn/new/disclosure/detail?stockCode=600381&announcementId=1219922219&orgId=gssh0600381&announcementTime=2024-04-30,2024-05-06,2024-07-30,-0.266515
600382,广东明珠,2023,2024-04-25,广东明珠集团股份有限公司2023年年度报告,http://www.cninfo.com.cn/new/disclosure/detail?stockCode=600382&announcementId=1219798911&orgId=gssh0600382&announcementTime=2024-04-25,2024-04-26,2024-07-25,-0.131664
600383,金地集团,2023,2024-03-15,2023年年度报告,http://www.cninfo.com.cn/new/disclosure/detail?stockCode=600383&announcementId=1219307600&orgId=gssh0600383&announcementTime=2024-03-15,2024-03-18,2024-06-18,-0.082732
600386,北巴传媒,2023,2024-03-30,北京巴士传媒股份有限公司2023年年度报告,http://www.cninfo.com.cn/new/disclosure/detail?stockCode=600386&announcementId=1219461110&orgId=gssh0600386&announcementTime=2024-03-30,2024-04-01,2024-07-02,-0.213042
600388,龙净环保,2023,2024-03-23,2023年年度报告,http://www.cninfo.com.cn/new/disclosure/detail?stockCode=600388&announcementId=1219389980&orgId=gssh0600388&announcementTime=2024-03-23,2024-03-25,2024-06-25,-0.009944
600389,江山股份,2023,2024-04-23,江山股份2023年年度报告,http://www.cninfo.com.cn/new/disclosure/detail?stockCode=600389&announcementId=1219740838&orgId=gssh0600389&announcementTime=2024-04-23,2024-04-24,2024-07-23,-0.177605
600390,五矿资本,2023,2024-04-25,五矿资本股份有限公司2023年年度报告,http://www.cninfo.com.cn/new/disclosure/detail?stockCode=600390&announcementId=1219792684&orgId=gssh0600390&announcementTime=2024-04-25,2024-04-26,2024-07-25,-0.056285
600391,航发科技,2023,2024-03-30,中国航发航空科技股份有限公司2023年年度报告,http://www.cninfo.com.cn/new/disclosure/detail?stockCode=600391&announcementId=1219469151&orgId=gssh0600391&announcementTime=2024-03-30,2024-04-01,2024-07-02,-0.128638
600392,盛和资源,2023,2024-04-27,盛和资源2023年年度报告,http://www.cninfo.com.cn/new/disclosure/detail?stockCode=600392&announcementId=1219875554&orgId=gssh0600392&announcementTime=2024-04-27,2024-04-29,2024-07-26,-0.212536
600395,盘江股份,2023,2024-04-23,盘江股份2023年年度报告,http://www.cninfo.com.cn/new/disclosure/detail?stockCode=600395&announcementId=1219737068&orgId=gssh0600395&announcementTime=2024-04-23,2024-04-24,2024-07-23,-0.095962
600396,华电辽能,2023,2024-04-25,2023年年度报告,http://www.cninfo.com.cn/new/disclosure/detail?stockCode=600396&announcementId=1219802100&orgId=gssh0600396&announcementTime=2024-04-25,2024-04-26,2024-07-26,-0.067945
600397,江钨装备,2023,2024-04-25,安源煤业2023年年度报告,http://www.cninfo.com.cn/new/disclosure/detail?stockCode=600397&announcementId=1219793268&orgId=gssh0600397&announcementTime=2024-04-25,2024-04-26,2024-07-25,-0.199768
600398,海澜之家,2023,2024-04-30,海澜之家集团股份有限公司2023年年度报告,http://www.cninfo.com.cn/new/disclosure/detail?stockCode=600398&announcementId=1219915007&orgId=gssh0600398&announcementTime=2024-04-30,2024-05-06,2024-07-30,-0.269251
600399,抚顺特钢,2023,2024-03-30,抚顺特钢：2023年年度报告,http://www.cninfo.com.cn/new/disclosure/detail?stockCode=600399&announcementId=1219465658&orgId=gssh0600399&announcementTime=2024-03-30,2024-04-01,2024-07-02,-0.125348
600400,红豆股份,2023,2024-04-25,红豆股份2023年年度报告,http://www.cninfo.com.cn/new/disclosure/detail?stockCode=600400&announcementId=1219793753&orgId=gssh0600400&announcementTime=2024-04-25,2024-04-26,2024-07-25,-0.155452
600403,大有能源,2023,2024-03-30,河南大有能源股份有限公司2023年年度报告,http://www.cninfo.com.cn/new/disclosure/detail?stockCode=600403&announcementId=1219470963&orgId=gssh0600403&announcementTime=2024-03-30,2024-04-01,2024-07-02,-0.184704
600405,动力源,2023,2024-04-30,动力源2023年年度报告,http://www.cninfo.com.cn/new/disclosure/detail?stockCode=600405&announcementId=1219915112&orgId=gssh0600405&announcementTime=2024-04-30,2024-05-06,2024-07-30,-0.186317
600406,国电南瑞,2023,2024-04-26,国电南瑞2023年年度报告,http://www.cninfo.com.cn/new/disclosure/detail?stockCode=600406&announcementId=1219832725&orgId=gssh0600406&announcementTime=2024-04-26,2024-04-29,2024-07-26,0.039507
600408,安泰集团,2023,2024-04-03,安泰集团2023年年度报告,http://www.cninfo.com.cn/new/disclosure/detail?stockCode=600408&announcementId=1219505441&orgId=gssh0600408&announcementTime=2024-04-03,2024-04-08,2024-07-05,-0.23042
600409,三友化工,2023,2024-04-26,2023年年度报告,http://www.cninfo.com.cn/new/disclosure/detail?stockCode=600409&announcementId=1219832799&orgId=gssh0600409&announcementTime=2024-04-26,2024-04-29,2024-07-26,-0.000742
600410,华胜天成,2023,2024-04-25,2023年年度报告,http://www.cninfo.com.cn/new/disclosure/detail?stockCode=600410&announcementId=1219799875&orgId=gssh0600410&announcementTime=2024-04-25,2024-04-26,2024-07-25,-0.219355
600415,小商品城,2023,2024-04-17,2023年年度报告,http://www.cninfo.com.cn/new/disclosure/detail?stockCode=600415&announcementId=1219636094&orgId=gssh0600415&announcementTime=2024-04-17,2024-04-18,2024-07-17,-0.058842
600416,湘电股份,2023,2024-04-10,湘潭电机股份有限公司2023年年度报告,http://www.cninfo.com.cn/new/disclosure/detail?stockCode=600416&announcementId=1219553707&orgId=gssh0600416&announcementTime=2024-04-10,2024-04-11,2024-07-10,-0.24147
600418,江淮汽车,2023,2024-04-30,江淮汽车2023年年度报告,http://www.cninfo.com.cn/new/disclosure/detail?stockCode=600418&announcementId=1219915147&orgId=gssh0600418&announcementTime=2024-04-30,2024-05-06,2024-07-30,0.187155
600419,天润乳业,2023,2024-04-16,新疆天润乳业股份有限公司2023年年度报告,http://www.cninfo.com.cn/new/disclosure/detail?stockCode=600419&announcementId=1219620744&orgId=gssh0600419&announcementTime=2024-04-16,2024-04-17,2024-07-16,-0.189119
600420,国药现代,2023,2024-03-30,2023年度报告,http://www.cninfo.com.cn/new/disclosure/detail?stockCode=600420&announcementId=1219469164&orgId=gssh0600420&announcementTime=2024-03-30,2024-04-01,2024-07-02,0.237214
600421,*ST华嵘,2023,2024-04-25,华嵘控股2023年年度报告,http://www.cninfo.com.cn/new/disclosure/detail?stockCode=600421&announcementId=1219798945&orgId=gssh0600421&announcementTime=2024-04-25,2024-04-26,2024-07-25,-0.138474
600422,昆药集团,2023,2024-03-22,昆药集团2023年年度报告,http://www.cninfo.com.cn/new/disclosure/detail?stockCode=600422&announcementId=1219373852&orgId=gssh0600422&announcementTime=2024-03-22,2024-03-25,2024-06-25,-0.150721
600423,柳化股份,2023,2024-03-30,柳化股份2023年年度报告,http://www.cninfo.com.cn/new/disclosure/detail?stockCode=600423&announcementId=1219469215&orgId=gssh0600423&announcementTime=2024-03-30,2024-04-01,2024-07-02,-0.228926
600425,青松建化,2023,2024-03-26,青松建化2023年年度报告,http://www.cninfo.com.cn/new/disclosure/detail?stockCode=600425&announcementId=1219403027&orgId=gssh0600425&announcementTime=2024-03-26,2024-03-27,2024-06-27,-0.09379
600426,华鲁恒升,2023,2024-03-30,华鲁恒升2023年年度报告,http://www.cninfo.com.cn/new/disclosure/detail?stockCode=600426&announcementId=1219463462&orgId=gssh0600426&announcementTime=2024-03-30,2024-04-01,2024-07-02,0.037241
600428,中远海特,2023,2024-03-28,中远海运特种运输股份有限公司2023年年度报告,http://www.cninfo.com.cn/new/disclosure/detail?stockCode=600428&announcementId=1219430609&orgId=gssh0600428&announcementTime=2024-03-28,2024-03-29,2024-07-01,0.081724
600429,三元股份,2023,2024-04-20,三元股份2023年年度报告,http://www.cninfo.com.cn/new/disclosure/detail?stockCode=600429&announcementId=1219705141&orgId=gssh0600429&announcementTime=2024-04-20,2024-04-22,2024-07-19,-0.06136
600433,冠豪高新,2023,2024-03-21,冠豪高新2023年年度报告,http://www.cninfo.com.cn/new/disclosure/detail?stockCode=600433&announcementId=1219360816&orgId=gssh0600433&announcementTime=2024-03-21,2024-03-22,2024-06-24,-0.123585
600435,北方导航,2023,2024-04-18,北方导航2023年年度报告,http://www.cninfo.com.cn/new/disclosure/detail?stockCode=600435&announcementId=1219646494&orgId=gssh0600435&announcementTime=2024-04-18,2024-04-19,2024-07-18,-0.026039
600436,片仔癀,2023,2024-04-20,漳州片仔癀药业股份有限公司2023年年度报告,http://www.cninfo.com.cn/new/disclosure/detail?stockCode=600436&announcementId=1219701844&orgId=gssh0600436&announcementTime=2024-04-20,2024-04-22,2024-07-19,0.001728
600438,通威股份,2023,2024-04-30,通威股份有限公司2023年年度报告,http://www.cninfo.com.cn/new/disclosure/detail?stockCode=600438&announcementId=1219915221&orgId=gssh0600438&announcementTime=2024-04-30,2024-05-06,2024-07-30,-0.16666
600439,瑞贝卡,2023,2024-04-30,2023年年度报告,http://www.cninfo.com.cn/new/disclosure/detail?stockCode=600439&announcementId=1219904966&orgId=gssh0600439&announcementTime=2024-04-30,2024-05-06,2024-07-30,-0.125164
600444,国机通用,2023,2024-04-11,国机通用2023年度报告,http://www.cninfo.com.cn/new/disclosure/detail?stockCode=600444&announcementId=1219566397&orgId=gssh0600444&announcementTime=2024-04-11,2024-04-12,2024-07-11,-0.23676
600446,金证股份,2023,2024-04-20,金证股份2023年年度报告,http://www.cninfo.com.cn/new/disclosure/detail?stockCode=600446&announcementId=1219702127&orgId=gssh0600446&announcementTime=2024-04-20,2024-04-22,2024-07-19,-0.199979
600448,华纺股份,2023,2024-04-30,华纺股份：2023年度报告,http://www.cninfo.com.cn/new/disclosure/detail?stockCode=600448&announcementId=1219907030&orgId=gssh0600448&announcementTime=2024-04-30,2024-05-06,2024-07-30,-0.214022
600449,宁夏建材,2023,2024-03-28,宁夏建材2023年年度报告,http://www.cninfo.com.cn/new/disclosure/detail?stockCode=600449&announcementId=1219429447&orgId=gssh0600449&announcementTime=2024-03-28,2024-03-29,2024-07-01,-0.264838
600452,涪陵电力,2023,2024-04-19,涪陵电力2023年年度报告,http://www.cninfo.com.cn/new/disclosure/detail?stockCode=600452&announcementId=1219668854&orgId=gssh0600452&announcementTime=2024-04-19,2024-04-22,2024-07-19,0.065877
600455,博通股份,2023,2024-03-23,博通股份2023年年度报告,http://www.cninfo.com.cn/new/disclosure/detail?stockCode=600455&announcementId=1219387837&orgId=gssh0600455&announcementTime=2024-03-23,2024-03-25,2024-06-25,-0.332102
600456,宝钛股份,2023,2024-03-30,宝鸡钛业股份有限公司2023年年度报告,http://www.cninfo.com.cn/new/disclosure/detail?stockCode=600456&announcementId=1219465685&orgId=gssh0600456&announcementTime=2024-03-30,2024-04-01,2024-07-02,-0.064971
600459,贵研铂业,2023,2024-04-18,云南省贵金属新材料控股集团股份有限公司2023年年度报告,http://www.cninfo.com.cn/new/disclosure/detail?stockCode=600459&announcementId=1219650515&orgId=gssh0600459&announcementTime=2024-04-18,2024-04-19,2024-07-18,-0.07757
600458,时代新材,2023,2024-03-29,2023年年度报告,http://www.cninfo.com.cn/new/disclosure/detail?stockCode=600458&announcementId=1219438924&orgId=gssh0600458&announcementTime=2024-03-29,2024-04-01,2024-07-02,-0.122438
600460,士兰微,2023,2024-04-09,杭州士兰微电子股份有限公司2023年年度报告,http://www.cninfo.com.cn/new/disclosure/detail?stockCode=600460&announcementId=1219536759&orgId=gssh0600460&announcementTime=2024-04-09,2024-04-10,2024-07-09,-0.076337
600461,洪城环境,2023,2024-04-11,江西洪城环境股份有限公司2023年年度报告,http://www.cninfo.com.cn/new/disclosure/detail?stockCode=600461&announcementId=1219566893&orgId=gssh0600461&announcementTime=2024-04-11,2024-04-12,2024-07-11,0.186146
600463,空港股份,2023,2024-03-29,空港股份2023年年度报告,http://www.cninfo.com.cn/new/disclosure/detail?stockCode=600463&announcementId=1219440900&orgId=gssh0600463&announcementTime=2024-03-29,2024-04-01,2024-07-02,-0.006318
600468,百利电气,2023,2024-04-17,天津百利特精电气股份有限公司2023年年度报告,http://www.cninfo.com.cn/new/disclosure/detail?stockCode=600468&announcementId=1219636944&orgId=gssh0600468&announcementTime=2024-04-17,2024-04-18,2024-07-17,-0.092556
600467,好当家,2023,2024-04-25,好当家2023年年度报告,http://www.cninfo.com.cn/new/disclosure/detail?stockCode=600467&announcementId=1219786818&orgId=gssh0600467&announcementTime=2024-04-25,2024-04-26,2024-07-25,-0.251285
600469,风神股份,2023,2024-04-25,风神轮胎股份有限公司2023年度报告,http://www.cninfo.com.cn/new/disclosure/detail?stockCode=600469&announcementId=1219795165&orgId=gssh0600469&announcementTime=2024-04-25,2024-04-26,2024-07-25,-0.069982
600470,六国化工,2023,2024-04-20,六国化工2023年年度报告,http://www.cninfo.com.cn/new/disclosure/detail?stockCode=600470&announcementId=1219692897&orgId=gssh0600470&announcementTime=2024-04-20,2024-04-22,2024-07-19,-0.058654
600475,华光环能,2023,2024-04-27,无锡华光环保能源集团股份有限公司2023年年度报告,http://www.cninfo.com.cn/new/disclosure/detail?stockCode=600475&announcementId=1219875615&orgId=gssh0600475&announcementTime=2024-04-27,2024-04-29,2024-07-26,-0.147563
600476,湘邮科技,2023,2024-03-30,湖南湘邮科技股份有限公司2023年年度报告,http://www.cninfo.com.cn/new/disclosure/detail?stockCode=600476&announcementId=1219471048&orgId=gssh0600476&announcementTime=2024-03-30,2024-04-01,2024-07-02,-0.194983
600477,杭萧钢构,2023,2024-03-30,杭萧钢构2023年年度报告,http://www.cninfo.com.cn/new/disclosure/detail?stockCode=600477&announcementId=1219474704&orgId=gssh0600477&announcementTime=2024-03-30,2024-04-01,2024-07-02,-0.123274
600478,科力远,2023,2024-04-27,科力远2023年年度报告,http://www.cninfo.com.cn/new/disclosure/detail?stockCode=600478&announcementId=1219875649&orgId=gssh0600478&announcementTime=2024-04-27,2024-04-29,2024-07-26,-0.108374
600479,千金药业,2023,2024-04-12,千金药业2023年年度报告,http://www.cninfo.com.cn/new/disclosure/detail?stockCode=600479&announcementId=1219580221&orgId=gssh0600479&announcementTime=2024-04-12,2024-04-15,2024-07-12,-0.042984
600480,凌云股份,2023,2024-04-30,凌云股份2023年年度报告,http://www.cninfo.com.cn/new/disclosure/detail?stockCode=600480&announcementId=1219915256&orgId=gssh0600480&announcementTime=2024-04-30,2024-05-06,2024-07-30,-0.221267
600482,中国动力,2023,2024-04-27,中国船舶重工集团动力股份有限公司2023年年度报告,http://www.cninfo.com.cn/new/disclosure/detail?stockCode=600482&announcementId=1219875689&orgId=gssh0600482&announcementTime=2024-04-27,2024-04-29,2024-07-26,0.107697
600481,双良节能,2023,2024-04-26,双良节能系统股份有限公司2023年年度报告,http://www.cninfo.com.cn/new/disclosure/detail?stockCode=600481&announcementId=1219839886&orgId=gssh0600481&announcementTime=2024-04-26,2024-04-29,2024-07-26,-0.327461
600483,福能股份,2023,2024-04-18,福能股份2023年年度报告,http://www.cninfo.com.cn/new/disclosure/detail?stockCode=600483&announcementId=1219647021&orgId=gssh0600483&announcementTime=2024-04-18,2024-04-19,2024-07-18,0.170843
600486,扬农化工,2023,2024-03-26,2023年年度报告,http://www.cninfo.com.cn/new/disclosure/detail?stockCode=600486&announcementId=1219405704&orgId=gssh0600486&announcementTime=2024-03-26,2024-03-27,2024-06-27,0.059298
600488,津药药业,2023,2024-03-29,津药药业股份有限公司2023年年度报告,http://www.cninfo.com.cn/new/disclosure/detail?stockCode=600488&announcementId=1219443147&orgId=gssh0600488&announcementTime=2024-03-29,2024-04-01,2024-07-02,-0.081138
600487,亨通光电,2023,2024-04-26,亨通光电2023年年度报告,http://www.cninfo.com.cn/new/disclosure/detail?stockCode=600487&announcementId=1219839926&orgId=gssh0600487&announcementTime=2024-04-26,2024-04-29,2024-07-26,0.168715
600490,鹏欣资源,2023,2024-04-30,2023年年度报告,http://www.cninfo.com.cn/new/disclosure/detail?stockCode=600490&announcementId=1219915409&orgId=gssh0600490&announcementTime=2024-04-30,2024-05-06,2024-07-30,-0.375145
600489,中金黄金,2023,2024-04-27,中金黄金股份有限公司2023年年度报告,http://www.cninfo.com.cn/new/disclosure/detail?stockCode=600489&announcementId=1219875735&orgId=gssh0600489&announcementTime=2024-04-27,2024-04-29,2024-07-26,0.172268
600493,凤竹纺织,2023,2024-03-30,凤竹纺织2023年年度报告,http://www.cninfo.com.cn/new/disclosure/detail?stockCode=600493&announcementId=1219469287&orgId=gssh0600493&announcementTime=2024-03-30,2024-04-01,2024-07-02,-0.273504
600491,龙元建设,2023,2024-04-30,龙元建设2023年年度报告,http://www.cninfo.com.cn/new/disclosure/detail?stockCode=600491&announcementId=1219904993&orgId=gssh0600491&announcementTime=2024-04-30,2024-05-06,2024-07-30,-0.003754
600496,精工钢构,2023,2024-04-18,精工钢构2023年年度报告,http://www.cninfo.com.cn/new/disclosure/detail?stockCode=600496&announcementId=1219650150&orgId=gssh0600496&announcementTime=2024-04-18,2024-04-19,2024-07-18,-0.119098
600495,晋西车轴,2023,2024-04-11,晋西车轴2023年年度报告,http://www.cninfo.com.cn/new/disclosure/detail?stockCode=600495&announcementId=1219568018&orgId=gssh0600495&announcementTime=2024-04-11,2024-04-12,2024-07-11,-0.194232
600497,驰宏锌锗,2023,2024-03-30,驰宏锌锗2023年年度报告,http://www.cninfo.com.cn/new/disclosure/detail?stockCode=600497&announcementId=1219467285&orgId=gssh0600497&announcementTime=2024-03-30,2024-04-01,2024-07-02,-0.026149
600498,烽火通信,2023,2024-04-27,烽火通信科技股份有限公司2023年年度报告,http://www.cninfo.com.cn/new/disclosure/detail?stockCode=600498&announcementId=1219875788&orgId=gssh0600498&announcementTime=2024-04-27,2024-04-29,2024-07-26,-0.138995
600500,中化国际,2023,2024-04-30,中化国际2023年年度报告,http://www.cninfo.com.cn/new/disclosure/detail?stockCode=600500&announcementId=1219925058&orgId=gssh0600500&announcementTime=2024-04-30,2024-05-06,2024-07-30,-0.115744
600499,科达制造,2023,2024-03-26,科达制造股份有限公司2023年年度报告,http://www.cninfo.com.cn/new/disclosure/detail?stockCode=600499&announcementId=1219405806&orgId=gssh0600499&announcementTime=2024-03-26,2024-03-27,2024-06-27,-0.202293
600501,航天晨光,2023,2024-04-30,航天晨光股份有限公司2023年年度报告,http://www.cninfo.com.cn/new/disclosure/detail?stockCode=600501&announcementId=1219915432&orgId=gssh0600501&announcementTime=2024-04-30,2024-05-06,2024-07-30,0.476915
600502,安徽建工,2023,2024-03-27,安徽建工2023年年度报告,http://www.cninfo.com.cn/new/disclosure/detail?stockCode=600502&announcementId=1219412593&orgId=gssh0600502&announcementTime=2024-03-27,2024-03-28,2024-06-28,-0.038083
600503,华丽家族,2023,2024-03-30,华丽家族股份有限公司2023年年度报告,http://www.cninfo.com.cn/new/disclosure/detail?stockCode=600503&announcementId=1219465730&orgId=gssh0600503&announcementTime=2024-03-30,2024-04-01,2024-07-02,-0.158445
600505,西昌电力,2023,2024-04-25,西昌电力2023年年度报告,http://www.cninfo.com.cn/new/disclosure/detail?stockCode=600505&announcementId=1219790704&orgId=gssh0600505&announcementTime=2024-04-25,2024-04-26,2024-07-25,0.158656
600507,方大特钢,2023,2024-03-16,方大特钢2023年年度报告,http://www.cninfo.com.cn/new/disclosure/detail?stockCode=600507&announcementId=1219313339&orgId=gssh0600507&announcementTime=2024-03-16,2024-03-18,2024-06-18,-0.079324
600506,统一股份,2023,2024-04-16,统一低碳科技（新疆）股份有限公司2023年年度报告全文,http://www.cninfo.com.cn/new/disclosure/detail?stockCode=600506&announcementId=1219625879&orgId=gssh0600506&announcementTime=2024-04-16,2024-04-17,2024-07-16,0.182308
600509,天富能源,2023,2024-04-13,新疆天富能源股份有限公司2023年年度报告全文,http://www.cninfo.com.cn/new/disclosure/detail?stockCode=600509&announcementId=1219599625&orgId=gssh0600509&announcementTime=2024-04-13,2024-04-15,2024-07-12,-0.156177
600508,上海能源,2023,2024-03-21,上海能源2023年年度报告,http://www.cninfo.com.cn/new/disclosure/detail?stockCode=600508&announcementId=1219358352&orgId=gssh0600508&announcementTime=2024-03-21,2024-03-22,2024-06-24,-0.030285
600510,黑牡丹,2023,2024-04-23,黑牡丹2023年年度报告,http://www.cninfo.com.cn/new/disclosure/detail?stockCode=600510&announcementId=1219747237&orgId=gssh0600510&announcementTime=2024-04-23,2024-04-24,2024-07-23,-0.167695
600511,国药股份,2023,2024-03-21,600511_国药股份_2023年_年度报告,http://www.cninfo.com.cn/new/disclosure/detail?stockCode=600511&announcementId=1219360999&orgId=gssh0600511&announcementTime=2024-03-21,2024-03-22,2024-06-24,0.007513
600513,联环药业,2023,2024-03-06,联环药业2023年年度报告,http://www.cninfo.com.cn/new/disclosure/detail?stockCode=600513&announcementId=1219242802&orgId=gssh0600513&announcementTime=2024-03-06,2024-03-07,2024-06-06,-0.079651
600512,腾达建设,2023,2024-04-16,腾达建设2023年年度报告,http://www.cninfo.com.cn/new/disclosure/detail?stockCode=600512&announcementId=1219618707&orgId=gssh0600512&announcementTime=2024-04-16,2024-04-17,2024-07-16,-0.030046
600516,方大炭素,2023,2024-04-02,方大炭素2023年年度报告,http://www.cninfo.com.cn/new/disclosure/detail?stockCode=600516&announcementId=1219493349&orgId=gssh0600516&announcementTime=2024-04-02,2024-04-03,2024-07-04,-0.154256
600515,海南机场,2023,2024-04-19,海南机场设施股份有限公司2023年年度报告,http://www.cninfo.com.cn/new/disclosure/detail?stockCode=600515&announcementId=1219672822&orgId=gssh0600515&announcementTime=2024-04-19,2024-04-22,2024-07-19,0.011894
600517,国网英大,2023,2024-04-30,国网英大2023年年度报告,http://www.cninfo.com.cn/new/disclosure/detail?stockCode=600517&announcementId=1219922284&orgId=gssh0600517&announcementTime=2024-04-30,2024-05-06,2024-07-30,-0.13818
600518,康美药业,2023,2024-04-13,康美药业2023年年度报告,http://www.cninfo.com.cn/new/disclosure/detail?stockCode=600518&announcementId=1219597605&orgId=gssh0600518&announcementTime=2024-04-13,2024-04-15,2024-07-15,0.009983
600519,贵州茅台,2023,2024-04-03,贵州茅台2023年年度报告,http://www.cninfo.com.cn/new/disclosure/detail?stockCode=600519&announcementId=1219506510&orgId=gssh0600519&announcementTime=2024-04-03,2024-04-08,2024-07-05,-0.125056
600520,三佳科技,2023,2024-04-26,文一科技2023年年度报告,http://www.cninfo.com.cn/new/disclosure/detail?stockCode=600520&announcementId=1219832856&orgId=gssh0600520&announcementTime=2024-04-26,2024-04-29,2024-07-26,-0.169279
600521,华海药业,2023,2024-04-30,浙江华海药业股份有限公司2023年年度报告,http://www.cninfo.com.cn/new/disclosure/detail?stockCode=600521&announcementId=1219910690&orgId=gssh0600521&announcementTime=2024-04-30,2024-05-06,2024-07-30,-0.04034
600522,中天科技,2023,2024-04-26,江苏中天科技股份有限公司2023年年度报告,http://www.cninfo.com.cn/new/disclosure/detail?stockCode=600522&announcementId=1219839967&orgId=gssh0600522&announcementTime=2024-04-26,2024-04-29,2024-07-26,0.244658
600525,ST长园,2023,2024-04-20,2023年年度报告,http://www.cninfo.com.cn/new/disclosure/detail?stockCode=600525&announcementId=1219702171&orgId=gssh0600525&announcementTime=2024-04-20,2024-04-22,2024-07-19,-0.137869
600523,贵航股份,2023,2024-03-15,贵航股份2023年年度报告,http://www.cninfo.com.cn/new/disclosure/detail?stockCode=600523&announcementId=1219305746&orgId=gssh0600523&announcementTime=2024-03-15,2024-03-18,2024-06-18,-0.078615
600526,菲达环保,2023,2024-04-16,浙江菲达环保科技股份有限公司2023年年度报告,http://www.cninfo.com.cn/new/disclosure/detail?stockCode=600526&announcementId=1219622263&orgId=gssh0600526&announcementTime=2024-04-16,2024-04-17,2024-07-16,-0.128761
600527,江南高纤,2023,2024-04-16,江南高纤2023年年度报告,http://www.cninfo.com.cn/new/disclosure/detail?stockCode=600527&announcementId=1219616939&orgId=gssh0600527&announcementTime=2024-04-16,2024-04-17,2024-07-16,-0.062927
600529,山东药玻,2023,2024-04-23,山东省药用玻璃股份有限公司2023年年度报告,http://www.cninfo.com.cn/new/disclosure/detail?stockCode=600529&announcementId=1219740885&orgId=gssh0600529&announcementTime=2024-04-23,2024-04-24,2024-07-23,-0.114586
600528,中铁工业,2023,2024-03-29,中铁工业2023年年度报告,http://www.cninfo.com.cn/new/disclosure/detail?stockCode=600528&announcementId=1219445472&orgId=gssh0600528&announcementTime=2024-03-29,2024-04-01,2024-07-02,-0.017338
600530,交大昂立,2023,2024-04-27,2023年年度报告,http://www.cninfo.com.cn/new/disclosure/detail?stockCode=600530&announcementId=1219875878&orgId=gssh0600530&announcementTime=2024-04-27,2024-04-29,2024-07-29,0.421824
600531,豫光金铅,2023,2024-04-13,河南豫光金铅股份有限公司2023年年度报告,http://www.cninfo.com.cn/new/disclosure/detail?stockCode=600531&announcementId=1219595123&orgId=gssh0600531&announcementTime=2024-04-13,2024-04-15,2024-07-12,-0.019487
600533,栖霞建设,2023,2024-04-30,栖霞建设2023年年度报告,http://www.cninfo.com.cn/new/disclosure/detail?stockCode=600533&announcementId=1219915446&orgId=gssh0600533&announcementTime=2024-04-30,2024-05-06,2024-07-30,-0.234261
600535,天士力,2023,2024-04-16,天士力2023年年度报告,http://www.cninfo.com.cn/new/disclosure/detail?stockCode=600535&announcementId=1219618263&orgId=gssh0600535&announcementTime=2024-04-16,2024-04-17,2024-07-16,-0.130269
600537,亿晶光电,2023,2024-04-27,亿晶光电科技股份有限公司2023年年度报告,http://www.cninfo.com.cn/new/disclosure/detail?stockCode=600537&announcementId=1219875932&orgId=gssh0600537&announcementTime=2024-04-27,2024-04-29,2024-07-26,-0.319688
600536,中国软件,2023,2024-04-26,中国软件2023年年度报告,http://www.cninfo.com.cn/new/disclosure/detail?stockCode=600536&announcementId=1219841366&orgId=gssh0600536&announcementTime=2024-04-26,2024-04-29,2024-07-26,0.046767
600539,狮头股份,2023,2024-04-20,2023年年度报告,http://www.cninfo.com.cn/new/disclosure/detail?stockCode=600539&announcementId=1219698220&orgId=gssh0600539&announcementTime=2024-04-20,2024-04-22,2024-07-19,-0.145129
600538,国发股份,2023,2024-04-23,国发股份2023年年度报告,http://www.cninfo.com.cn/new/disclosure/detail?stockCode=600538&announcementId=1219744848&orgId=gssh0600538&announcementTime=2024-04-23,2024-04-24,2024-07-23,-0.297587
600543,莫高股份,2023,2024-03-30,莫高股份2023年年度报告,http://www.cninfo.com.cn/new/disclosure/detail?stockCode=600543&announcementId=1219474391&orgId=gssh0600543&announcementTime=2024-03-30,2024-04-01,2024-07-02,-0.307891
600540,新赛股份,2023,2024-04-30,新疆赛里木现代农业股份有限公司2023年年度报告,http://www.cninfo.com.cn/new/disclosure/detail?stockCode=600540&announcementId=1219915469&orgId=gssh0600540&announcementTime=2024-04-30,2024-05-06,2024-07-30,-0.138282
600546,山煤国际,2023,2024-03-30,山煤国际2023年年度报告,http://www.cninfo.com.cn/new/disclosure/detail?stockCode=600546&announcementId=1219469349&orgId=gssh0600546&announcementTime=2024-03-30,2024-04-01,2024-07-02,0.010485
600545,卓郎智能,2023,2024-04-30,2023年年度报告,http://www.cninfo.com.cn/new/disclosure/detail?stockCode=600545&announcementId=1219922317&orgId=gssh0600545&announcementTime=2024-04-30,2024-05-06,2024-07-30,-0.314516
600548,深高速,2023,2024-03-23,2023年年度报告,http://www.cninfo.com.cn/new/disclosure/detail?stockCode=600548&announcementId=1219388983&orgId=gssh0600548&announcementTime=2024-03-23,2024-03-25,2024-06-25,0.144983
600547,山东黄金,2023,2024-03-29,山东黄金矿业股份有限公司2023年年度报告,http://www.cninfo.com.cn/new/disclosure/detail?stockCode=600547&announcementId=1219448216&orgId=gssh0600547&announcementTime=2024-03-29,2024-04-01,2024-07-02,-0.046176
600549,厦门钨业,2023,2024-04-19,厦门钨业2023年年度报告,http://www.cninfo.com.cn/new/disclosure/detail?stockCode=600549&announcementId=1219672897&orgId=gssh0600549&announcementTime=2024-04-19,2024-04-22,2024-07-19,-0.124014
600550,保变电气,2023,2024-04-16,保定天威保变电气股份有限公司2023年年度报告,http://www.cninfo.com.cn/new/disclosure/detail?stockCode=600550&announcementId=1219622304&orgId=gssh0600550&announcementTime=2024-04-16,2024-04-17,2024-07-16,0.259454
600551,时代出版,2023,2024-04-17,时代出版2023年年度报告全文,http://www.cninfo.com.cn/new/disclosure/detail?stockCode=600551&announcementId=1219637704&orgId=gssh0600551&announcementTime=2024-04-17,2024-04-18,2024-07-17,-0.213605
600552,凯盛科技,2023,2024-04-19,凯盛科技股份有限公司2023年年度报告全文,http://www.cninfo.com.cn/new/disclosure/detail?stockCode=600552&announcementId=1219669552&orgId=gssh0600552&announcementTime=2024-04-19,2024-04-22,2024-07-19,-0.141228
600556,天下秀,2023,2024-04-23,天下秀数字科技（集团）股份有限公司2023年年度报告,http://www.cninfo.com.cn/new/disclosure/detail?stockCode=600556&announcementId=1219747289&orgId=gssh0600556&announcementTime=2024-04-23,2024-04-24,2024-07-23,-0.186952
600557,康缘药业,2023,2024-03-11,江苏康缘药业股份有限公司2023年年度报告,http://www.cninfo.com.cn/new/disclosure/detail?stockCode=600557&announcementId=1219280481&orgId=gssh0600557&announcementTime=2024-03-11,2024-03-12,2024-06-12,-0.156563
600558,大西洋,2023,2024-04-08,大西洋2023年年度报告,http://www.cninfo.com.cn/new/disclosure/detail?stockCode=600558&announcementId=1219528890&orgId=gssh0600558&announcementTime=2024-04-08,2024-04-09,2024-07-08,-0.181938
600559,老白干酒,2023,2024-04-27,河北衡水老白干酒业股份有限公司2023年年度报告,http://www.cninfo.com.cn/new/disclosure/detail?stockCode=600559&announcementId=1219876009&orgId=gssh0600559&announcementTime=2024-04-27,2024-04-29,2024-07-26,-0.151015
600560,金自天正,2023,2024-03-29,北京金自天正智能控制股份有限公司2023年年度报告,http://www.cninfo.com.cn/new/disclosure/detail?stockCode=600560&announcementId=1219437939&orgId=gssh0600560&announcementTime=2024-03-29,2024-04-01,2024-07-02,-0.173936
600561,江西长运,2023,2024-04-20,江西长运2023年年度报告,http://www.cninfo.com.cn/new/disclosure/detail?stockCode=600561&announcementId=1219695727&orgId=gssh0600561&announcementTime=2024-04-20,2024-04-22,2024-07-19,0.134222
600563,法拉电子,2023,2024-03-23,法拉电子2023年年度报告,http://www.cninfo.com.cn/new/disclosure/detail?stockCode=600563&announcementId=1219388990&orgId=gssh0600563&announcementTime=2024-03-23,2024-03-25,2024-06-25,-0.24704
600562,国睿科技,2023,2024-04-25,国睿科技股份有限公司2023年年度报告,http://www.cninfo.com.cn/new/disclosure/detail?stockCode=600562&announcementId=1219790095&orgId=gssh0600562&announcementTime=2024-04-25,2024-04-26,2024-07-25,-0.123226
600567,山鹰国际,2023,2024-04-24,2023年年度报告,http://www.cninfo.com.cn/new/disclosure/detail?stockCode=600567&announcementId=1219767504&orgId=gssh0600567&announcementTime=2024-04-24,2024-04-25,2024-07-24,-0.226721
600566,济川药业,2023,2024-04-10,湖北济川药业股份有限公司2023年年度报告,http://www.cninfo.com.cn/new/disclosure/detail?stockCode=600566&announcementId=1219554251&orgId=gssh0600566&announcementTime=2024-04-10,2024-04-11,2024-07-10,-0.179503
600568,ST中珠,2023,2024-04-17,中珠医疗控股股份有限公司2023年年度报告,http://www.cninfo.com.cn/new/disclosure/detail?stockCode=600568&announcementId=1219638982&orgId=gssh0600568&announcementTime=2024-04-17,2024-04-18,2024-07-17,0.033025
600569,安阳钢铁,2023,2024-04-30,安阳钢铁股份有限公司2023年年度报告,http://www.cninfo.com.cn/new/disclosure/detail?stockCode=600569&announcementId=1219910744&orgId=gssh0600569&announcementTime=2024-04-30,2024-05-06,2024-07-30,-0.193089
600570,恒生电子,2023,2024-03-25,恒生电子股份有限公司2023年年度报告,http://www.cninfo.com.cn/new/disclosure/detail?stockCode=600570&announcementId=1219392177&orgId=gssh0600570&announcementTime=2024-03-25,2024-03-26,2024-06-26,-0.23351
600571,信雅达,2023,2024-04-20,信雅达科技股份有限公司2023年年度报告,http://www.cninfo.com.cn/new/disclosure/detail?stockCode=600571&announcementId=1219702272&orgId=gssh0600571&announcementTime=2024-04-20,2024-04-22,2024-07-19,-0.118166
600572,康恩贝,2023,2024-04-20,康恩贝2023年年度报告全文,http://www.cninfo.com.cn/new/disclosure/detail?stockCode=600572&announcementId=1219693016&orgId=gssh0600572&announcementTime=2024-04-20,2024-04-22,2024-07-19,-0.114182
600573,惠泉啤酒,2023,2024-04-12,福建省燕京惠泉啤酒股份有限公司2023年年度报告,http://www.cninfo.com.cn/new/disclosure/detail?stockCode=600573&announcementId=1219580938&orgId=gssh0600573&announcementTime=2024-04-12,2024-04-15,2024-07-12,0.018993
600575,淮河能源,2023,2024-03-27,淮河能源（集团）股份有限公司2023年年度报告,http://www.cninfo.com.cn/new/disclosure/detail?stockCode=600575&announcementId=1219411326&orgId=gssh0600575&announcementTime=2024-03-27,2024-03-28,2024-06-28,0.580445
600576,祥源文旅,2023,2024-03-30,2023年年度报告全文,http://www.cninfo.com.cn/new/disclosure/detail?stockCode=600576&announcementId=1219474949&orgId=gssh0600576&announcementTime=2024-03-30,2024-04-01,2024-07-02,-0.284353
600577,精达股份,2023,2024-03-19,精达股份2023年年度报告,http://www.cninfo.com.cn/new/disclosure/detail?stockCode=600577&announcementId=1219329702&orgId=gssh0600577&announcementTime=2024-03-19,2024-03-20,2024-06-20,-0.020081
600578,京能电力,2023,2024-04-27,京能电力：2023年年度报告,http://www.cninfo.com.cn/new/disclosure/detail?stockCode=600578&announcementId=1219876023&orgId=gssh0600578&announcementTime=2024-04-27,2024-04-29,2024-07-26,-0.008475
600579,中化装备,2023,2024-04-27,克劳斯玛菲股份有限公司2023年年度报告,http://www.cninfo.com.cn/new/disclosure/detail?stockCode=600579&announcementId=1219876073&orgId=gssh0600579&announcementTime=2024-04-27,2024-04-29,2024-07-26,-0.142336
600580,卧龙电驱,2023,2024-04-29,卧龙电驱2023年年度报告,http://www.cninfo.com.cn/new/disclosure/detail?stockCode=600580&announcementId=1219890462&orgId=gssh0600580&announcementTime=2024-04-29,2024-04-30,2024-07-29,-0.216013
600581,八一钢铁,2023,2024-04-16,八一钢铁2023年度报告,http://www.cninfo.com.cn/new/disclosure/detail?stockCode=600581&announcementId=1219618285&orgId=gssh0600581&announcementTime=2024-04-16,2024-04-17,2024-07-16,-0.10263
600582,天地科技,2023,2024-03-21,天地科技2023年年度报告,http://www.cninfo.com.cn/new/disclosure/detail?stockCode=600582&announcementId=1219358712&orgId=gssh0600582&announcementTime=2024-03-21,2024-03-22,2024-06-24,0.03715
600583,海油工程,2023,2024-03-19,海油工程2023年年度报告,http://www.cninfo.com.cn/new/disclosure/detail?stockCode=600583&announcementId=1219331268&orgId=gssh0600583&announcementTime=2024-03-19,2024-03-20,2024-06-20,-0.019132
600584,长电科技,2023,2024-04-19,江苏长电科技股份有限公司2023年年度报告,http://www.cninfo.com.cn/new/disclosure/detail?stockCode=600584&announcementId=1219664953&orgId=gssh0600584&announcementTime=2024-04-19,2024-04-22,2024-07-19,0.467616
600585,海螺水泥,2023,2024-03-20,2023年度报告,http://www.cninfo.com.cn/new/disclosure/detail?stockCode=600585&announcementId=1219348773&orgId=gssh0600585&announcementTime=2024-03-20,2024-03-21,2024-06-21,0.080053
600586,金晶科技,2023,2024-04-20,金晶科技2023年年度报告全文,http://www.cninfo.com.cn/new/disclosure/detail?stockCode=600586&announcementId=1219692103&orgId=gssh0600586&announcementTime=2024-04-20,2024-04-22,2024-07-19,-0.047572
600587,新华医疗,2023,2024-03-29,新华医疗2023年年度报告,http://www.cninfo.com.cn/new/disclosure/detail?stockCode=600587&announcementId=1219441992&orgId=gssh0600587&announcementTime=2024-03-29,2024-04-01,2024-07-02,-0.10054
600588,用友网络,2023,2024-03-30,用友网络2023年年度报告,http://www.cninfo.com.cn/new/disclosure/detail?stockCode=600588&announcementId=1219465845&orgId=gssh0600588&announcementTime=2024-03-30,2024-04-01,2024-07-02,-0.141415
600589,大位科技,2023,2024-03-19,2023年年度报告,http://www.cninfo.com.cn/new/disclosure/detail?stockCode=600589&announcementId=1219330902&orgId=gssh0600589&announcementTime=2024-03-19,2024-03-20,2024-06-21,-0.223534
600590,泰豪科技,2023,2024-04-27,2023年年度报告,http://www.cninfo.com.cn/new/disclosure/detail?stockCode=600590&announcementId=1219876093&orgId=gssh0600590&announcementTime=2024-04-27,2024-04-29,2024-07-26,-0.320323
600592,龙溪股份,2023,2024-04-27,龙溪股份2023年年度报告,http://www.cninfo.com.cn/new/disclosure/detail?stockCode=600592&announcementId=1219876146&orgId=gssh0600592&announcementTime=2024-04-27,2024-04-29,2024-07-26,-0.132704
600593,大连圣亚,2023,2024-04-24,公司2023年年度报告,http://www.cninfo.com.cn/new/disclosure/detail?stockCode=600593&announcementId=1219771091&orgId=gssh0600593&announcementTime=2024-04-24,2024-04-25,2024-07-24,-0.247635
600594,益佰制药,2023,2024-04-19,贵州益佰制药股份有限公司2023年年度报告,http://www.cninfo.com.cn/new/disclosure/detail?stockCode=600594&announcementId=1219669587&orgId=gssh0600594&announcementTime=2024-04-19,2024-04-22,2024-07-19,-0.203721
600595,中孚实业,2023,2024-04-18,河南中孚实业股份有限公司2023年年度报告,http://www.cninfo.com.cn/new/disclosure/detail?stockCode=600595&announcementId=1219654213&orgId=gssh0600595&announcementTime=2024-04-18,2024-04-19,2024-07-18,-0.324912
600596,新安股份,2023,2024-04-26,新安股份2023年年度报告,http://www.cninfo.com.cn/new/disclosure/detail?stockCode=600596&announcementId=1219815943&orgId=gssh0600596&announcementTime=2024-04-26,2024-04-29,2024-07-26,-0.12378
600597,光明乳业,2023,2024-04-29,光明乳业2023年年度报告,http://www.cninfo.com.cn/new/disclosure/detail?stockCode=600597&announcementId=1219892948&orgId=gssh0600597&announcementTime=2024-04-29,2024-04-30,2024-07-29,-0.096788
600598,北大荒,2023,2024-03-29,黑龙江北大荒农业股份有限公司2023年年度报告,http://www.cninfo.com.cn/new/disclosure/detail?stockCode=600598&announcementId=1219444566&orgId=gssh0600598&announcementTime=2024-03-29,2024-04-01,2024-07-02,0.09257
600599,*ST熊猫,2023,2024-04-30,ST熊猫2023年年度报告全文,http://www.cninfo.com.cn/new/disclosure/detail?stockCode=600599&announcementId=1219922376&orgId=gssh0600599&announcementTime=2024-04-30,2024-05-06,2024-07-30,-0.156095
600600,青岛啤酒,2023,2024-03-27,青岛啤酒股份有限公司2023年年度报告,http://www.cninfo.com.cn/new/disclosure/detail?stockCode=600600&announcementId=1219412625&orgId=gssh0600600&announcementTime=2024-03-27,2024-03-28,2024-06-28,-0.131244
600602,云赛智联,2023,2024-03-28,云赛智联2023年年度报告,http://www.cninfo.com.cn/new/disclosure/detail?stockCode=600602&announcementId=1219424611&orgId=gssh0600602&announcementTime=2024-03-28,2024-03-29,2024-07-01,-0.171768
600601,方正科技,2023,2024-03-30,方正科技2023年年度报告,http://www.cninfo.com.cn/new/disclosure/detail?stockCode=600601&announcementId=1219465859&orgId=gssh0600601&announcementTime=2024-03-30,2024-04-01,2024-07-02,0.137795
600603,广汇物流,2023,2024-04-30,广汇物流股份有限公司2023年年度报告,http://www.cninfo.com.cn/new/disclosure/detail?stockCode=600603&announcementId=1219915568&orgId=gssh0600603&announcementTime=2024-04-30,2024-05-06,2024-07-30,-0.226604
600604,市北高新,2023,2024-04-20,市北高新2023年年度报告,http://www.cninfo.com.cn/new/disclosure/detail?stockCode=600604&announcementId=1219692171&orgId=gssh0600604&announcementTime=2024-04-20,2024-04-22,2024-07-19,-0.075284
600605,汇通能源,2023,2024-03-05,2023年年度报告,http://www.cninfo.com.cn/new/disclosure/detail?stockCode=600605&announcementId=1219230901&orgId=gssh0600605&announcementTime=2024-03-05,2024-03-06,2024-06-05,0.213582
600606,绿地控股,2023,2024-04-30,绿地控股2023年年度报告,http://www.cninfo.com.cn/new/disclosure/detail?stockCode=600606&announcementId=1219922400&orgId=gssh0600606&announcementTime=2024-04-30,2024-05-06,2024-07-30,-0.265964
600608,*ST沪科,2023,2024-04-30,ST沪科2023年年度报告,http://www.cninfo.com.cn/new/disclosure/detail?stockCode=600608&announcementId=1219915600&orgId=gssh0600608&announcementTime=2024-04-30,2024-05-06,2024-07-30,-0.398956
600609,金杯汽车,2023,2024-04-30,金杯汽车2023年年度报告,http://www.cninfo.com.cn/new/disclosure/detail?stockCode=600609&announcementId=1219915753&orgId=gssh0600609&announcementTime=2024-04-30,2024-05-06,2024-07-30,-0.104078
600610,中毅达,2023,2024-04-30,中毅达：2023年年度报告,http://www.cninfo.com.cn/new/disclosure/detail?stockCode=600610&announcementId=1219922464&orgId=gssh0600610&announcementTime=2024-04-30,2024-05-06,2024-07-30,-0.266665
600611,大众交通,2023,2024-03-29,大众交通（集团）股份有限公司2023年年度报告,http://www.cninfo.com.cn/new/disclosure/detail?stockCode=600611&announcementId=1219449149&orgId=gssh0600611&announcementTime=2024-03-29,2024-04-01,2024-07-02,0.02555
600612,老凤祥,2023,2024-04-30,老凤祥股份有限公司2023年年度报告全文,http://www.cninfo.com.cn/new/disclosure/detail?stockCode=600612&announcementId=1219907095&orgId=gssh0600612&announcementTime=2024-04-30,2024-05-06,2024-07-30,-0.320986
600613,神奇制药,2023,2024-04-30,神奇制药：2023年年度报告,http://www.cninfo.com.cn/new/disclosure/detail?stockCode=600613&announcementId=1219907113&orgId=gssh0600613&announcementTime=2024-04-30,2024-05-06,2024-07-30,-0.180978
600615,鑫源智造,2023,2024-04-27,重庆丰华（集团）股份有限公司2023年年度报告,http://www.cninfo.com.cn/new/disclosure/detail?stockCode=600615&announcementId=1219876170&orgId=gssh0600615&announcementTime=2024-04-27,2024-04-29,2024-07-26,-0.133266
600616,金枫酒业,2023,2024-03-30,金枫酒业2023年年报全文,http://www.cninfo.com.cn/new/disclosure/detail?stockCode=600616&announcementId=1219464271&orgId=gssh0600616&announcementTime=2024-03-30,2024-04-01,2024-07-02,-0.159968
600617,国新能源,2023,2024-04-26,山西省国新能源股份有限公司2023年年度报告,http://www.cninfo.com.cn/new/disclosure/detail?stockCode=600617&announcementId=1219832887&orgId=gssh0600617&announcementTime=2024-04-26,2024-04-29,2024-07-26,-0.03977
600618,氯碱化工,2023,2024-04-16,氯碱化工2023年年度报告,http://www.cninfo.com.cn/new/disclosure/detail?stockCode=600618&announcementId=1219617565&orgId=gssh0600618&announcementTime=2024-04-16,2024-04-17,2024-07-16,0.024597
600619,海立股份,2023,2024-04-30,海立股份2023年年度报告,http://www.cninfo.com.cn/new/disclosure/detail?stockCode=600619&announcementId=1219910811&orgId=gssh0600619&announcementTime=2024-04-30,2024-05-06,2024-07-30,-0.072611
600620,天宸股份,2023,2024-04-03,上海市天宸股份有限公司2023年年度报告,http://www.cninfo.com.cn/new/disclosure/detail?stockCode=600620&announcementId=1219505816&orgId=gssh0600620&announcementTime=2024-04-03,2024-04-08,2024-07-05,-0.309446
600621,华鑫股份,2023,2024-03-30,华鑫股份2023年年度报告,http://www.cninfo.com.cn/new/disclosure/detail?stockCode=600621&announcementId=1219463517&orgId=gssh0600621&announcementTime=2024-03-30,2024-04-01,2024-07-02,-0.149826
600622,光大嘉宝,2023,2024-04-30,光大嘉宝股份有限公司2023年年度报告,http://www.cninfo.com.cn/new/disclosure/detail?stockCode=600622&announcementId=1219907142&orgId=gssh0600622&announcementTime=2024-04-30,2024-05-06,2024-07-30,-0.22222
600623,华谊集团,2023,2024-04-30,2023年年度报告,http://www.cninfo.com.cn/new/disclosure/detail?stockCode=600623&announcementId=1219910815&orgId=gssh0600623&announcementTime=2024-04-30,2024-05-06,2024-07-30,-0.084448
600624,ST复华,2023,2024-04-30,上海复旦复华科技股份有限公司2023年年度报告,http://www.cninfo.com.cn/new/disclosure/detail?stockCode=600624&announcementId=1219925106&orgId=gssh0600624&announcementTime=2024-04-30,2024-05-06,2024-07-30,-0.019186
600626,申达股份,2023,2024-04-30,申达股份2023年年度报告,http://www.cninfo.com.cn/new/disclosure/detail?stockCode=600626&announcementId=1219905120&orgId=gssh0600626&announcementTime=2024-04-30,2024-05-06,2024-07-30,0.048931
600628,新世界,2023,2024-04-13,新世界2023年度报告,http://www.cninfo.com.cn/new/disclosure/detail?stockCode=600628&announcementId=1219593802&orgId=gssh0600628&announcementTime=2024-04-13,2024-04-15,2024-07-12,-0.137995
600629,华建集团,2023,2024-03-30,华建集团2023年年报,http://www.cninfo.com.cn/new/disclosure/detail?stockCode=600629&announcementId=1219465992&orgId=gssh0600629&announcementTime=2024-03-30,2024-04-01,2024-07-02,-0.134913
600630,龙头股份,2023,2024-04-27,龙头股份2023年年度报告,http://www.cninfo.com.cn/new/disclosure/detail?stockCode=600630&announcementId=1219876245&orgId=gssh0600630&announcementTime=2024-04-27,2024-04-29,2024-07-26,-0.054753
600633,浙数文化,2023,2024-03-28,浙数文化2023年年度报告,http://www.cninfo.com.cn/new/disclosure/detail?stockCode=600633&announcementId=1219427555&orgId=gssh0600633&announcementTime=2024-03-28,2024-03-29,2024-07-01,-0.198965
600635,大众公用,2023,2024-03-29,上海大众公用事业（集团）股份有限公司2023年年报报告正文,http://www.cninfo.com.cn/new/disclosure/detail?stockCode=600635&announcementId=1219440531&orgId=gssh0600635&announcementTime=2024-03-29,2024-04-01,2024-07-02,-0.062073
600636,*ST国化,2023,2024-04-27,国新文化控股股份有限公司2023年度报告,http://www.cninfo.com.cn/new/disclosure/detail?stockCode=600636&announcementId=1219854985&orgId=gssh0600636&announcementTime=2024-04-27,2024-04-29,2024-07-26,-0.20544
600637,东方明珠,2023,2024-04-20,东方明珠2023年年度报告,http://www.cninfo.com.cn/new/disclosure/detail?stockCode=600637&announcementId=1219691590&orgId=gssh0600637&announcementTime=2024-04-20,2024-04-22,2024-07-19,-0.120151
600638,新黄浦,2023,2024-04-30,新黄浦2023年年度报告,http://www.cninfo.com.cn/new/disclosure/detail?stockCode=600638&announcementId=1219915766&orgId=gssh0600638&announcementTime=2024-04-30,2024-05-06,2024-07-30,-0.076614
600639,浦东金桥,2023,2024-04-12,浦东金桥2023年年度报告,http://www.cninfo.com.cn/new/disclosure/detail?stockCode=600639&announcementId=1219583682&orgId=gssh0600639&announcementTime=2024-04-12,2024-04-15,2024-07-12,-0.044209
600640,国脉文化,2023,2024-04-26,新国脉数字文化股份有限公司2023年年度报告,http://www.cninfo.com.cn/new/disclosure/detail?stockCode=600640&announcementId=1219815994&orgId=gssh0600640&announcementTime=2024-04-26,2024-04-29,2024-07-26,-0.225517
600641,先导基电,2023,2024-04-27,上海万业企业股份有限公司2023年年度报告,http://www.cninfo.com.cn/new/disclosure/detail?stockCode=600641&announcementId=1219876281&orgId=gssh0600641&announcementTime=2024-04-27,2024-04-29,2024-07-26,-0.161129
600643,爱建集团,2023,2024-04-30,爱建集团2023年年度报告,http://www.cninfo.com.cn/new/disclosure/detail?stockCode=600643&announcementId=1219915828&orgId=gssh0600643&announcementTime=2024-04-30,2024-05-06,2024-07-30,-0.125163
600642,申能股份,2023,2024-04-30,申能股份有限公司2023年度报告,http://www.cninfo.com.cn/new/disclosure/detail?stockCode=600642&announcementId=1222823355&orgId=gssh0600642&announcementTime=2024-04-30,2024-05-06,2024-07-30,0.016862
600645,中源协和,2023,2024-04-26,中源协和细胞基因工程股份有限公司2023年年度报告,http://www.cninfo.com.cn/new/disclosure/detail?stockCode=600645&announcementId=1219839991&orgId=gssh0600645&announcementTime=2024-04-26,2024-04-29,2024-07-26,-0.042536
600644,乐山电力,2023,2024-03-30,乐山电力股份有限公司2023年年度报告全文,http://www.cninfo.com.cn/new/disclosure/detail?stockCode=600644&announcementId=1219469496&orgId=gssh0600644&announcementTime=2024-03-30,2024-04-01,2024-07-02,0.160478
600648,外高桥,2023,2024-04-27,2023年年度报告,http://www.cninfo.com.cn/new/disclosure/detail?stockCode=600648&announcementId=1219876321&orgId=gssh0600648&announcementTime=2024-04-27,2024-04-29,2024-07-26,0.004964
600649,城投控股,2023,2024-03-30,上海城投控股股份有限公司2023年年度报告,http://www.cninfo.com.cn/new/disclosure/detail?stockCode=600649&announcementId=1219469544&orgId=gssh0600649&announcementTime=2024-03-30,2024-04-01,2024-07-02,0.037267
600651,飞乐音响,2023,2024-03-30,飞乐音响2023年年度报告,http://www.cninfo.com.cn/new/disclosure/detail?stockCode=600651&announcementId=1219464903&orgId=gssh0600651&announcementTime=2024-03-30,2024-04-01,2024-07-02,-0.164634
600650,锦江在线,2023,2024-03-29,锦江在线2023年年度报告,http://www.cninfo.com.cn/new/disclosure/detail?stockCode=600650&announcementId=1219448717&orgId=gssh0600650&announcementTime=2024-03-29,2024-04-01,2024-07-02,-0.097628
600653,申华控股,2023,2024-04-27,申华控股2023年年度报告,http://www.cninfo.com.cn/new/disclosure/detail?stockCode=600653&announcementId=1219876331&orgId=gssh0600653&announcementTime=2024-04-27,2024-04-29,2024-07-26,-0.135715
600654,中安科,2023,2024-03-30,2023年年度报告,http://www.cninfo.com.cn/new/disclosure/detail?stockCode=600654&announcementId=1219473926&orgId=gssh0600654&announcementTime=2024-03-30,2024-04-01,2024-07-03,-0.19573
600657,信达地产,2023,2024-03-27,信达地产2023年年度报告,http://www.cninfo.com.cn/new/disclosure/detail?stockCode=600657&announcementId=1219412328&orgId=gssh0600657&announcementTime=2024-03-27,2024-03-28,2024-06-28,-0.171207
600655,豫园股份,2023,2024-03-22,上海豫园旅游商城（集团）股份有限公司2023年年度报告,http://www.cninfo.com.cn/new/disclosure/detail?stockCode=600655&announcementId=1219374764&orgId=gssh0600655&announcementTime=2024-03-22,2024-03-25,2024-06-25,-0.122045
600658,电子城,2023,2024-04-30,电子城 2023年年度报告,http://www.cninfo.com.cn/new/disclosure/detail?stockCode=600658&announcementId=1219910873&orgId=gssh0600658&announcementTime=2024-04-30,2024-05-06,2024-07-30,-0.180414
600660,福耀玻璃,2023,2024-03-16,福耀玻璃2023年年度报告,http://www.cninfo.com.cn/new/disclosure/detail?stockCode=600660&announcementId=1219310997&orgId=gssh0600660&announcementTime=2024-03-16,2024-03-18,2024-06-18,0.084228
600661,昂立教育,2023,2024-04-30,昂立教育2023年年度报告,http://www.cninfo.com.cn/new/disclosure/detail?stockCode=600661&announcementId=1219915910&orgId=gssh0600661&announcementTime=2024-04-30,2024-05-06,2024-07-30,-0.160307
600662,外服控股,2023,2024-04-26,外服控股2023年年度报告,http://www.cninfo.com.cn/new/disclosure/detail?stockCode=600662&announcementId=1219820802&orgId=gssh0600662&announcementTime=2024-04-26,2024-04-29,2024-07-26,-0.134556
600663,陆家嘴,2023,2024-04-30,2023年年度报告,http://www.cninfo.com.cn/new/disclosure/detail?stockCode=600663&announcementId=1222823303&orgId=gssh0600663&announcementTime=2024-04-30,2024-05-06,2024-07-30,-0.044092
600664,哈药股份,2023,2024-04-11,哈药集团股份有限公司2023年年度报告,http://www.cninfo.com.cn/new/disclosure/detail?stockCode=600664&announcementId=1219566418&orgId=gssh0600664&announcementTime=2024-04-11,2024-04-12,2024-07-11,0.024121
600665,天地源,2023,2024-04-30,天地源股份有限公司2023年年度报告,http://www.cninfo.com.cn/new/disclosure/detail?stockCode=600665&announcementId=1219907193&orgId=gssh0600665&announcementTime=2024-04-30,2024-05-06,2024-07-30,-0.124013
600666,奥瑞德,2023,2024-04-20,ST瑞德2023年年度报告,http://www.cninfo.com.cn/new/disclosure/detail?stockCode=600666&announcementId=1219706969&orgId=gssh0600666&announcementTime=2024-04-20,2024-04-22,2024-07-19,-0.0967
600668,尖峰集团,2023,2024-04-30,尖峰集团2023年年度报告,http://www.cninfo.com.cn/new/disclosure/detail?stockCode=600668&announcementId=1219905151&orgId=gssh0600668&announcementTime=2024-04-30,2024-05-06,2024-07-30,-0.110367
600667,太极实业,2023,2024-04-26,2023年年度报告,http://www.cninfo.com.cn/new/disclosure/detail?stockCode=600667&announcementId=1219832941&orgId=gssh0600667&announcementTime=2024-04-26,2024-04-29,2024-07-26,-0.131731
600671,天目药业,2023,2024-04-27,杭州天目山药业股份有限公司2023年年度报告,http://www.cninfo.com.cn/new/disclosure/detail?stockCode=600671&announcementId=1219876385&orgId=gssh0600671&announcementTime=2024-04-27,2024-04-29,2024-07-29,-0.273045
600673,东阳光,2023,2024-03-30,东阳光2023年年度报告,http://www.cninfo.com.cn/new/disclosure/detail?stockCode=600673&announcementId=1219474785&orgId=gssh0600673&announcementTime=2024-03-30,2024-04-01,2024-07-02,-0.169504
600675,中华企业,2023,2024-04-18,中华企业2023年年度报告,http://www.cninfo.com.cn/new/disclosure/detail?stockCode=600675&announcementId=1219650634&orgId=gssh0600675&announcementTime=2024-04-18,2024-04-19,2024-07-18,0.0
600674,川投能源,2023,2024-04-12,四川川投能源股份有限公司2023年年度报告,http://www.cninfo.com.cn/new/disclosure/detail?stockCode=600674&announcementId=1219580265&orgId=gssh0600674&announcementTime=2024-04-12,2024-04-15,2024-07-12,0.160589
600678,四川金顶,2023,2024-04-30,四川金顶（集团）股份有限公司2023年年报告全文,http://www.cninfo.com.cn/new/disclosure/detail?stockCode=600678&announcementId=1219916050&orgId=gssh0600678&announcementTime=2024-04-30,2024-05-06,2024-07-30,-0.083019
600676,交运股份,2023,2024-03-29,上海交运集团股份有限公司2023年度报告,http://www.cninfo.com.cn/new/disclosure/detail?stockCode=600676&announcementId=1219439882&orgId=gssh0600676&announcementTime=2024-03-29,2024-04-01,2024-07-02,-0.246805
600679,上海凤凰,2023,2024-04-27,上海凤凰2023年年度报告,http://www.cninfo.com.cn/new/disclosure/detail?stockCode=600679&announcementId=1219876408&orgId=gssh0600679&announcementTime=2024-04-27,2024-04-29,2024-07-26,0.082609
600681,百川能源,2023,2024-04-18,百川能源2023年年度报告,http://www.cninfo.com.cn/new/disclosure/detail?stockCode=600681&announcementId=1219647671&orgId=gssh0600681&announcementTime=2024-04-18,2024-04-19,2024-07-18,-0.10831
600683,京投发展,2023,2024-04-02,京投发展股份有限公司2023年年度报告,http://www.cninfo.com.cn/new/disclosure/detail?stockCode=600683&announcementId=1219493208&orgId=gssh0600683&announcementTime=2024-04-02,2024-04-03,2024-07-04,-0.244223
600682,南京新百,2023,2024-04-30,南京新百2023年年度报告,http://www.cninfo.com.cn/new/disclosure/detail?stockCode=600682&announcementId=1219916099&orgId=gssh0600682&announcementTime=2024-04-30,2024-05-06,2024-07-30,-0.137573
600684,珠江股份,2023,2024-03-29,2023年年度报告,http://www.cninfo.com.cn/new/disclosure/detail?stockCode=600684&announcementId=1219447522&orgId=gssh0600684&announcementTime=2024-03-29,2024-04-01,2024-07-02,-0.08777
600685,中船防务,2023,2024-03-28,中船防务2023年年度报告,http://www.cninfo.com.cn/new/disclosure/detail?stockCode=600685&announcementId=1219426355&orgId=gssh0600685&announcementTime=2024-03-28,2024-03-29,2024-07-01,0.113372
600686,金龙汽车,2023,2024-04-27,金龙汽车2023年年度报告,http://www.cninfo.com.cn/new/disclosure/detail?stockCode=600686&announcementId=1219876473&orgId=gssh0600686&announcementTime=2024-04-27,2024-04-29,2024-07-26,0.644897
600688,上海石化,2023,2024-03-21,上海石化2023年年度报告,http://www.cninfo.com.cn/new/disclosure/detail?stockCode=600688&announcementId=1219360850&orgId=gssh0600688&announcementTime=2024-03-21,2024-03-22,2024-06-24,-0.070524
600689,上海三毛,2023,2024-03-30,上海三毛企业（集团）股份有限公司2023年年度报告,http://www.cninfo.com.cn/new/disclosure/detail?stockCode=600689&announcementId=1219466073&orgId=gssh0600689&announcementTime=2024-03-30,2024-04-01,2024-07-02,-0.261326
600690,海尔智家,2023,2024-03-28,海尔智家股份有限公司2023年年度报告,http://www.cninfo.com.cn/new/disclosure/detail?stockCode=600690&announcementId=1219427279&orgId=gssh0600690&announcementTime=2024-03-28,2024-03-29,2024-07-01,0.135603
600691,潞化科技,2023,2024-04-20,阳煤化工股份有限公司2023年年度报告,http://www.cninfo.com.cn/new/disclosure/detail?stockCode=600691&announcementId=1219689851&orgId=gssh0600691&announcementTime=2024-04-20,2024-04-22,2024-07-19,-0.309151
600692,亚通股份,2023,2024-04-24,亚通股份2023年年度报告,http://www.cninfo.com.cn/new/disclosure/detail?stockCode=600692&announcementId=1219763913&orgId=gssh0600692&announcementTime=2024-04-24,2024-04-25,2024-07-24,0.090498
600693,东百集团,2023,2024-04-13,东百集团2023年年度报告,http://www.cninfo.com.cn/new/disclosure/detail?stockCode=600693&announcementId=1219594395&orgId=gssh0600693&announcementTime=2024-04-13,2024-04-15,2024-07-12,-0.133883
600694,大商股份,2023,2024-04-13,大商股份有限公司2023年年度报告,http://www.cninfo.com.cn/new/disclosure/detail?stockCode=600694&announcementId=1219595816&orgId=gssh0600694&announcementTime=2024-04-13,2024-04-15,2024-07-12,0.007619
600696,*ST岩石,2023,2024-04-27,2023年度报告,http://www.cninfo.com.cn/new/disclosure/detail?stockCode=600696&announcementId=1219876524&orgId=gssh0600696&announcementTime=2024-04-27,2024-04-29,2024-07-26,-0.471693
600697,欧亚集团,2023,2024-04-17,长春欧亚集团股份有限公司2023年年度报告,http://www.cninfo.com.cn/new/disclosure/detail?stockCode=600697&announcementId=1219636554&orgId=gssh0600697&announcementTime=2024-04-17,2024-04-18,2024-07-17,-0.104532
600698,湖南天雁,2023,2024-04-20,湖南天雁机械股份有限公司2023年年度报告,http://www.cninfo.com.cn/new/disclosure/detail?stockCode=600698&announcementId=1219695818&orgId=gssh0600698&announcementTime=2024-04-20,2024-04-22,2024-07-19,-0.145935
600699,均胜电子,2023,2024-03-28,均胜电子2023年年度报告,http://www.cninfo.com.cn/new/disclosure/detail?stockCode=600699&announcementId=1219431167&orgId=gssh0600699&announcementTime=2024-03-28,2024-03-29,2024-07-01,-0.105638
600702,舍得酒业,2023,2024-03-20,舍得酒业2023年年度报告,http://www.cninfo.com.cn/new/disclosure/detail?stockCode=600702&announcementId=1219347680&orgId=gssh0600702&announcementTime=2024-03-20,2024-03-21,2024-06-21,-0.214036
600703,三安光电,2023,2024-04-27,三安光电股份有限公司2023年年度报告,http://www.cninfo.com.cn/new/disclosure/detail?stockCode=600703&announcementId=1219876561&orgId=gssh0600703&announcementTime=2024-04-27,2024-04-29,2024-07-26,-0.019884
600704,物产中大,2023,2024-04-27,物产中大2023年年度报告,http://www.cninfo.com.cn/new/disclosure/detail?stockCode=600704&announcementId=1219876609&orgId=gssh0600704&announcementTime=2024-04-27,2024-04-29,2024-07-26,-0.027636
600706,曲江文旅,2023,2024-04-29,西安曲江文化旅游股份有限公司2023年年度报告,http://www.cninfo.com.cn/new/disclosure/detail?stockCode=600706&announcementId=1219893241&orgId=gssh0600706&announcementTime=2024-04-29,2024-04-30,2024-07-29,-0.292292
600707,彩虹股份,2023,2024-04-20,彩虹股份2023年年度报告,http://www.cninfo.com.cn/new/disclosure/detail?stockCode=600707&announcementId=1219689079&orgId=gssh0600707&announcementTime=2024-04-20,2024-04-22,2024-07-19,-0.024213
600708,光明地产,2023,2024-04-25,光明地产2023年年报全文,http://www.cninfo.com.cn/new/disclosure/detail?stockCode=600708&announcementId=1219803459&orgId=gssh0600708&announcementTime=2024-04-25,2024-04-26,2024-07-25,-0.038214
600710,苏美达,2023,2024-04-13,2023年年度报告,http://www.cninfo.com.cn/new/disclosure/detail?stockCode=600710&announcementId=1219598147&orgId=gssh0600710&announcementTime=2024-04-13,2024-04-15,2024-07-12,-0.039258
600711,盛屯矿业,2023,2024-04-23,盛屯矿业集团股份有限公司2023年年度报告,http://www.cninfo.com.cn/new/disclosure/detail?stockCode=600711&announcementId=1219743732&orgId=gssh0600711&announcementTime=2024-04-23,2024-04-24,2024-07-23,0.105287
600712,南宁百货,2023,2024-04-10,南宁百货大楼股份有限公司2023年年度报告,http://www.cninfo.com.cn/new/disclosure/detail?stockCode=600712&announcementId=1219552188&orgId=gssh0600712&announcementTime=2024-04-10,2024-04-11,2024-07-10,-0.166002
600714,金瑞矿业,2023,2024-03-22,青海金瑞矿业发展股份有限公司2023年年度报告,http://www.cninfo.com.cn/new/disclosure/detail?stockCode=600714&announcementId=1219373620&orgId=gssh0600714&announcementTime=2024-03-22,2024-03-25,2024-06-25,-0.035714
600713,南京医药,2023,2024-04-08,南京医药2023年年度报告全文,http://www.cninfo.com.cn/new/disclosure/detail?stockCode=600713&announcementId=1219528664&orgId=gssh0600713&announcementTime=2024-04-08,2024-04-09,2024-07-08,-0.040513
600715,文投控股,2023,2024-04-26,文投控股股份有限公司2023年年度报告,http://www.cninfo.com.cn/new/disclosure/detail?stockCode=600715&announcementId=1219833010&orgId=gssh0600715&announcementTime=2024-04-26,2024-04-29,2024-07-26,-0.092676
600716,凤凰股份,2023,2024-03-30,凤凰股份2023年年度报告全文,http://www.cninfo.com.cn/new/disclosure/detail?stockCode=600716&announcementId=1219474560&orgId=gssh0600716&announcementTime=2024-03-30,2024-04-01,2024-07-02,-0.12205
600718,东软集团,2023,2024-04-24,东软集团2023年年度报告,http://www.cninfo.com.cn/new/disclosure/detail?stockCode=600718&announcementId=1219773391&orgId=gssh0600718&announcementTime=2024-04-24,2024-04-25,2024-07-24,-0.020942
600717,天津港,2023,2024-03-23,天津港股份有限公司2023年年度报告,http://www.cninfo.com.cn/new/disclosure/detail?stockCode=600717&announcementId=1219389021&orgId=gssh0600717&announcementTime=2024-03-23,2024-03-25,2024-06-25,-0.002432
600719,大连热电,2023,2024-02-29,大连热电股份有限公司2023年年度报告,http://www.cninfo.com.cn/new/disclosure/detail?stockCode=600719&announcementId=1219210604&orgId=gssh0600719&announcementTime=2024-02-29,2024-03-01,2024-05-31,0.308484
600720,中交设计,2023,2024-03-27,中交设计2023年年度报告全文,http://www.cninfo.com.cn/new/disclosure/detail?stockCode=600720&announcementId=1219413653&orgId=gssh0600720&announcementTime=2024-03-27,2024-03-28,2024-06-28,0.014087
600721,百花医药,2023,2024-04-26,新疆百花村医药集团股份有限公司2023年年度报告,http://www.cninfo.com.cn/new/disclosure/detail?stockCode=600721&announcementId=1219833129&orgId=gssh0600721&announcementTime=2024-04-26,2024-04-29,2024-07-26,0.008547
600722,金牛化工,2023,2024-04-12,金牛化工2023年年度报告,http://www.cninfo.com.cn/new/disclosure/detail?stockCode=600722&announcementId=1219584270&orgId=gssh0600722&announcementTime=2024-04-12,2024-04-15,2024-07-12,-0.098641
600725,云维股份,2023,2024-03-29,云维股份2023年年度报告,http://www.cninfo.com.cn/new/disclosure/detail?stockCode=600725&announcementId=1219441522&orgId=gssh0600725&announcementTime=2024-03-29,2024-04-01,2024-07-02,0.129953
600724,宁波富达,2023,2024-03-12,宁波富达2023年年度报告,http://www.cninfo.com.cn/new/disclosure/detail?stockCode=600724&announcementId=1219286788&orgId=gssh0600724&announcementTime=2024-03-12,2024-03-13,2024-06-13,0.019437
600726,华电能源,2023,2024-04-26,华电能源2023年年度报告,http://www.cninfo.com.cn/new/disclosure/detail?stockCode=600726&announcementId=1219841413&orgId=gssh0600726&announcementTime=2024-04-26,2024-04-29,2024-07-26,0.0
600727,鲁北化工,2023,2024-03-07,鲁北化工2023年年度报告,http://www.cninfo.com.cn/new/disclosure/detail?stockCode=600727&announcementId=1219251409&orgId=gssh0600727&announcementTime=2024-03-07,2024-03-08,2024-06-07,0.270883
600728,佳都科技,2023,2024-04-09,佳都科技2023年年度报告,http://www.cninfo.com.cn/new/disclosure/detail?stockCode=600728&announcementId=1219540027&orgId=gssh0600728&announcementTime=2024-04-09,2024-04-10,2024-07-09,-0.262972
600729,重庆百货,2023,2024-04-19,重庆百货大楼股份有限公司2023年年度报告,http://www.cninfo.com.cn/new/disclosure/detail?stockCode=600729&announcementId=1219673639&orgId=gssh0600729&announcementTime=2024-04-19,2024-04-22,2024-07-19,-0.218693
600730,中国高科,2023,2024-04-20,中国高科2023年年度报告,http://www.cninfo.com.cn/new/disclosure/detail?stockCode=600730&announcementId=1219698271&orgId=gssh0600730&announcementTime=2024-04-20,2024-04-22,2024-07-19,-0.067941
600731,湖南海利,2023,2024-04-02,湖南海利2023年年度报告,http://www.cninfo.com.cn/new/disclosure/detail?stockCode=600731&announcementId=1219492786&orgId=gssh0600731&announcementTime=2024-04-02,2024-04-03,2024-07-04,-0.216462
600732,爱旭股份,2023,2024-04-27,2023年年度报告,http://www.cninfo.com.cn/new/disclosure/detail?stockCode=600732&announcementId=1219876644&orgId=gssh0600732&announcementTime=2024-04-27,2024-04-29,2024-07-26,-0.20677
600733,北汽蓝谷,2023,2024-04-27,2023年年度报告,http://www.cninfo.com.cn/new/disclosure/detail?stockCode=600733&announcementId=1219876727&orgId=gssh0600733&announcementTime=2024-04-27,2024-04-29,2024-07-26,0.313537
600735,ST新华锦,2023,2024-04-27,新华锦2023年年度报告,http://www.cninfo.com.cn/new/disclosure/detail?stockCode=600735&announcementId=1219876737&orgId=gssh0600735&announcementTime=2024-04-27,2024-04-29,2024-07-26,-0.227102
600734,实达集团,2023,2024-04-20,福建实达集团股份有限公司2023年年度报告,http://www.cninfo.com.cn/new/disclosure/detail?stockCode=600734&announcementId=1219705236&orgId=gssh0600734&announcementTime=2024-04-20,2024-04-22,2024-07-22,-0.281983
600737,中粮糖业,2023,2024-04-26,中粮糖业控股股份有限公司2023年年度报告,http://www.cninfo.com.cn/new/disclosure/detail?stockCode=600737&announcementId=1219840031&orgId=gssh0600737&announcementTime=2024-04-26,2024-04-29,2024-07-26,-0.1
600736,苏州高新,2023,2024-04-27,苏州高新2023年年度报告,http://www.cninfo.com.cn/new/disclosure/detail?stockCode=600736&announcementId=1219876783&orgId=gssh0600736&announcementTime=2024-04-27,2024-04-29,2024-07-26,-0.06826
600738,丽尚国潮,2023,2024-04-27,丽尚国潮2023年年度报告,http://www.cninfo.com.cn/new/disclosure/detail?stockCode=600738&announcementId=1219876828&orgId=gssh0600738&announcementTime=2024-04-27,2024-04-29,2024-07-26,-0.085603
600739,辽宁成大,2023,2024-04-27,辽宁成大股份有限公司2023年年度报告,http://www.cninfo.com.cn/new/disclosure/detail?stockCode=600739&announcementId=1219876852&orgId=gssh0600739&announcementTime=2024-04-27,2024-04-29,2024-07-26,-0.199982
600740,山西焦化,2023,2024-04-23,山西焦化股份有限公司2023年年度报告,http://www.cninfo.com.cn/new/disclosure/detail?stockCode=600740&announcementId=1219735362&orgId=gssh0600740&announcementTime=2024-04-23,2024-04-24,2024-07-23,-0.200253
600741,华域汽车,2023,2024-03-29,华域汽车2023年年度报告,http://www.cninfo.com.cn/new/disclosure/detail?stockCode=600741&announcementId=1219441581&orgId=gssh0600741&announcementTime=2024-03-29,2024-04-01,2024-07-02,-0.050153
600742,富维股份,2023,2024-03-28,2023年年度报告,http://www.cninfo.com.cn/new/disclosure/detail?stockCode=600742&announcementId=1219426616&orgId=gssh0600742&announcementTime=2024-03-28,2024-03-29,2024-07-01,-0.152987
600743,华远控股,2023,2024-04-27,华远地产2023年年度报告,http://www.cninfo.com.cn/new/disclosure/detail?stockCode=600743&announcementId=1219854998&orgId=gssh0600743&announcementTime=2024-04-27,2024-04-29,2024-07-26,-0.072121
600744,华银电力,2023,2024-04-27,大唐华银电力股份有限公司2023年年度报告,http://www.cninfo.com.cn/new/disclosure/detail?stockCode=600744&announcementId=1219876890&orgId=gssh0600744&announcementTime=2024-04-27,2024-04-29,2024-07-26,0.01035
600745,闻泰科技,2023,2024-04-23,2023年年度报告,http://www.cninfo.com.cn/new/disclosure/detail?stockCode=600745&announcementId=1219742251&orgId=gssh0600745&announcementTime=2024-04-23,2024-04-24,2024-07-23,-0.052989
600746,江苏索普,2023,2024-04-16,江苏索普2023年年度报告,http://www.cninfo.com.cn/new/disclosure/detail?stockCode=600746&announcementId=1219618750&orgId=gssh0600746&announcementTime=2024-04-16,2024-04-17,2024-07-16,0.05002
600748,上实发展,2023,2024-03-26,上实发展2023年年度报告,http://www.cninfo.com.cn/new/disclosure/detail?stockCode=600748&announcementId=1219402289&orgId=gssh0600748&announcementTime=2024-03-26,2024-03-27,2024-06-27,-0.280588
600750,华润江中,2023,2024-03-23,江中药业2023年年度报告,http://www.cninfo.com.cn/new/disclosure/detail?stockCode=600750&announcementId=1219388175&orgId=gssh0600750&announcementTime=2024-03-23,2024-03-25,2024-06-25,0.054311
600749,西藏旅游,2023,2024-04-10,西藏旅游2023年年度报告,http://www.cninfo.com.cn/new/disclosure/detail?stockCode=600749&announcementId=1219553217&orgId=gssh0600749&announcementTime=2024-04-10,2024-04-11,2024-07-10,0.085521
600751,海航科技,2023,2024-04-30,海航科技股份有限公司2023年年度报告,http://www.cninfo.com.cn/new/disclosure/detail?stockCode=600751&announcementId=1219916206&orgId=gssh0600751&announcementTime=2024-04-30,2024-05-06,2024-07-30,-0.076781
600753,*ST海钦,2023,2024-04-27,庚星股份2023年年度报告,http://www.cninfo.com.cn/new/disclosure/detail?stockCode=600753&announcementId=1219876944&orgId=gssh0600753&announcementTime=2024-04-27,2024-04-29,2024-07-26,-0.382646
600754,锦江酒店,2023,2024-04-02,锦江酒店年报,http://www.cninfo.com.cn/new/disclosure/detail?stockCode=600754&announcementId=1219492848&orgId=gssh0600754&announcementTime=2024-04-02,2024-04-03,2024-07-04,-0.186955
600755,厦门国贸,2023,2024-04-24,厦门国贸集团股份有限公司2023年年度报告,http://www.cninfo.com.cn/new/disclosure/detail?stockCode=600755&announcementId=1219769289&orgId=gssh0600755&announcementTime=2024-04-24,2024-04-25,2024-07-24,-0.061367
600757,长江传媒,2023,2024-04-16,长江传媒2023年年度报告,http://www.cninfo.com.cn/new/disclosure/detail?stockCode=600757&announcementId=1219619039&orgId=gssh0600757&announcementTime=2024-04-16,2024-04-17,2024-07-16,0.027868
600756,浪潮软件,2023,2024-04-18,浪潮软件2023年年度报告全文,http://www.cninfo.com.cn/new/disclosure/detail?stockCode=600756&announcementId=1219653280&orgId=gssh0600756&announcementTime=2024-04-18,2024-04-19,2024-07-18,-0.159784
600758,辽宁能源,2023,2024-04-24,辽宁能源2023年年度报告,http://www.cninfo.com.cn/new/disclosure/detail?stockCode=600758&announcementId=1219774698&orgId=gssh0600758&announcementTime=2024-04-24,2024-04-25,2024-07-24,-0.087635
600759,洲际油气,2023,2024-04-25,洲际油气股份有限公司2023年年度报告,http://www.cninfo.com.cn/new/disclosure/detail?stockCode=600759&announcementId=1219797934&orgId=gssh0600759&announcementTime=2024-04-25,2024-04-26,2024-07-26,-0.085124
600760,中航沈飞,2023,2024-03-30,中航沈飞股份有限公司2023年年度报告,http://www.cninfo.com.cn/new/disclosure/detail?stockCode=600760&announcementId=1219467335&orgId=gssh0600760&announcementTime=2024-03-30,2024-04-01,2024-07-02,0.106714
600761,安徽合力,2023,2024-04-09,安徽合力股份有限公司2023年年度报告,http://www.cninfo.com.cn/new/disclosure/detail?stockCode=600761&announcementId=1219540392&orgId=gssh0600761&announcementTime=2024-04-09,2024-04-10,2024-07-09,-0.091797
600763,通策医疗,2023,2024-04-26,通策医疗股份有限公司2023年年度报告,http://www.cninfo.com.cn/new/disclosure/detail?stockCode=600763&announcementId=1219833162&orgId=gssh0600763&announcementTime=2024-04-26,2024-04-29,2024-07-26,0.017644
600764,中国海防,2023,2024-04-27,中国海防2023年年度报告,http://www.cninfo.com.cn/new/disclosure/detail?stockCode=600764&announcementId=1219876959&orgId=gssh0600764&announcementTime=2024-04-27,2024-04-29,2024-07-26,-0.150779
600765,中航重机,2023,2024-03-15,2023年年度报告,http://www.cninfo.com.cn/new/disclosure/detail?stockCode=600765&announcementId=1219308044&orgId=gssh0600765&announcementTime=2024-03-15,2024-03-18,2024-06-18,0.227704
600768,宁波富邦,2023,2024-04-30,宁波富邦2023年度报告,http://www.cninfo.com.cn/new/disclosure/detail?stockCode=600768&announcementId=1219910970&orgId=gssh0600768&announcementTime=2024-04-30,2024-05-06,2024-07-30,-0.20122
600769,祥龙电业,2023,2024-04-26,武汉祥龙电业股份有限公司2023年年度报告,http://www.cninfo.com.cn/new/disclosure/detail?stockCode=600769&announcementId=1219833198&orgId=gssh0600769&announcementTime=2024-04-26,2024-04-29,2024-07-26,-0.079583
600770,综艺股份,2023,2024-04-20,综艺股份2023年年度报告,http://www.cninfo.com.cn/new/disclosure/detail?stockCode=600770&announcementId=1219690997&orgId=gssh0600770&announcementTime=2024-04-20,2024-04-22,2024-07-19,-0.235022
600771,广誉远,2023,2024-04-30,广誉远中药股份有限公司2023年年度报告,http://www.cninfo.com.cn/new/disclosure/detail?stockCode=600771&announcementId=1219916225&orgId=gssh0600771&announcementTime=2024-04-30,2024-05-06,2024-07-30,-0.327681
600774,汉商集团,2023,2024-04-26,汉商集团2023年年度报告,http://www.cninfo.com.cn/new/disclosure/detail?stockCode=600774&announcementId=1219833217&orgId=gssh0600774&announcementTime=2024-04-26,2024-04-29,2024-07-26,0.014552
600773,西藏城投,2023,2024-04-30,西藏城市发展投资股份有限公司2023年年度报告,http://www.cninfo.com.cn/new/disclosure/detail?stockCode=600773&announcementId=1219916239&orgId=gssh0600773&announcementTime=2024-04-30,2024-05-06,2024-07-30,-0.058926
600775,南京熊猫,2023,2024-03-29,南京熊猫2023年年度报告,http://www.cninfo.com.cn/new/disclosure/detail?stockCode=600775&announcementId=1219443966&orgId=gssh0600775&announcementTime=2024-03-29,2024-04-01,2024-07-02,-0.189409
600776,东方通信,2023,2024-04-27,东方通信股份有限公司2023年年度报告,http://www.cninfo.com.cn/new/disclosure/detail?stockCode=600776&announcementId=1219877019&orgId=gssh0600776&announcementTime=2024-04-27,2024-04-29,2024-07-26,-0.122342
600777,*ST新潮,2023,2024-04-27,新潮能源2023年年度报告,http://www.cninfo.com.cn/new/disclosure/detail?stockCode=600777&announcementId=1219877039&orgId=gssh0600777&announcementTime=2024-04-27,2024-04-30,2024-07-29,-0.166591
600778,友好集团,2023,2024-04-30,友好集团2023年年度报告,http://www.cninfo.com.cn/new/disclosure/detail?stockCode=600778&announcementId=1219922525&orgId=gssh0600778&announcementTime=2024-04-30,2024-05-06,2024-07-30,-0.114428
600780,通宝能源,2023,2024-04-25,山西通宝能源股份有限公司2023年年度报告,http://www.cninfo.com.cn/new/disclosure/detail?stockCode=600780&announcementId=1219787295&orgId=gssh0600780&announcementTime=2024-04-25,2024-04-26,2024-07-25,-0.215255
600782,新钢股份,2023,2024-04-23,新钢股份2023年度报告全文,http://www.cninfo.com.cn/new/disclosure/detail?stockCode=600782&announcementId=1219746875&orgId=gssh0600782&announcementTime=2024-04-23,2024-04-24,2024-07-23,-0.164459
600779,水井坊,2023,2024-04-27,水井坊2023年度报告,http://www.cninfo.com.cn/new/disclosure/detail?stockCode=600779&announcementId=1219877097&orgId=gssh0600779&announcementTime=2024-04-27,2024-04-29,2024-07-26,-0.20159
600783,鲁信创投,2023,2024-04-30,鲁信创投2023年年度报告,http://www.cninfo.com.cn/new/disclosure/detail?stockCode=600783&announcementId=1219916338&orgId=gssh0600783&announcementTime=2024-04-30,2024-05-06,2024-07-30,-0.188699
600784,鲁银投资,2023,2024-04-20,鲁银投资2023年年度报告,http://www.cninfo.com.cn/new/disclosure/detail?stockCode=600784&announcementId=1219698389&orgId=gssh0600784&announcementTime=2024-04-20,2024-04-22,2024-07-19,-0.069553
600785,新华百货,2023,2024-03-22,银川新华百货商业集团股份有限公司2023年年度报告,http://www.cninfo.com.cn/new/disclosure/detail?stockCode=600785&announcementId=1219373773&orgId=gssh0600785&announcementTime=2024-03-22,2024-03-25,2024-06-25,-0.316365
600787,中储股份,2023,2024-04-19,中储发展股份有限公司2023年年度报告,http://www.cninfo.com.cn/new/disclosure/detail?stockCode=600787&announcementId=1219670176&orgId=gssh0600787&announcementTime=2024-04-19,2024-04-22,2024-07-19,-0.042736
600789,鲁抗医药,2023,2024-03-23,鲁抗医药2023年年度报告,http://www.cninfo.com.cn/new/disclosure/detail?stockCode=600789&announcementId=1219387640&orgId=gssh0600789&announcementTime=2024-03-23,2024-03-25,2024-06-25,0.100988
600790,轻纺城,2023,2024-04-11,轻纺城2023年年度报告,http://www.cninfo.com.cn/new/disclosure/detail?stockCode=600790&announcementId=1219566924&orgId=gssh0600790&announcementTime=2024-04-11,2024-04-12,2024-07-11,-0.07072
600791,京能置业,2023,2024-04-27,京能置业股份有限公司2023年年度报告,http://www.cninfo.com.cn/new/disclosure/detail?stockCode=600791&announcementId=1219877131&orgId=gssh0600791&announcementTime=2024-04-27,2024-04-29,2024-07-26,-0.042024
600793,宜宾纸业,2023,2024-04-27,600793_宜宾纸业_2023年_年度报告.docx,http://www.cninfo.com.cn/new/disclosure/detail?stockCode=600793&announcementId=1219877203&orgId=gssh0600793&announcementTime=2024-04-27,2024-04-29,2024-07-26,-0.065789
600792,云煤能源,2023,2024-04-27,云南煤业能源股份有限公司2023年年度报告,http://www.cninfo.com.cn/new/disclosure/detail?stockCode=600792&announcementId=1219877146&orgId=gssh0600792&announcementTime=2024-04-27,2024-04-29,2024-07-26,-0.186766
600794,保税科技,2023,2024-03-30,张家港保税科技（集团）股份有限公司2023年年度报告,http://www.cninfo.com.cn/new/disclosure/detail?stockCode=600794&announcementId=1219461439&orgId=gssh0600794&announcementTime=2024-03-30,2024-04-01,2024-07-02,-0.099526
600795,国电电力,2023,2024-04-16,国电电力2023年年度报告,http://www.cninfo.com.cn/new/disclosure/detail?stockCode=600795&announcementId=1219624099&orgId=gssh0600795&announcementTime=2024-04-16,2024-04-17,2024-07-16,0.162769
600796,钱江生化,2023,2024-04-19,钱江生化2023年年度报告,http://www.cninfo.com.cn/new/disclosure/detail?stockCode=600796&announcementId=1219671686&orgId=gssh0600796&announcementTime=2024-04-19,2024-04-22,2024-07-19,-0.097276
600797,浙大网新,2023,2024-04-24,浙大网新科技股份有限公司2023年年度报告,http://www.cninfo.com.cn/new/disclosure/detail?stockCode=600797&announcementId=1219771134&orgId=gssh0600797&announcementTime=2024-04-24,2024-04-25,2024-07-24,-0.202152
600798,宁波海运,2023,2024-04-27,宁波海运股份有限公司2023年年度报告,http://www.cninfo.com.cn/new/disclosure/detail?stockCode=600798&announcementId=1219877227&orgId=gssh0600798&announcementTime=2024-04-27,2024-04-29,2024-07-26,-0.109631
600800,渤海化学,2023,2024-04-24,天津渤海化学股份有限公司2023年年度报告,http://www.cninfo.com.cn/new/disclosure/detail?stockCode=600800&announcementId=1219768738&orgId=gssh0600800&announcementTime=2024-04-24,2024-04-25,2024-07-24,-0.203252
600801,华新建材,2023,2024-03-29,华新水泥 2023年年度报告,http://www.cninfo.com.cn/new/disclosure/detail?stockCode=600801&announcementId=1219448741&orgId=gssh0600801&announcementTime=2024-03-29,2024-04-01,2024-07-02,0.067475
600803,新奥股份,2023,2024-03-23,新奥股份2023年年度报告,http://www.cninfo.com.cn/new/disclosure/detail?stockCode=600803&announcementId=1219386935&orgId=gssh0600803&announcementTime=2024-03-23,2024-03-25,2024-06-25,0.102544
600802,福建水泥,2023,2024-04-26,福建水泥2023年年度报告,http://www.cninfo.com.cn/new/disclosure/detail?stockCode=600802&announcementId=1219833258&orgId=gssh0600802&announcementTime=2024-04-26,2024-04-29,2024-07-26,-0.179353
600805,悦达投资,2023,2024-03-30,悦达投资2023年年度报告,http://www.cninfo.com.cn/new/disclosure/detail?stockCode=600805&announcementId=1219466155&orgId=gssh0600805&announcementTime=2024-03-30,2024-04-01,2024-07-02,-0.014122
600807,济高发展,2023,2024-04-27,济南高新2023年年度报告,http://www.cninfo.com.cn/new/disclosure/detail?stockCode=600807&announcementId=1219877247&orgId=gssh0600807&announcementTime=2024-04-27,2024-04-29,2024-07-26,-0.04903
600808,马钢股份,2023,2024-03-29,马钢股份2023年年度报告,http://www.cninfo.com.cn/new/disclosure/detail?stockCode=600808&announcementId=1219453415&orgId=gssh0600808&announcementTime=2024-03-29,2024-04-01,2024-07-02,-0.152846
600809,山西汾酒,2023,2024-04-26,2023年年度报告,http://www.cninfo.com.cn/new/disclosure/detail?stockCode=600809&announcementId=1219833278&orgId=gssh0600809&announcementTime=2024-04-26,2024-04-29,2024-07-26,-0.261241
600810,神马股份,2023,2024-03-20,神马股份2023年年度报告,http://www.cninfo.com.cn/new/disclosure/detail?stockCode=600810&announcementId=1219348661&orgId=gssh0600810&announcementTime=2024-03-20,2024-03-21,2024-06-21,-0.047461
600812,华北制药,2023,2024-03-30,2023年年度报告,http://www.cninfo.com.cn/new/disclosure/detail?stockCode=600812&announcementId=1219469679&orgId=gssh0600812&announcementTime=2024-03-30,2024-04-01,2024-07-02,-0.09774
600814,杭州解百,2023,2024-03-28,杭州解百集团股份有限公司2023年年度报告,http://www.cninfo.com.cn/new/disclosure/detail?stockCode=600814&announcementId=1219423509&orgId=gssh0600814&announcementTime=2024-03-28,2024-03-29,2024-07-01,-0.003754
600815,厦工股份,2023,2024-04-19,厦工股份2023年年度报告,http://www.cninfo.com.cn/new/disclosure/detail?stockCode=600815&announcementId=1219665879&orgId=gssh0600815&announcementTime=2024-04-19,2024-04-22,2024-07-19,-0.191257
600816,建元信托,2023,2024-04-25,2023年年度报告,http://www.cninfo.com.cn/new/disclosure/detail?stockCode=600816&announcementId=1219800752&orgId=gssh0600816&announcementTime=2024-04-25,2024-04-26,2024-07-25,-0.15433
600817,宇通重工,2023,2024-04-02,2023年年度报告,http://www.cninfo.com.cn/new/disclosure/detail?stockCode=600817&announcementId=1219491980&orgId=gssh0600817&announcementTime=2024-04-02,2024-04-03,2024-07-04,-0.042635
600818,中路股份,2023,2024-04-18,2023年年度报告,http://www.cninfo.com.cn/new/disclosure/detail?stockCode=600818&announcementId=1219649808&orgId=gssh0600818&announcementTime=2024-04-18,2024-04-19,2024-07-18,-0.483475
600819,耀皮玻璃,2023,2024-03-30,耀皮玻璃2023年年度报告（全文）,http://www.cninfo.com.cn/new/disclosure/detail?stockCode=600819&announcementId=1219469721&orgId=gssh0600819&announcementTime=2024-03-30,2024-04-01,2024-07-02,-0.072671
600820,隧道股份,2023,2024-04-20,上海隧道工程股份有限公司2023年年度报告,http://www.cninfo.com.cn/new/disclosure/detail?stockCode=600820&announcementId=1219698446&orgId=gssh0600820&announcementTime=2024-04-20,2024-04-22,2024-07-19,-0.051833
600821,金开新能,2023,2024-04-12,2023年年度报告,http://www.cninfo.com.cn/new/disclosure/detail?stockCode=600821&announcementId=1219581179&orgId=gssh0600821&announcementTime=2024-04-12,2024-04-15,2024-07-12,-0.114005
600822,上海物贸,2023,2024-04-16,2023年年度报告,http://www.cninfo.com.cn/new/disclosure/detail?stockCode=600822&announcementId=1219619727&orgId=gssh0600822&announcementTime=2024-04-16,2024-04-17,2024-07-16,-0.052972
600824,益民集团,2023,2024-04-30,益民集团2023年年度报告,http://www.cninfo.com.cn/new/disclosure/detail?stockCode=600824&announcementId=1219905266&orgId=gssh0600824&announcementTime=2024-04-30,2024-05-06,2024-07-30,-0.059958
600825,新华传媒,2023,2024-03-29,2023年年度报告,http://www.cninfo.com.cn/new/disclosure/detail?stockCode=600825&announcementId=1219438941&orgId=gssh0600825&announcementTime=2024-03-29,2024-04-01,2024-07-02,-0.22774
600826,兰生股份,2023,2024-04-11,东浩兰生会展集团股份有限公司2023年年度报告,http://www.cninfo.com.cn/new/disclosure/detail?stockCode=600826&announcementId=1219567113&orgId=gssh0600826&announcementTime=2024-04-11,2024-04-12,2024-07-11,-0.182899
600827,百联股份,2023,2024-04-13,百联股份2023年年度报告,http://www.cninfo.com.cn/new/disclosure/detail?stockCode=600827&announcementId=1219594181&orgId=gssh0600827&announcementTime=2024-04-13,2024-04-15,2024-07-12,-0.131099
600828,茂业商业,2023,2024-03-21,茂业商业2023年年度报告,http://www.cninfo.com.cn/new/disclosure/detail?stockCode=600828&announcementId=1219361239&orgId=gssh0600828&announcementTime=2024-03-21,2024-03-22,2024-06-24,-0.306448
600829,人民同泰,2023,2024-03-28,2023年年度报告,http://www.cninfo.com.cn/new/disclosure/detail?stockCode=600829&announcementId=1219426056&orgId=gssh0600829&announcementTime=2024-03-28,2024-03-29,2024-07-01,-0.126919
600830,香溢融通,2023,2024-03-09,香溢融通2023年年度报告,http://www.cninfo.com.cn/new/disclosure/detail?stockCode=600830&announcementId=1219266397&orgId=gssh0600830&announcementTime=2024-03-09,2024-03-11,2024-06-11,0.038342
600833,第一医药,2023,2024-03-30,上海第一医药股份有限公司2023年年度报告,http://www.cninfo.com.cn/new/disclosure/detail?stockCode=600833&announcementId=1219460498&orgId=gssh0600833&announcementTime=2024-03-30,2024-04-01,2024-07-02,-0.030079
600831,广电网络,2023,2024-04-25,2023年年度报告,http://www.cninfo.com.cn/new/disclosure/detail?stockCode=600831&announcementId=1219799916&orgId=gssh0600831&announcementTime=2024-04-25,2024-04-26,2024-07-26,-0.484797
600834,申通地铁,2023,2024-04-18,申通地铁2023年年度报告,http://www.cninfo.com.cn/new/disclosure/detail?stockCode=600834&announcementId=1219646171&orgId=gssh0600834&announcementTime=2024-04-18,2024-04-19,2024-07-18,0.032093
600835,上海机电,2023,2024-03-23,上海机电2023年年度报告,http://www.cninfo.com.cn/new/disclosure/detail?stockCode=600835&announcementId=1219386621&orgId=gssh0600835&announcementTime=2024-03-23,2024-03-25,2024-06-25,-0.048581
600838,上海九百,2023,2024-03-30,上海九百2023年年度报告,http://www.cninfo.com.cn/new/disclosure/detail?stockCode=600838&announcementId=1219467389&orgId=gssh0600838&announcementTime=2024-03-30,2024-04-01,2024-07-02,-0.147025
600839,四川长虹,2023,2024-04-26,四川长虹2023年年度报告,http://www.cninfo.com.cn/new/disclosure/detail?stockCode=600839&announcementId=1219833293&orgId=gssh0600839&announcementTime=2024-04-26,2024-04-29,2024-07-26,-0.20336
600841,动力新科,2023,2024-03-26,动力新科2023年年度报告,http://www.cninfo.com.cn/new/disclosure/detail?stockCode=600841&announcementId=1219405606&orgId=gssh0600841&announcementTime=2024-03-26,2024-03-27,2024-06-27,-0.338462
600843,上工申贝,2023,2024-04-23,上工申贝（集团）股份有限公司2023年年度报告,http://www.cninfo.com.cn/new/disclosure/detail?stockCode=600843&announcementId=1219737221&orgId=gssh0600843&announcementTime=2024-04-23,2024-04-24,2024-07-23,0.214609
600844,金煤科技,2023,2024-04-30,2023年年度报告,http://www.cninfo.com.cn/new/disclosure/detail?stockCode=600844&announcementId=1219907292&orgId=gssh0600844&announcementTime=2024-04-30,2024-05-06,2024-07-30,0.0
600845,宝信软件,2023,2024-03-30,2023年度报告全文,http://www.cninfo.com.cn/new/disclosure/detail?stockCode=600845&announcementId=1219462708&orgId=gssh0600845&announcementTime=2024-03-30,2024-04-01,2024-07-02,0.014832
600847,万里股份,2023,2024-04-26,万里股份2023年年度报告,http://www.cninfo.com.cn/new/disclosure/detail?stockCode=600847&announcementId=1219833326&orgId=gssh0600847&announcementTime=2024-04-26,2024-04-29,2024-07-26,-0.023383
600846,同济科技,2023,2024-04-27,同济科技2023年年度报告,http://www.cninfo.com.cn/new/disclosure/detail?stockCode=600846&announcementId=1219877315&orgId=gssh0600846&announcementTime=2024-04-27,2024-04-29,2024-07-26,-0.126376
600848,上海临港,2023,2024-04-13,2023年年度报告,http://www.cninfo.com.cn/new/disclosure/detail?stockCode=600848&announcementId=1219596576&orgId=gssh0600848&announcementTime=2024-04-13,2024-04-15,2024-07-12,-0.014551
600850,电科数字,2023,2024-04-02,中电科数字技术股份有限公司2023年年度报告,http://www.cninfo.com.cn/new/disclosure/detail?stockCode=600850&announcementId=1219493999&orgId=gssh0600850&announcementTime=2024-04-02,2024-04-03,2024-07-04,-0.082426
600853,龙建股份,2023,2024-04-20,龙建股份2023年年度报告全文,http://www.cninfo.com.cn/new/disclosure/detail?stockCode=600853&announcementId=1219698527&orgId=gssh0600853&announcementTime=2024-04-20,2024-04-22,2024-07-19,-0.123478
600851,海欣股份,2023,2024-04-20,上海海欣集团股份有限公司2023年年度报告,http://www.cninfo.com.cn/new/disclosure/detail?stockCode=600851&announcementId=1219689929&orgId=gssh0600851&announcementTime=2024-04-20,2024-04-22,2024-07-19,-0.151129
600854,春兰股份,2023,2024-04-13,春兰股份2023年年度报告,http://www.cninfo.com.cn/new/disclosure/detail?stockCode=600854&announcementId=1219596910&orgId=gssh0600854&announcementTime=2024-04-13,2024-04-15,2024-07-12,-0.189112
600855,航天长峰,2023,2024-04-02,北京航天长峰股份有限公司2023年年度报告全文,http://www.cninfo.com.cn/new/disclosure/detail?stockCode=600855&announcementId=1219493625&orgId=gssh0600855&announcementTime=2024-04-02,2024-04-03,2024-07-04,0.115599
600857,宁波中百,2023,2024-03-26,年报全文,http://www.cninfo.com.cn/new/disclosure/detail?stockCode=600857&announcementId=1219406285&orgId=gssh0600857&announcementTime=2024-03-26,2024-03-27,2024-06-27,-0.191039
600858,银座股份,2023,2024-03-28,银座股份2023年年度报告,http://www.cninfo.com.cn/new/disclosure/detail?stockCode=600858&announcementId=1219428839&orgId=gssh0600858&announcementTime=2024-03-28,2024-03-29,2024-07-01,-0.100773
600859,王府井,2023,2024-04-20,王府井2023年年度报告,http://www.cninfo.com.cn/new/disclosure/detail?stockCode=600859&announcementId=1219698702&orgId=gssh0600859&announcementTime=2024-04-20,2024-04-22,2024-07-19,0.102074
600860,京城股份,2023,2024-03-29,京城股份2023年年度报告,http://www.cninfo.com.cn/new/disclosure/detail?stockCode=600860&announcementId=1219444005&orgId=gssh0600860&announcementTime=2024-03-29,2024-04-01,2024-07-02,-0.266667
600861,北京人力,2023,2024-04-26,北京人力2023年年度报告,http://www.cninfo.com.cn/new/disclosure/detail?stockCode=600861&announcementId=1219840115&orgId=gssh0600861&announcementTime=2024-04-26,2024-04-29,2024-07-26,-0.162316
600863,内蒙华电,2023,2024-04-26,内蒙古蒙电华能热电股份有限公司2023年年度报告,http://www.cninfo.com.cn/new/disclosure/detail?stockCode=600863&announcementId=1219822042&orgId=gssh0600863&announcementTime=2024-04-26,2024-04-29,2024-07-26,-0.019633
600862,中航高科,2023,2024-03-16,中航高科2023年年度报告,http://www.cninfo.com.cn/new/disclosure/detail?stockCode=600862&announcementId=1219312183&orgId=gssh0600862&announcementTime=2024-03-16,2024-03-18,2024-06-18,0.023474
600864,哈投股份,2023,2024-04-27,哈投股份2023年年度报告,http://www.cninfo.com.cn/new/disclosure/detail?stockCode=600864&announcementId=1219856585&orgId=gssh0600864&announcementTime=2024-04-27,2024-04-29,2024-07-26,-0.052236
600865,百大集团,2023,2024-03-30,百大集团股份有限公司2023年年度报告,http://www.cninfo.com.cn/new/disclosure/detail?stockCode=600865&announcementId=1219466229&orgId=gssh0600865&announcementTime=2024-03-30,2024-04-01,2024-07-02,0.010839
600866,星湖科技,2023,2024-04-23,2023年年度报告,http://www.cninfo.com.cn/new/disclosure/detail?stockCode=600866&announcementId=1219743799&orgId=gssh0600866&announcementTime=2024-04-23,2024-04-24,2024-07-23,0.088784
600867,通化东宝,2023,2024-03-29,通化东宝2023年年度报告,http://www.cninfo.com.cn/new/disclosure/detail?stockCode=600867&announcementId=1219447584&orgId=gssh0600867&announcementTime=2024-03-29,2024-04-01,2024-07-02,-0.163728
600868,梅雁吉祥,2023,2024-04-18,广东梅雁吉祥水电股份有限公司2023年年度报告,http://www.cninfo.com.cn/new/disclosure/detail?stockCode=600868&announcementId=1219654054&orgId=gssh0600868&announcementTime=2024-04-18,2024-04-19,2024-07-18,-0.243142
600869,远东股份,2023,2024-04-10,2023年年度报告,http://www.cninfo.com.cn/new/disclosure/detail?stockCode=600869&announcementId=1219554626&orgId=gssh0600869&announcementTime=2024-04-10,2024-04-11,2024-07-10,-0.235915
600872,中炬高新,2023,2024-03-30,中炬高新2023年年度报告,http://www.cninfo.com.cn/new/disclosure/detail?stockCode=600872&announcementId=1219474834&orgId=gssh0600872&announcementTime=2024-03-30,2024-04-01,2024-07-02,-0.170415
600871,石化油服,2023,2024-03-27,2023年年度报告全文,http://www.cninfo.com.cn/new/disclosure/detail?stockCode=600871&announcementId=1219410057&orgId=gssh0600871&announcementTime=2024-03-27,2024-03-28,2024-06-28,-0.027211
600874,创业环保,2023,2024-03-23,创业环保2023年年度报告全文,http://www.cninfo.com.cn/new/disclosure/detail?stockCode=600874&announcementId=1219388472&orgId=gssh0600874&announcementTime=2024-03-23,2024-03-25,2024-06-25,-0.006924
600873,梅花生物,2023,2024-03-19,梅花生物2023年年度报告,http://www.cninfo.com.cn/new/disclosure/detail?stockCode=600873&announcementId=1219331307&orgId=gssh0600873&announcementTime=2024-03-19,2024-03-20,2024-06-20,-0.012642
600875,东方电气,2023,2024-03-29,2023年年度报告,http://www.cninfo.com.cn/new/disclosure/detail?stockCode=600875&announcementId=1219445492&orgId=gssh0600875&announcementTime=2024-03-29,2024-04-01,2024-07-02,0.112925
600876,凯盛新能,2023,2024-03-29,凯盛新能2023年年度报告,http://www.cninfo.com.cn/new/disclosure/detail?stockCode=600876&announcementId=1219448784&orgId=gssh0600876&announcementTime=2024-03-29,2024-04-01,2024-07-02,-0.226781
600877,电科芯片,2023,2024-04-26,中电科芯片技术股份有限公司2023年年度报告,http://www.cninfo.com.cn/new/disclosure/detail?stockCode=600877&announcementId=1219824673&orgId=gssh0600877&announcementTime=2024-04-26,2024-04-29,2024-07-26,-0.142533
600879,航天电子,2023,2024-03-23,航天时代电子技术股份有限公司2023年年度报告,http://www.cninfo.com.cn/new/disclosure/detail?stockCode=600879&announcementId=1219390164&orgId=gssh0600879&announcementTime=2024-03-23,2024-03-25,2024-06-25,-0.002767
600880,博瑞传播,2023,2024-04-30,博瑞传播2023年年度报告,http://www.cninfo.com.cn/new/disclosure/detail?stockCode=600880&announcementId=1219916371&orgId=gssh0600880&announcementTime=2024-04-30,2024-05-06,2024-07-30,-0.195441
600881,亚泰集团,2023,2024-04-30,吉林亚泰（集团）股份有限公司2023年年度报告,http://www.cninfo.com.cn/new/disclosure/detail?stockCode=600881&announcementId=1219916418&orgId=gssh0600881&announcementTime=2024-04-30,2024-05-06,2024-07-30,-0.264633
600882,妙可蓝多,2023,2024-03-26,2023年年度报告,http://www.cninfo.com.cn/new/disclosure/detail?stockCode=600882&announcementId=1219403983&orgId=gssh0600882&announcementTime=2024-03-26,2024-03-27,2024-06-27,-0.099336
600883,博闻科技,2023,2024-04-16,云南博闻科技实业股份有限公司2023年年度报告,http://www.cninfo.com.cn/new/disclosure/detail?stockCode=600883&announcementId=1219620303&orgId=gssh0600883&announcementTime=2024-04-16,2024-04-17,2024-07-16,-0.06
600884,杉杉股份,2023,2024-04-26,杉杉股份2023年年度报告,http://www.cninfo.com.cn/new/disclosure/detail?stockCode=600884&announcementId=1219833410&orgId=gssh0600884&announcementTime=2024-04-26,2024-04-29,2024-07-26,-0.330583
600885,宏发股份,2023,2024-03-30,宏发股份：2023年年度报告,http://www.cninfo.com.cn/new/disclosure/detail?stockCode=600885&announcementId=1219464306&orgId=gssh0600885&announcementTime=2024-03-30,2024-04-01,2024-07-02,0.072695
600886,国投电力,2023,2024-04-30,国投电力控股股份有限公司2023年年度报告,http://www.cninfo.com.cn/new/disclosure/detail?stockCode=600886&announcementId=1219911056&orgId=gssh0600886&announcementTime=2024-04-30,2024-05-06,2024-07-30,0.072758
600887,伊利股份,2023,2024-04-30,内蒙古伊利实业集团股份有限公司2023年年度报告,http://www.cninfo.com.cn/new/disclosure/detail?stockCode=600887&announcementId=1219916433&orgId=gssh0600887&announcementTime=2024-04-30,2024-05-06,2024-07-30,-0.116322
600888,新疆众和,2023,2024-03-19,新疆众和股份有限公司2023年年度报告,http://www.cninfo.com.cn/new/disclosure/detail?stockCode=600888&announcementId=1219331152&orgId=gssh0600888&announcementTime=2024-03-19,2024-03-20,2024-06-20,-0.064124
600892,*ST大晟,2023,2024-04-25,2023年年度报告,http://www.cninfo.com.cn/new/disclosure/detail?stockCode=600892&announcementId=1219800768&orgId=gssh0600892&announcementTime=2024-04-25,2024-04-26,2024-07-25,-0.305492
600889,南京化纤,2023,2024-03-29,600889_南京化纤_2023年_年度报告,http://www.cninfo.com.cn/new/disclosure/detail?stockCode=600889&announcementId=1219442512&orgId=gssh0600889&announcementTime=2024-03-29,2024-04-01,2024-07-02,0.275779
600893,航发动力,2023,2024-03-30,中国航发动力股份有限公司2023年年度报告,http://www.cninfo.com.cn/new/disclosure/detail?stockCode=600893&announcementId=1219471178&orgId=gssh0600893&announcementTime=2024-03-30,2024-04-01,2024-07-02,0.057602
600894,广日股份,2023,2024-04-09,广州广日股份有限公司2023年年度报告,http://www.cninfo.com.cn/new/disclosure/detail?stockCode=600894&announcementId=1219537044&orgId=gssh0600894&announcementTime=2024-04-09,2024-04-10,2024-07-09,0.114899
600897,厦门空港,2023,2024-04-30,厦门空港2023年年度报告,http://www.cninfo.com.cn/new/disclosure/detail?stockCode=600897&announcementId=1219926461&orgId=gssh0600897&announcementTime=2024-04-30,2024-05-06,2024-07-30,-0.066151
600895,张江高科,2023,2024-03-30,2023年年度报告,http://www.cninfo.com.cn/new/disclosure/detail?stockCode=600895&announcementId=1219463872&orgId=gssh0600895&announcementTime=2024-03-30,2024-04-01,2024-07-02,-0.086474
600900,长江电力,2023,2024-04-30,长江电力2023年年度报告,http://www.cninfo.com.cn/new/disclosure/detail?stockCode=600900&announcementId=1219922588&orgId=gssh0600900&announcementTime=2024-04-30,2024-05-06,2024-07-30,0.198907
600901,江苏金租,2023,2024-04-27,江苏金租：2023年年度报告,http://www.cninfo.com.cn/new/disclosure/detail?stockCode=600901&announcementId=1219877383&orgId=9900017208&announcementTime=2024-04-27,2024-04-29,2024-07-26,0.017635
600903,贵州燃气,2023,2024-04-20,贵州燃气集团股份有限公司2023年年度报告,http://www.cninfo.com.cn/new/disclosure/detail?stockCode=600903&announcementId=1219695959&orgId=GD150574&announcementTime=2024-04-20,2024-04-22,2024-07-19,-0.122669
600905,三峡能源,2023,2024-04-30,2023年年度报告,http://www.cninfo.com.cn/new/disclosure/detail?stockCode=600905&announcementId=1219922743&orgId=9900016549&announcementTime=2024-04-30,2024-05-06,2024-07-30,0.039419
600906,财达证券,2023,2024-04-26,财达证券股份有限公司2023年年度报告,http://www.cninfo.com.cn/new/disclosure/detail?stockCode=600906&announcementId=1219833439&orgId=qsgn0000647&announcementTime=2024-04-26,2024-04-29,2024-07-26,-0.172891
600908,无锡银行,2023,2024-03-30,2023年年度报告,http://www.cninfo.com.cn/new/disclosure/detail?stockCode=600908&announcementId=1219461780&orgId=9900024953&announcementTime=2024-03-30,2024-04-01,2024-07-02,0.089888
600909,华安证券,2023,2024-03-29,华安证券股份有限公司2023年年度报告,http://www.cninfo.com.cn/new/disclosure/detail?stockCode=600909&announcementId=1219445541&orgId=qsgn0000505&announcementTime=2024-03-29,2024-04-01,2024-07-02,-0.070547
600916,中国黄金,2023,2024-04-29,中国黄金集团黄金珠宝股份有限公司2023年年度报告,http://www.cninfo.com.cn/new/disclosure/detail?stockCode=600916&announcementId=1219890590&orgId=9900039719&announcementTime=2024-04-29,2024-04-30,2024-07-29,-0.194352
600917,重庆燃气,2023,2024-04-29,重庆燃气2023年度报告全文,http://www.cninfo.com.cn/new/disclosure/detail?stockCode=600917&announcementId=1219893386&orgId=9900029304&announcementTime=2024-04-29,2024-04-30,2024-07-29,-0.071325
600918,中泰证券,2023,2024-03-30,中泰证券股份有限公司2023年年度报告,http://www.cninfo.com.cn/new/disclosure/detail?stockCode=600918&announcementId=1219474233&orgId=qsgn0000702&announcementTime=2024-03-30,2024-04-01,2024-07-02,-0.155977
600925,苏能股份,2023,2024-04-10,江苏徐矿能源股份有限公司2023年年度报告,http://www.cninfo.com.cn/new/disclosure/detail?stockCode=600925&announcementId=1219554733&orgId=9900051620&announcementTime=2024-04-10,2024-04-11,2024-07-10,-0.05151
600919,江苏银行,2023,2024-04-26,江苏银行2023年度报告,http://www.cninfo.com.cn/new/disclosure/detail?stockCode=600919&announcementId=1219833477&orgId=9900006248&announcementTime=2024-04-26,2024-04-29,2024-07-26,0.074141
600926,杭州银行,2023,2024-04-20,杭州银行2023年年度报告,http://www.cninfo.com.cn/new/disclosure/detail?stockCode=600926&announcementId=1219702533&orgId=9900006251&announcementTime=2024-04-20,2024-04-22,2024-07-19,0.092033
600927,永安期货,2023,2024-04-26,永安期货股份有限公司2023年年度报告,http://www.cninfo.com.cn/new/disclosure/detail?stockCode=600927&announcementId=1219833508&orgId=gfbj0833840&announcementTime=2024-04-26,2024-04-29,2024-07-26,-0.125843
600928,西安银行,2023,2024-04-30,西安银行股份有限公司2023年年度报告,http://www.cninfo.com.cn/new/disclosure/detail?stockCode=600928&announcementId=1219916481&orgId=9900027168&announcementTime=2024-04-30,2024-05-06,2024-07-30,-0.094907
600929,雪天盐业,2023,2024-04-09,2023年年度报告,http://www.cninfo.com.cn/new/disclosure/detail?stockCode=600929&announcementId=1219539795&orgId=9900033912&announcementTime=2024-04-09,2024-04-10,2024-07-09,-0.118003
600933,爱柯迪,2023,2024-04-27,2023年年度报告,http://www.cninfo.com.cn/new/disclosure/detail?stockCode=600933&announcementId=1219877411&orgId=gfbj0834393&announcementTime=2024-04-27,2024-04-29,2024-07-26,-0.281907
600935,华塑股份,2023,2024-04-26,安徽华塑股份有限公司2023年年度报告,http://www.cninfo.com.cn/new/disclosure/detail?stockCode=600935&announcementId=1219833590&orgId=gfbj0872452&announcementTime=2024-04-26,2024-04-29,2024-07-26,-0.140741
600936,北投科技,2023,2024-04-26,广西广电2023年年度报告,http://www.cninfo.com.cn/new/disclosure/detail?stockCode=600936&announcementId=1219840164&orgId=9900026796&announcementTime=2024-04-26,2024-04-29,2024-07-26,-0.218391
600938,中国海油,2023,2024-03-22,中国海洋石油有限公司2023年年度报告,http://www.cninfo.com.cn/new/disclosure/detail?stockCode=600938&announcementId=1219375212&orgId=gshk0000883&announcementTime=2024-03-22,2024-03-25,2024-06-25,0.185509
600941,中国移动,2023,2024-03-22,中国移动：2023年年度报告,http://www.cninfo.com.cn/new/disclosure/detail?stockCode=600941&announcementId=1219372942&orgId=gshk0000941&announcementTime=2024-03-22,2024-03-25,2024-06-25,-0.003604
600939,重庆建工,2023,2024-04-26,重庆建工2023年年度报告,http://www.cninfo.com.cn/new/disclosure/detail?stockCode=600939&announcementId=1219833610&orgId=9900006064&announcementTime=2024-04-26,2024-04-29,2024-07-26,-0.136691
600955,维远股份,2023,2024-03-19,利华益维远化学股份有限公司2023年年度报告,http://www.cninfo.com.cn/new/disclosure/detail?stockCode=600955&announcementId=1219328703&orgId=nssc1000398&announcementTime=2024-03-19,2024-03-20,2024-06-20,-0.017089
600956,新天绿能,2023,2024-03-27,新天绿能2023年年度报告,http://www.cninfo.com.cn/new/disclosure/detail?stockCode=600956&announcementId=1219412368&orgId=9900015548&announcementTime=2024-03-27,2024-03-28,2024-06-28,-0.011416
600958,东方证券,2023,2024-03-28,东方证券股份有限公司2023年年度报告,http://www.cninfo.com.cn/new/disclosure/detail?stockCode=600958&announcementId=1219429106&orgId=qsgn0000065&announcementTime=2024-03-28,2024-03-29,2024-07-01,-0.057143
600959,江苏有线,2023,2024-04-10,江苏有线2023年年度报告,http://www.cninfo.com.cn/new/disclosure/detail?stockCode=600959&announcementId=1219549848&orgId=9900023742&announcementTime=2024-04-10,2024-04-11,2024-07-10,-0.122892
600960,渤海汽车,2023,2024-04-26,渤海汽车2023年年度报告,http://www.cninfo.com.cn/new/disclosure/detail?stockCode=600960&announcementId=1219833776&orgId=gssh0600960&announcementTime=2024-04-26,2024-04-29,2024-07-26,-0.161512
600961,株冶集团,2023,2024-04-18,株冶集团2023年年度报告,http://www.cninfo.com.cn/new/disclosure/detail?stockCode=600961&announcementId=1219651506&orgId=gssh0600961&announcementTime=2024-04-18,2024-04-19,2024-07-18,-0.195062
600962,国投中鲁,2023,2024-03-30,国投中鲁2023年年度报告,http://www.cninfo.com.cn/new/disclosure/detail?stockCode=600962&announcementId=1219469902&orgId=gssh0600962&announcementTime=2024-03-30,2024-04-01,2024-07-02,0.226877
600963,岳阳林纸,2023,2024-04-04,岳阳林纸股份有限公司2023年年度报告,http://www.cninfo.com.cn/new/disclosure/detail?stockCode=600963&announcementId=1219517469&orgId=gssh0600963&announcementTime=2024-04-04,2024-04-08,2024-07-05,-0.233476
600965,福成股份,2023,2024-04-27,福成股份：2023年年度报告,http://www.cninfo.com.cn/new/disclosure/detail?stockCode=600965&announcementId=1219877468&orgId=gssh0600965&announcementTime=2024-04-27,2024-04-29,2024-07-26,-0.225904
600966,博汇纸业,2023,2024-04-30,2023年年度报告,http://www.cninfo.com.cn/new/disclosure/detail?stockCode=600966&announcementId=1219916527&orgId=gssh0600966&announcementTime=2024-04-30,2024-05-06,2024-07-30,-0.217628
600967,内蒙一机,2023,2024-04-26,内蒙古第一机械集团股份有限公司2023年年度报告,http://www.cninfo.com.cn/new/disclosure/detail?stockCode=600967&announcementId=1219833836&orgId=gssh0600967&announcementTime=2024-04-26,2024-04-29,2024-07-26,-0.057386
600968,海油发展,2023,2024-04-16,2023年年度报告,http://www.cninfo.com.cn/new/disclosure/detail?stockCode=600968&announcementId=1219623112&orgId=9900033231&announcementTime=2024-04-16,2024-04-17,2024-07-16,0.028698
600969,郴电国际,2023,2024-04-19,郴电国际2023年年度报告,http://www.cninfo.com.cn/new/disclosure/detail?stockCode=600969&announcementId=1219673977&orgId=gssh0600969&announcementTime=2024-04-19,2024-04-22,2024-07-19,0.042348
600970,中材国际,2023,2024-03-27,中国中材国际工程股份有限公司2023年年度报告,http://www.cninfo.com.cn/new/disclosure/detail?stockCode=600970&announcementId=1219411131&orgId=gssh0600970&announcementTime=2024-03-27,2024-03-28,2024-06-28,0.108796
600971,恒源煤电,2023,2024-03-30,恒源煤电2023年年度报告,http://www.cninfo.com.cn/new/disclosure/detail?stockCode=600971&announcementId=1219461486&orgId=gssh0600971&announcementTime=2024-03-30,2024-04-01,2024-07-02,0.088785
600973,宝胜股份,2023,2024-03-15,宝胜股份：2023年年度报告,http://www.cninfo.com.cn/new/disclosure/detail?stockCode=600973&announcementId=1219307539&orgId=gssh0600973&announcementTime=2024-03-15,2024-03-18,2024-06-18,-0.062739
600975,新五丰,2023,2024-04-20,湖南新五丰股份有限公司2023年年度报告,http://www.cninfo.com.cn/new/disclosure/detail?stockCode=600975&announcementId=1219705303&orgId=gssh0600975&announcementTime=2024-04-20,2024-04-22,2024-07-19,-0.235284
600977,中国电影,2023,2024-04-20,中国电影2023年年度报告,http://www.cninfo.com.cn/new/disclosure/detail?stockCode=600977&announcementId=1219702681&orgId=9900024673&announcementTime=2024-04-20,2024-04-22,2024-07-19,-0.106084
600976,健民集团,2023,2024-03-16,健民集团2023年年度报告,http://www.cninfo.com.cn/new/disclosure/detail?stockCode=600976&announcementId=1219313365&orgId=gssh0600976&announcementTime=2024-03-16,2024-03-18,2024-06-18,0.06996
600980,北矿科技,2023,2024-04-09,北矿科技2023年年度报告,http://www.cninfo.com.cn/new/disclosure/detail?stockCode=600980&announcementId=1219536137&orgId=gssh0600980&announcementTime=2024-04-09,2024-04-10,2024-07-09,-0.173648
600979,广安爱众,2023,2024-04-30,四川广安爱众股份有限公司2023年年度报告,http://www.cninfo.com.cn/new/disclosure/detail?stockCode=600979&announcementId=1219922786&orgId=gssh0600979&announcementTime=2024-04-30,2024-05-06,2024-07-30,-0.066768
600981,苏豪汇鸿,2023,2024-04-29,2023年年度报告,http://www.cninfo.com.cn/new/disclosure/detail?stockCode=600981&announcementId=1219890624&orgId=gssh0600981&announcementTime=2024-04-29,2024-04-30,2024-07-29,-0.288396
600982,宁波能源,2023,2024-04-23,宁波能源2023年年度报告,http://www.cninfo.com.cn/new/disclosure/detail?stockCode=600982&announcementId=1219745817&orgId=gssh0600982&announcementTime=2024-04-23,2024-04-24,2024-07-23,-0.050469
600983,惠而浦,2023,2024-04-30,惠而浦2023年年度报告,http://www.cninfo.com.cn/new/disclosure/detail?stockCode=600983&announcementId=1219916656&orgId=gssh0600983&announcementTime=2024-04-30,2024-05-06,2024-07-30,-0.200418
600984,建设机械,2023,2024-04-23,建设机械2023年年度报告,http://www.cninfo.com.cn/new/disclosure/detail?stockCode=600984&announcementId=1219746615&orgId=gssh0600984&announcementTime=2024-04-23,2024-04-24,2024-07-23,-0.220548
600986,浙文互联,2023,2024-04-20,浙文互联2023年年度报告,http://www.cninfo.com.cn/new/disclosure/detail?stockCode=600986&announcementId=1219688479&orgId=gssh0600986&announcementTime=2024-04-20,2024-04-22,2024-07-19,-0.144552
600985,淮北矿业,2023,2024-03-29,淮北矿业控股股份有限公司2023年年度报告,http://www.cninfo.com.cn/new/disclosure/detail?stockCode=600985&announcementId=1219440966&orgId=gssh0600985&announcementTime=2024-03-29,2024-04-01,2024-07-02,0.079978
600987,航民股份,2023,2024-03-30,航民股份2023年年度报告,http://www.cninfo.com.cn/new/disclosure/detail?stockCode=600987&announcementId=1219464366&orgId=gssh0600987&announcementTime=2024-03-30,2024-04-01,2024-07-02,0.020643
600988,赤峰黄金,2023,2024-03-30,赤峰黄金2023年年度报告,http://www.cninfo.com.cn/new/disclosure/detail?stockCode=600988&announcementId=1219474010&orgId=gssh0600988&announcementTime=2024-03-30,2024-04-01,2024-07-02,0.027847
600990,四创电子,2023,2024-04-20,四创电子2023年年度报告,http://www.cninfo.com.cn/new/disclosure/detail?stockCode=600990&announcementId=1219706289&orgId=gssh0600990&announcementTime=2024-04-20,2024-04-22,2024-07-19,-0.114479
600989,宝丰能源,2023,2024-03-22,宁夏宝丰能源集团股份有限公司2023年年度报告,http://www.cninfo.com.cn/new/disclosure/detail?stockCode=600989&announcementId=1219374131&orgId=9900019573&announcementTime=2024-03-22,2024-03-25,2024-06-25,0.07167
600992,贵绳股份,2023,2024-03-30,贵州钢绳股份有限公司2023年年度报告,http://www.cninfo.com.cn/new/disclosure/detail?stockCode=600992&announcementId=1219467403&orgId=gssh0600992&announcementTime=2024-03-30,2024-04-01,2024-07-02,0.241596
600993,马应龙,2023,2024-04-13,马应龙2023年年度报告,http://www.cninfo.com.cn/new/disclosure/detail?stockCode=600993&announcementId=1219595183&orgId=gssh0600993&announcementTime=2024-04-13,2024-04-15,2024-07-12,0.052515
600995,南网储能,2023,2024-03-30,南方电网储能股份有限公司2023年年度报告,http://www.cninfo.com.cn/new/disclosure/detail?stockCode=600995&announcementId=1219472162&orgId=gssh0600995&announcementTime=2024-03-30,2024-04-01,2024-07-02,0.036015
600996,贵广网络,2023,2024-04-27,2023年年度报告,http://www.cninfo.com.cn/new/disclosure/detail?stockCode=600996&announcementId=1219877536&orgId=9900030438&announcementTime=2024-04-27,2024-04-29,2024-07-26,0.075524
600997,开滦股份,2023,2024-03-30,开滦能源化工股份有限公司2023年年度报告,http://www.cninfo.com.cn/new/disclosure/detail?stockCode=600997&announcementId=1219463149&orgId=gssh0600997&announcementTime=2024-03-30,2024-04-01,2024-07-02,-0.058839
600998,九州通,2023,2024-04-27,九州通2023年年度报告,http://www.cninfo.com.cn/new/disclosure/detail?stockCode=600998&announcementId=1219877597&orgId=9900015627&announcementTime=2024-04-27,2024-04-29,2024-07-26,-0.261941
600999,招商证券,2023,2024-03-29,2023年年度报告,http://www.cninfo.com.cn/new/disclosure/detail?stockCode=600999&announcementId=1219449486&orgId=qsgn0000118&announcementTime=2024-03-29,2024-04-01,2024-07-02,-0.020464
601000,唐山港,2023,2024-03-29,唐山港集团股份有限公司2023年年度报告,http://www.cninfo.com.cn/new/disclosure/detail?stockCode=601000&announcementId=1219439118&orgId=9900013088&announcementTime=2024-03-29,2024-04-01,2024-07-02,0.242751
601001,晋控煤业,2023,2024-04-27,晋能控股山西煤业股份有限公司2023年年度报告,http://www.cninfo.com.cn/new/disclosure/detail?stockCode=601001&announcementId=1219877647&orgId=gssh0601001&announcementTime=2024-04-27,2024-04-29,2024-07-26,0.012753
601002,晋亿实业,2023,2024-04-19,晋亿实业股份有限公司2023年年度报告,http://www.cninfo.com.cn/new/disclosure/detail?stockCode=601002&announcementId=1219671748&orgId=9900002005&announcementTime=2024-04-19,2024-04-22,2024-07-19,-0.170051
601003,柳钢股份,2023,2024-04-27,柳钢股份2023年年度报告,http://www.cninfo.com.cn/new/disclosure/detail?stockCode=601003&announcementId=1219877659&orgId=9900002182&announcementTime=2024-04-27,2024-04-29,2024-07-26,-0.070618
601005,重庆钢铁,2023,2024-03-29,2023年年度报告,http://www.cninfo.com.cn/new/disclosure/detail?stockCode=601005&announcementId=1219449216&orgId=9900002184&announcementTime=2024-03-29,2024-04-01,2024-07-02,-0.154412
601006,大秦铁路,2023,2024-04-27,大秦铁路2023年年度报告,http://www.cninfo.com.cn/new/disclosure/detail?stockCode=601006&announcementId=1219855615&orgId=9900000261&announcementTime=2024-04-27,2024-04-29,2024-07-26,0.012216
601007,金陵饭店,2023,2024-03-30,金陵饭店股份有限公司2023年年度报告,http://www.cninfo.com.cn/new/disclosure/detail?stockCode=601007&announcementId=1219466257&orgId=9900002481&announcementTime=2024-03-30,2024-04-01,2024-07-02,-0.070328
601008,连云港,2023,2024-03-29,江苏连云港港口股份有限公司2023年度报告,http://www.cninfo.com.cn/new/disclosure/detail?stockCode=601008&announcementId=1219445625&orgId=9900002722&announcementTime=2024-03-29,2024-04-01,2024-07-02,-0.046875
601009,南京银行,2023,2024-04-27,南京银行股份有限公司2023年年度报告,http://www.cninfo.com.cn/new/disclosure/detail?stockCode=601009&announcementId=1219877688&orgId=9900003284&announcementTime=2024-04-27,2024-04-29,2024-07-26,0.153351
601010,文峰股份,2023,2024-04-30,文峰股份2023年年度报告,http://www.cninfo.com.cn/new/disclosure/detail?stockCode=601010&announcementId=1219916704&orgId=9900019963&announcementTime=2024-04-30,2024-05-06,2024-07-30,-0.145853
601011,宝泰隆,2023,2024-04-27,宝泰隆新材料股份有限公司2023年度报告,http://www.cninfo.com.cn/new/disclosure/detail?stockCode=601011&announcementId=1219877737&orgId=9900018407&announcementTime=2024-04-27,2024-04-29,2024-07-26,-0.320755
601012,隆基绿能,2023,2024-04-30,2023年年度报告,http://www.cninfo.com.cn/new/disclosure/detail?stockCode=601012&announcementId=1219925312&orgId=9900022338&announcementTime=2024-04-30,2024-05-06,2024-07-30,-0.232344
601015,陕西黑猫,2023,2024-03-29,陕西黑猫：2023年年度报告,http://www.cninfo.com.cn/new/disclosure/detail?stockCode=601015&announcementId=1219448286&orgId=9900022940&announcementTime=2024-03-29,2024-04-01,2024-07-02,-0.173469
601018,宁波港,2023,2024-03-28,宁波舟山港股份有限公司2023年年度报告,http://www.cninfo.com.cn/new/disclosure/detail?stockCode=601018&announcementId=1219425624&orgId=9900010907&announcementTime=2024-03-28,2024-03-29,2024-07-01,0.047085
601016,节能风电,2023,2024-03-29,中节能风力发电股份有限公司2023年年度报告,http://www.cninfo.com.cn/new/disclosure/detail?stockCode=601016&announcementId=1219442040&orgId=9900029306&announcementTime=2024-03-29,2024-04-01,2024-07-02,0.060565
601020,华钰矿业,2023,2024-04-27,西藏华钰矿业股份有限公司2023年年度报告,http://www.cninfo.com.cn/new/disclosure/detail?stockCode=601020&announcementId=1219877774&orgId=9900029826&announcementTime=2024-04-27,2024-04-29,2024-07-26,0.205628
601019,山东出版,2023,2024-04-19,山东出版2023年年度报告,http://www.cninfo.com.cn/new/disclosure/detail?stockCode=601019&announcementId=1219667980&orgId=9900031730&announcementTime=2024-04-19,2024-04-22,2024-07-19,0.033473
601021,春秋航空,2023,2024-04-30,春秋航空2023年年度报告,http://www.cninfo.com.cn/new/disclosure/detail?stockCode=601021&announcementId=1219925343&orgId=9900023129&announcementTime=2024-04-30,2024-05-06,2024-07-30,-0.078912
601022,宁波远洋,2023,2024-03-27,宁波远洋运输股份有限公司2023年年度报告,http://www.cninfo.com.cn/new/disclosure/detail?stockCode=601022&announcementId=1219409755&orgId=9900051994&announcementTime=2024-03-27,2024-03-28,2024-06-28,0.039036
601033,永兴股份,2023,2024-03-30,永兴股份2023年年度报告,http://www.cninfo.com.cn/new/disclosure/detail?stockCode=601033&announcementId=1219467522&orgId=9900056832&announcementTime=2024-03-30,2024-04-01,2024-07-02,0.223722
601038,一拖股份,2023,2024-03-28,一拖股份2023年年度报告,http://www.cninfo.com.cn/new/disclosure/detail?stockCode=601038&announcementId=1219423896&orgId=gshk0000038&announcementTime=2024-03-28,2024-03-29,2024-07-01,0.064226
601058,赛轮轮胎,2023,2024-04-27,2023年年度报告,http://www.cninfo.com.cn/new/disclosure/detail?stockCode=601058&announcementId=1219854483&orgId=9900009410&announcementTime=2024-04-27,2024-04-29,2024-07-26,-0.244777
601059,信达证券,2023,2024-03-27,信达证券股份有限公司2023年年度报告,http://www.cninfo.com.cn/new/disclosure/detail?stockCode=601059&announcementId=1219413002&orgId=9900003683&announcementTime=2024-03-27,2024-03-28,2024-06-28,-0.047492
601061,中信金属,2023,2024-03-27,中信金属股份有限公司2023年年度报告,http://www.cninfo.com.cn/new/disclosure/detail?stockCode=601061&announcementId=1219412888&orgId=GD192514&announcementTime=2024-03-27,2024-03-28,2024-06-28,-0.097025
601065,江盐集团,2023,2024-04-18,2023年年度报告,http://www.cninfo.com.cn/new/disclosure/detail?stockCode=601065&announcementId=1219649172&orgId=9900046968&announcementTime=2024-04-18,2024-04-19,2024-07-18,-0.117296
601068,中铝国际,2023,2024-03-29,中铝国际工程股份有限公司2023年年度报告,http://www.cninfo.com.cn/new/disclosure/detail?stockCode=601068&announcementId=1219453426&orgId=GD066180&announcementTime=2024-03-29,2024-04-01,2024-07-02,-0.065957
601066,中信建投,2023,2024-03-29,中信建投证券股份有限公司2023年年度报告（可视版）,http://www.cninfo.com.cn/new/disclosure/detail?stockCode=601066&announcementId=1219449506&orgId=qsgn0000884&announcementTime=2024-03-29,2024-04-01,2024-07-02,-0.137785
601069,西部黄金,2023,2024-04-26,西部黄金股份有限公司2023年年度报告,http://www.cninfo.com.cn/new/disclosure/detail?stockCode=601069&announcementId=1219824697&orgId=9900023646&announcementTime=2024-04-26,2024-04-29,2024-07-26,-0.060212
601077,渝农商行,2023,2024-03-29,重庆农村商业银行股份有限公司2023年度报告,http://www.cninfo.com.cn/new/disclosure/detail?stockCode=601077&announcementId=1219448317&orgId=9900016867&announcementTime=2024-03-29,2024-04-01,2024-07-02,0.17657
601083,锦江航运,2023,2024-03-30,锦江航运2023年年度报告,http://www.cninfo.com.cn/new/disclosure/detail?stockCode=601083&announcementId=1219473057&orgId=9900057394&announcementTime=2024-03-30,2024-04-01,2024-07-02,0.030928
601086,国芳集团,2023,2024-04-13,国芳集团：2023年年度报告,http://www.cninfo.com.cn/new/disclosure/detail?stockCode=601086&announcementId=1219594445&orgId=9900027668&announcementTime=2024-04-13,2024-04-15,2024-07-12,-0.299584
601088,中国神华,2023,2024-03-23,中国神华2023年度报告,http://www.cninfo.com.cn/new/disclosure/detail?stockCode=601088&announcementId=1219390021&orgId=9900003701&announcementTime=2024-03-23,2024-03-25,2024-06-25,0.181082
601089,福元医药,2023,2024-04-01,福元医药2023年年度报告,http://www.cninfo.com.cn/new/disclosure/detail?stockCode=601089&announcementId=1219482347&orgId=9900047301&announcementTime=2024-04-01,2024-04-02,2024-07-03,-0.046632
601096,宏盛华源,2023,2024-04-11,宏盛华源2023年年度报告,http://www.cninfo.com.cn/new/disclosure/detail?stockCode=601096&announcementId=1219567427&orgId=9900052305&announcementTime=2024-04-11,2024-04-12,2024-07-11,-0.15272
601098,中南传媒,2023,2024-04-27,中南传媒2023年年度报告,http://www.cninfo.com.cn/new/disclosure/detail?stockCode=601098&announcementId=1219855651&orgId=9900015470&announcementTime=2024-04-27,2024-04-29,2024-07-26,0.021602
601099,太平洋,2023,2024-04-27,太平洋证券股份有限公司2023年年度报告,http://www.cninfo.com.cn/new/disclosure/detail?stockCode=601099&announcementId=1219877805&orgId=9900004122&announcementTime=2024-04-27,2024-04-29,2024-07-26,-0.070981
601100,恒立液压,2023,2024-04-23,江苏恒立液压股份有限公司2023年年度报告,http://www.cninfo.com.cn/new/disclosure/detail?stockCode=601100&announcementId=1219748041&orgId=9900021530&announcementTime=2024-04-23,2024-04-24,2024-07-23,-0.097347
601101,昊华能源,2023,2024-04-16,北京昊华能源股份有限公司2023年年度报告,http://www.cninfo.com.cn/new/disclosure/detail?stockCode=601101&announcementId=1219621746&orgId=9900010887&announcementTime=2024-04-16,2024-04-17,2024-07-16,0.093698
601107,四川成渝,2023,2024-03-28,四川成渝2023年年度报告,http://www.cninfo.com.cn/new/disclosure/detail?stockCode=601107&announcementId=1219430206&orgId=9900007387&announcementTime=2024-03-28,2024-03-29,2024-07-01,0.086713
601106,中国一重,2023,2024-04-30,中国第一重型机械股份公司2023年年度报告,http://www.cninfo.com.cn/new/disclosure/detail?stockCode=601106&announcementId=1219927041&orgId=9900010530&announcementTime=2024-04-30,2024-05-06,2024-07-30,-0.107407
601108,财通证券,2023,2024-04-26,2023年年度报告,http://www.cninfo.com.cn/new/disclosure/detail?stockCode=601108&announcementId=1219833882&orgId=qsgn0000808&announcementTime=2024-04-26,2024-04-29,2024-07-26,-0.129651
601111,中国国航,2023,2024-03-29,中国国际航空股份有限公司2023年度报告,http://www.cninfo.com.cn/new/disclosure/detail?stockCode=601111&announcementId=1219446535&orgId=9900000441&announcementTime=2024-03-29,2024-04-01,2024-07-02,-0.002387
601116,三江购物,2023,2024-04-27,三江购物2023年年度报告,http://www.cninfo.com.cn/new/disclosure/detail?stockCode=601116&announcementId=1219877825&orgId=9900018284&announcementTime=2024-04-27,2024-04-29,2024-07-26,-0.060019
601113,华鼎股份,2023,2024-04-26,义乌华鼎锦纶股份有限公司2023年年度报告,http://www.cninfo.com.cn/new/disclosure/detail?stockCode=601113&announcementId=1219840167&orgId=9900019412&announcementTime=2024-04-26,2024-04-29,2024-07-26,-0.195343
601118,海南橡胶,2023,2024-04-30,海南橡胶2023年年度报告,http://www.cninfo.com.cn/new/disclosure/detail?stockCode=601118&announcementId=1219927665&orgId=9900005902&announcementTime=2024-04-30,2024-05-06,2024-07-30,-0.08316
601117,中国化学,2023,2024-04-29,中国化学2023年年度报告,http://www.cninfo.com.cn/new/disclosure/detail?stockCode=601117&announcementId=1219890680&orgId=9900009949&announcementTime=2024-04-29,2024-04-30,2024-07-29,0.089224
601126,四方股份,2023,2024-03-20,四方股份2023年年度报告,http://www.cninfo.com.cn/new/disclosure/detail?stockCode=601126&announcementId=1219347247&orgId=9900016847&announcementTime=2024-03-20,2024-03-21,2024-06-21,0.231862
601121,宝地矿业,2023,2024-04-12,2023年年度报告,http://www.cninfo.com.cn/new/disclosure/detail?stockCode=601121&announcementId=1219583926&orgId=9900030900&announcementTime=2024-04-12,2024-04-15,2024-07-12,-0.127119
601127,赛力斯,2023,2024-04-30,2023年年度报告,http://www.cninfo.com.cn/new/disclosure/detail?stockCode=601127&announcementId=1219922831&orgId=9900024265&announcementTime=2024-04-30,2024-05-06,2024-07-30,-0.18673
601128,常熟银行,2023,2024-03-22,江苏常熟农村商业银行股份有限公司2023年年度报告,http://www.cninfo.com.cn/new/disclosure/detail?stockCode=601128&announcementId=1219375030&orgId=9900023084&announcementTime=2024-03-22,2024-03-25,2024-06-25,0.222632
601133,柏诚股份,2023,2024-04-23,2023年年度报告,http://www.cninfo.com.cn/new/disclosure/detail?stockCode=601133&announcementId=1219743814&orgId=9900053230&announcementTime=2024-04-23,2024-04-24,2024-07-23,-0.011461
601136,首创证券,2023,2024-04-13,2023年年度报告,http://www.cninfo.com.cn/new/disclosure/detail?stockCode=601136&announcementId=1219598179&orgId=qsgn0000516&announcementTime=2024-04-13,2024-04-15,2024-07-12,0.122449
601137,博威合金,2023,2024-04-23,博威合金2023年年度报告,http://www.cninfo.com.cn/new/disclosure/detail?stockCode=601137&announcementId=1219737565&orgId=9900017432&announcementTime=2024-04-23,2024-04-24,2024-07-23,-0.178241
601138,工业富联,2023,2024-03-14,富士康工业互联网股份有限公司2023年年度报告,http://www.cninfo.com.cn/new/disclosure/detail?stockCode=601138&announcementId=1219302696&orgId=9900036731&announcementTime=2024-03-14,2024-03-15,2024-06-17,0.223534
601139,深圳燃气,2023,2024-03-30,深圳燃气2023年年度报告,http://www.cninfo.com.cn/new/disclosure/detail?stockCode=601139&announcementId=1219464930&orgId=9900009513&announcementTime=2024-03-30,2024-04-01,2024-07-02,-0.064997
601155,新城控股,2023,2024-03-29,新城控股2023年年度报告,http://www.cninfo.com.cn/new/disclosure/detail?stockCode=601155&announcementId=1219446608&orgId=GD012027&announcementTime=2024-03-29,2024-04-01,2024-07-02,-0.020013
601156,东航物流,2023,2024-04-24,东航物流2023年年度报告,http://www.cninfo.com.cn/new/disclosure/detail?stockCode=601156&announcementId=1219774311&orgId=9900039947&announcementTime=2024-04-24,2024-04-25,2024-07-24,-0.172647
601158,重庆水务,2023,2024-04-03,重庆水务集团股份有限公司2023年年度报告,http://www.cninfo.com.cn/new/disclosure/detail?stockCode=601158&announcementId=1219504087&orgId=9900011267&announcementTime=2024-04-03,2024-04-08,2024-07-05,-0.034066
601162,天风证券,2023,2024-04-30,天风证券股份有限公司2023年年度报告,http://www.cninfo.com.cn/new/disclosure/detail?stockCode=601162&announcementId=1219916743&orgId=qsgn0000533&announcementTime=2024-04-30,2024-05-06,2024-07-30,-0.220896
601163,三角轮胎,2023,2024-04-27,三角轮胎2023年年度报告,http://www.cninfo.com.cn/new/disclosure/detail?stockCode=601163&announcementId=1219877875&orgId=9900022035&announcementTime=2024-04-27,2024-04-29,2024-07-26,-0.182174
601166,兴业银行,2023,2024-03-29,兴业银行2023年年度报告,http://www.cninfo.com.cn/new/disclosure/detail?stockCode=601166&announcementId=1219445697&orgId=9900002081&announcementTime=2024-03-29,2024-04-01,2024-07-02,0.134155
601168,西部矿业,2023,2024-03-16,西部矿业2023年年度报告,http://www.cninfo.com.cn/new/disclosure/detail?stockCode=601168&announcementId=1219311951&orgId=9900003262&announcementTime=2024-03-16,2024-03-18,2024-06-18,-0.060776
601169,北京银行,2023,2024-04-12,北京银行股份有限公司2023年年度报告,http://www.cninfo.com.cn/new/disclosure/detail?stockCode=601169&announcementId=1219583309&orgId=9900003642&announcementTime=2024-04-12,2024-04-15,2024-07-12,0.06401
601177,杭齿前进,2023,2024-04-12,2023年年度报告,http://www.cninfo.com.cn/new/disclosure/detail?stockCode=601177&announcementId=1219580972&orgId=9900014907&announcementTime=2024-04-12,2024-04-15,2024-07-12,-0.147094
601179,中国西电,2023,2024-04-11,中国西电2023年年度报告,http://www.cninfo.com.cn/new/disclosure/detail?stockCode=601179&announcementId=1219567147&orgId=9900010350&announcementTime=2024-04-11,2024-04-12,2024-07-11,0.25
601186,中国铁建,2023,2024-03-29,中国铁建2023年年度报告,http://www.cninfo.com.cn/new/disclosure/detail?stockCode=601186&announcementId=1219444058&orgId=9900004347&announcementTime=2024-03-29,2024-04-01,2024-07-02,0.005106
601188,龙江交通,2023,2024-03-30,龙江交通2023年年度报告,http://www.cninfo.com.cn/new/disclosure/detail?stockCode=601188&announcementId=1219467542&orgId=9900011628&announcementTime=2024-03-30,2024-04-01,2024-07-02,-0.129386
601187,厦门银行,2023,2024-04-30,厦门银行股份有限公司2023年年度报告,http://www.cninfo.com.cn/new/disclosure/detail?stockCode=601187&announcementId=1222778775&orgId=9900012128&announcementTime=2024-04-30,2024-05-06,2024-07-30,-0.012719
601199,江南水务,2023,2024-04-25,江南水务2023年年度报告,http://www.cninfo.com.cn/new/disclosure/detail?stockCode=601199&announcementId=1219795246&orgId=9900018832&announcementTime=2024-04-25,2024-04-26,2024-07-25,0.052155
601198,东兴证券,2023,2024-04-04,东兴证券股份有限公司2023年年度报告,http://www.cninfo.com.cn/new/disclosure/detail?stockCode=601198&announcementId=1219518353&orgId=9900008427&announcementTime=2024-04-04,2024-04-08,2024-07-05,-0.032258
601208,东材科技,2023,2024-04-13,四川东材科技集团股份有限公司2023年年度报告,http://www.cninfo.com.cn/new/disclosure/detail?stockCode=601208&announcementId=1219596677&orgId=9900019705&announcementTime=2024-04-13,2024-04-15,2024-07-12,-0.17383
601200,上海环境,2023,2024-03-30,上海环境集团股份有限公司2023年年度报告,http://www.cninfo.com.cn/new/disclosure/detail?stockCode=601200&announcementId=1219471212&orgId=9900034899&announcementTime=2024-03-30,2024-04-01,2024-07-02,-0.034426
601211,国泰海通,2023,2024-03-29,国泰君安证券股份有限公司2023年年度报告,http://www.cninfo.com.cn/new/disclosure/detail?stockCode=601211&announcementId=1219447632&orgId=qsgn0000116&announcementTime=2024-03-29,2024-04-01,2024-07-02,0.013083
601212,白银有色,2023,2024-04-30,白银有色集团股份有限公司2023年年度报告,http://www.cninfo.com.cn/new/disclosure/detail?stockCode=601212&announcementId=1219916790&orgId=9900027220&announcementTime=2024-04-30,2024-05-06,2024-07-30,-0.13961
601216,君正集团,2023,2024-04-26,君正集团2023年年度报告,http://www.cninfo.com.cn/new/disclosure/detail?stockCode=601216&announcementId=1219833969&orgId=9900017867&announcementTime=2024-04-26,2024-04-29,2024-07-26,-0.032979
601218,吉鑫科技,2023,2024-03-16,江苏吉鑫风能科技股份有限公司2023年年度报告,http://www.cninfo.com.cn/new/disclosure/detail?stockCode=601218&announcementId=1219311963&orgId=9900019427&announcementTime=2024-03-16,2024-03-18,2024-06-18,-0.087417
601222,林洋能源,2023,2024-04-27,江苏林洋能源股份有限公司2023年年度报告,http://www.cninfo.com.cn/new/disclosure/detail?stockCode=601222&announcementId=1219877923&orgId=9900021223&announcementTime=2024-04-27,2024-04-29,2024-07-26,0.003935
601225,陕西煤业,2023,2024-04-26,年报全文,http://www.cninfo.com.cn/new/disclosure/detail?stockCode=601225&announcementId=1219815158&orgId=9900023204&announcementTime=2024-04-26,2024-04-29,2024-07-26,0.006776
601226,华电科工,2023,2024-04-26,华电重工：2023年年度报告,http://www.cninfo.com.cn/new/disclosure/detail?stockCode=601226&announcementId=1219834079&orgId=9900023782&announcementTime=2024-04-26,2024-04-29,2024-07-26,-0.168502
601228,广州港,2023,2024-04-09,广州港股份有限公司2023年年度报告,http://www.cninfo.com.cn/new/disclosure/detail?stockCode=601228&announcementId=1219536210&orgId=9900029141&announcementTime=2024-04-09,2024-04-10,2024-07-09,-0.10992
601229,上海银行,2023,2024-04-26,上海银行2023年度报告,http://www.cninfo.com.cn/new/disclosure/detail?stockCode=601229&announcementId=1219842032&orgId=9900010207&announcementTime=2024-04-26,2024-04-29,2024-07-26,0.083081
601231,环旭电子,2023,2024-04-02,2023年年度报告,http://www.cninfo.com.cn/new/disclosure/detail?stockCode=601231&announcementId=1219492420&orgId=9900022058&announcementTime=2024-04-02,2024-04-03,2024-07-04,0.093458
601233,桐昆股份,2023,2024-04-27,桐昆集团股份有限公司2023年年度报告,http://www.cninfo.com.cn/new/disclosure/detail?stockCode=601233&announcementId=1219877974&orgId=9900019547&announcementTime=2024-04-27,2024-04-29,2024-07-26,0.02688
601236,红塔证券,2023,2024-03-30,红塔证券股份有限公司2023年年度报告,http://www.cninfo.com.cn/new/disclosure/detail?stockCode=601236&announcementId=1219470008&orgId=qsgn0000641&announcementTime=2024-03-30,2024-04-01,2024-07-02,-0.111111
601238,广汽集团,2023,2024-03-29,广汽集团2023年年度报告,http://www.cninfo.com.cn/new/disclosure/detail?stockCode=601238&announcementId=1219444071&orgId=9900006006&announcementTime=2024-03-29,2024-04-01,2024-07-02,-0.103979
601288,农业银行,2023,2024-03-29,农业银行2023年度报告,http://www.cninfo.com.cn/new/disclosure/detail?stockCode=601288&announcementId=1219445723&orgId=jjxt0000020&announcementTime=2024-03-29,2024-04-01,2024-07-02,0.127509
601279,英利汽车,2023,2024-03-30,长春英利汽车工业股份有限公司2023年年度报告,http://www.cninfo.com.cn/new/disclosure/detail?stockCode=601279&announcementId=1219467613&orgId=9900039777&announcementTime=2024-03-30,2024-04-01,2024-07-02,-0.294776
601298,青岛港,2023,2024-03-29,青岛港国际股份有限公司2023年年度报告,http://www.cninfo.com.cn/new/disclosure/detail?stockCode=601298&announcementId=1219439922&orgId=GD025907&announcementTime=2024-03-29,2024-04-01,2024-07-02,0.307269
601311,骆驼股份,2023,2024-04-19,骆驼股份2023年年度报告,http://www.cninfo.com.cn/new/disclosure/detail?stockCode=601311&announcementId=1219666482&orgId=9900019962&announcementTime=2024-04-19,2024-04-22,2024-07-19,-0.021892
601318,中国平安,2023,2024-03-22,中国平安2023年年度报告,http://www.cninfo.com.cn/new/disclosure/detail?stockCode=601318&announcementId=1219376072&orgId=9900002221&announcementTime=2024-03-22,2024-03-25,2024-06-25,0.027384
601319,中国人保,2023,2024-03-27,中国人保2023年年度报告,http://www.cninfo.com.cn/new/disclosure/detail?stockCode=601319&announcementId=1219411146&orgId=9900024684&announcementTime=2024-03-27,2024-03-28,2024-06-28,0.006981
601328,交通银行,2023,2024-03-28,交通银行2023年度报告,http://www.cninfo.com.cn/new/disclosure/detail?stockCode=601328&announcementId=1219427333&orgId=9900002841&announcementTime=2024-03-28,2024-03-29,2024-07-01,0.20825
601326,秦港股份,2023,2024-03-29,秦皇岛港股份有限公司2023年年度报告,http://www.cninfo.com.cn/new/disclosure/detail?stockCode=601326&announcementId=1219443170&orgId=9900023004&announcementTime=2024-03-29,2024-04-01,2024-07-02,0.021505
601333,广深铁路,2023,2024-03-29,广深铁路2023年年度报告,http://www.cninfo.com.cn/new/disclosure/detail?stockCode=601333&announcementId=1219443194&orgId=9900001741&announcementTime=2024-03-29,2024-04-01,2024-07-02,0.143216
601330,绿色动力,2023,2024-03-29,2023年年度报告,http://www.cninfo.com.cn/new/disclosure/detail?stockCode=601330&announcementId=1219444608&orgId=9900028847&announcementTime=2024-03-29,2024-04-01,2024-07-02,-0.080444
601336,新华保险,2023,2024-03-28,新华保险2023年年度报告,http://www.cninfo.com.cn/new/disclosure/detail?stockCode=601336&announcementId=1219426892&orgId=GD040482&announcementTime=2024-03-28,2024-03-29,2024-07-01,0.030295
601339,百隆东方,2023,2024-04-16,百隆东方2023年年度报告,http://www.cninfo.com.cn/new/disclosure/detail?stockCode=601339&announcementId=1219618329&orgId=9900022783&announcementTime=2024-04-16,2024-04-17,2024-07-16,0.010678
601360,三六零,2023,2024-04-20,三六零安全科技股份有限公司2023年年度报告,http://www.cninfo.com.cn/new/disclosure/detail?stockCode=601360&announcementId=1219689467&orgId=9900021962&announcementTime=2024-04-20,2024-04-22,2024-07-19,-0.051489
601366,利群股份,2023,2024-04-19,利群商业集团股份有限公司2023年年度报告,http://www.cninfo.com.cn/new/disclosure/detail?stockCode=601366&announcementId=1219673443&orgId=9900028735&announcementTime=2024-04-19,2024-04-22,2024-07-19,0.077491
601368,绿城水务,2023,2024-03-27,广西绿城水务股份有限公司2023年年度报告,http://www.cninfo.com.cn/new/disclosure/detail?stockCode=601368&announcementId=1219408907&orgId=9900023964&announcementTime=2024-03-27,2024-03-28,2024-06-28,-0.055556
601369,陕鼓动力,2023,2024-04-18,西安陕鼓动力股份有限公司2023年年度报告全文,http://www.cninfo.com.cn/new/disclosure/detail?stockCode=601369&announcementId=1219647684&orgId=9900012093&announcementTime=2024-04-18,2024-04-19,2024-07-18,-0.194558
601375,中原证券,2023,2024-03-29,中原证券股份有限公司2023年年度报告,http://www.cninfo.com.cn/new/disclosure/detail?stockCode=601375&announcementId=1219453468&orgId=qsgn0000802&announcementTime=2024-03-29,2024-04-01,2024-07-02,-0.067532
601377,兴业证券,2023,2024-04-27,兴业证券2023年年度报告,http://www.cninfo.com.cn/new/disclosure/detail?stockCode=601377&announcementId=1219878037&orgId=qsgn0000076&announcementTime=2024-04-27,2024-04-29,2024-07-26,-0.084314
601388,怡球资源,2023,2024-04-27,怡球资源2023年年度报告,http://www.cninfo.com.cn/new/disclosure/detail?stockCode=601388&announcementId=1219878075&orgId=9900022404&announcementTime=2024-04-27,2024-04-29,2024-07-26,-0.171079
601390,中国中铁,2023,2024-03-29,中国中铁2023年年度报告,http://www.cninfo.com.cn/new/disclosure/detail?stockCode=601390&announcementId=1219446628&orgId=9900003904&announcementTime=2024-03-29,2024-04-01,2024-07-02,-0.06904
601398,工商银行,2023,2024-03-28,工商银行2023年度报告,http://www.cninfo.com.cn/new/disclosure/detail?stockCode=601398&announcementId=1219429144&orgId=jjxt0000019&announcementTime=2024-03-28,2024-03-29,2024-07-01,0.108177
601399,国机重装,2023,2024-04-24,国机重装2023年年度报告,http://www.cninfo.com.cn/new/disclosure/detail?stockCode=601399&announcementId=1219767937&orgId=9900010450&announcementTime=2024-04-24,2024-04-25,2024-07-24,-0.122378
601456,国联民生,2023,2024-03-27,国联证券股份有限公司2023年年度报告,http://www.cninfo.com.cn/new/disclosure/detail?stockCode=601456&announcementId=1219409548&orgId=qsgn0000343&announcementTime=2024-03-27,2024-03-28,2024-07-12,-0.124113
601500,通用股份,2023,2024-04-26,江苏通用科技股份有限公司2023年年度报告,http://www.cninfo.com.cn/new/disclosure/detail?stockCode=601500&announcementId=1219820850&orgId=9900026535&announcementTime=2024-04-26,2024-04-29,2024-07-26,-0.252153
601512,中新集团,2023,2024-04-20,中新集团2023年年度报告,http://www.cninfo.com.cn/new/disclosure/detail?stockCode=601512&announcementId=1219698882&orgId=9900022946&announcementTime=2024-04-20,2024-04-22,2024-07-19,-0.075138
601515,衢州东峰,2023,2024-04-23,东峰集团2023年年度报告,http://www.cninfo.com.cn/new/disclosure/detail?stockCode=601515&announcementId=1219748107&orgId=9900022063&announcementTime=2024-04-23,2024-04-24,2024-07-23,-0.160563
601518,吉林高速,2023,2024-04-13,吉林高速公路股份有限公司2023年年度报告,http://www.cninfo.com.cn/new/disclosure/detail?stockCode=601518&announcementId=1219598932&orgId=9900011627&announcementTime=2024-04-13,2024-04-15,2024-07-12,-0.030879
601519,大智慧,2023,2024-04-12,2023年年度报告,http://www.cninfo.com.cn/new/disclosure/detail?stockCode=601519&announcementId=1219580294&orgId=9900017431&announcementTime=2024-04-12,2024-04-15,2024-07-12,-0.163866
601555,东吴证券,2023,2024-04-30,东吴证券2023年年度报告,http://www.cninfo.com.cn/new/disclosure/detail?stockCode=601555&announcementId=1219922910&orgId=qsgn0000325&announcementTime=2024-04-30,2024-05-06,2024-07-30,-0.1
601528,瑞丰银行,2023,2024-03-28,浙江绍兴瑞丰农村商业银行股份有限公司2023年年度报告,http://www.cninfo.com.cn/new/disclosure/detail?stockCode=601528&announcementId=1219426904&orgId=9900032315&announcementTime=2024-03-28,2024-03-29,2024-07-01,0.008996
601567,三星医疗,2023,2024-04-26,三星医疗2023年年度报告,http://www.cninfo.com.cn/new/disclosure/detail?stockCode=601567&announcementId=1219834121&orgId=9900020091&announcementTime=2024-04-26,2024-04-29,2024-07-26,-0.143698
601566,九牧王,2023,2024-04-26,2023年年度报告,http://www.cninfo.com.cn/new/disclosure/detail?stockCode=601566&announcementId=1219834087&orgId=9900019841&announcementTime=2024-04-26,2024-04-29,2024-07-26,-0.208239
601577,长沙银行,2023,2024-04-27,长沙银行股份有限公司2023年年度报告全文,http://www.cninfo.com.cn/new/disclosure/detail?stockCode=601577&announcementId=1219878094&orgId=9900021960&announcementTime=2024-04-27,2024-04-29,2024-07-26,0.004237
601568,北元集团,2023,2024-04-19,陕西北元化工集团股份有限公司2023年年度报告,http://www.cninfo.com.cn/new/disclosure/detail?stockCode=601568&announcementId=1219668160&orgId=9900039743&announcementTime=2024-04-19,2024-04-22,2024-07-19,-0.084991
601588,北辰实业,2023,2024-03-22,北辰实业2023年年报,http://www.cninfo.com.cn/new/disclosure/detail?stockCode=601588&announcementId=1219375682&orgId=9900000921&announcementTime=2024-03-22,2024-03-25,2024-06-25,-0.286885
601579,会稽山,2023,2024-03-30,会稽山绍兴酒股份有限公司2023年年度报告,http://www.cninfo.com.cn/new/disclosure/detail?stockCode=601579&announcementId=1219463911&orgId=9900023219&announcementTime=2024-03-30,2024-04-01,2024-07-02,0.078067
601598,中国外运,2023,2024-03-23,2023年年度报告,http://www.cninfo.com.cn/new/disclosure/detail?stockCode=601598&announcementId=1219389524&orgId=gshk0000598&announcementTime=2024-03-23,2024-03-25,2024-06-25,-0.059722
601595,上海电影,2023,2024-04-27,2023年年度报告,http://www.cninfo.com.cn/new/disclosure/detail?stockCode=601595&announcementId=1219878117&orgId=9900024674&announcementTime=2024-04-27,2024-04-29,2024-07-26,-0.426573
601599,浙文影业,2023,2024-04-20,2023年年度报告,http://www.cninfo.com.cn/new/disclosure/detail?stockCode=601599&announcementId=1219691634&orgId=9900019840&announcementTime=2024-04-20,2024-04-22,2024-07-19,-0.168539
601600,中国铝业,2023,2024-03-28,中国铝业2023年年度报告全文,http://www.cninfo.com.cn/new/disclosure/detail?stockCode=601600&announcementId=1219430230&orgId=9900002901&announcementTime=2024-03-28,2024-03-29,2024-07-01,0.104054
601606,长城军工,2023,2024-04-30,安徽长城军工股份有限公司2023年年度报告,http://www.cninfo.com.cn/new/disclosure/detail?stockCode=601606&announcementId=1222778779&orgId=9900027664&announcementTime=2024-04-30,2024-05-06,2024-07-30,-0.071828
601601,中国太保,2023,2024-03-29,中国太保2023年年度报告,http://www.cninfo.com.cn/new/disclosure/detail?stockCode=601601&announcementId=1219443217&orgId=9900004003&announcementTime=2024-03-29,2024-04-01,2024-07-02,0.22925
601607,上海医药,2023,2024-03-29,上海医药集团股份有限公司2023年年度报告,http://www.cninfo.com.cn/new/disclosure/detail?stockCode=601607&announcementId=1219448801&orgId=gssh0600849&announcementTime=2024-03-29,2024-04-01,2024-07-02,0.140839
601608,中信重工,2023,2024-03-16,中信重工2023年年度报告,http://www.cninfo.com.cn/new/disclosure/detail?stockCode=601608&announcementId=1219312443&orgId=9900022870&announcementTime=2024-03-16,2024-03-18,2024-06-18,-0.074928
601609,金田股份,2023,2024-04-23,金田股份2023年年度报告,http://www.cninfo.com.cn/new/disclosure/detail?stockCode=601609&announcementId=1219734691&orgId=9900023721&announcementTime=2024-04-23,2024-04-24,2024-07-23,-0.173516
601611,中国核建,2023,2024-04-30,中国核建2023年年度报告,http://www.cninfo.com.cn/new/disclosure/detail?stockCode=601611&announcementId=1219916957&orgId=9900028774&announcementTime=2024-04-30,2024-05-06,2024-07-30,0.007264
601615,明阳智能,2023,2024-04-29,明阳智慧能源集团股份公司2023年年度报告,http://www.cninfo.com.cn/new/disclosure/detail?stockCode=601615&announcementId=1219938402&orgId=9900036760&announcementTime=2024-04-29,2024-04-30,2024-07-29,0.003802
601616,广电电气,2023,2024-03-29,上海广电电气（集团）股份有限公司2023年年度报告,http://www.cninfo.com.cn/new/disclosure/detail?stockCode=601616&announcementId=1219441039&orgId=9900017667&announcementTime=2024-03-29,2024-04-01,2024-07-02,-0.009245
601618,中国中冶,2023,2024-03-29,中国中冶2023年年度报告,http://www.cninfo.com.cn/new/disclosure/detail?stockCode=601618&announcementId=1219443291&orgId=9900008087&announcementTime=2024-03-29,2024-04-01,2024-07-02,-0.069212
601619,嘉泽新能,2023,2024-04-23,宁夏嘉泽新能源股份有限公司2023 年年度报告,http://www.cninfo.com.cn/new/disclosure/detail?stockCode=601619&announcementId=1219742280&orgId=9900031909&announcementTime=2024-04-23,2024-04-24,2024-07-23,-0.110811
601628,中国人寿,2023,2024-03-28,中国人寿2023年年度报告,http://www.cninfo.com.cn/new/disclosure/detail?stockCode=601628&announcementId=1219426152&orgId=9900001881&announcementTime=2024-03-28,2024-03-29,2024-07-01,0.103822
601633,长城汽车,2023,2024-03-29,长城汽车股份有限公司2023年年度报告,http://www.cninfo.com.cn/new/disclosure/detail?stockCode=601633&announcementId=1219446697&orgId=gshk0002333&announcementTime=2024-03-29,2024-04-01,2024-07-02,0.093348
601636,旗滨集团,2023,2024-04-25,旗滨集团2023年年度报告,http://www.cninfo.com.cn/new/disclosure/detail?stockCode=601636&announcementId=1219803536&orgId=9900021239&announcementTime=2024-04-25,2024-04-26,2024-07-25,-0.149123
601658,邮储银行,2023,2024-03-29,中国邮政储蓄银行股份有限公司2023年年度报告,http://www.cninfo.com.cn/new/disclosure/detail?stockCode=601658&announcementId=1219443332&orgId=9900005091&announcementTime=2024-03-29,2024-04-01,2024-07-02,0.087413
601665,齐鲁银行,2023,2024-04-27,齐鲁银行股份有限公司2023年年度报告,http://www.cninfo.com.cn/new/disclosure/detail?stockCode=601665&announcementId=1219878187&orgId=9900010908&announcementTime=2024-04-27,2024-04-29,2024-07-26,0.02729
601666,平煤股份,2023,2024-03-19,平顶山天安煤业股份有限公司2023年年度报告,http://www.cninfo.com.cn/new/disclosure/detail?stockCode=601666&announcementId=1219331314&orgId=9900001301&announcementTime=2024-03-19,2024-03-20,2024-06-20,0.052174
601669,中国电建,2023,2024-04-26,中国电力建设股份有限公司2023年年度报告,http://www.cninfo.com.cn/new/disclosure/detail?stockCode=601669&announcementId=1219834195&orgId=9900019726&announcementTime=2024-04-26,2024-04-29,2024-07-26,0.059271
601668,中国建筑,2023,2024-04-19,中国建筑股份有限公司2023年年度报告,http://www.cninfo.com.cn/new/disclosure/detail?stockCode=601668&announcementId=1219674825&orgId=9900005970&announcementTime=2024-04-19,2024-04-22,2024-07-19,0.070069
601678,滨化股份,2023,2024-04-27,滨化股份2023年年度报告,http://www.cninfo.com.cn/new/disclosure/detail?stockCode=601678&announcementId=1219878256&orgId=9900010667&announcementTime=2024-04-27,2024-04-29,2024-07-26,-0.116676
601677,明泰铝业,2023,2024-04-27,明泰铝业2023年年度报告,http://www.cninfo.com.cn/new/disclosure/detail?stockCode=601677&announcementId=1219878236&orgId=9900021432&announcementTime=2024-04-27,2024-04-29,2024-07-26,-0.031043
601688,华泰证券,2023,2024-03-29,华泰证券股份有限公司2023年年度报告,http://www.cninfo.com.cn/new/disclosure/detail?stockCode=601688&announcementId=1219442543&orgId=qsgn0000161&announcementTime=2024-03-29,2024-04-01,2024-07-02,-0.127165
601686,友发集团,2023,2024-04-19,友发集团：2023年年度报告,http://www.cninfo.com.cn/new/disclosure/detail?stockCode=601686&announcementId=1219667277&orgId=9900039715&announcementTime=2024-04-19,2024-04-22,2024-07-19,-0.188105
601689,拓普集团,2023,2024-04-23,拓普集团2023年年度报告,http://www.cninfo.com.cn/new/disclosure/detail?stockCode=601689&announcementId=1219742972&orgId=9900023677&announcementTime=2024-04-23,2024-04-24,2024-07-23,-0.012221
601696,中银证券,2023,2024-04-30,2023年年度报告,http://www.cninfo.com.cn/new/disclosure/detail?stockCode=601696&announcementId=1222778949&orgId=qsgn0000638&announcementTime=2024-04-30,2024-05-06,2024-07-30,-0.129187
601698,中国卫通,2023,2024-04-02,中国卫通2023年年度报告,http://www.cninfo.com.cn/new/disclosure/detail?stockCode=601698&announcementId=1219492598&orgId=9900036546&announcementTime=2024-04-02,2024-04-03,2024-07-04,-0.140051
601699,潞安环能,2023,2024-04-19,潞安环能2023年年度报告,http://www.cninfo.com.cn/new/disclosure/detail?stockCode=601699&announcementId=1219674006&orgId=9900000721&announcementTime=2024-04-19,2024-04-22,2024-07-19,-0.268368
601702,华峰铝业,2023,2024-04-26,上海华峰铝业股份有限公司2023年年度报告,http://www.cninfo.com.cn/new/disclosure/detail?stockCode=601702&announcementId=1219824754&orgId=9900038468&announcementTime=2024-04-26,2024-04-29,2024-07-26,-0.150888
601700,风范股份,2023,2024-04-30,常熟风范电力设备股份有限公司2023年年度报告,http://www.cninfo.com.cn/new/disclosure/detail?stockCode=601700&announcementId=1219905473&orgId=9900017119&announcementTime=2024-04-30,2024-05-06,2024-07-30,-0.227042
601717,中创智领,2023,2024-03-29,郑州煤矿机械集团股份有限公司2023年年度报告,http://www.cninfo.com.cn/new/disclosure/detail?stockCode=601717&announcementId=1219449256&orgId=9900013667&announcementTime=2024-03-29,2024-04-01,2024-07-02,0.020041
601718,际华集团,2023,2024-04-13,际华集团2023年年度报告,http://www.cninfo.com.cn/new/disclosure/detail?stockCode=601718&announcementId=1219599986&orgId=9900013870&announcementTime=2024-04-13,2024-04-15,2024-07-12,-0.171779
601727,上海电气,2023,2024-03-29,上海电气2023年年度报告,http://www.cninfo.com.cn/new/disclosure/detail?stockCode=601727&announcementId=1219446718&orgId=9900005766&announcementTime=2024-03-29,2024-04-01,2024-07-02,-0.118012
601728,中国电信,2023,2024-03-27,中国电信股份有限公司2023年年度报告,http://www.cninfo.com.cn/new/disclosure/detail?stockCode=601728&announcementId=1219408348&orgId=gshk0000728&announcementTime=2024-03-27,2024-03-28,2024-06-28,0.054217
601777,千里科技,2023,2024-04-13,力帆科技（集团）股份有限公司2023年年度报告,http://www.cninfo.com.cn/new/disclosure/detail?stockCode=601777&announcementId=1219600415&orgId=9900016000&announcementTime=2024-04-13,2024-04-15,2024-07-12,0.326146
601766,中国中车,2023,2024-03-29,中国中车2023年年度报告,http://www.cninfo.com.cn/new/disclosure/detail?stockCode=601766&announcementId=1219444646&orgId=9900005127&announcementTime=2024-03-29,2024-04-01,2024-07-02,0.120856
601778,晶科科技,2023,2024-03-29,2023年年度报告,http://www.cninfo.com.cn/new/disclosure/detail?stockCode=601778&announcementId=1219453502&orgId=9900038390&announcementTime=2024-03-29,2024-04-01,2024-07-02,-0.271028
601788,光大证券,2023,2024-03-28,光大证券股份有限公司2023年年度报告,http://www.cninfo.com.cn/new/disclosure/detail?stockCode=601788&announcementId=1219430858&orgId=qsgn0000085&announcementTime=2024-03-28,2024-03-29,2024-07-01,-0.102061
601789,宁波建工,2023,2024-04-16,宁波建工2023年年度报告,http://www.cninfo.com.cn/new/disclosure/detail?stockCode=601789&announcementId=1219623486&orgId=9900021256&announcementTime=2024-04-16,2024-04-17,2024-07-16,-0.063762
601798,蓝科高新,2023,2024-04-27,甘肃蓝科石化高新装备股份有限公司2023年年度报告,http://www.cninfo.com.cn/new/disclosure/detail?stockCode=601798&announcementId=1219878303&orgId=9900020287&announcementTime=2024-04-27,2024-04-29,2024-07-26,-0.170347
601799,星宇股份,2023,2024-03-28,星宇股份2023年年度报告全文,http://www.cninfo.com.cn/new/disclosure/detail?stockCode=601799&announcementId=1219429902&orgId=9900017668&announcementTime=2024-03-28,2024-03-29,2024-07-01,-0.177062
601800,中国交建,2023,2024-03-29,中国交建2023年年度报告,http://www.cninfo.com.cn/new/disclosure/detail?stockCode=601800&announcementId=1219449278&orgId=gshk0001800&announcementTime=2024-03-29,2024-04-01,2024-07-02,0.037068
601801,皖新传媒,2023,2024-04-18,皖新传媒2023年年度报告,http://www.cninfo.com.cn/new/disclosure/detail?stockCode=601801&announcementId=1219651548&orgId=9900010089&announcementTime=2024-04-18,2024-04-19,2024-07-18,-0.143911
601808,中海油服,2023,2024-03-27,中海油服2023年年度报告,http://www.cninfo.com.cn/new/disclosure/detail?stockCode=601808&announcementId=1219412417&orgId=9900003692&announcementTime=2024-03-27,2024-03-28,2024-06-28,0.037538
601811,新华文轩,2023,2024-03-28,新华文轩2023年年度报告,http://www.cninfo.com.cn/new/disclosure/detail?stockCode=601811&announcementId=1219428368&orgId=gshk0000811&announcementTime=2024-03-28,2024-03-29,2024-07-01,0.031419
601816,京沪高铁,2023,2024-04-30,京沪高速铁路股份有限公司2023年年度报告,http://www.cninfo.com.cn/new/disclosure/detail?stockCode=601816&announcementId=1219911290&orgId=9900041360&announcementTime=2024-04-30,2024-05-06,2024-07-30,0.108059
601818,光大银行,2023,2024-03-28,中国光大银行股份有限公司2023年年度报告,http://www.cninfo.com.cn/new/disclosure/detail?stockCode=601818&announcementId=1219427340&orgId=9900006246&announcementTime=2024-03-28,2024-03-29,2024-07-01,0.037433
601825,沪农商行,2023,2024-04-26,上海农村商业银行股份有限公司2023年年度报告,http://www.cninfo.com.cn/new/disclosure/detail?stockCode=601825&announcementId=1219834232&orgId=9900010687&announcementTime=2024-04-26,2024-04-29,2024-07-26,0.058047
601827,三峰环境,2023,2024-03-29,2023年年度报告,http://www.cninfo.com.cn/new/disclosure/detail?stockCode=601827&announcementId=1219449532&orgId=9900038387&announcementTime=2024-03-29,2024-04-01,2024-07-02,0.173755
601828,美凯龙,2023,2024-03-29,2023年年度报告,http://www.cninfo.com.cn/new/disclosure/detail?stockCode=601828&announcementId=1219453543&orgId=9900024118&announcementTime=2024-03-29,2024-04-01,2024-07-02,-0.204938
601838,成都银行,2023,2024-04-25,成都银行股份有限公司2023年年度报告,http://www.cninfo.com.cn/new/disclosure/detail?stockCode=601838&announcementId=1219797269&orgId=9900021318&announcementTime=2024-04-25,2024-04-26,2024-07-25,0.063932
601857,中国石油,2023,2024-03-26,中国石油天然气股份有限公司2023年度报告,http://www.cninfo.com.cn/new/disclosure/detail?stockCode=601857&announcementId=1219405975&orgId=9900003825&announcementTime=2024-03-26,2024-03-27,2024-06-27,0.085193
601858,中国科传,2023,2024-04-27,中国科技出版传媒股份有限公司2023年年度报告,http://www.cninfo.com.cn/new/disclosure/detail?stockCode=601858&announcementId=1219878347&orgId=9900023751&announcementTime=2024-04-27,2024-04-29,2024-07-26,-0.24734
601860,紫金银行,2023,2024-04-26,江苏紫金农村商业银行股份有限公司2023年年度报告,http://www.cninfo.com.cn/new/disclosure/detail?stockCode=601860&announcementId=1219834247&orgId=9900031760&announcementTime=2024-04-26,2024-04-29,2024-07-26,-0.016611
601865,福莱特,2023,2024-03-27,福莱特玻璃集团股份有限公司2023年年度报告,http://www.cninfo.com.cn/new/disclosure/detail?stockCode=601865&announcementId=1219409572&orgId=9900031502&announcementTime=2024-03-27,2024-03-28,2024-06-28,-0.30604
601866,中远海发,2023,2024-03-29,中远海发2023年年度报告,http://www.cninfo.com.cn/new/disclosure/detail?stockCode=601866&announcementId=1219449563&orgId=9900003962&announcementTime=2024-03-29,2024-04-01,2024-07-02,0.119565
601868,中国能建,2023,2024-03-29,中国能源建设股份有限公司2023年年度报告,http://www.cninfo.com.cn/new/disclosure/detail?stockCode=601868&announcementId=1219448335&orgId=9900031628&announcementTime=2024-03-29,2024-04-01,2024-07-02,0.0
601869,长飞光纤,2023,2024-03-29,长飞光纤光缆股份有限公司2023年年度报告,http://www.cninfo.com.cn/new/disclosure/detail?stockCode=601869&announcementId=1219444663&orgId=GD100544&announcementTime=2024-03-29,2024-04-01,2024-07-02,-0.192382
601872,招商轮船,2023,2024-03-28,招商轮船2023年年度报告,http://www.cninfo.com.cn/new/disclosure/detail?stockCode=601872&announcementId=1219428402&orgId=9900001441&announcementTime=2024-03-28,2024-03-29,2024-07-01,0.127404
601877,正泰电器,2023,2024-04-30,正泰电器2023年年度报告,http://www.cninfo.com.cn/new/disclosure/detail?stockCode=601877&announcementId=1219922952&orgId=9900010254&announcementTime=2024-04-30,2024-05-06,2024-07-30,-0.07745
601878,浙商证券,2023,2024-04-11,浙商证券股份有限公司2023年年度报告,http://www.cninfo.com.cn/new/disclosure/detail?stockCode=601878&announcementId=1219564546&orgId=qsgn0000203&announcementTime=2024-04-11,2024-04-12,2024-07-11,0.068738
601880,辽港股份,2023,2024-03-29,辽宁港口股份有限公司2023年年度报告全文,http://www.cninfo.com.cn/new/disclosure/detail?stockCode=601880&announcementId=1219443364&orgId=gshk0002880&announcementTime=2024-03-29,2024-04-01,2024-07-02,-0.098958
601881,中国银河,2023,2024-03-29,中国银河：2023年度报告,http://www.cninfo.com.cn/new/disclosure/detail?stockCode=601881&announcementId=1219444689&orgId=qsgn0000512&announcementTime=2024-03-29,2024-04-01,2024-07-02,-0.099125
601882,海天精工,2023,2024-03-26,宁波海天精工股份有限公司2023年年度报告,http://www.cninfo.com.cn/new/disclosure/detail?stockCode=601882&announcementId=1219401088&orgId=9900024758&announcementTime=2024-03-26,2024-03-27,2024-06-27,-0.129245
601886,江河集团,2023,2024-03-28,江河集团2023年年度报告全文,http://www.cninfo.com.cn/new/disclosure/detail?stockCode=601886&announcementId=1219426158&orgId=9900021258&announcementTime=2024-03-28,2024-03-29,2024-07-01,-0.194512
601888,中国中免,2023,2024-03-28,中国旅游集团中免股份有限公司2023年年度报告,http://www.cninfo.com.cn/new/disclosure/detail?stockCode=601888&announcementId=1219426653&orgId=9900008313&announcementTime=2024-03-28,2024-03-29,2024-07-01,-0.258295
601890,亚星锚链,2023,2024-04-23,亚星锚链2023年年度报告,http://www.cninfo.com.cn/new/disclosure/detail?stockCode=601890&announcementId=1219742315&orgId=9900016571&announcementTime=2024-04-23,2024-04-24,2024-07-23,-0.118012
601898,中煤能源,2023,2024-03-21,中国中煤能源股份有限公司2023年年度报告,http://www.cninfo.com.cn/new/disclosure/detail?stockCode=601898&announcementId=1219358376&orgId=9900004221&announcementTime=2024-03-21,2024-03-22,2024-06-24,0.098814
601899,紫金矿业,2023,2024-03-23,紫金矿业集团股份有限公司2023年年度报告,http://www.cninfo.com.cn/new/disclosure/detail?stockCode=601899&announcementId=1219390064&orgId=9900004143&announcementTime=2024-03-23,2024-03-25,2024-06-25,0.141213
601900,南方传媒,2023,2024-04-25,南方传媒2023年年度报告,http://www.cninfo.com.cn/new/disclosure/detail?stockCode=601900&announcementId=1219797306&orgId=9900024439&announcementTime=2024-04-25,2024-04-26,2024-07-25,-0.108789
601901,方正证券,2023,2024-03-20,2023年年度报告,http://www.cninfo.com.cn/new/disclosure/detail?stockCode=601901&announcementId=1219348116&orgId=9900021222&announcementTime=2024-03-20,2024-03-21,2024-06-21,0.023838
601908,京运通,2023,2024-04-18,2023年年度报告,http://www.cninfo.com.cn/new/disclosure/detail?stockCode=601908&announcementId=1219652197&orgId=9900021379&announcementTime=2024-04-18,2024-04-19,2024-07-18,-0.320363
601916,浙商银行,2023,2024-03-29,浙商银行股份有限公司2023年度报告,http://www.cninfo.com.cn/new/disclosure/detail?stockCode=601916&announcementId=1219447663&orgId=9900007207&announcementTime=2024-03-29,2024-04-01,2024-07-02,0.005333
601918,新集能源,2023,2024-03-21,新集能源2023年年度报告全文,http://www.cninfo.com.cn/new/disclosure/detail?stockCode=601918&announcementId=1219357694&orgId=9900003914&announcementTime=2024-03-21,2024-03-22,2024-06-24,0.2639
601919,中远海控,2023,2024-03-29,中远海控2023年年度报告,http://www.cninfo.com.cn/new/disclosure/detail?stockCode=601919&announcementId=1219449961&orgId=9900003201&announcementTime=2024-03-29,2024-04-01,2024-07-02,0.572437
601921,浙版传媒,2023,2024-04-25,浙江出版传媒股份有限公司2023年年度报告,http://www.cninfo.com.cn/new/disclosure/detail?stockCode=601921&announcementId=1219795939&orgId=9900041882&announcementTime=2024-04-25,2024-04-26,2024-07-25,-0.031674
601928,凤凰传媒,2023,2024-04-23,凤凰传媒2023年年度报告,http://www.cninfo.com.cn/new/disclosure/detail?stockCode=601928&announcementId=1219737614&orgId=9900021782&announcementTime=2024-04-23,2024-04-24,2024-07-23,0.018301
601929,吉视传媒,2023,2024-04-12,吉视传媒股份有限公司2023年年度报告,http://www.cninfo.com.cn/new/disclosure/detail?stockCode=601929&announcementId=1219582498&orgId=9900022073&announcementTime=2024-04-12,2024-04-15,2024-07-12,-0.25
601939,建设银行,2023,2024-03-29,建设银行2023年年度报告,http://www.cninfo.com.cn/new/disclosure/detail?stockCode=601939&announcementId=1219447696&orgId=9900003682&announcementTime=2024-03-29,2024-04-01,2024-07-02,0.122691
601933,永辉超市,2023,2024-04-27,永辉超市股份有限公司2023年年度报告,http://www.cninfo.com.cn/new/disclosure/detail?stockCode=601933&announcementId=1219878384&orgId=9900016367&announcementTime=2024-04-27,2024-04-29,2024-07-26,-0.048095
601952,苏垦农发,2023,2024-04-19,苏垦农发2023年年度报告,http://www.cninfo.com.cn/new/disclosure/detail?stockCode=601952&announcementId=1219669711&orgId=9900030581&announcementTime=2024-04-19,2024-04-22,2024-07-19,-0.128332
601949,中国出版,2023,2024-04-27,中国出版传媒股份有限公司2023年年度报告,http://www.cninfo.com.cn/new/disclosure/detail?stockCode=601949&announcementId=1219878407&orgId=9900031902&announcementTime=2024-04-27,2024-04-29,2024-07-26,-0.209302
601958,金钼股份,2023,2024-04-03,金钼股份2023年年度报告,http://www.cninfo.com.cn/new/disclosure/detail?stockCode=601958&announcementId=1219504113&orgId=9900004461&announcementTime=2024-04-03,2024-04-08,2024-07-05,-0.034541
601956,东贝集团,2023,2024-04-04,湖北东贝机电集团股份有限公司2023年年度报告,http://www.cninfo.com.cn/new/disclosure/detail?stockCode=601956&announcementId=1219518384&orgId=GD008131&announcementTime=2024-04-04,2024-04-08,2024-07-05,-0.053232
601965,中国汽研,2023,2024-04-26,中国汽研2023年年度报告,http://www.cninfo.com.cn/new/disclosure/detail?stockCode=601965&announcementId=1219834269&orgId=9900022752&announcementTime=2024-04-26,2024-04-29,2024-07-26,-0.09739
601963,重庆银行,2023,2024-03-28,2023年度报告,http://www.cninfo.com.cn/new/disclosure/detail?stockCode=601963&announcementId=1219426953&orgId=9900006641&announcementTime=2024-03-28,2024-03-29,2024-07-01,0.080048
601968,宝钢包装,2023,2024-04-27,2023年年度报告,http://www.cninfo.com.cn/new/disclosure/detail?stockCode=601968&announcementId=1219884492&orgId=9900024535&announcementTime=2024-04-27,2024-04-29,2024-07-26,-0.152057
601966,玲珑轮胎,2023,2024-04-25,山东玲珑轮胎股份有限公司2023年年度报告,http://www.cninfo.com.cn/new/disclosure/detail?stockCode=601966&announcementId=1219788180&orgId=9900023113&announcementTime=2024-04-25,2024-04-26,2024-07-25,-0.242898
601975,招商南油,2023,2024-03-26,招商南油2023年年度报告,http://www.cninfo.com.cn/new/disclosure/detail?stockCode=601975&announcementId=1219406315&orgId=gssh0600087&announcementTime=2024-03-26,2024-03-27,2024-06-27,0.06422
601969,海南矿业,2023,2024-03-26,海南矿业股份有限公司2023年年度报告,http://www.cninfo.com.cn/new/disclosure/detail?stockCode=601969&announcementId=1219403529&orgId=9900023250&announcementTime=2024-03-26,2024-03-27,2024-06-27,0.004594
601985,中国核电,2023,2024-04-27,中国核电2023年年度报告,http://www.cninfo.com.cn/new/disclosure/detail?stockCode=601985&announcementId=1219878447&orgId=9900022188&announcementTime=2024-04-27,2024-04-29,2024-07-26,0.331797
601988,中国银行,2023,2024-03-29,中国银行股份有限公司2023年年度报告,http://www.cninfo.com.cn/new/disclosure/detail?stockCode=601988&announcementId=1219445780&orgId=jjxt0000028&announcementTime=2024-03-29,2024-04-01,2024-07-02,0.079646
601990,南京证券,2023,2024-04-26,南京证券股份有限公司2023年年度报告,http://www.cninfo.com.cn/new/disclosure/detail?stockCode=601990&announcementId=1219824767&orgId=qsgn0000240&announcementTime=2024-04-26,2024-04-29,2024-07-26,-0.057143
601991,大唐发电,2023,2024-03-23,大唐发电2023年年度报告,http://www.cninfo.com.cn/new/disclosure/detail?stockCode=601991&announcementId=1219391421&orgId=9900001601&announcementTime=2024-03-23,2024-03-25,2024-06-25,0.061518
601992,金隅集团,2023,2024-04-02,唐山冀东水泥股份有限公司2023年年度报告,http://www.cninfo.com.cn/new/disclosure/detail?stockCode=601992&announcementId=1219492025&orgId=9900006630&announcementTime=2024-04-02,2024-04-03,2024-07-04,-0.302231
601995,中金公司,2023,2024-03-29,中金公司2023年年度报告,http://www.cninfo.com.cn/new/disclosure/detail?stockCode=601995&announcementId=1219448827&orgId=qsgn0000421&announcementTime=2024-03-29,2024-04-01,2024-07-02,-0.097753
601996,丰林集团,2023,2024-03-27,广西丰林木业集团股份有限公司2023年年度报告,http://www.cninfo.com.cn/new/disclosure/detail?stockCode=601996&announcementId=1219410573&orgId=9900021478&announcementTime=2024-03-27,2024-03-28,2024-06-28,-0.203422
601997,贵阳银行,2023,2024-04-27,贵阳银行股份有限公司2023年年度报告,http://www.cninfo.com.cn/new/disclosure/detail?stockCode=601997&announcementId=1219878516&orgId=9900022955&announcementTime=2024-04-27,2024-04-29,2024-07-26,-0.016915
601998,中信银行,2023,2024-03-22,中信银行股份有限公司2023年年度报告,http://www.cninfo.com.cn/new/disclosure/detail?stockCode=601998&announcementId=1219375055&orgId=9900002721&announcementTime=2024-03-22,2024-03-25,2024-06-25,0.072257
601999,出版传媒,2023,2024-04-27,出版传媒2023年年度报告,http://www.cninfo.com.cn/new/disclosure/detail?stockCode=601999&announcementId=1219878554&orgId=9900003948&announcementTime=2024-04-27,2024-04-29,2024-07-26,-0.140299
603000,人民网,2023,2024-04-18,人民网股份有限公司2023年年度报告,http://www.cninfo.com.cn/new/disclosure/detail?stockCode=603000&announcementId=1219647384&orgId=9900022477&announcementTime=2024-04-18,2024-04-19,2024-07-18,-0.21092
603001,奥康国际,2023,2024-04-30,2023年年度报告,http://www.cninfo.com.cn/new/disclosure/detail?stockCode=603001&announcementId=1219926483&orgId=9900022510&announcementTime=2024-04-30,2024-05-06,2024-07-31,-0.066766
603002,宏昌电子,2023,2024-04-25,宏昌电子2023年年度报告,http://www.cninfo.com.cn/new/disclosure/detail?stockCode=603002&announcementId=1219796595&orgId=9900022649&announcementTime=2024-04-25,2024-04-26,2024-07-25,0.029656
603004,鼎龙科技,2023,2024-04-26,2023年年度报告,http://www.cninfo.com.cn/new/disclosure/detail?stockCode=603004&announcementId=1219834333&orgId=9900048374&announcementTime=2024-04-26,2024-04-29,2024-07-26,-0.082395
603005,晶方科技,2023,2024-04-20,晶方科技2023年年度报告,http://www.cninfo.com.cn/new/disclosure/detail?stockCode=603005&announcementId=1219696117&orgId=9900022989&announcementTime=2024-04-20,2024-04-22,2024-07-19,0.388016
603006,联明股份,2023,2024-04-26,2023年年度报告,http://www.cninfo.com.cn/new/disclosure/detail?stockCode=603006&announcementId=1219816503&orgId=9900023816&announcementTime=2024-04-26,2024-04-29,2024-07-26,-0.292991
603007,*ST花王,2023,2024-04-30,2023年年度报告,http://www.cninfo.com.cn/new/disclosure/detail?stockCode=603007&announcementId=1219927082&orgId=9900026537&announcementTime=2024-04-30,2024-05-06,2024-07-30,-0.087392
603008,喜临门,2023,2024-04-26,喜临门家具股份有限公司2023年年度报告,http://www.cninfo.com.cn/new/disclosure/detail?stockCode=603008&announcementId=1219834378&orgId=9900023007&announcementTime=2024-04-26,2024-04-29,2024-07-26,-0.155967
603009,北特科技,2023,2024-04-03,北特科技2023年年度报告,http://www.cninfo.com.cn/new/disclosure/detail?stockCode=603009&announcementId=1219503023&orgId=9900022982&announcementTime=2024-04-03,2024-04-08,2024-07-05,0.093955
603010,万盛股份,2023,2024-03-26,浙江万盛股份有限公司2023年年度报告,http://www.cninfo.com.cn/new/disclosure/detail?stockCode=603010&announcementId=1219401525&orgId=9900022964&announcementTime=2024-03-26,2024-03-27,2024-06-27,-0.002521
603011,合锻智能,2023,2024-04-24,合肥合锻智能制造股份有限公司2023年年度报告,http://www.cninfo.com.cn/new/disclosure/detail?stockCode=603011&announcementId=1219764391&orgId=9900023764&announcementTime=2024-04-24,2024-04-25,2024-07-24,-0.224727
603012,创力集团,2023,2024-04-26,创力集团2023年度报告,http://www.cninfo.com.cn/new/disclosure/detail?stockCode=603012&announcementId=1219834480&orgId=9900023710&announcementTime=2024-04-26,2024-04-29,2024-07-26,-0.169565
603015,弘讯科技,2023,2024-04-24,2023年年度报告全文,http://www.cninfo.com.cn/new/disclosure/detail?stockCode=603015&announcementId=1219763245&orgId=9900023700&announcementTime=2024-04-24,2024-04-25,2024-07-24,-0.184741
603013,亚普股份,2023,2024-03-29,亚普汽车部件股份有限公司2023年年度报告,http://www.cninfo.com.cn/new/disclosure/detail?stockCode=603013&announcementId=1219437986&orgId=9900023758&announcementTime=2024-03-29,2024-04-01,2024-07-02,-0.157326
603016,新宏泰,2023,2024-04-26,2023年年度报告,http://www.cninfo.com.cn/new/disclosure/detail?stockCode=603016&announcementId=1219834503&orgId=9900024938&announcementTime=2024-04-26,2024-04-29,2024-07-26,-0.103739
603017,中衡设计,2023,2024-04-23,2023年年度报告,http://www.cninfo.com.cn/new/disclosure/detail?stockCode=603017&announcementId=1219740972&orgId=9900023640&announcementTime=2024-04-23,2024-04-24,2024-07-23,-0.22242
603018,华设集团,2023,2024-03-28,2023年年度报告,http://www.cninfo.com.cn/new/disclosure/detail?stockCode=603018&announcementId=1219430261&orgId=9900023176&announcementTime=2024-03-28,2024-03-29,2024-07-01,0.072869
603019,中科曙光,2023,2024-04-18,中科曙光2023年年度报告,http://www.cninfo.com.cn/new/disclosure/detail?stockCode=603019&announcementId=1219653314&orgId=9900023134&announcementTime=2024-04-18,2024-04-19,2024-07-18,-0.106726
603020,爱普股份,2023,2024-04-23,爱普香料集团股份有限公司2023年年度报告,http://www.cninfo.com.cn/new/disclosure/detail?stockCode=603020&announcementId=1219737662&orgId=9900023123&announcementTime=2024-04-23,2024-04-24,2024-07-23,-0.092923
603021,ST华鹏,2023,2024-04-27,山东华鹏2023年年度报告,http://www.cninfo.com.cn/new/disclosure/detail?stockCode=603021&announcementId=1219878593&orgId=9900023482&announcementTime=2024-04-27,2024-04-29,2024-07-26,-0.227483
603022,新通联,2023,2024-04-26,新通联2023年年度报告,http://www.cninfo.com.cn/new/disclosure/detail?stockCode=603022&announcementId=1219834525&orgId=9900023675&announcementTime=2024-04-26,2024-04-29,2024-07-26,-0.13623
603023,威帝股份,2023,2024-04-30,2023年年度报告,http://www.cninfo.com.cn/new/disclosure/detail?stockCode=603023&announcementId=1219917198&orgId=9900023114&announcementTime=2024-04-30,2024-05-06,2024-07-30,-0.287217
603025,大豪科技,2023,2024-04-25,北京大豪科技股份有限公司2023年年度报告,http://www.cninfo.com.cn/new/disclosure/detail?stockCode=603025&announcementId=1219787819&orgId=9900023457&announcementTime=2024-04-25,2024-04-26,2024-07-25,-0.028242
603026,石大胜华,2023,2024-04-26,胜华新材2023年年度报告,http://www.cninfo.com.cn/new/disclosure/detail?stockCode=603026&announcementId=1219840194&orgId=9900022966&announcementTime=2024-04-26,2024-04-29,2024-07-26,-0.291095
603027,千禾味业,2023,2024-04-30,千禾味业食品股份有限公司2023年年度报告,http://www.cninfo.com.cn/new/disclosure/detail?stockCode=603027&announcementId=1219917226&orgId=9900024904&announcementTime=2024-04-30,2024-05-06,2024-07-30,-0.142533
603029,天鹅股份,2023,2024-04-09,山东天鹅棉业机械股份有限公司2023年年度报告,http://www.cninfo.com.cn/new/disclosure/detail?stockCode=603029&announcementId=1219534795&orgId=9900024504&announcementTime=2024-04-09,2024-04-10,2024-07-09,-0.193438
603028,赛福天,2023,2024-04-26,2023年年度报告,http://www.cninfo.com.cn/new/disclosure/detail?stockCode=603028&announcementId=1219841424&orgId=9900024903&announcementTime=2024-04-26,2024-04-29,2024-07-26,-0.262552
603030,全筑股份,2023,2024-04-10,全筑股份2023年年度报告,http://www.cninfo.com.cn/new/disclosure/detail?stockCode=603030&announcementId=1219555017&orgId=9900023461&announcementTime=2024-04-10,2024-04-11,2024-07-12,-0.082833
603031,安孚科技,2023,2024-03-12,安徽安孚电池科技股份有限公司2023年年度报告,http://www.cninfo.com.cn/new/disclosure/detail?stockCode=603031&announcementId=1219288374&orgId=9900024937&announcementTime=2024-03-12,2024-03-13,2024-06-24,-0.332821
603032,德新科技,2023,2024-04-10,德力西新能源科技股份有限公司2023年年度报告,http://www.cninfo.com.cn/new/disclosure/detail?stockCode=603032&announcementId=1219552773&orgId=9900030090&announcementTime=2024-04-10,2024-04-11,2024-07-10,-0.502197
603033,三维股份,2023,2024-04-30,三维控股集团股份有限公司2023年年度报告,http://www.cninfo.com.cn/new/disclosure/detail?stockCode=603033&announcementId=1219905532&orgId=9900026790&announcementTime=2024-04-30,2024-05-06,2024-07-30,-0.282653
603035,常熟汽饰,2023,2024-04-16,江苏常熟汽饰集团股份有限公司2023年年度报告（全文）,http://www.cninfo.com.cn/new/disclosure/detail?stockCode=603035&announcementId=1219619775&orgId=9900029042&announcementTime=2024-04-16,2024-04-17,2024-07-16,-0.122331
603036,如通股份,2023,2024-04-12,如通股份2023年年度报告全文,http://www.cninfo.com.cn/new/disclosure/detail?stockCode=603036&announcementId=1219579777&orgId=9900026788&announcementTime=2024-04-12,2024-04-15,2024-07-12,-0.162773
603037,凯众股份,2023,2024-04-27,2023年年度报告,http://www.cninfo.com.cn/new/disclosure/detail?stockCode=603037&announcementId=1219878618&orgId=9900029866&announcementTime=2024-04-27,2024-04-29,2024-07-26,-0.17461
603038,华立股份,2023,2024-04-12,2023年年度报告,http://www.cninfo.com.cn/new/disclosure/detail?stockCode=603038&announcementId=1219582570&orgId=9900024798&announcementTime=2024-04-12,2024-04-15,2024-07-12,-0.237644
603039,泛微网络,2023,2024-03-29,泛微网络2023年年度报告,http://www.cninfo.com.cn/new/disclosure/detail?stockCode=603039&announcementId=1219445839&orgId=9900029865&announcementTime=2024-03-29,2024-04-01,2024-07-02,-0.179395
603040,新坐标,2023,2024-04-27,新坐标2023年年度报告,http://www.cninfo.com.cn/new/disclosure/detail?stockCode=603040&announcementId=1219878638&orgId=9900029981&announcementTime=2024-04-27,2024-04-29,2024-07-26,-0.120953
603041,美思德,2023,2024-04-27,江苏美思德化学股份有限公司2023年年度报告,http://www.cninfo.com.cn/new/disclosure/detail?stockCode=603041&announcementId=1219878718&orgId=9900030661&announcementTime=2024-04-27,2024-04-29,2024-07-26,-0.146635
603042,华脉科技,2023,2024-04-20,2023年年度报告,http://www.cninfo.com.cn/new/disclosure/detail?stockCode=603042&announcementId=1219707291&orgId=9900031495&announcementTime=2024-04-20,2024-04-22,2024-07-19,0.007576
603043,广州酒家,2023,2024-03-29,广州酒家：2023年年度报告,http://www.cninfo.com.cn/new/disclosure/detail?stockCode=603043&announcementId=1219444746&orgId=9900023009&announcementTime=2024-03-29,2024-04-01,2024-07-02,-0.076316
603045,福达合金,2023,2024-04-26,2023年年度报告,http://www.cninfo.com.cn/new/disclosure/detail?stockCode=603045&announcementId=1219834575&orgId=9900023670&announcementTime=2024-04-26,2024-04-29,2024-07-26,-0.191937
603048,浙江黎明,2023,2024-04-27,2023年年度报告,http://www.cninfo.com.cn/new/disclosure/detail?stockCode=603048&announcementId=1219878751&orgId=9900047835&announcementTime=2024-04-27,2024-04-29,2024-07-26,-0.074984
603050,科林电气,2023,2024-04-18,科林电气 2023年年度报告,http://www.cninfo.com.cn/new/disclosure/detail?stockCode=603050&announcementId=1219648748&orgId=9900023860&announcementTime=2024-04-18,2024-04-19,2024-07-19,0.010204
603051,鹿山新材,2023,2024-04-23,广州鹿山新材料股份有限公司2023年年度报告,http://www.cninfo.com.cn/new/disclosure/detail?stockCode=603051&announcementId=1219742349&orgId=9900022812&announcementTime=2024-04-23,2024-04-24,2024-07-23,-0.101341
603052,可川科技,2023,2024-04-29,2023年年度报告,http://www.cninfo.com.cn/new/disclosure/detail?stockCode=603052&announcementId=1219890786&orgId=9900039839&announcementTime=2024-04-29,2024-04-30,2024-07-29,0.147464
603053,成都燃气,2023,2024-04-20,成都燃气2023年年度报告,http://www.cninfo.com.cn/new/disclosure/detail?stockCode=603053&announcementId=1219698894&orgId=9900037233&announcementTime=2024-04-20,2024-04-22,2024-07-19,-0.045987
603055,台华新材,2023,2024-04-09,浙江台华新材料股份有限公司2023年年度报告,http://www.cninfo.com.cn/new/disclosure/detail?stockCode=603055&announcementId=1219538881&orgId=9900024946&announcementTime=2024-04-09,2024-04-10,2024-07-09,-0.000649
603057,紫燕食品,2023,2024-04-20,紫燕食品2023年年度报告,http://www.cninfo.com.cn/new/disclosure/detail?stockCode=603057&announcementId=1219694250&orgId=nssc1000798&announcementTime=2024-04-20,2024-04-22,2024-07-19,-0.235972
603056,德邦股份,2023,2024-04-27,德邦物流股份有限公司2023年年度报告,http://www.cninfo.com.cn/new/disclosure/detail?stockCode=603056&announcementId=1219878773&orgId=DR0000021&announcementTime=2024-04-27,2024-04-29,2024-07-26,-0.252315
603059,倍加洁,2023,2024-04-23,倍加洁集团股份有限公司2023年年度报告,http://www.cninfo.com.cn/new/disclosure/detail?stockCode=603059&announcementId=1219737733&orgId=9900034525&announcementTime=2024-04-23,2024-04-24,2024-07-23,-0.155699
603058,永吉股份,2023,2024-03-29,贵州永吉印务股份有限公司2023年年度报告,http://www.cninfo.com.cn/new/disclosure/detail?stockCode=603058&announcementId=1219446761&orgId=9900030781&announcementTime=2024-03-29,2024-04-01,2024-07-02,-0.059959
603061,金海通,2023,2024-04-27,2023年年度报告,http://www.cninfo.com.cn/new/disclosure/detail?stockCode=603061&announcementId=1219878803&orgId=9900048113&announcementTime=2024-04-27,2024-04-29,2024-07-26,-0.017213
603060,国检集团,2023,2024-04-30,国检集团2023年年度报告,http://www.cninfo.com.cn/new/disclosure/detail?stockCode=603060&announcementId=1219917290&orgId=9900026560&announcementTime=2024-04-30,2024-05-06,2024-07-30,-0.235355
603063,禾望电气,2023,2024-04-19,深圳市禾望电气股份有限公司2023年年度报告,http://www.cninfo.com.cn/new/disclosure/detail?stockCode=603063&announcementId=1219670212&orgId=9900031488&announcementTime=2024-04-19,2024-04-22,2024-07-19,-0.171443
603062,麦加芯彩,2023,2024-04-23,公司2023年年度报告,http://www.cninfo.com.cn/new/disclosure/detail?stockCode=603062&announcementId=1219741039&orgId=9900056874&announcementTime=2024-04-23,2024-04-24,2024-07-23,-0.183005
603065,宿迁联盛,2023,2024-04-27,宿迁联盛2023年年度报告,http://www.cninfo.com.cn/new/disclosure/detail?stockCode=603065&announcementId=1219878834&orgId=9900051383&announcementTime=2024-04-27,2024-04-29,2024-07-26,-0.268195
603066,音飞储存,2023,2024-04-26,音飞储存2023年年度报告,http://www.cninfo.com.cn/new/disclosure/detail?stockCode=603066&announcementId=1219820124&orgId=9900023471&announcementTime=2024-04-26,2024-04-29,2024-07-26,-0.169388
603067,振华股份,2023,2024-04-10,振华股份2023年年度报告,http://www.cninfo.com.cn/new/disclosure/detail?stockCode=603067&announcementId=1219552290&orgId=9900024048&announcementTime=2024-04-10,2024-04-11,2024-07-10,0.291347
603068,博通集成,2023,2024-04-27,博通集成博通集成2023年度报告,http://www.cninfo.com.cn/new/disclosure/detail?stockCode=603068&announcementId=1219878853&orgId=9900036059&announcementTime=2024-04-27,2024-04-29,2024-07-26,0.066502
603069,海汽集团,2023,2024-04-17,海汽集团2023年年度报告,http://www.cninfo.com.cn/new/disclosure/detail?stockCode=603069&announcementId=1219637219&orgId=9900024949&announcementTime=2024-04-17,2024-04-18,2024-07-17,-0.010393
603070,万控智造,2023,2024-04-27,万控智造：2023年年度报告,http://www.cninfo.com.cn/new/disclosure/detail?stockCode=603070&announcementId=1219878890&orgId=nssc1000483&announcementTime=2024-04-27,2024-04-29,2024-07-26,-0.017213
603071,物产环能,2023,2024-04-19,浙江物产环保能源股份有限公司2023年年度报告,http://www.cninfo.com.cn/new/disclosure/detail?stockCode=603071&announcementId=1219668228&orgId=9900046526&announcementTime=2024-04-19,2024-04-22,2024-07-19,-0.119141
603073,彩蝶实业,2023,2024-04-26,浙江彩蝶实业股份有限公司2023年年度报告,http://www.cninfo.com.cn/new/disclosure/detail?stockCode=603073&announcementId=1219817030&orgId=nssc1000544&announcementTime=2024-04-26,2024-04-29,2024-07-26,-0.154819
603075,热威股份,2023,2024-04-16,2023年度报告,http://www.cninfo.com.cn/new/disclosure/detail?stockCode=603075&announcementId=1219619784&orgId=nssc1000638&announcementTime=2024-04-16,2024-04-17,2024-07-16,-0.04399
603076,乐惠国际,2023,2024-04-27,乐惠国际2023年年度报告,http://www.cninfo.com.cn/new/disclosure/detail?stockCode=603076&announcementId=1219878951&orgId=9900032992&announcementTime=2024-04-27,2024-04-29,2024-07-26,-0.245194
603077,和邦生物,2023,2024-04-20,和邦生物2023年年度报告,http://www.cninfo.com.cn/new/disclosure/detail?stockCode=603077&announcementId=1219691044&orgId=9900023244&announcementTime=2024-04-20,2024-04-22,2024-07-19,-0.277017
603078,江化微,2023,2024-03-16,江阴江化微电子材料股份有限公司2023年年度报告,http://www.cninfo.com.cn/new/disclosure/detail?stockCode=603078&announcementId=1219313496&orgId=9900030584&announcementTime=2024-03-16,2024-03-18,2024-06-18,0.068148
603079,圣达生物,2023,2024-04-20,浙江圣达生物药业股份有限公司2023年年度报告,http://www.cninfo.com.cn/new/disclosure/detail?stockCode=603079&announcementId=1219705456&orgId=9900031480&announcementTime=2024-04-20,2024-04-22,2024-07-19,0.258836
603080,新疆火炬,2023,2024-04-26,新疆火炬2023年年度报告,http://www.cninfo.com.cn/new/disclosure/detail?stockCode=603080&announcementId=1219815668&orgId=gfbj0832099&announcementTime=2024-04-26,2024-04-29,2024-07-26,-0.054839
603081,大丰实业,2023,2024-04-25,浙江大丰实业股份有限公司2023年年度报告,http://www.cninfo.com.cn/new/disclosure/detail?stockCode=603081&announcementId=1219799948&orgId=9900030818&announcementTime=2024-04-25,2024-04-26,2024-07-25,-0.015253
603082,北自科技,2023,2024-04-19,2023年年度报告,http://www.cninfo.com.cn/new/disclosure/detail?stockCode=603082&announcementId=1219671831&orgId=9900053997&announcementTime=2024-04-19,2024-04-22,2024-07-19,-0.189508
603083,剑桥科技,2023,2024-03-19,2023年年度报告,http://www.cninfo.com.cn/new/disclosure/detail?stockCode=603083&announcementId=1219330244&orgId=9900033004&announcementTime=2024-03-19,2024-03-20,2024-06-20,-0.294437
603085,天成自控,2023,2024-04-27,天成自控2023年年度报告,http://www.cninfo.com.cn/new/disclosure/detail?stockCode=603085&announcementId=1219878994&orgId=9900024678&announcementTime=2024-04-27,2024-04-29,2024-07-26,-0.189106
603086,先达股份,2023,2024-04-30,2023年年度报告,http://www.cninfo.com.cn/new/disclosure/detail?stockCode=603086&announcementId=1219917318&orgId=9900029747&announcementTime=2024-04-30,2024-05-06,2024-07-30,-0.070863
603087,甘李药业,2023,2024-04-25,2023年年度报告,http://www.cninfo.com.cn/new/disclosure/detail?stockCode=603087&announcementId=1219795283&orgId=9900026770&announcementTime=2024-04-25,2024-04-26,2024-07-25,-0.111472
603088,宁波精达,2023,2024-04-03,宁波精达2023年年度报告,http://www.cninfo.com.cn/new/disclosure/detail?stockCode=603088&announcementId=1219506146&orgId=9900023174&announcementTime=2024-04-03,2024-04-08,2024-07-12,0.004927
603089,正裕工业,2023,2024-04-19,2023年年度报告,http://www.cninfo.com.cn/new/disclosure/detail?stockCode=603089&announcementId=1219668297&orgId=9900023726&announcementTime=2024-04-19,2024-04-22,2024-07-19,-0.037799
603090,宏盛股份,2023,2024-03-30,宏盛股份2023年年度报告,http://www.cninfo.com.cn/new/disclosure/detail?stockCode=603090&announcementId=1219461825&orgId=9900026803&announcementTime=2024-03-30,2024-04-01,2024-07-02,-0.159598
603093,南华期货,2023,2024-03-09,南华期货股份有限公司2023年年度报告,http://www.cninfo.com.cn/new/disclosure/detail?stockCode=603093&announcementId=1219266072&orgId=9900031483&announcementTime=2024-03-09,2024-03-11,2024-06-11,-0.120148
603095,越剑智能,2023,2024-04-13,2023年年度报告,http://www.cninfo.com.cn/new/disclosure/detail?stockCode=603095&announcementId=1219593371&orgId=9900039808&announcementTime=2024-04-13,2024-04-15,2024-07-12,-0.162222
603096,新经典,2023,2024-04-27,新经典2023年年度报告,http://www.cninfo.com.cn/new/disclosure/detail?stockCode=603096&announcementId=1219879014&orgId=9900030604&announcementTime=2024-04-27,2024-04-29,2024-07-26,-0.032493
603097,江苏华辰,2023,2024-04-25,江苏华辰2023年年度报告,http://www.cninfo.com.cn/new/disclosure/detail?stockCode=603097&announcementId=1219800004&orgId=9900048064&announcementTime=2024-04-25,2024-04-26,2024-07-25,-0.047456
603098,森特股份,2023,2024-04-30,森特股份2023年年度报告,http://www.cninfo.com.cn/new/disclosure/detail?stockCode=603098&announcementId=1219911365&orgId=9900029044&announcementTime=2024-04-30,2024-05-06,2024-07-30,-0.2075
603099,长白山,2023,2024-03-22,长白山旅游股份有限公司2023年年度报告,http://www.cninfo.com.cn/new/disclosure/detail?stockCode=603099&announcementId=1219373488&orgId=9900022933&announcementTime=2024-03-22,2024-03-25,2024-06-25,-0.109076
603100,川仪股份,2023,2024-04-25,川仪股份2023年年度报告,http://www.cninfo.com.cn/new/disclosure/detail?stockCode=603100&announcementId=1219796626&orgId=9900022948&announcementTime=2024-04-25,2024-04-26,2024-07-25,-0.211804
603101,汇嘉时代,2023,2024-04-04,2023年年度报告,http://www.cninfo.com.cn/new/disclosure/detail?stockCode=603101&announcementId=1219517522&orgId=9900026787&announcementTime=2024-04-04,2024-04-08,2024-07-05,-0.220285
603102,百合股份,2023,2024-04-12,威海百合生物技术股份有限公司2023年年度报告,http://www.cninfo.com.cn/new/disclosure/detail?stockCode=603102&announcementId=1219580331&orgId=9900039756&announcementTime=2024-04-12,2024-04-15,2024-07-12,-0.121958
603105,芯能科技,2023,2024-03-30,浙江芯能光伏科技股份有限公司2023年年度报告,http://www.cninfo.com.cn/new/disclosure/detail?stockCode=603105&announcementId=1219470105&orgId=gfbj0833677&announcementTime=2024-03-30,2024-04-01,2024-07-02,-0.05
603106,恒银科技,2023,2024-04-26,恒银金融科技股份有限公司2023年年度报告,http://www.cninfo.com.cn/new/disclosure/detail?stockCode=603106&announcementId=1219823233&orgId=9900032781&announcementTime=2024-04-26,2024-04-29,2024-07-26,-0.20728
603107,上海汽配,2023,2024-04-23,上海汽车空调配件股份有限公司2023年度报告,http://www.cninfo.com.cn/new/disclosure/detail?stockCode=603107&announcementId=1219736062&orgId=nssc1000420&announcementTime=2024-04-23,2024-04-24,2024-07-23,-0.223976
603108,润达医疗,2023,2024-04-27,2023年年度报告,http://www.cninfo.com.cn/new/disclosure/detail?stockCode=603108&announcementId=1219879051&orgId=9900023738&announcementTime=2024-04-27,2024-04-29,2024-07-26,-0.297617
603109,神驰机电,2023,2024-03-29,2023年年度报告,http://www.cninfo.com.cn/new/disclosure/detail?stockCode=603109&announcementId=1219442605&orgId=9900034528&announcementTime=2024-03-29,2024-04-01,2024-07-02,-0.186809
603110,东方材料,2023,2024-03-28,新东方新材料股份有限公司2023年年度报告,http://www.cninfo.com.cn/new/disclosure/detail?stockCode=603110&announcementId=1219429779&orgId=9900031774&announcementTime=2024-03-28,2024-03-29,2024-07-01,-0.382906
603111,康尼机电,2023,2024-04-19,康尼机电2023年年度报告,http://www.cninfo.com.cn/new/disclosure/detail?stockCode=603111&announcementId=1219665904&orgId=9900022961&announcementTime=2024-04-19,2024-04-22,2024-07-19,-0.082455
603112,华翔股份,2023,2024-04-23,2023年年度报告,http://www.cninfo.com.cn/new/disclosure/detail?stockCode=603112&announcementId=1219734978&orgId=9900039758&announcementTime=2024-04-23,2024-04-24,2024-07-23,-0.201206
603113,金能科技,2023,2024-04-27,金能科技股份有限公司2023年年度报告,http://www.cninfo.com.cn/new/disclosure/detail?stockCode=603113&announcementId=1219879097&orgId=9900024626&announcementTime=2024-04-27,2024-04-29,2024-07-26,-0.249326
603115,海星股份,2023,2024-04-18,2023年年度报告,http://www.cninfo.com.cn/new/disclosure/detail?stockCode=603115&announcementId=1219650690&orgId=9900036552&announcementTime=2024-04-18,2024-04-19,2024-07-18,-0.072562
603116,红蜻蜓,2023,2024-04-16,2023年年度报告,http://www.cninfo.com.cn/new/disclosure/detail?stockCode=603116&announcementId=1219620811&orgId=9900023735&announcementTime=2024-04-16,2024-04-17,2024-07-16,-0.035583
603117,万林物流,2023,2024-04-29,江苏万林现代物流股份有限公司2023年年度报告,http://www.cninfo.com.cn/new/disclosure/detail?stockCode=603117&announcementId=1219890818&orgId=9900023716&announcementTime=2024-04-29,2024-04-30,2024-07-30,0.374741
603118,共进股份,2023,2024-04-29,2023年年度报告,http://www.cninfo.com.cn/new/disclosure/detail?stockCode=603118&announcementId=1219890887&orgId=9900023687&announcementTime=2024-04-29,2024-04-30,2024-07-29,-0.25404
603119,浙江荣泰,2023,2024-04-25,浙江荣泰电工器材股份有限公司2023年年度报告,http://www.cninfo.com.cn/new/disclosure/detail?stockCode=603119&announcementId=1219791318&orgId=9900053442&announcementTime=2024-04-25,2024-04-26,2024-07-25,-0.281641
603121,华培动力,2023,2024-04-25,华培动力2023年年度报告,http://www.cninfo.com.cn/new/disclosure/detail?stockCode=603121&announcementId=1219794454&orgId=9900035554&announcementTime=2024-04-25,2024-04-26,2024-07-25,-0.152898
603122,合富中国,2023,2024-03-23,合富中国2023年年度报告,http://www.cninfo.com.cn/new/disclosure/detail?stockCode=603122&announcementId=1219389065&orgId=nssc1000089&announcementTime=2024-03-23,2024-03-25,2024-06-25,-0.272476
603123,翠微股份,2023,2024-04-30,翠微股份2023年年度报告,http://www.cninfo.com.cn/new/disclosure/detail?stockCode=603123&announcementId=1219907422&orgId=9900022511&announcementTime=2024-04-30,2024-05-06,2024-07-30,-0.209989
603125,常青科技,2023,2024-04-02,603125_2023年_年度报告_合并报告,http://www.cninfo.com.cn/new/disclosure/detail?stockCode=603125&announcementId=1219493577&orgId=9900048108&announcementTime=2024-04-02,2024-04-03,2024-07-04,-0.075198
603126,中材节能,2023,2024-04-13,中材节能股份有限公司2023年年度报告,http://www.cninfo.com.cn/new/disclosure/detail?stockCode=603126&announcementId=1219600443&orgId=9900023209&announcementTime=2024-04-13,2024-04-15,2024-07-12,-0.146439
603127,昭衍新药,2023,2024-03-29,昭衍新药2023年年度报告,http://www.cninfo.com.cn/new/disclosure/detail?stockCode=603127&announcementId=1219442086&orgId=9900030771&announcementTime=2024-03-29,2024-04-01,2024-07-02,-0.274071
603129,春风动力,2023,2024-04-16,春风动力2023年年度报告,http://www.cninfo.com.cn/new/disclosure/detail?stockCode=603129&announcementId=1219623143&orgId=9900032725&announcementTime=2024-04-16,2024-04-17,2024-07-16,0.051137
603128,华贸物流,2023,2024-04-20,港中旅华贸国际物流股份有限公司2023年年度报告,http://www.cninfo.com.cn/new/disclosure/detail?stockCode=603128&announcementId=1219691649&orgId=9900022718&announcementTime=2024-04-20,2024-04-22,2024-07-19,-0.192031
603131,上海沪工,2023,2024-04-27,2023年年度报告,http://www.cninfo.com.cn/new/disclosure/detail?stockCode=603131&announcementId=1219853734&orgId=9900023707&announcementTime=2024-04-27,2024-04-29,2024-07-26,0.141647
603130,云中马,2023,2024-04-11,浙江云中马股份有限公司2023年年度报告,http://www.cninfo.com.cn/new/disclosure/detail?stockCode=603130&announcementId=1219566269&orgId=9900048363&announcementTime=2024-04-11,2024-04-12,2024-07-11,-0.094773
603135,中重科技,2023,2024-04-23,中重科技2023年年度报告,http://www.cninfo.com.cn/new/disclosure/detail?stockCode=603135&announcementId=1219737761&orgId=9900052304&announcementTime=2024-04-23,2024-04-24,2024-07-23,-0.079602
603132,金徽股份,2023,2024-03-23,金徽股份2023年年度报告,http://www.cninfo.com.cn/new/disclosure/detail?stockCode=603132&announcementId=1219387859&orgId=9900051476&announcementTime=2024-03-23,2024-03-25,2024-06-25,0.115152
603137,恒尚节能,2023,2024-04-16,恒尚节能：2023年年度报告,http://www.cninfo.com.cn/new/disclosure/detail?stockCode=603137&announcementId=1219624430&orgId=9900048389&announcementTime=2024-04-16,2024-04-17,2024-07-16,-0.044966
603136,天目湖,2023,2024-04-26,江苏天目湖旅游股份有限公司2023年年度报告,http://www.cninfo.com.cn/new/disclosure/detail?stockCode=603136&announcementId=1219817064&orgId=9900032263&announcementTime=2024-04-26,2024-04-29,2024-07-26,-0.233333
603138,海量数据,2023,2024-04-19,海量数据2023年年度报告,http://www.cninfo.com.cn/new/disclosure/detail?stockCode=603138&announcementId=1219664179&orgId=9900030534&announcementTime=2024-04-19,2024-04-22,2024-07-19,-0.168382
603139,康惠股份,2023,2024-04-27,康惠制药2023年年度报告,http://www.cninfo.com.cn/new/disclosure/detail?stockCode=603139&announcementId=1219855715&orgId=9900030778&announcementTime=2024-04-27,2024-04-29,2024-07-26,-0.117604
603150,万朗磁塑,2023,2024-04-25,万朗磁塑2023年年度报告,http://www.cninfo.com.cn/new/disclosure/detail?stockCode=603150&announcementId=1219797967&orgId=9900035337&announcementTime=2024-04-25,2024-04-26,2024-07-25,-0.032139
603151,邦基科技,2023,2024-04-27,山东邦基科技股份有限公司2023年年度报告,http://www.cninfo.com.cn/new/disclosure/detail?stockCode=603151&announcementId=1219879163&orgId=9900052705&announcementTime=2024-04-27,2024-04-29,2024-07-26,-0.21789
603153,上海建科,2023,2024-04-26,上海建科集团股份有限公司2023年年度报告,http://www.cninfo.com.cn/new/disclosure/detail?stockCode=603153&announcementId=1219820170&orgId=9900047762&announcementTime=2024-04-26,2024-04-29,2024-07-26,-0.153846
603155,新亚强,2023,2024-04-27,2023年年度报告,http://www.cninfo.com.cn/new/disclosure/detail?stockCode=603155&announcementId=1219879196&orgId=gfbj0835550&announcementTime=2024-04-27,2024-04-29,2024-07-26,-0.053694
603158,腾龙股份,2023,2024-04-27,常州腾龙汽车零部件股份有限公司2023年年度报告,http://www.cninfo.com.cn/new/disclosure/detail?stockCode=603158&announcementId=1219879235&orgId=9900023476&announcementTime=2024-04-27,2024-04-29,2024-07-26,-0.153283
603156,养元饮品,2023,2024-04-24,养元饮品2023年年度报告,http://www.cninfo.com.cn/new/disclosure/detail?stockCode=603156&announcementId=1219766073&orgId=9900023988&announcementTime=2024-04-24,2024-04-25,2024-07-24,-0.166008
603160,汇顶科技,2023,2024-04-11,2023年年度报告,http://www.cninfo.com.cn/new/disclosure/detail?stockCode=603160&announcementId=1219564359&orgId=9900027319&announcementTime=2024-04-11,2024-04-12,2024-07-11,0.244948
603159,上海亚虹,2023,2024-04-19,上海亚虹模具股份有限公司2023年年度报告,http://www.cninfo.com.cn/new/disclosure/detail?stockCode=603159&announcementId=1219666521&orgId=9900026562&announcementTime=2024-04-19,2024-04-22,2024-07-19,-0.208009
603162,海通发展,2023,2024-03-22,福建海通发展股份有限公司2023年年度报告,http://www.cninfo.com.cn/new/disclosure/detail?stockCode=603162&announcementId=1219374469&orgId=gfbj0833362&announcementTime=2024-03-22,2024-03-25,2024-06-25,-0.074572
603161,科华控股,2023,2024-04-17,科华控股股份有限公司2023年年度报告,http://www.cninfo.com.cn/new/disclosure/detail?stockCode=603161&announcementId=1219638733&orgId=gfbj0831263&announcementTime=2024-04-17,2024-04-18,2024-07-17,-0.107663
603163,圣晖集成,2023,2024-03-30,圣晖集成2023年年度报告,http://www.cninfo.com.cn/new/disclosure/detail?stockCode=603163&announcementId=1219465013&orgId=9900052777&announcementTime=2024-03-30,2024-04-01,2024-07-02,-0.034797
603165,荣晟环保,2023,2024-02-28,浙江荣晟环保纸业股份有限公司2023年年度报告,http://www.cninfo.com.cn/new/disclosure/detail?stockCode=603165&announcementId=1219198729&orgId=9900030004&announcementTime=2024-02-28,2024-02-29,2024-05-30,0.146463
603166,福达股份,2023,2024-04-19,福达股份2023年年度报告,http://www.cninfo.com.cn/new/disclosure/detail?stockCode=603166&announcementId=1219666552&orgId=9900023112&announcementTime=2024-04-19,2024-04-22,2024-07-19,-0.158084
603167,渤海轮渡,2023,2024-04-10,渤海轮渡集团股份有限公司2023年年度报告,http://www.cninfo.com.cn/new/disclosure/detail?stockCode=603167&announcementId=1219554927&orgId=9900023205&announcementTime=2024-04-10,2024-04-11,2024-07-10,-0.088558
603168,莎普爱思,2023,2024-04-20,莎普爱思2023年年度报告,http://www.cninfo.com.cn/new/disclosure/detail?stockCode=603168&announcementId=1219706540&orgId=9900023242&announcementTime=2024-04-20,2024-04-22,2024-07-19,-0.195023
603169,兰石重装,2023,2024-04-18,兰石重装2023年年度报告,http://www.cninfo.com.cn/new/disclosure/detail?stockCode=603169&announcementId=1219651582&orgId=9900023006&announcementTime=2024-04-18,2024-04-19,2024-07-18,-0.146914
603170,宝立食品,2023,2024-04-26,上海宝立食品科技股份有限公司2023年年度报告,http://www.cninfo.com.cn/new/disclosure/detail?stockCode=603170&announcementId=1219819431&orgId=9900047410&announcementTime=2024-04-26,2024-04-29,2024-07-26,-0.209097
603171,税友股份,2023,2024-04-16,2023年年度报告,http://www.cninfo.com.cn/new/disclosure/detail?stockCode=603171&announcementId=1219624996&orgId=9900041900&announcementTime=2024-04-16,2024-04-17,2024-07-16,0.38322
603172,万丰股份,2023,2024-04-23,2023年年度报告,http://www.cninfo.com.cn/new/disclosure/detail?stockCode=603172&announcementId=1219741060&orgId=nssc1000266&announcementTime=2024-04-23,2024-04-24,2024-07-23,0.38355
603173,福斯达,2023,2024-04-20,2023年年度报告,http://www.cninfo.com.cn/new/disclosure/detail?stockCode=603173&announcementId=1219690331&orgId=nssc1000390&announcementTime=2024-04-20,2024-04-22,2024-07-19,0.064691
603176,汇通集团,2023,2024-04-29,汇通集团2023年年度报告,http://www.cninfo.com.cn/new/disclosure/detail?stockCode=603176&announcementId=1219891167&orgId=nssc1000792&announcementTime=2024-04-29,2024-04-30,2024-07-29,-0.223656
603177,德创环保,2023,2024-04-26,603177：德创环保2023年年度报告,http://www.cninfo.com.cn/new/disclosure/detail?stockCode=603177&announcementId=1219840224&orgId=9900029825&announcementTime=2024-04-26,2024-04-29,2024-07-26,-0.112219
603179,新泉股份,2023,2024-03-26,江苏新泉汽车饰件股份有限公司2023年年度报告,http://www.cninfo.com.cn/new/disclosure/detail?stockCode=603179&announcementId=1219402528&orgId=9900030577&announcementTime=2024-03-26,2024-03-27,2024-06-27,-0.095904
603178,圣龙股份,2023,2024-04-23,圣龙股份2023年年度报告,http://www.cninfo.com.cn/new/disclosure/detail?stockCode=603178&announcementId=1219745872&orgId=9900030583&announcementTime=2024-04-23,2024-04-24,2024-07-23,-0.249721
603181,皇马科技,2023,2024-04-18,皇马科技2023年年度报告,http://www.cninfo.com.cn/new/disclosure/detail?stockCode=603181&announcementId=1219650165&orgId=9900033001&announcementTime=2024-04-18,2024-04-19,2024-07-18,-0.112893
603180,金牌家居,2023,2024-04-26,金牌厨柜家居科技股份有限公司2023 年年度报告,http://www.cninfo.com.cn/new/disclosure/detail?stockCode=603180&announcementId=1219840268&orgId=9900030658&announcementTime=2024-04-26,2024-04-29,2024-07-26,-0.103933
603182,嘉华股份,2023,2024-04-16,嘉华股份2023年年度报告,http://www.cninfo.com.cn/new/disclosure/detail?stockCode=603182&announcementId=1219624836&orgId=gfbj0838891&announcementTime=2024-04-16,2024-04-17,2024-07-16,0.046467
603183,建研院,2023,2024-04-16,2023年年度报告,http://www.cninfo.com.cn/new/disclosure/detail?stockCode=603183&announcementId=1219622840&orgId=9900033006&announcementTime=2024-04-16,2024-04-17,2024-07-16,-0.222676
603185,弘元绿能,2023,2024-04-26,2023年年度报告,http://www.cninfo.com.cn/new/disclosure/detail?stockCode=603185&announcementId=1219834736&orgId=9900022495&announcementTime=2024-04-26,2024-04-29,2024-07-26,-0.262881
603186,华正新材,2023,2024-04-15,浙江华正新材料股份有限公司2023年年度报告,http://www.cninfo.com.cn/new/disclosure/detail?stockCode=603186&announcementId=1219612000&orgId=9900023472&announcementTime=2024-04-15,2024-04-16,2024-07-15,0.065052
603188,亚邦股份,2023,2024-04-30,亚邦股份2023年年度报告,http://www.cninfo.com.cn/new/disclosure/detail?stockCode=603188&announcementId=1219917538&orgId=9900029308&announcementTime=2024-04-30,2024-05-06,2024-07-30,-0.082645
603187,海容冷链,2023,2024-03-22,2023年年度报告,http://www.cninfo.com.cn/new/disclosure/detail?stockCode=603187&announcementId=1219374587&orgId=gfbj0830822&announcementTime=2024-03-22,2024-03-25,2024-06-25,-0.241508
603189,网达软件,2023,2024-04-16,网达软件2023年年度报告,http://www.cninfo.com.cn/new/disclosure/detail?stockCode=603189&announcementId=1219625014&orgId=9900026063&announcementTime=2024-04-16,2024-04-17,2024-07-16,0.054054
603190,亚通精工,2023,2024-04-03,2023年年度报告,http://www.cninfo.com.cn/new/disclosure/detail?stockCode=603190&announcementId=1219503044&orgId=nssc1000524&announcementTime=2024-04-03,2024-04-08,2024-07-05,-0.118493
603192,汇得科技,2023,2024-04-20,汇得科技2023年年度报告,http://www.cninfo.com.cn/new/disclosure/detail?stockCode=603192&announcementId=1219691679&orgId=9900035551&announcementTime=2024-04-20,2024-04-22,2024-07-19,-0.080062
603191,望变电气,2023,2024-04-26,2023年年度报告,http://www.cninfo.com.cn/new/disclosure/detail?stockCode=603191&announcementId=1219834750&orgId=gfbj0832960&announcementTime=2024-04-26,2024-04-29,2024-07-26,-0.318442
603193,润本股份,2023,2024-04-25,2023年年度报告,http://www.cninfo.com.cn/new/disclosure/detail?stockCode=603193&announcementId=1219799034&orgId=9900048636&announcementTime=2024-04-25,2024-04-26,2024-07-25,-0.052013
603195,公牛集团,2023,2024-04-26,公牛集团股份有限公司2023年年度报告,http://www.cninfo.com.cn/new/disclosure/detail?stockCode=603195&announcementId=1219840341&orgId=9900037723&announcementTime=2024-04-26,2024-04-29,2024-07-26,-0.130051
603196,日播时尚,2023,2024-04-27,日播时尚2023年年度报告,http://www.cninfo.com.cn/new/disclosure/detail?stockCode=603196&announcementId=1219879255&orgId=9900031491&announcementTime=2024-04-27,2024-04-29,2024-07-26,-0.329982
603197,保隆科技,2023,2024-04-27,保隆科技2023年年度报告,http://www.cninfo.com.cn/new/disclosure/detail?stockCode=603197&announcementId=1219879300&orgId=9900023976&announcementTime=2024-04-27,2024-04-29,2024-07-26,-0.264489
603198,迎驾贡酒,2023,2024-04-26,迎驾贡酒2023年年度报告,http://www.cninfo.com.cn/new/disclosure/detail?stockCode=603198&announcementId=1219834786&orgId=9900023736&announcementTime=2024-04-26,2024-04-29,2024-07-26,-0.240888
603199,九华旅游,2023,2024-04-19,九华旅游2023年年度报告,http://www.cninfo.com.cn/new/disclosure/detail?stockCode=603199&announcementId=1219667458&orgId=9900030172&announcementTime=2024-04-19,2024-04-22,2024-07-19,-0.182647
603200,上海洗霸,2023,2024-03-19,上海洗霸科技股份有限公司2023年年度报告,http://www.cninfo.com.cn/new/disclosure/detail?stockCode=603200&announcementId=1219330610&orgId=9900030775&announcementTime=2024-03-19,2024-03-20,2024-06-20,-0.007263
603201,常润股份,2023,2024-04-29,常熟通润汽车零部件股份有限公司2023年年度报告,http://www.cninfo.com.cn/new/disclosure/detail?stockCode=603201&announcementId=1219891176&orgId=9900051404&announcementTime=2024-04-29,2024-04-30,2024-07-29,-0.263666
603203,快克智能,2023,2024-04-30,快克智能2023年年度报告,http://www.cninfo.com.cn/new/disclosure/detail?stockCode=603203&announcementId=1219905648&orgId=9900029518&announcementTime=2024-04-30,2024-05-06,2024-07-30,-0.05854
603206,嘉环科技,2023,2024-04-25,2023年年度报告,http://www.cninfo.com.cn/new/disclosure/detail?stockCode=603206&announcementId=1219802149&orgId=9900046627&announcementTime=2024-04-25,2024-04-26,2024-07-25,-0.144803
603208,江山欧派,2023,2024-04-25,江山欧派2023年年度报告,http://www.cninfo.com.cn/new/disclosure/detail?stockCode=603208&announcementId=1219789468&orgId=9900030087&announcementTime=2024-04-25,2024-04-26,2024-07-25,-0.250089
603211,晋拓股份,2023,2024-04-27,2023年年度报告,http://www.cninfo.com.cn/new/disclosure/detail?stockCode=603211&announcementId=1219879338&orgId=9900046957&announcementTime=2024-04-27,2024-04-29,2024-07-26,-0.038663
603209,兴通股份,2023,2024-03-21,兴通海运股份有限公司2023年年度报告,http://www.cninfo.com.cn/new/disclosure/detail?stockCode=603209&announcementId=1219360604&orgId=9900046958&announcementTime=2024-03-21,2024-03-22,2024-06-24,-0.07056
603212,赛伍技术,2023,2024-04-22,2023年年度报告,http://www.cninfo.com.cn/new/disclosure/detail?stockCode=603212&announcementId=1219728597&orgId=9900036558&announcementTime=2024-04-22,2024-04-23,2024-07-22,-0.094025
603213,镇洋发展,2023,2024-04-12,浙江镇洋发展股份有限公司2023年年度报告,http://www.cninfo.com.cn/new/disclosure/detail?stockCode=603213&announcementId=1219578981&orgId=nssc1000627&announcementTime=2024-04-12,2024-04-15,2024-07-12,-0.245989
603214,爱婴室,2023,2024-04-03,2023年年度报告,http://www.cninfo.com.cn/new/disclosure/detail?stockCode=603214&announcementId=1219503367&orgId=9900023309&announcementTime=2024-04-03,2024-04-08,2024-07-05,-0.217932
603215,比依股份,2023,2024-04-25,浙江比依电器股份有限公司2023年年度报告,http://www.cninfo.com.cn/new/disclosure/detail?stockCode=603215&announcementId=1219800027&orgId=nssc1000801&announcementTime=2024-04-25,2024-04-26,2024-07-25,-0.250149
603216,梦天家居,2023,2024-04-29,梦天家居2023年年度报告,http://www.cninfo.com.cn/new/disclosure/detail?stockCode=603216&announcementId=1219891228&orgId=nssc1000205&announcementTime=2024-04-29,2024-04-30,2024-07-29,-0.101145
603217,元利科技,2023,2024-04-17,2023年年度报告,http://www.cninfo.com.cn/new/disclosure/detail?stockCode=603217&announcementId=1219634971&orgId=9900030368&announcementTime=2024-04-17,2024-04-18,2024-07-17,-0.05802
603218,日月股份,2023,2024-04-25,日月重工股份有限公司2023年年度报告,http://www.cninfo.com.cn/new/disclosure/detail?stockCode=603218&announcementId=1219798029&orgId=9900029743&announcementTime=2024-04-25,2024-04-26,2024-07-25,-0.110816
603219,富佳股份,2023,2024-04-27,宁波富佳实业股份有限公司2023年年度报告,http://www.cninfo.com.cn/new/disclosure/detail?stockCode=603219&announcementId=1219879390&orgId=9900041674&announcementTime=2024-04-27,2024-04-29,2024-07-26,0.007491
603221,爱丽家居,2023,2024-04-18,爱丽家居科技股份有限公司2023年年度报告,http://www.cninfo.com.cn/new/disclosure/detail?stockCode=603221&announcementId=1219647045&orgId=9900038307&announcementTime=2024-04-18,2024-04-19,2024-07-18,0.052174
603220,中贝通信,2023,2024-04-20,2023年年度报告,http://www.cninfo.com.cn/new/disclosure/detail?stockCode=603220&announcementId=1219692273&orgId=9900035549&announcementTime=2024-04-20,2024-04-22,2024-07-19,-0.022508
603223,恒通股份,2023,2024-04-18,恒通物流股份有限公司2023年年度报告,http://www.cninfo.com.cn/new/disclosure/detail?stockCode=603223&announcementId=1219651611&orgId=9900024369&announcementTime=2024-04-18,2024-04-19,2024-07-18,-0.166135
603222,济民健康,2023,2024-04-26,济民健康管理股份有限公司2023年年度报告,http://www.cninfo.com.cn/new/disclosure/detail?stockCode=603222&announcementId=1219818350&orgId=9900023635&announcementTime=2024-04-26,2024-04-29,2024-07-26,-0.061721
603225,新凤鸣,2023,2024-03-26,新凤鸣集团股份有限公司2023年年度报告全文,http://www.cninfo.com.cn/new/disclosure/detail?stockCode=603225&announcementId=1219401261&orgId=9900023641&announcementTime=2024-03-26,2024-03-27,2024-06-27,0.15431
603226,菲林格尔,2023,2024-04-30,2023年年度报告,http://www.cninfo.com.cn/new/disclosure/detail?stockCode=603226&announcementId=1219925399&orgId=9900031772&announcementTime=2024-04-30,2024-05-06,2024-07-30,-0.153991
603227,雪峰科技,2023,2024-04-11,新疆雪峰科技（集团）股份有限公司2023年年度报告,http://www.cninfo.com.cn/new/disclosure/detail?stockCode=603227&announcementId=1219565719&orgId=9900024503&announcementTime=2024-04-11,2024-04-12,2024-07-15,-0.078799
603228,景旺电子,2023,2024-04-27,深圳市景旺电子股份有限公司2023年年度报告,http://www.cninfo.com.cn/new/disclosure/detail?stockCode=603228&announcementId=1219879416&orgId=9900029802&announcementTime=2024-04-27,2024-04-29,2024-07-26,0.149585
603229,奥翔药业,2023,2024-04-27,奥翔药业2023年年度报告,http://www.cninfo.com.cn/new/disclosure/detail?stockCode=603229&announcementId=1219855743&orgId=9900030694&announcementTime=2024-04-27,2024-04-29,2024-07-26,-0.086207
603230,内蒙新华,2023,2024-04-10,内蒙古新华发行集团股份有限公司2023年年度报告,http://www.cninfo.com.cn/new/disclosure/detail?stockCode=603230&announcementId=1219556475&orgId=9900041654&announcementTime=2024-04-10,2024-04-11,2024-07-10,-0.108169
603231,索宝蛋白,2023,2024-04-20,2023年年度报告,http://www.cninfo.com.cn/new/disclosure/detail?stockCode=603231&announcementId=1219705591&orgId=nssc1000418&announcementTime=2024-04-20,2024-04-22,2024-07-19,-0.041978
603232,格尔软件,2023,2024-04-27,格尔软件股份有限公司2023年年度报告,http://www.cninfo.com.cn/new/disclosure/detail?stockCode=603232&announcementId=1219879448&orgId=9900033857&announcementTime=2024-04-27,2024-04-29,2024-07-26,-0.297847
603233,大参林,2023,2024-04-29,大参林医药集团股份有限公司2023年年度报告,http://www.cninfo.com.cn/new/disclosure/detail?stockCode=603233&announcementId=1219891248&orgId=9900031701&announcementTime=2024-04-29,2024-04-30,2024-07-29,-0.409311
603235,天新药业,2023,2024-04-24,2023年年度报告,http://www.cninfo.com.cn/new/disclosure/detail?stockCode=603235&announcementId=1219764447&orgId=9900048166&announcementTime=2024-04-24,2024-04-25,2024-07-24,0.075429
603236,移远通信,2023,2024-04-23,2023年年度报告,http://www.cninfo.com.cn/new/disclosure/detail?stockCode=603236&announcementId=1219743846&orgId=gfbj0836430&announcementTime=2024-04-23,2024-04-24,2024-07-23,0.281902
603237,五芳斋,2023,2024-04-25,浙江五芳斋实业股份有限公司2023年年度报告,http://www.cninfo.com.cn/new/disclosure/detail?stockCode=603237&announcementId=1219793360&orgId=9900041915&announcementTime=2024-04-25,2024-04-26,2024-07-25,-0.209255
603238,诺邦股份,2023,2024-04-24,诺邦股份2023年年度报告,http://www.cninfo.com.cn/new/disclosure/detail?stockCode=603238&announcementId=1219768807&orgId=9900030370&announcementTime=2024-04-24,2024-04-25,2024-07-24,-0.185897
603239,浙江仙通,2023,2024-04-18,浙江仙通-2023年年度报告,http://www.cninfo.com.cn/new/disclosure/detail?stockCode=603239&announcementId=1219648172&orgId=9900029048&announcementTime=2024-04-18,2024-04-19,2024-07-18,-0.087444
603255,鼎际得,2023,2024-04-26,辽宁鼎际得石化股份有限公司2023年年度报告,http://www.cninfo.com.cn/new/disclosure/detail?stockCode=603255&announcementId=1219840381&orgId=9900046841&announcementTime=2024-04-26,2024-04-29,2024-07-26,-0.236421
603256,宏和科技,2023,2024-04-27,宏和科技2023年年度报告,http://www.cninfo.com.cn/new/disclosure/detail?stockCode=603256&announcementId=1219879499&orgId=9900035335&announcementTime=2024-04-27,2024-04-29,2024-07-26,0.0
603258,电魂网络,2023,2024-03-29,2023年年度报告,http://www.cninfo.com.cn/new/disclosure/detail?stockCode=603258&announcementId=1219446890&orgId=9900028871&announcementTime=2024-03-29,2024-04-01,2024-07-02,-0.140924
603259,药明康德,2023,2024-03-19,2023年年度报告,http://www.cninfo.com.cn/new/disclosure/detail?stockCode=603259&announcementId=1219331349&orgId=9900035584&announcementTime=2024-03-19,2024-03-20,2024-06-20,-0.191945
603260,合盛硅业,2023,2024-04-30,合盛硅业2023年年度报告,http://www.cninfo.com.cn/new/disclosure/detail?stockCode=603260&announcementId=1219925421&orgId=9900031901&announcementTime=2024-04-30,2024-05-06,2024-07-30,-0.042941
603261,*ST立航,2023,2024-04-27,成都立航科技股份有限公司2023年年度报告,http://www.cninfo.com.cn/new/disclosure/detail?stockCode=603261&announcementId=1219879548&orgId=9900039859&announcementTime=2024-04-27,2024-04-29,2024-07-26,-0.21064
603266,天龙股份,2023,2024-04-26,2023年年度报告,http://www.cninfo.com.cn/new/disclosure/detail?stockCode=603266&announcementId=1219824790&orgId=9900026565&announcementTime=2024-04-26,2024-04-29,2024-07-26,-0.151385
603267,鸿远电子,2023,2024-03-26,鸿远电子2023年年度报告,http://www.cninfo.com.cn/new/disclosure/detail?stockCode=603267&announcementId=1219404283&orgId=9900035340&announcementTime=2024-03-26,2024-03-27,2024-06-27,-0.105642
603268,*ST松发,2023,2024-04-10,松发股份：2023年年度报告,http://www.cninfo.com.cn/new/disclosure/detail?stockCode=603268&announcementId=1219553260&orgId=9900023730&announcementTime=2024-04-10,2024-04-11,2024-07-10,-0.28334
603269,海鸥股份,2023,2024-04-27,江苏海鸥冷却塔股份有限公司2023年年度报告,http://www.cninfo.com.cn/new/disclosure/detail?stockCode=603269&announcementId=1219855064&orgId=9900030693&announcementTime=2024-04-27,2024-04-29,2024-07-26,-0.166033
603270,金帝股份,2023,2024-04-03,山东金帝精密机械科技股份有限公司2023年年度报告,http://www.cninfo.com.cn/new/disclosure/detail?stockCode=603270&announcementId=1219505977&orgId=9900049007&announcementTime=2024-04-03,2024-04-08,2024-07-05,-0.20515
603272,联翔股份,2023,2024-04-27,2023年年度报告,http://www.cninfo.com.cn/new/disclosure/detail?stockCode=603272&announcementId=1219879572&orgId=nssc1000337&announcementTime=2024-04-27,2024-04-29,2024-07-26,-0.233849
603273,天元智能,2023,2024-04-29,2023年年度报告,http://www.cninfo.com.cn/new/disclosure/detail?stockCode=603273&announcementId=1219891409&orgId=gfbj0837134&announcementTime=2024-04-29,2024-04-30,2024-07-29,-0.235347
603276,恒兴新材,2023,2024-04-30,2023年年度报告,http://www.cninfo.com.cn/new/disclosure/detail?stockCode=603276&announcementId=1219905692&orgId=9900047855&announcementTime=2024-04-30,2024-05-06,2024-07-30,-0.115711
603275,众辰科技,2023,2024-04-26,2023年年度报告,http://www.cninfo.com.cn/new/disclosure/detail?stockCode=603275&announcementId=1219840438&orgId=9900047327&announcementTime=2024-04-26,2024-04-29,2024-07-26,-0.131587
603277,银都股份,2023,2024-04-16,银都餐饮设备股份有限公司2023年年度报告,http://www.cninfo.com.cn/new/disclosure/detail?stockCode=603277&announcementId=1219618375&orgId=gfbj0832772&announcementTime=2024-04-16,2024-04-17,2024-07-16,0.036656
603278,大业股份,2023,2024-04-26,大业股份2023年年度报告,http://www.cninfo.com.cn/new/disclosure/detail?stockCode=603278&announcementId=1219843151&orgId=9900024931&announcementTime=2024-04-26,2024-04-29,2024-07-26,-0.417978
603279,景津装备,2023,2024-04-25,景津装备股份有限公司2023年年度报告,http://www.cninfo.com.cn/new/disclosure/detail?stockCode=603279&announcementId=1219791874&orgId=gfbj0832899&announcementTime=2024-04-25,2024-04-26,2024-07-25,-0.221326
603280,南方路机,2023,2024-04-25,南方路机2023年年度报告,http://www.cninfo.com.cn/new/disclosure/detail?stockCode=603280&announcementId=1219790150&orgId=nssc1000815&announcementTime=2024-04-25,2024-04-26,2024-07-25,-0.050484
603281,江瀚新材,2023,2024-03-28,2023年年度报告,http://www.cninfo.com.cn/new/disclosure/detail?stockCode=603281&announcementId=1219427563&orgId=9900052001&announcementTime=2024-03-28,2024-03-29,2024-07-01,-0.016809
603282,亚光股份,2023,2024-04-27,亚光股份：2023年年度报告全文,http://www.cninfo.com.cn/new/disclosure/detail?stockCode=603282&announcementId=1219855787&orgId=gfbj0870791&announcementTime=2024-04-27,2024-04-29,2024-07-26,-0.210553
603286,日盈电子,2023,2024-04-27,2023年年度报告,http://www.cninfo.com.cn/new/disclosure/detail?stockCode=603286&announcementId=1219856641&orgId=9900031811&announcementTime=2024-04-27,2024-04-29,2024-07-26,-0.08119
603283,赛腾股份,2023,2024-04-30,苏州赛腾精密电子股份有限公司2023年年度报告,http://www.cninfo.com.cn/new/disclosure/detail?stockCode=603283&announcementId=1219905731&orgId=9900033060&announcementTime=2024-04-30,2024-05-06,2024-07-30,-0.078247
603288,海天味业,2023,2024-04-27,海天味业2023年年度报告,http://www.cninfo.com.cn/new/disclosure/detail?stockCode=603288&announcementId=1219879610&orgId=9900023228&announcementTime=2024-04-27,2024-04-29,2024-07-26,-0.107927
603289,泰瑞机器,2023,2024-04-27,2023年年度报告,http://www.cninfo.com.cn/new/disclosure/detail?stockCode=603289&announcementId=1219879659&orgId=9900031734&announcementTime=2024-04-27,2024-04-29,2024-07-26,-0.147769
603290,斯达半导,2023,2024-04-08,2023年年度报告,http://www.cninfo.com.cn/new/disclosure/detail?stockCode=603290&announcementId=1219528578&orgId=9900023794&announcementTime=2024-04-08,2024-04-09,2024-07-08,-0.274921
603291,联合水务,2023,2024-04-29,2023年年度报告,http://www.cninfo.com.cn/new/disclosure/detail?stockCode=603291&announcementId=1219891416&orgId=9900047645&announcementTime=2024-04-29,2024-04-30,2024-07-29,-0.213194
603296,华勤技术,2023,2024-04-25,华勤技术2023年年度报告,http://www.cninfo.com.cn/new/disclosure/detail?stockCode=603296&announcementId=1219794475&orgId=9900047877&announcementTime=2024-04-25,2024-04-26,2024-07-25,0.036786
603297,永新光学,2023,2024-04-27,宁波永新光学股份有限公司2023年年度报告,http://www.cninfo.com.cn/new/disclosure/detail?stockCode=603297&announcementId=1219879687&orgId=9900035546&announcementTime=2024-04-27,2024-04-29,2024-07-26,-0.218614
603298,杭叉集团,2023,2024-04-18,杭叉集团：2023年年度报告,http://www.cninfo.com.cn/new/disclosure/detail?stockCode=603298&announcementId=1219649823&orgId=9900029596&announcementTime=2024-04-18,2024-04-19,2024-07-18,-0.223779
603300,海南华铁,2023,2024-04-16,浙江华铁应急设备科技股份有限公司2023年年度报告,http://www.cninfo.com.cn/new/disclosure/detail?stockCode=603300&announcementId=1219624528&orgId=9900023468&announcementTime=2024-04-16,2024-04-17,2024-07-18,-0.098555
603299,苏盐井神,2023,2024-04-30,江苏苏盐井神股份有限公司2023年年度报告,http://www.cninfo.com.cn/new/disclosure/detail?stockCode=603299&announcementId=1219917622&orgId=9900024627&announcementTime=2024-04-30,2024-05-06,2024-07-30,-0.008451
603303,得邦照明,2023,2024-03-07,2023年年度报告全文,http://www.cninfo.com.cn/new/disclosure/detail?stockCode=603303&announcementId=1219250263&orgId=9900029979&announcementTime=2024-03-07,2024-03-08,2024-06-07,0.080222
603301,振德医疗,2023,2024-04-27,振德医疗2023年年度报告,http://www.cninfo.com.cn/new/disclosure/detail?stockCode=603301&announcementId=1219879722&orgId=9900035299&announcementTime=2024-04-27,2024-04-29,2024-07-26,0.05088
603305,旭升集团,2023,2024-04-26,旭升集团2023年年度报告,http://www.cninfo.com.cn/new/disclosure/detail?stockCode=603305&announcementId=1219834849&orgId=9900032571&announcementTime=2024-04-26,2024-04-29,2024-07-26,-0.306878
603306,华懋科技,2023,2024-04-30,华懋科技2023年年度报告,http://www.cninfo.com.cn/new/disclosure/detail?stockCode=603306&announcementId=1219907505&orgId=9900029307&announcementTime=2024-04-30,2024-05-06,2024-07-30,-0.214955
603307,扬州金泉,2023,2024-04-20,2023年年度报告,http://www.cninfo.com.cn/new/disclosure/detail?stockCode=603307&announcementId=1219698977&orgId=9900046649&announcementTime=2024-04-20,2024-04-22,2024-07-19,-0.183042
603308,应流股份,2023,2024-04-24,应流股份2023年年度报告,http://www.cninfo.com.cn/new/disclosure/detail?stockCode=603308&announcementId=1219766110&orgId=9900023247&announcementTime=2024-04-24,2024-04-25,2024-07-24,-0.287748
603309,维力医疗,2023,2024-04-19,维力医疗2023年年度报告,http://www.cninfo.com.cn/new/disclosure/detail?stockCode=603309&announcementId=1219668960&orgId=9900023697&announcementTime=2024-04-19,2024-04-22,2024-07-19,0.027964
603311,金海高科,2023,2024-04-20,金海高科2023年年度报告,http://www.cninfo.com.cn/new/disclosure/detail?stockCode=603311&announcementId=1219699086&orgId=9900023522&announcementTime=2024-04-20,2024-04-22,2024-07-19,-0.051042
603312,西典新能,2023,2024-04-23,2023年年度报告,http://www.cninfo.com.cn/new/disclosure/detail?stockCode=603312&announcementId=1219738126&orgId=9900057483&announcementTime=2024-04-23,2024-04-24,2024-07-23,-0.198427
603313,梦百合,2023,2024-04-27,2023年年度报告,http://www.cninfo.com.cn/new/disclosure/detail?stockCode=603313&announcementId=1219879785&orgId=9900027665&announcementTime=2024-04-27,2024-04-29,2024-07-26,-0.234648
603315,福鞍股份,2023,2024-04-26,福鞍股份2023年年度报告,http://www.cninfo.com.cn/new/disclosure/detail?stockCode=603315&announcementId=1219834887&orgId=9900023761&announcementTime=2024-04-26,2024-04-29,2024-07-26,-0.205228
603316,诚邦股份,2023,2024-04-30,诚邦生态环境股份有限公司2023年年度报告,http://www.cninfo.com.cn/new/disclosure/detail?stockCode=603316&announcementId=1219917652&orgId=9900030890&announcementTime=2024-04-30,2024-05-06,2024-07-30,-0.16782
603318,水发燃气,2023,2024-04-27,水发派思燃气股份有限公司2023年年度报告,http://www.cninfo.com.cn/new/disclosure/detail?stockCode=603318&announcementId=1219853808&orgId=9900023720&announcementTime=2024-04-27,2024-04-29,2024-07-26,-0.070557
603317,天味食品,2023,2024-03-28,2023年年度报告,http://www.cninfo.com.cn/new/disclosure/detail?stockCode=603317&announcementId=1219428418&orgId=9900023519&announcementTime=2024-03-28,2024-03-29,2024-07-01,-0.065564
603319,美湖股份,2023,2024-04-30,2023年年度报告,http://www.cninfo.com.cn/new/disclosure/detail?stockCode=603319&announcementId=1219911585&orgId=9900028874&announcementTime=2024-04-30,2024-05-06,2024-07-30,-0.114966
603320,迪贝电气,2023,2024-04-18,2023年年度报告,http://www.cninfo.com.cn/new/disclosure/detail?stockCode=603320&announcementId=1219647720&orgId=9900023759&announcementTime=2024-04-18,2024-04-19,2024-07-18,0.186827
603321,梅轮电梯,2023,2024-04-20,浙江梅轮电梯股份有限公司2023年年度报告,http://www.cninfo.com.cn/new/disclosure/detail?stockCode=603321&announcementId=1219694405&orgId=9900032995&announcementTime=2024-04-20,2024-04-22,2024-07-19,-0.031429
603322,超讯通信,2023,2024-04-27,超讯通信：2023年年度报告,http://www.cninfo.com.cn/new/disclosure/detail?stockCode=603322&announcementId=1219879811&orgId=9900024954&announcementTime=2024-04-27,2024-04-29,2024-07-26,-0.184352
603324,盛剑科技,2023,2024-04-19,盛剑环境2023年年度报告,http://www.cninfo.com.cn/new/disclosure/detail?stockCode=603324&announcementId=1219664222&orgId=9900041728&announcementTime=2024-04-19,2024-04-22,2024-07-19,0.018218
603323,苏农银行,2023,2024-04-27,苏农银行2023年年度报告,http://www.cninfo.com.cn/new/disclosure/detail?stockCode=603323&announcementId=1219879845&orgId=9900022945&announcementTime=2024-04-27,2024-04-29,2024-07-26,0.025767
603325,博隆技术,2023,2024-04-23,2023年年度报告,http://www.cninfo.com.cn/new/disclosure/detail?stockCode=603325&announcementId=1219742383&orgId=9900048087&announcementTime=2024-04-23,2024-04-24,2024-07-23,-0.083109
603326,我乐家居,2023,2024-04-20,2023年年度报告,http://www.cninfo.com.cn/new/disclosure/detail?stockCode=603326&announcementId=1219706612&orgId=9900031905&announcementTime=2024-04-20,2024-04-22,2024-07-19,-0.185773
603327,福蓉科技,2023,2024-04-25,2023年年度报告,http://www.cninfo.com.cn/new/disclosure/detail?stockCode=603327&announcementId=1219795323&orgId=fzqy1026752&announcementTime=2024-04-25,2024-04-26,2024-07-25,-0.074219
603328,依顿电子,2023,2024-03-29,2023年年度报告,http://www.cninfo.com.cn/new/disclosure/detail?stockCode=603328&announcementId=1219445876&orgId=9900023118&announcementTime=2024-03-29,2024-04-01,2024-07-02,0.141019
603329,上海雅仕,2023,2024-04-26,2023年年度报告,http://www.cninfo.com.cn/new/disclosure/detail?stockCode=603329&announcementId=1219815709&orgId=9900031812&announcementTime=2024-04-26,2024-04-29,2024-07-26,-0.130087
603330,天洋新材,2023,2024-04-30,2023年年度报告,http://www.cninfo.com.cn/new/disclosure/detail?stockCode=603330&announcementId=1219917723&orgId=9900030398&announcementTime=2024-04-30,2024-05-06,2024-07-30,-0.137043
603331,百达精工,2023,2024-03-20,百达精工2023年年度报告,http://www.cninfo.com.cn/new/disclosure/detail?stockCode=603331&announcementId=1219345636&orgId=9900030898&announcementTime=2024-03-20,2024-03-21,2024-06-21,-0.349644
603332,苏州龙杰,2023,2024-04-26,2023年年度报告,http://www.cninfo.com.cn/new/disclosure/detail?stockCode=603332&announcementId=1219822106&orgId=9900023657&announcementTime=2024-04-26,2024-04-29,2024-07-26,-0.008784
603333,尚纬股份,2023,2024-04-27,尚纬股份有限公司2023年年度报告,http://www.cninfo.com.cn/new/disclosure/detail?stockCode=603333&announcementId=1219879887&orgId=9900022575&announcementTime=2024-04-27,2024-04-29,2024-07-26,-0.259259
603335,迪生力,2023,2024-04-09,迪生力2023年年度报告,http://www.cninfo.com.cn/new/disclosure/detail?stockCode=603335&announcementId=1219540277&orgId=9900030897&announcementTime=2024-04-09,2024-04-10,2024-07-09,-0.317822
603336,宏辉果蔬,2023,2024-04-12,2023年年度报告,http://www.cninfo.com.cn/new/disclosure/detail?stockCode=603336&announcementId=1219581219&orgId=9900023771&announcementTime=2024-04-12,2024-04-15,2024-07-12,-0.230233
603337,杰克科技,2023,2024-04-30,杰克股份：2023年年度报告,http://www.cninfo.com.cn/new/disclosure/detail?stockCode=603337&announcementId=1219911643&orgId=9900030371&announcementTime=2024-04-30,2024-05-06,2024-07-30,-0.063918
603338,浙江鼎力,2023,2024-04-25,浙江鼎力机械股份有限公司2023年年度报告,http://www.cninfo.com.cn/new/disclosure/detail?stockCode=603338&announcementId=1219791369&orgId=9900023741&announcementTime=2024-04-25,2024-04-26,2024-07-25,-0.200822
603339,四方科技,2023,2024-03-28,四方科技集团股份有限公司2023年年度报告,http://www.cninfo.com.cn/new/disclosure/detail?stockCode=603339&announcementId=1219425038&orgId=9900024935&announcementTime=2024-03-28,2024-03-29,2024-07-01,-0.14966
603341,龙旗科技,2023,2024-04-29,2023年年度报告,http://www.cninfo.com.cn/new/disclosure/detail?stockCode=603341&announcementId=1219891477&orgId=9900031780&announcementTime=2024-04-29,2024-04-30,2024-07-29,-0.198008
603344,星德胜,2023,2024-04-27,星德胜2023年年度报告,http://www.cninfo.com.cn/new/disclosure/detail?stockCode=603344&announcementId=1219879914&orgId=9900056295&announcementTime=2024-04-27,2024-04-29,2024-07-26,-0.236897
603345,安井食品,2023,2024-04-27,安井食品2023年年度报告,http://www.cninfo.com.cn/new/disclosure/detail?stockCode=603345&announcementId=1219879952&orgId=9900028960&announcementTime=2024-04-27,2024-04-29,2024-07-26,-0.116009
603348,文灿股份,2023,2024-04-26,2023年年度报告,http://www.cninfo.com.cn/new/disclosure/detail?stockCode=603348&announcementId=1219835023&orgId=gfbj0832154&announcementTime=2024-04-26,2024-04-29,2024-07-26,-0.188729
603351,威尔药业,2023,2024-04-26,威尔药业2023年年度报告,http://www.cninfo.com.cn/new/disclosure/detail?stockCode=603351&announcementId=1219835065&orgId=9900036282&announcementTime=2024-04-26,2024-04-29,2024-07-26,-0.149444
603353,和顺石油,2023,2024-04-27,和顺石油2023年年度报告,http://www.cninfo.com.cn/new/disclosure/detail?stockCode=603353&announcementId=1219880005&orgId=9900035533&announcementTime=2024-04-27,2024-04-29,2024-07-26,-0.287098
603355,莱克电气,2023,2024-04-30,莱克电气2023年年度报告,http://www.cninfo.com.cn/new/disclosure/detail?stockCode=603355&announcementId=1219925557&orgId=9900023608&announcementTime=2024-04-30,2024-05-06,2024-07-30,-0.220152
603356,华菱精工,2023,2024-04-30,2023年年度报告,http://www.cninfo.com.cn/new/disclosure/detail?stockCode=603356&announcementId=1219923064&orgId=9900034349&announcementTime=2024-04-30,2024-05-06,2024-07-30,0.018957
603358,华达科技,2023,2024-04-30,2023年年度报告全文,http://www.cninfo.com.cn/new/disclosure/detail?stockCode=603358&announcementId=1222973459&orgId=9900029980&announcementTime=2024-04-30,2024-05-06,2024-07-30,-0.020448
603357,设计总院,2023,2024-03-29,设计总院2023年年度报告,http://www.cninfo.com.cn/new/disclosure/detail?stockCode=603357&announcementId=1219449297&orgId=9900031485&announcementTime=2024-03-29,2024-04-01,2024-07-02,-0.085859
603359,东珠生态,2023,2024-04-25,东珠生态环保股份有限公司2023年年度报告,http://www.cninfo.com.cn/new/disclosure/detail?stockCode=603359&announcementId=1219800085&orgId=9900023958&announcementTime=2024-04-25,2024-04-26,2024-07-25,-0.207289
603360,百傲化学,2023,2024-04-26,大连百傲化学股份有限公司2023年年度报告,http://www.cninfo.com.cn/new/disclosure/detail?stockCode=603360&announcementId=1219835125&orgId=9900030005&announcementTime=2024-04-26,2024-04-29,2024-07-26,0.121599
603363,傲农生物,2023,2024-04-30,福建傲农生物科技集团股份有限公司2023年年度报告,http://www.cninfo.com.cn/new/disclosure/detail?stockCode=603363&announcementId=1219925622&orgId=9900033003&announcementTime=2024-04-30,2024-05-06,2024-07-30,0.097826
603365,水星家纺,2023,2024-04-30,上海水星家用纺织品股份有限公司2023年年度报告,http://www.cninfo.com.cn/new/disclosure/detail?stockCode=603365&announcementId=1219911760&orgId=9900026420&announcementTime=2024-04-30,2024-05-06,2024-07-30,-0.28888
603367,辰欣药业,2023,2024-04-23,辰欣药业股份有限公司2023年年度报告,http://www.cninfo.com.cn/new/disclosure/detail?stockCode=603367&announcementId=1219741124&orgId=9900024437&announcementTime=2024-04-23,2024-04-24,2024-07-23,-0.13164
603366,日出东方,2023,2024-04-26,日出东方控股股份有限公司2023年年度报告,http://www.cninfo.com.cn/new/disclosure/detail?stockCode=603366&announcementId=1219835149&orgId=9900022648&announcementTime=2024-04-26,2024-04-29,2024-07-26,-0.223176
603369,今世缘,2023,2024-04-30,江苏今世缘酒业股份有限公司2023年年度报告,http://www.cninfo.com.cn/new/disclosure/detail?stockCode=603369&announcementId=1219917783&orgId=9900023168&announcementTime=2024-04-30,2024-05-06,2024-07-30,-0.246057
603368,柳药集团,2023,2024-04-26,广西柳药集团股份有限公司2023年年度报告,http://www.cninfo.com.cn/new/disclosure/detail?stockCode=603368&announcementId=1219835170&orgId=9900022939&announcementTime=2024-04-26,2024-04-29,2024-07-26,-0.241415
603373,安邦护卫,2023,2024-04-23,安邦护卫2023年年度报告,http://www.cninfo.com.cn/new/disclosure/detail?stockCode=603373&announcementId=1219746913&orgId=9900052523&announcementTime=2024-04-23,2024-04-24,2024-07-23,-0.193691
603375,盛景微,2023,2024-04-16,2023年年度报告,http://www.cninfo.com.cn/new/disclosure/detail?stockCode=603375&announcementId=1219620454&orgId=9900051392&announcementTime=2024-04-16,2024-04-17,2024-07-16,-0.199953
603377,ST东时,2023,2024-04-30,2023年年度报告,http://www.cninfo.com.cn/new/disclosure/detail?stockCode=603377&announcementId=1219925667&orgId=9900023616&announcementTime=2024-04-30,2024-05-06,2024-07-30,-0.517304
603378,亚士创能,2023,2024-04-30,亚士创能2023年年度报告,http://www.cninfo.com.cn/new/disclosure/detail?stockCode=603378&announcementId=1219917805&orgId=9900030399&announcementTime=2024-04-30,2024-05-06,2024-07-30,0.017041
603379,三美股份,2023,2024-04-30,浙江三美化工股份有限公司2023年年度报告,http://www.cninfo.com.cn/new/disclosure/detail?stockCode=603379&announcementId=1219911903&orgId=GD061916&announcementTime=2024-04-30,2024-05-06,2024-07-30,-0.306512
603380,易德龙,2023,2024-04-26,苏州易德龙科技股份有限公司2023年年度报告,http://www.cninfo.com.cn/new/disclosure/detail?stockCode=603380&announcementId=1219835216&orgId=9900032569&announcementTime=2024-04-26,2024-04-29,2024-07-26,-0.079621
603383,顶点软件,2023,2024-04-12,顶点软件2023年年度报告,http://www.cninfo.com.cn/new/disclosure/detail?stockCode=603383&announcementId=1219582629&orgId=9900023072&announcementTime=2024-04-12,2024-04-15,2024-07-12,-0.057096
603385,惠达卫浴,2023,2024-04-26,2023年年度报告,http://www.cninfo.com.cn/new/disclosure/detail?stockCode=603385&announcementId=1219835461&orgId=9900030578&announcementTime=2024-04-26,2024-04-29,2024-07-26,-0.130145
603386,骏亚科技,2023,2024-04-26,骏亚科技：2023年年度报告,http://www.cninfo.com.cn/new/disclosure/detail?stockCode=603386&announcementId=1219835483&orgId=9900033000&announcementTime=2024-04-26,2024-04-29,2024-07-26,0.205281
603387,基蛋生物,2023,2024-04-30,基蛋生物：2023年年度报告,http://www.cninfo.com.cn/new/disclosure/detail?stockCode=603387&announcementId=1219923086&orgId=9900031490&announcementTime=2024-04-30,2024-05-06,2024-07-30,-0.21416
603389,*ST亚振,2023,2024-04-26,亚振家居股份有限公司2023年年度报告,http://www.cninfo.com.cn/new/disclosure/detail?stockCode=603389&announcementId=1219835527&orgId=9900026793&announcementTime=2024-04-26,2024-04-29,2024-07-26,0.031469
603390,通达电气,2023,2024-04-27,广州通达汽车电气股份有限公司2023年年度报告,http://www.cninfo.com.cn/new/disclosure/detail?stockCode=603390&announcementId=1219880102&orgId=gfbj0870399&announcementTime=2024-04-27,2024-04-29,2024-07-26,0.041278
603392,万泰生物,2023,2024-03-29,万泰生物2023年年度报告,http://www.cninfo.com.cn/new/disclosure/detail?stockCode=603392&announcementId=1219441054&orgId=9900033181&announcementTime=2024-03-29,2024-04-01,2024-07-02,-0.023754
603393,新天然气,2023,2024-04-27,新天然气-2023年报,http://www.cninfo.com.cn/new/disclosure/detail?stockCode=603393&announcementId=1219880127&orgId=9900030440&announcementTime=2024-04-27,2024-04-29,2024-07-26,0.083244
603396,金辰股份,2023,2024-04-26,营口金辰机械股份有限公司2023年年度报告,http://www.cninfo.com.cn/new/disclosure/detail?stockCode=603396&announcementId=1219835573&orgId=9900030574&announcementTime=2024-04-26,2024-04-29,2024-07-26,-0.258848
603398,*ST沐邦,2023,2024-04-27,江西沐邦高科股份有限公司2023年年度报告,http://www.cninfo.com.cn/new/disclosure/detail?stockCode=603398&announcementId=1219880159&orgId=9900024444&announcementTime=2024-04-27,2024-04-29,2024-07-26,-0.114407
603399,永杉锂业,2023,2024-04-26,吉翔股份2023年年度报告,http://www.cninfo.com.cn/new/disclosure/detail?stockCode=603399&announcementId=1219842690&orgId=9900023227&announcementTime=2024-04-26,2024-04-29,2024-07-26,-0.091278
603408,建霖家居,2023,2024-03-30,厦门建霖建霖家居股份有限公司2023年年度报告,http://www.cninfo.com.cn/new/disclosure/detail?stockCode=603408&announcementId=1219467752&orgId=9900039735&announcementTime=2024-03-30,2024-04-01,2024-07-02,0.009296
603416,信捷电气,2023,2024-04-20,无锡信捷电气股份有限公司2023年年度报告,http://www.cninfo.com.cn/new/disclosure/detail?stockCode=603416&announcementId=1219688248&orgId=9900029045&announcementTime=2024-04-20,2024-04-22,2024-07-19,0.069115
603421,鼎信通讯,2023,2024-04-30,鼎信通讯2023年年度报告,http://www.cninfo.com.cn/new/disclosure/detail?stockCode=603421&announcementId=1219917975&orgId=9900026642&announcementTime=2024-04-30,2024-05-06,2024-07-30,-0.242707
603429,集友股份,2023,2024-04-20,集友股份2023年年度报告,http://www.cninfo.com.cn/new/disclosure/detail?stockCode=603429&announcementId=1219702922&orgId=9900033051&announcementTime=2024-04-20,2024-04-22,2024-07-19,-0.268086
603439,三力制药,2023,2024-04-27,2023年年度报告,http://www.cninfo.com.cn/new/disclosure/detail?stockCode=603439&announcementId=1219880214&orgId=gfbj0832708&announcementTime=2024-04-27,2024-04-29,2024-07-26,-0.158801
603444,吉比特,2023,2024-03-29,厦门吉比特网络技术股份有限公司2023年年度报告,http://www.cninfo.com.cn/new/disclosure/detail?stockCode=603444&announcementId=1219448354&orgId=9900028872&announcementTime=2024-03-29,2024-04-01,2024-07-02,-0.08057
603456,九洲药业,2023,2024-04-09,浙江九洲药业股份有限公司2023年年度报告,http://www.cninfo.com.cn/new/disclosure/detail?stockCode=603456&announcementId=1219536807&orgId=9900022935&announcementTime=2024-04-09,2024-04-10,2024-07-09,-0.183576
603458,勘设股份,2023,2024-04-27,勘设股份2023年年度报告,http://www.cninfo.com.cn/new/disclosure/detail?stockCode=603458&announcementId=1219880255&orgId=9900031907&announcementTime=2024-04-27,2024-04-29,2024-07-26,-0.184153
603466,风语筑,2023,2024-04-26,上海风语筑文化科技股份有限公司2023年年度报告,http://www.cninfo.com.cn/new/disclosure/detail?stockCode=603466&announcementId=1219835632&orgId=9900033216&announcementTime=2024-04-26,2024-04-29,2024-07-26,-0.351401
603477,巨星农牧,2023,2024-03-23,乐山巨星农牧股份有限公司2023年年度报告,http://www.cninfo.com.cn/new/disclosure/detail?stockCode=603477&announcementId=1219388580&orgId=9900035087&announcementTime=2024-03-23,2024-03-25,2024-06-25,-0.202644
603486,科沃斯,2023,2024-04-27,2023年年度报告,http://www.cninfo.com.cn/new/disclosure/detail?stockCode=603486&announcementId=1219880275&orgId=GD134549&announcementTime=2024-04-27,2024-04-29,2024-07-26,-0.081348
603488,展鹏科技,2023,2024-03-28,展鹏科技股份有限公司2023年年度报告,http://www.cninfo.com.cn/new/disclosure/detail?stockCode=603488&announcementId=1219427365&orgId=9900030895&announcementTime=2024-03-28,2024-03-29,2024-07-01,-0.265646
603489,八方股份,2023,2024-04-20,2023年年度报告全文,http://www.cninfo.com.cn/new/disclosure/detail?stockCode=603489&announcementId=1219694532&orgId=9900037309&announcementTime=2024-04-20,2024-04-22,2024-07-19,-0.193502
603496,恒为科技,2023,2024-04-19,2023年年度报告,http://www.cninfo.com.cn/new/disclosure/detail?stockCode=603496&announcementId=1219667566&orgId=9900030822&announcementTime=2024-04-19,2024-04-22,2024-07-19,-0.040366
603499,翔港科技,2023,2024-04-26,2023年年度报告,http://www.cninfo.com.cn/new/disclosure/detail?stockCode=603499&announcementId=1219822140&orgId=9900032988&announcementTime=2024-04-26,2024-04-29,2024-07-26,-0.239629
603500,祥和实业,2023,2024-03-29,浙江天台祥和实业股份有限公司2023年年度报告,http://www.cninfo.com.cn/new/disclosure/detail?stockCode=603500&announcementId=1219441626&orgId=9900032885&announcementTime=2024-03-29,2024-04-01,2024-07-02,-0.095089
603501,豪威集团,2023,2024-04-27,2023年年度报告,http://www.cninfo.com.cn/new/disclosure/detail?stockCode=603501&announcementId=1219880364&orgId=9900030772&announcementTime=2024-04-27,2024-04-29,2024-07-26,0.020884
603505,金石资源,2023,2024-03-29,金石资源集团股份有限公司2023年年度报告,http://www.cninfo.com.cn/new/disclosure/detail?stockCode=603505&announcementId=1219440248&orgId=9900029041&announcementTime=2024-03-29,2024-04-01,2024-07-02,-0.094885
603506,南都物业,2023,2024-04-20,南都物业服务集团股份有限公司2023年年度报告,http://www.cninfo.com.cn/new/disclosure/detail?stockCode=603506&announcementId=1219699251&orgId=9900033208&announcementTime=2024-04-20,2024-04-22,2024-07-19,-0.103786
603507,振江股份,2023,2024-04-20,振江股份2023年度报告,http://www.cninfo.com.cn/new/disclosure/detail?stockCode=603507&announcementId=1219703065&orgId=9900033205&announcementTime=2024-04-20,2024-04-22,2024-07-19,0.180263
603508,思维列控,2023,2024-04-10,思维列控2023年年度报告,http://www.cninfo.com.cn/new/disclosure/detail?stockCode=603508&announcementId=1219550302&orgId=9900024628&announcementTime=2024-04-10,2024-04-11,2024-07-10,0.024138
603511,爱慕股份,2023,2024-04-27,公司2023年年度报告,http://www.cninfo.com.cn/new/disclosure/detail?stockCode=603511&announcementId=1219880380&orgId=GD183129&announcementTime=2024-04-27,2024-04-29,2024-07-26,-0.150767
603515,欧普照明,2023,2024-04-27,欧普照明股份有限公司2023年年度报告,http://www.cninfo.com.cn/new/disclosure/detail?stockCode=603515&announcementId=1219880423&orgId=9900026533&announcementTime=2024-04-27,2024-04-29,2024-07-26,-0.068845
603517,ST绝味,2023,2024-04-30,绝味食品2023年度报告全文,http://www.cninfo.com.cn/new/disclosure/detail?stockCode=603517&announcementId=1219907586&orgId=9900029519&announcementTime=2024-04-30,2024-05-06,2024-07-30,-0.284269
603516,淳中科技,2023,2024-04-18,北京淳中科技股份有限公司2023年年度报告,http://www.cninfo.com.cn/new/disclosure/detail?stockCode=603516&announcementId=1219650717&orgId=gfbj0834801&announcementTime=2024-04-18,2024-04-19,2024-07-18,0.051362
603518,锦泓集团,2023,2024-04-26,锦泓时装集团股份有限公司2023年年度报告,http://www.cninfo.com.cn/new/disclosure/detail?stockCode=603518&announcementId=1219835733&orgId=9900023765&announcementTime=2024-04-26,2024-04-29,2024-07-26,-0.275392
603519,立霸股份,2023,2024-04-26,立霸股份：2023年年度报告,http://www.cninfo.com.cn/new/disclosure/detail?stockCode=603519&announcementId=1219823345&orgId=9900023752&announcementTime=2024-04-26,2024-04-29,2024-07-26,-0.18635
603520,司太立,2023,2024-04-30,司太立2023年度报告（全文）,http://www.cninfo.com.cn/new/disclosure/detail?stockCode=603520&announcementId=1219911940&orgId=9900024955&announcementTime=2024-04-30,2024-05-06,2024-07-30,-0.311326
603527,众源新材,2023,2024-04-26,众源新材2023年年度报告,http://www.cninfo.com.cn/new/disclosure/detail?stockCode=603527&announcementId=1219820886&orgId=gfbj0832582&announcementTime=2024-04-26,2024-04-29,2024-07-26,-0.173385
603529,爱玛科技,2023,2024-04-16,爱玛科技2023年年度报告,http://www.cninfo.com.cn/new/disclosure/detail?stockCode=603529&announcementId=1219619362&orgId=9900037312&announcementTime=2024-04-16,2024-04-17,2024-07-16,-0.130054
603528,多伦科技,2023,2024-04-26,多伦科技2023年年度报告,http://www.cninfo.com.cn/new/disclosure/detail?stockCode=603528&announcementId=1219823385&orgId=9900026209&announcementTime=2024-04-26,2024-04-29,2024-07-26,-0.061674
603530,神马电力,2023,2024-04-12,神马电力2023年年度报告,http://www.cninfo.com.cn/new/disclosure/detail?stockCode=603530&announcementId=1219583072&orgId=9900036545&announcementTime=2024-04-12,2024-04-15,2024-07-12,0.288686
603533,掌阅科技,2023,2024-04-20,掌阅科技股份有限公司2023年年度报告,http://www.cninfo.com.cn/new/disclosure/detail?stockCode=603533&announcementId=1219703129&orgId=9900033063&announcementTime=2024-04-20,2024-04-22,2024-07-19,-0.178554
603535,嘉诚国际,2023,2024-04-20,2023年年度报告,http://www.cninfo.com.cn/new/disclosure/detail?stockCode=603535&announcementId=1219699426&orgId=9900023643&announcementTime=2024-04-20,2024-04-22,2024-07-19,-0.110319
603538,美诺华,2023,2024-04-30,宁波美诺华药业股份有限公司2023年年度报告,http://www.cninfo.com.cn/new/disclosure/detail?stockCode=603538&announcementId=1219912078&orgId=9900029824&announcementTime=2024-04-30,2024-05-06,2024-07-30,-0.179803
603536,惠发食品,2023,2024-03-29,惠发食品2023年年度报告,http://www.cninfo.com.cn/new/disclosure/detail?stockCode=603536&announcementId=1219440267&orgId=9900024760&announcementTime=2024-03-29,2024-04-01,2024-07-02,-0.233597
603556,海兴电力,2023,2024-04-16,杭州海兴电力科技股份有限公司2023年年度报告,http://www.cninfo.com.cn/new/disclosure/detail?stockCode=603556&announcementId=1219620838&orgId=9900026786&announcementTime=2024-04-16,2024-04-17,2024-07-16,-0.063036
603551,奥普科技,2023,2024-04-24,奥普家居股份有限公司2023年年度报告,http://www.cninfo.com.cn/new/disclosure/detail?stockCode=603551&announcementId=1219767957&orgId=9900037166&announcementTime=2024-04-24,2024-04-25,2024-07-24,-0.130562
603557,ST起步,2023,2024-04-27,ST起步：2023年年度报告,http://www.cninfo.com.cn/new/disclosure/detail?stockCode=603557&announcementId=1219880494&orgId=9900032999&announcementTime=2024-04-27,2024-04-29,2024-07-26,0.128492
603558,健盛集团,2023,2024-03-16,健盛集团2023年年度报告,http://www.cninfo.com.cn/new/disclosure/detail?stockCode=603558&announcementId=1219311644&orgId=GD040373&announcementTime=2024-03-16,2024-03-18,2024-06-18,-0.001712
603565,中谷物流,2023,2024-03-27,2023年年度报告,http://www.cninfo.com.cn/new/disclosure/detail?stockCode=603565&announcementId=1219409634&orgId=gfbj0836283&announcementTime=2024-03-27,2024-03-28,2024-06-28,0.053298
603559,ST通脉,2023,2024-04-30,中通国脉通信股份有限公司2023年年度报告,http://www.cninfo.com.cn/new/disclosure/detail?stockCode=603559&announcementId=1219918070&orgId=9900029037&announcementTime=2024-04-30,2024-05-06,2024-07-30,0.156197
603566,普莱柯,2023,2024-04-26,普莱柯2023年年度报告,http://www.cninfo.com.cn/new/disclosure/detail?stockCode=603566&announcementId=1219835767&orgId=9900023152&announcementTime=2024-04-26,2024-04-29,2024-07-26,-0.268567
603567,珍宝岛,2023,2024-04-30,黑龙江珍宝岛药业股份有限公司2023年年度报告,http://www.cninfo.com.cn/new/disclosure/detail?stockCode=603567&announcementId=1219912118&orgId=9900023465&announcementTime=2024-04-30,2024-05-06,2024-07-30,-0.128
603569,长久物流,2023,2024-04-27,长久物流2023年年度报告,http://www.cninfo.com.cn/new/disclosure/detail?stockCode=603569&announcementId=1219880535&orgId=9900026446&announcementTime=2024-04-27,2024-04-29,2024-07-26,-0.275453
603568,伟明环保,2023,2024-04-20,伟明环保2023年年度报告,http://www.cninfo.com.cn/new/disclosure/detail?stockCode=603568&announcementId=1219705712&orgId=9900023680&announcementTime=2024-04-20,2024-04-22,2024-07-19,-0.042485
603578,三星新材,2023,2024-04-30,三星新材2023年年度报告,http://www.cninfo.com.cn/new/disclosure/detail?stockCode=603578&announcementId=1219907623&orgId=gfbj0831645&announcementTime=2024-04-30,2024-05-06,2024-07-30,-0.150521
603577,汇金通,2023,2024-03-27,汇金通2023年年度报告,http://www.cninfo.com.cn/new/disclosure/detail?stockCode=603577&announcementId=1219408431&orgId=9900029595&announcementTime=2024-03-27,2024-03-28,2024-06-28,-0.068543
603579,荣泰健康,2023,2024-04-16,上海荣泰健康科技股份有限公司2023年年度报告,http://www.cninfo.com.cn/new/disclosure/detail?stockCode=603579&announcementId=1219622350&orgId=9900029801&announcementTime=2024-04-16,2024-04-17,2024-07-16,-0.219442
603580,*ST艾艾,2023,2024-04-30,艾艾精工2023年年度报告,http://www.cninfo.com.cn/new/disclosure/detail?stockCode=603580&announcementId=1219923146&orgId=gfbj0430599&announcementTime=2024-04-30,2024-05-06,2024-07-30,-0.120704
603583,捷昌驱动,2023,2024-04-24,2023年年度报告,http://www.cninfo.com.cn/new/disclosure/detail?stockCode=603583&announcementId=1219762951&orgId=gfbj0830948&announcementTime=2024-04-24,2024-04-25,2024-07-24,-0.203534
603585,苏利股份,2023,2024-04-24,2023年年度报告,http://www.cninfo.com.cn/new/disclosure/detail?stockCode=603585&announcementId=1219770558&orgId=9900029469&announcementTime=2024-04-24,2024-04-25,2024-07-24,-0.176153
603586,金麒麟,2023,2024-04-27,山东金麒麟股份有限公司2023年年度报告全文,http://www.cninfo.com.cn/new/disclosure/detail?stockCode=603586&announcementId=1219880558&orgId=9900030773&announcementTime=2024-04-27,2024-04-29,2024-07-26,-0.022192
603587,地素时尚,2023,2024-04-26,地素时尚2023年年度报告,http://www.cninfo.com.cn/new/disclosure/detail?stockCode=603587&announcementId=1219835785&orgId=9900031496&announcementTime=2024-04-26,2024-04-29,2024-07-26,-0.110656
603588,高能环境,2023,2024-04-26,高能环境2023年年度报告,http://www.cninfo.com.cn/new/disclosure/detail?stockCode=603588&announcementId=1219835852&orgId=9900023766&announcementTime=2024-04-26,2024-04-29,2024-07-26,-0.196282
603589,口子窖,2023,2024-04-30,安徽口子酒业股份有限公司2023年年度报告,http://www.cninfo.com.cn/new/disclosure/detail?stockCode=603589&announcementId=1219912125&orgId=9900023518&announcementTime=2024-04-30,2024-05-06,2024-07-30,-0.102266
603590,康辰药业,2023,2024-04-26,康辰药业2023年年度报告,http://www.cninfo.com.cn/new/disclosure/detail?stockCode=603590&announcementId=1219841487&orgId=9900034526&announcementTime=2024-04-26,2024-04-29,2024-07-26,-0.203734
603595,ST东尼,2023,2024-04-27,东尼电子2023年年度报告,http://www.cninfo.com.cn/new/disclosure/detail?stockCode=603595&announcementId=1219880612&orgId=9900032656&announcementTime=2024-04-27,2024-04-29,2024-07-26,-0.171537
603596,伯特利,2023,2024-03-28,伯特利2023年年度报告,http://www.cninfo.com.cn/new/disclosure/detail?stockCode=603596&announcementId=1219430299&orgId=gfbj0835470&announcementTime=2024-03-28,2024-03-29,2024-07-01,-0.010411
603599,广信股份,2023,2024-04-26,2023年年度报告,http://www.cninfo.com.cn/new/disclosure/detail?stockCode=603599&announcementId=1219835902&orgId=9900023967&announcementTime=2024-04-26,2024-04-29,2024-07-26,-0.16189
603598,引力传媒,2023,2024-04-30,引力传媒：2023年年度报告,http://www.cninfo.com.cn/new/disclosure/detail?stockCode=603598&announcementId=1219905773&orgId=9900024134&announcementTime=2024-04-30,2024-05-06,2024-07-30,-0.219437
603601,再升科技,2023,2024-04-25,再升科技2023年年度报告,http://www.cninfo.com.cn/new/disclosure/detail?stockCode=603601&announcementId=1219798076&orgId=9900023779&announcementTime=2024-04-25,2024-04-26,2024-07-25,-0.159424
603600,永艺股份,2023,2024-04-25,永艺家具股份有限公司2023年年度报告,http://www.cninfo.com.cn/new/disclosure/detail?stockCode=603600&announcementId=1219787316&orgId=9900023653&announcementTime=2024-04-25,2024-04-26,2024-07-25,-0.237467
603602,纵横通信,2023,2024-04-19,纵横通信2023年年度报告,http://www.cninfo.com.cn/new/disclosure/detail?stockCode=603602&announcementId=1219664247&orgId=9900024449&announcementTime=2024-04-19,2024-04-22,2024-07-19,0.108081
603605,珀莱雅,2023,2024-04-19,珀莱雅化妆品股份有限公司2023年年度报告,http://www.cninfo.com.cn/new/disclosure/detail?stockCode=603605&announcementId=1219664274&orgId=9900032985&announcementTime=2024-04-19,2024-04-22,2024-07-19,-0.041125
603606,东方电缆,2023,2024-03-21,东方电缆2023年年度报告,http://www.cninfo.com.cn/new/disclosure/detail?stockCode=603606&announcementId=1219360452&orgId=9900023122&announcementTime=2024-03-21,2024-03-22,2024-06-24,0.096097
603607,京华激光,2023,2024-04-27,京华激光2023年年度报告,http://www.cninfo.com.cn/new/disclosure/detail?stockCode=603607&announcementId=1219853839&orgId=9900034181&announcementTime=2024-04-27,2024-04-29,2024-07-26,-0.068189
603608,天创时尚,2023,2024-04-30,天创时尚股份有限公司2023年年度报告,http://www.cninfo.com.cn/new/disclosure/detail?stockCode=603608&announcementId=1219927779&orgId=9900024757&announcementTime=2024-04-30,2024-05-06,2024-07-30,-0.420221
603609,禾丰股份,2023,2024-03-30,禾丰股份2023年年度报告,http://www.cninfo.com.cn/new/disclosure/detail?stockCode=603609&announcementId=1219462055&orgId=9900022976&announcementTime=2024-03-30,2024-04-01,2024-07-02,-0.062818
603610,麒盛科技,2023,2024-04-19,麒盛科技2023年年度报告,http://www.cninfo.com.cn/new/disclosure/detail?stockCode=603610&announcementId=1219663731&orgId=9900037346&announcementTime=2024-04-19,2024-04-22,2024-07-19,-0.173114
603611,诺力股份,2023,2024-04-18,诺力股份2023年年度报告,http://www.cninfo.com.cn/new/disclosure/detail?stockCode=603611&announcementId=1219651190&orgId=9900023659&announcementTime=2024-04-18,2024-04-19,2024-07-18,-0.212594
603613,国联股份,2023,2024-04-29,2023年年度报告,http://www.cninfo.com.cn/new/disclosure/detail?stockCode=603613&announcementId=1219891507&orgId=GD082689&announcementTime=2024-04-29,2024-04-30,2024-07-29,-0.133445
603612,索通发展,2023,2024-04-30,索通发展股份有限公司2023年年度报告,http://www.cninfo.com.cn/new/disclosure/detail?stockCode=603612&announcementId=1219918107&orgId=9900023754&announcementTime=2024-04-30,2024-05-06,2024-07-30,-0.228723
603616,韩建河山,2023,2024-04-30,韩建河山2023年年度报告,http://www.cninfo.com.cn/new/disclosure/detail?stockCode=603616&announcementId=1219918147&orgId=9900023517&announcementTime=2024-04-30,2024-05-06,2024-07-30,-0.206086
603615,茶花股份,2023,2024-03-20,2023年年度报告,http://www.cninfo.com.cn/new/disclosure/detail?stockCode=603615&announcementId=1219346551&orgId=9900030397&announcementTime=2024-03-20,2024-03-21,2024-06-21,-0.467742
603617,君禾股份,2023,2024-04-26,君禾股份2023年年度报告,http://www.cninfo.com.cn/new/disclosure/detail?stockCode=603617&announcementId=1219835945&orgId=9900023354&announcementTime=2024-04-26,2024-04-29,2024-07-26,-0.065896
603618,杭电股份,2023,2024-04-17,杭电股份：2023年年度报告,http://www.cninfo.com.cn/new/disclosure/detail?stockCode=603618&announcementId=1219635482&orgId=9900023676&announcementTime=2024-04-17,2024-04-18,2024-07-17,-0.074098
603626,科森科技,2023,2024-04-18,2023年年度报告,http://www.cninfo.com.cn/new/disclosure/detail?stockCode=603626&announcementId=1219648219&orgId=9900029914&announcementTime=2024-04-18,2024-04-19,2024-07-18,-0.140218
603619,中曼石油,2023,2024-04-30,中曼石油2023年年度报告,http://www.cninfo.com.cn/new/disclosure/detail?stockCode=603619&announcementId=1219923155&orgId=9900031498&announcementTime=2024-04-30,2024-05-06,2024-07-30,-0.183055
603628,清源股份,2023,2024-04-30,2023年年度报告,http://www.cninfo.com.cn/new/disclosure/detail?stockCode=603628&announcementId=1219923188&orgId=9900023615&announcementTime=2024-04-30,2024-05-06,2024-07-30,-0.124836
603629,利通电子,2023,2024-04-23,603629：利通电子2023年年度报告,http://www.cninfo.com.cn/new/disclosure/detail?stockCode=603629&announcementId=1219736200&orgId=9900035548&announcementTime=2024-04-23,2024-04-24,2024-07-23,-0.267987
603630,拉芳家化,2023,2024-04-30,2023年年度报告,http://www.cninfo.com.cn/new/disclosure/detail?stockCode=603630&announcementId=1219918337&orgId=9900030439&announcementTime=2024-04-30,2024-05-06,2024-07-30,-0.199653
603633,徕木股份,2023,2024-04-27,徕木股份2023年年度报告,http://www.cninfo.com.cn/new/disclosure/detail?stockCode=603633&announcementId=1219880644&orgId=9900029035&announcementTime=2024-04-27,2024-04-29,2024-07-26,-0.03898
603636,南威软件,2023,2024-04-30,南威软件：2023年年度报告,http://www.cninfo.com.cn/new/disclosure/detail?stockCode=603636&announcementId=1219918351&orgId=9900023642&announcementTime=2024-04-30,2024-05-06,2024-07-30,-0.121532
603637,镇海股份,2023,2024-03-29,镇海石化工程股份有限公司2023年年度报告全文,http://www.cninfo.com.cn/new/disclosure/detail?stockCode=603637&announcementId=1219442641&orgId=9900029746&announcementTime=2024-03-29,2024-04-01,2024-07-02,-0.124602
603638,艾迪精密,2023,2024-04-30,艾迪精密_2023年_年度报告,http://www.cninfo.com.cn/new/disclosure/detail?stockCode=603638&announcementId=1219918425&orgId=9900029803&announcementTime=2024-04-30,2024-05-06,2024-07-30,-0.190798
603639,海利尔,2023,2024-04-27,海利尔_2023年_年度报告,http://www.cninfo.com.cn/new/disclosure/detail?stockCode=603639&announcementId=1219880706&orgId=9900026804&announcementTime=2024-04-27,2024-04-29,2024-07-26,-0.215381
603648,畅联股份,2023,2024-04-26,上海畅联国际物流股份有限公司2023年年度报告,http://www.cninfo.com.cn/new/disclosure/detail?stockCode=603648&announcementId=1219840458&orgId=9900031813&announcementTime=2024-04-26,2024-04-29,2024-07-26,-0.074
603650,彤程新材,2023,2024-04-25,彤程新材料集团股份有限公司2023年年度报告,http://www.cninfo.com.cn/new/disclosure/detail?stockCode=603650&announcementId=1219787639&orgId=9900035570&announcementTime=2024-04-25,2024-04-26,2024-07-25,-0.027805
603655,朗博科技,2023,2024-04-26,常州朗博密封科技股份有限公司2023年年度报告,http://www.cninfo.com.cn/new/disclosure/detail?stockCode=603655&announcementId=1219840473&orgId=9900033184&announcementTime=2024-04-26,2024-04-29,2024-07-26,-0.078444
603656,泰禾智能,2023,2024-04-26,泰禾智能2023年年度报告,http://www.cninfo.com.cn/new/disclosure/detail?stockCode=603656&announcementId=1219823442&orgId=9900030419&announcementTime=2024-04-26,2024-04-29,2024-07-26,-0.181235
603657,春光科技,2023,2024-04-20,春光科技2023年年度报告,http://www.cninfo.com.cn/new/disclosure/detail?stockCode=603657&announcementId=1219696151&orgId=9900035542&announcementTime=2024-04-20,2024-04-22,2024-07-19,-0.567604
603658,安图生物,2023,2024-04-19,安图生物2023年年度报告,http://www.cninfo.com.cn/new/disclosure/detail?stockCode=603658&announcementId=1219662040&orgId=9900026792&announcementTime=2024-04-19,2024-04-22,2024-07-19,-0.178502
603659,璞泰来,2023,2024-04-13,上海璞泰来新能源科技股份有限公司2023年年度报告,http://www.cninfo.com.cn/new/disclosure/detail?stockCode=603659&announcementId=1219600013&orgId=9900033054&announcementTime=2024-04-13,2024-04-15,2024-07-12,-0.308236
603660,苏州科达,2023,2024-04-27,603660_2023年_年度报告(全文),http://www.cninfo.com.cn/new/disclosure/detail?stockCode=603660&announcementId=1219854078&orgId=9900026447&announcementTime=2024-04-27,2024-04-29,2024-07-26,-0.279562
603661,恒林股份,2023,2024-04-26,恒林股份2023年年度报告,http://www.cninfo.com.cn/new/disclosure/detail?stockCode=603661&announcementId=1219840508&orgId=9900022987&announcementTime=2024-04-26,2024-04-29,2024-07-26,-0.197683
603662,柯力传感,2023,2024-04-30,柯力传感2023年年度报告,http://www.cninfo.com.cn/new/disclosure/detail?stockCode=603662&announcementId=1219918476&orgId=9900035557&announcementTime=2024-04-30,2024-05-06,2024-07-30,-0.310258
603665,康隆达,2023,2024-04-20,康隆达2023年年度报告,http://www.cninfo.com.cn/new/disclosure/detail?stockCode=603665&announcementId=1219699495&orgId=9900030088&announcementTime=2024-04-20,2024-04-22,2024-07-19,0.334746
603663,三祥新材,2023,2024-04-20,三祥新材股份有限公司2023年年度报告,http://www.cninfo.com.cn/new/disclosure/detail?stockCode=603663&announcementId=1219691749&orgId=9900024948&announcementTime=2024-04-20,2024-04-22,2024-07-19,-0.213693
603666,亿嘉和,2023,2024-04-30,亿嘉和科技股份有限公司2023年年度报告,http://www.cninfo.com.cn/new/disclosure/detail?stockCode=603666&announcementId=1219923303&orgId=9900034945&announcementTime=2024-04-30,2024-05-06,2024-07-30,-0.353642
603667,五洲新春,2023,2024-04-27,五洲新春2023年年度报告,http://www.cninfo.com.cn/new/disclosure/detail?stockCode=603667&announcementId=1219880742&orgId=9900027666&announcementTime=2024-04-27,2024-04-29,2024-07-26,-0.207822
603668,天马科技,2023,2024-04-27,天马科技2023年年度报告,http://www.cninfo.com.cn/new/disclosure/detail?stockCode=603668&announcementId=1219880792&orgId=9900029592&announcementTime=2024-04-27,2024-04-29,2024-07-26,-0.040179
603669,灵康药业,2023,2024-04-20,2023年年度报告,http://www.cninfo.com.cn/new/disclosure/detail?stockCode=603669&announcementId=1219706695&orgId=9900029033&announcementTime=2024-04-20,2024-04-22,2024-07-19,0.142518
603676,卫信康,2023,2024-04-26,西藏卫信康医药股份有限公司2023年年度报告,http://www.cninfo.com.cn/new/disclosure/detail?stockCode=603676&announcementId=1219823486&orgId=9900034348&announcementTime=2024-04-26,2024-04-29,2024-07-26,-0.081522
603677,奇精机械,2023,2024-03-21,2023年年度报告,http://www.cninfo.com.cn/new/disclosure/detail?stockCode=603677&announcementId=1219359314&orgId=9900029823&announcementTime=2024-03-21,2024-03-22,2024-06-24,-0.050817
603678,火炬电子,2023,2024-03-19,火炬电子2023年年度报告,http://www.cninfo.com.cn/new/disclosure/detail?stockCode=603678&announcementId=1219330733&orgId=9900023660&announcementTime=2024-03-19,2024-03-20,2024-06-20,0.056988
603679,华体科技,2023,2024-04-23,四川华体照明科技股份有限公司2023年年度报告,http://www.cninfo.com.cn/new/disclosure/detail?stockCode=603679&announcementId=1219741157&orgId=9900030893&announcementTime=2024-04-23,2024-04-24,2024-07-23,-0.002372
603680,今创集团,2023,2024-04-29,2023年年度报告,http://www.cninfo.com.cn/new/disclosure/detail?stockCode=603680&announcementId=1219891551&orgId=9900030697&announcementTime=2024-04-29,2024-04-30,2024-07-29,-0.042866
603681,永冠新材,2023,2024-04-30,上海永冠众诚新材料科技（集团）股份有限公司2023年年度报告,http://www.cninfo.com.cn/new/disclosure/detail?stockCode=603681&announcementId=1219918524&orgId=gfbj0831135&announcementTime=2024-04-30,2024-05-06,2024-07-30,-0.219973
603682,锦和商管,2023,2024-03-30,上海锦和商业经营管理股份有限公司2023年年度报告,http://www.cninfo.com.cn/new/disclosure/detail?stockCode=603682&announcementId=1219465099&orgId=9900024645&announcementTime=2024-03-30,2024-04-01,2024-07-02,-0.129091
603683,晶华新材,2023,2024-04-25,晶华新材2023年年度报告,http://www.cninfo.com.cn/new/disclosure/detail?stockCode=603683&announcementId=1219796657&orgId=9900031815&announcementTime=2024-04-25,2024-04-26,2024-07-25,-0.1498
603686,福龙马,2023,2024-04-19,福龙马：2023年年度报告,http://www.cninfo.com.cn/new/disclosure/detail?stockCode=603686&announcementId=1219663303&orgId=9900023655&announcementTime=2024-04-19,2024-04-22,2024-07-19,0.087289
603685,晨丰科技,2023,2024-03-20,晨丰科技2023年年度报告全文,http://www.cninfo.com.cn/new/disclosure/detail?stockCode=603685&announcementId=1219347983&orgId=9900034224&announcementTime=2024-03-20,2024-03-21,2024-06-21,-0.172844
603687,大胜达,2023,2024-04-29,浙江大胜达包装股份有限公司2023年年度报告,http://www.cninfo.com.cn/new/disclosure/detail?stockCode=603687&announcementId=1219891586&orgId=9900036561&announcementTime=2024-04-29,2024-04-30,2024-07-29,-0.380346
603688,石英股份,2023,2024-03-23,江苏太平洋石英股份有限公司2023年年度报告,http://www.cninfo.com.cn/new/disclosure/detail?stockCode=603688&announcementId=1219389245&orgId=9900023189&announcementTime=2024-03-23,2024-03-25,2024-06-25,-0.446752
603689,皖天然气,2023,2024-04-13,安徽省天然气开发股份有限公司2023年年度报告,http://www.cninfo.com.cn/new/disclosure/detail?stockCode=603689&announcementId=1219595492&orgId=9900026998&announcementTime=2024-04-13,2024-04-15,2024-07-12,0.057898
603690,至纯科技,2023,2024-04-30,2023年年度报告,http://www.cninfo.com.cn/new/disclosure/detail?stockCode=603690&announcementId=1219907661&orgId=9900023872&announcementTime=2024-04-30,2024-05-06,2024-07-30,-0.148027
603693,江苏新能,2023,2024-04-25,江苏新能2023年年度报告,http://www.cninfo.com.cn/new/disclosure/detail?stockCode=603693&announcementId=1219790789&orgId=gfbj0833368&announcementTime=2024-04-25,2024-04-26,2024-07-25,-0.000632
603696,安记食品,2023,2024-04-23,安记食品2023年年报,http://www.cninfo.com.cn/new/disclosure/detail?stockCode=603696&announcementId=1219744896&orgId=9900023456&announcementTime=2024-04-23,2024-04-24,2024-07-23,-0.221526
603697,有友食品,2023,2024-03-16,有友食品2023年年度报告,http://www.cninfo.com.cn/new/disclosure/detail?stockCode=603697&announcementId=1219311687&orgId=gfbj0831377&announcementTime=2024-03-16,2024-03-18,2024-06-18,-0.135253
603698,航天工程,2023,2024-04-20,航天工程公司2023年年度报告,http://www.cninfo.com.cn/new/disclosure/detail?stockCode=603698&announcementId=1219693104&orgId=9900023661&announcementTime=2024-04-20,2024-04-22,2024-07-19,-0.136439
603699,纽威股份,2023,2024-04-13,纽威股份2023年度报告,http://www.cninfo.com.cn/new/disclosure/detail?stockCode=603699&announcementId=1219592778&orgId=9900022929&announcementTime=2024-04-13,2024-04-15,2024-07-12,0.065559
603700,宁水集团,2023,2024-04-16,2023年年度报告,http://www.cninfo.com.cn/new/disclosure/detail?stockCode=603700&announcementId=1219622425&orgId=gfbj0834980&announcementTime=2024-04-16,2024-04-17,2024-07-16,-0.06972
603701,德宏股份,2023,2024-04-20,浙江德宏汽车电子电器股份有限公司2023年年度报告,http://www.cninfo.com.cn/new/disclosure/detail?stockCode=603701&announcementId=1219693173&orgId=9900023037&announcementTime=2024-04-20,2024-04-22,2024-07-19,0.007135
603703,盛洋科技,2023,2024-04-12,盛洋科技2023年年度报告,http://www.cninfo.com.cn/new/disclosure/detail?stockCode=603703&announcementId=1219579615&orgId=9900023745&announcementTime=2024-04-12,2024-04-15,2024-07-12,-0.100224
603706,东方环宇,2023,2024-04-24,东方环宇2023年年度报告,http://www.cninfo.com.cn/new/disclosure/detail?stockCode=603706&announcementId=1219768255&orgId=9900035562&announcementTime=2024-04-24,2024-04-25,2024-07-24,0.101893
603707,健友股份,2023,2024-04-27,健友股份2023年年度报告,http://www.cninfo.com.cn/new/disclosure/detail?stockCode=603707&announcementId=1219880864&orgId=9900022971&announcementTime=2024-04-27,2024-04-29,2024-07-26,-0.058679
603708,家家悦,2023,2024-04-20,家家悦集团股份有限公司2023年年度报告,http://www.cninfo.com.cn/new/disclosure/detail?stockCode=603708&announcementId=1219703269&orgId=9900029040&announcementTime=2024-04-20,2024-04-22,2024-07-19,-0.153436
603709,中源家居,2023,2024-04-29,中源家居股份有限公司2023年年度报告,http://www.cninfo.com.cn/new/disclosure/detail?stockCode=603709&announcementId=1219891614&orgId=9900033232&announcementTime=2024-04-29,2024-04-30,2024-07-29,-0.150865
603711,香飘飘,2023,2024-04-18,香飘飘2023年年度报告,http://www.cninfo.com.cn/new/disclosure/detail?stockCode=603711&announcementId=1219649273&orgId=9900031497&announcementTime=2024-04-18,2024-04-19,2024-07-18,-0.293702
603712,七一二,2023,2024-03-28,天津七一二通信广播股份有限公司2023年年度报告,http://www.cninfo.com.cn/new/disclosure/detail?stockCode=603712&announcementId=1219426970&orgId=9900034448&announcementTime=2024-03-28,2024-03-29,2024-07-01,-0.237797
603713,密尔克卫,2023,2024-04-12,密尔克卫智能供应链服务集团股份有限公司2023年年度报告,http://www.cninfo.com.cn/new/disclosure/detail?stockCode=603713&announcementId=1219584458&orgId=9900035585&announcementTime=2024-04-12,2024-04-15,2024-07-12,-0.038012
603717,天域生物,2023,2024-04-30,2023年年度报告,http://www.cninfo.com.cn/new/disclosure/detail?stockCode=603717&announcementId=1219926573&orgId=9900030817&announcementTime=2024-04-30,2024-05-06,2024-07-30,-0.052174
603716,塞力医疗,2023,2024-04-27,2023年年度报告,http://www.cninfo.com.cn/new/disclosure/detail?stockCode=603716&announcementId=1219880882&orgId=9900029439&announcementTime=2024-04-27,2024-04-29,2024-07-26,-0.141206
603718,海利生物,2023,2024-04-30,海利生物2023年年度报告,http://www.cninfo.com.cn/new/disclosure/detail?stockCode=603718&announcementId=1219905887&orgId=9900023467&announcementTime=2024-04-30,2024-05-06,2024-07-30,-0.268004
603719,良品铺子,2023,2024-04-26,良品铺子2023年年度报告,http://www.cninfo.com.cn/new/disclosure/detail?stockCode=603719&announcementId=1219836178&orgId=9900037310&announcementTime=2024-04-26,2024-04-29,2024-07-26,-0.262566
603721,*ST天择,2023,2024-04-10,中广天择传媒股份有限公司2023年年度报告,http://www.cninfo.com.cn/new/disclosure/detail?stockCode=603721&announcementId=1219553731&orgId=9900030820&announcementTime=2024-04-10,2024-04-11,2024-07-10,-0.333085
603722,阿科力,2023,2024-04-27,无锡阿科力科技股份有限公司2023年年度报告,http://www.cninfo.com.cn/new/disclosure/detail?stockCode=603722&announcementId=1219856687&orgId=gfbj0430605&announcementTime=2024-04-27,2024-04-29,2024-07-26,-0.026087
603725,天安新材,2023,2024-03-22,天安新材2023年年度报告,http://www.cninfo.com.cn/new/disclosure/detail?stockCode=603725&announcementId=1219374795&orgId=9900030420&announcementTime=2024-03-22,2024-03-25,2024-06-25,-0.157432
603726,朗迪集团,2023,2024-04-30,2023年年度报告,http://www.cninfo.com.cn/new/disclosure/detail?stockCode=603726&announcementId=1219905915&orgId=9900024447&announcementTime=2024-04-30,2024-05-06,2024-07-30,-0.016188
603727,博迈科,2023,2024-03-30,博迈科海洋工程股份有限公司2023年年度报告,http://www.cninfo.com.cn/new/disclosure/detail?stockCode=603727&announcementId=1219467888&orgId=9900029043&announcementTime=2024-03-30,2024-04-01,2024-07-02,-0.016835
603728,鸣志电器,2023,2024-04-30,鸣志电器2023年年度报告,http://www.cninfo.com.cn/new/disclosure/detail?stockCode=603728&announcementId=1219909080&orgId=9900030819&announcementTime=2024-04-30,2024-05-06,2024-07-30,-0.375275
603729,龙韵股份,2023,2024-04-26,上海龙韵文创科技集团股份有限公司2023年年度报告,http://www.cninfo.com.cn/new/disclosure/detail?stockCode=603729&announcementId=1219836302&orgId=9900023473&announcementTime=2024-04-26,2024-04-29,2024-07-26,-0.355861
603730,岱美股份,2023,2024-04-30,上海岱美汽车内饰件股份有限公司2023年年度报告,http://www.cninfo.com.cn/new/disclosure/detail?stockCode=603730&announcementId=1219918592&orgId=9900023136&announcementTime=2024-04-30,2024-05-06,2024-07-30,-0.110926
603737,三棵树,2023,2024-04-20,2023年年度报告,http://www.cninfo.com.cn/new/disclosure/detail?stockCode=603737&announcementId=1219699770&orgId=9900032852&announcementTime=2024-04-20,2024-04-22,2024-07-19,0.213711
603733,仙鹤股份,2023,2024-04-27,仙鹤股份2023年年度报告,http://www.cninfo.com.cn/new/disclosure/detail?stockCode=603733&announcementId=1219880921&orgId=9900034849&announcementTime=2024-04-27,2024-04-29,2024-07-26,-0.057798
603738,泰晶科技,2023,2024-04-27,泰晶科技股份有限公司2023年年度报告,http://www.cninfo.com.cn/new/disclosure/detail?stockCode=603738&announcementId=1219880976&orgId=9900026775&announcementTime=2024-04-27,2024-04-29,2024-07-26,-0.043151
603739,蔚蓝生物,2023,2024-04-26,青岛蔚蓝生物股份有限公司2023年年度报告,http://www.cninfo.com.cn/new/disclosure/detail?stockCode=603739&announcementId=1219820974&orgId=9900035525&announcementTime=2024-04-26,2024-04-29,2024-07-26,-0.056522
603757,大元泵业,2023,2024-04-29,浙江大元泵业股份有限公司2023年年度报告,http://www.cninfo.com.cn/new/disclosure/detail?stockCode=603757&announcementId=1219891690&orgId=9900031903&announcementTime=2024-04-29,2024-04-30,2024-07-29,-0.104063
603758,秦安股份,2023,2024-03-12,秦安股份2023年年度报告,http://www.cninfo.com.cn/new/disclosure/detail?stockCode=603758&announcementId=1219288657&orgId=9900030635&announcementTime=2024-03-12,2024-03-13,2024-06-13,-0.190627
603755,日辰股份,2023,2024-03-30,青岛日辰食品股份有限公司2023年年度报告,http://www.cninfo.com.cn/new/disclosure/detail?stockCode=603755&announcementId=1219467992&orgId=9900035535&announcementTime=2024-03-30,2024-04-01,2024-07-02,0.094894
603759,海天股份,2023,2024-03-20,海天股份2023年年度报告,http://www.cninfo.com.cn/new/disclosure/detail?stockCode=603759&announcementId=1219348468&orgId=9900041834&announcementTime=2024-03-20,2024-03-21,2024-06-21,-0.129326
603766,隆鑫通用,2023,2024-04-27,隆鑫通用动力股份有限公司2023年年度报告全文,http://www.cninfo.com.cn/new/disclosure/detail?stockCode=603766&announcementId=1219880980&orgId=9900023200&announcementTime=2024-04-27,2024-04-29,2024-07-26,-0.096912
603767,中马传动,2023,2024-03-30,2023年度报告,http://www.cninfo.com.cn/new/disclosure/detail?stockCode=603767&announcementId=1219463193&orgId=9900023196&announcementTime=2024-03-30,2024-04-01,2024-07-02,-0.167466
603768,常青股份,2023,2024-04-02,常青股份2023年年度报告,http://www.cninfo.com.cn/new/disclosure/detail?stockCode=603768&announcementId=1219490413&orgId=9900030531&announcementTime=2024-04-02,2024-04-03,2024-07-04,-0.318045
603773,沃格光电,2023,2024-04-20,江西沃格光电股份有限公司2023年年度报告,http://www.cninfo.com.cn/new/disclosure/detail?stockCode=603773&announcementId=1219690391&orgId=gfbj0832766&announcementTime=2024-04-20,2024-04-22,2024-07-19,0.017954
603776,永安行,2023,2024-04-29,永安行：2023年年度报告,http://www.cninfo.com.cn/new/disclosure/detail?stockCode=603776&announcementId=1219891733&orgId=9900030823&announcementTime=2024-04-29,2024-04-30,2024-07-29,0.108177
603777,来伊份,2023,2024-04-27,2023年年度报告,http://www.cninfo.com.cn/new/disclosure/detail?stockCode=603777&announcementId=1219881017&orgId=9900023222&announcementTime=2024-04-27,2024-04-29,2024-07-26,-0.162982
603778,国晟科技,2023,2024-04-27,2023年年度报告,http://www.cninfo.com.cn/new/disclosure/detail?stockCode=603778&announcementId=1219881049&orgId=9900024942&announcementTime=2024-04-27,2024-04-29,2024-07-26,-0.202392
603779,威龙股份,2023,2024-04-23,威龙葡萄酒股份有限公司2023年年度报告,http://www.cninfo.com.cn/new/disclosure/detail?stockCode=603779&announcementId=1219741182&orgId=9900024531&announcementTime=2024-04-23,2024-04-24,2024-07-23,-0.050119
603786,科博达,2023,2024-04-20,科博达技术股份有限公司2023年年度报告,http://www.cninfo.com.cn/new/disclosure/detail?stockCode=603786&announcementId=1219690420&orgId=DR0000117&announcementTime=2024-04-20,2024-04-22,2024-07-19,-0.157785
603787,新日股份,2023,2024-04-26,2023年年度报告,http://www.cninfo.com.cn/new/disclosure/detail?stockCode=603787&announcementId=1219821056&orgId=9900024502&announcementTime=2024-04-26,2024-04-29,2024-07-26,-0.113617
603788,宁波高发,2023,2024-04-20,宁波高发2023年年度报告,http://www.cninfo.com.cn/new/disclosure/detail?stockCode=603788&announcementId=1219691763&orgId=9900023639&announcementTime=2024-04-20,2024-04-22,2024-07-19,-0.122473
603789,*ST星农,2023,2024-04-30,星光农机2023年年度报告,http://www.cninfo.com.cn/new/disclosure/detail?stockCode=603789&announcementId=1219918657&orgId=9900023454&announcementTime=2024-04-30,2024-05-06,2024-07-30,-0.003096
603790,雅运股份,2023,2024-04-26,上海雅运纺织化工股份有限公司2023年年度报告,http://www.cninfo.com.cn/new/disclosure/detail?stockCode=603790&announcementId=1219817107&orgId=9900035564&announcementTime=2024-04-26,2024-04-29,2024-07-26,-0.133287
603797,联泰环保,2023,2024-04-27,广东联泰环保股份有限公司2023年年度报告,http://www.cninfo.com.cn/new/disclosure/detail?stockCode=603797&announcementId=1219881079&orgId=9900029385&announcementTime=2024-04-27,2024-04-29,2024-07-26,-0.244589
603798,康普顿,2023,2024-04-27,青岛康普顿科技股份有限公司2023年年度报告全文,http://www.cninfo.com.cn/new/disclosure/detail?stockCode=603798&announcementId=1219881109&orgId=9900024539&announcementTime=2024-04-27,2024-04-29,2024-07-26,-0.163747
603799,华友钴业,2023,2024-04-20,华友钴业2023年年度报告,http://www.cninfo.com.cn/new/disclosure/detail?stockCode=603799&announcementId=1219696330&orgId=9900023781&announcementTime=2024-04-20,2024-04-22,2024-07-19,-0.166854
603800,洪田股份,2023,2024-04-20,2023年年度报告,http://www.cninfo.com.cn/new/disclosure/detail?stockCode=603800&announcementId=1219691087&orgId=9900024532&announcementTime=2024-04-20,2024-04-22,2024-07-19,-0.18428
603801,志邦家居,2023,2024-04-26,2023年度报告,http://www.cninfo.com.cn/new/disclosure/detail?stockCode=603801&announcementId=1219836344&orgId=9900032419&announcementTime=2024-04-26,2024-04-29,2024-07-26,-0.192774
603806,福斯特,2023,2024-04-12,2023年年度报告,http://www.cninfo.com.cn/new/disclosure/detail?stockCode=603806&announcementId=1219583943&orgId=9900023130&announcementTime=2024-04-12,2024-04-15,2024-07-12,-0.158355
603803,瑞斯康达,2023,2024-04-27,公司2023年年度报告,http://www.cninfo.com.cn/new/disclosure/detail?stockCode=603803&announcementId=1219881147&orgId=9900030603&announcementTime=2024-04-27,2024-04-29,2024-07-26,-0.158687
603808,歌力思,2023,2024-04-30,2023年年度报告,http://www.cninfo.com.cn/new/disclosure/detail?stockCode=603808&announcementId=1219918665&orgId=9900023747&announcementTime=2024-04-30,2024-05-06,2024-07-30,-0.216246
603809,豪能股份,2023,2024-04-27,2023年年度报告,http://www.cninfo.com.cn/new/disclosure/detail?stockCode=603809&announcementId=1219881191&orgId=9900023062&announcementTime=2024-04-27,2024-04-29,2024-07-26,0.007409
603811,诚意药业,2023,2024-04-26,浙江诚意药业股份有限公司2023年年度报告,http://www.cninfo.com.cn/new/disclosure/detail?stockCode=603811&announcementId=1219815197&orgId=9900029864&announcementTime=2024-04-26,2024-04-29,2024-07-26,-0.207379
603810,丰山集团,2023,2024-04-26,2023年年度报告,http://www.cninfo.com.cn/new/disclosure/detail?stockCode=603810&announcementId=1219840625&orgId=9900035509&announcementTime=2024-04-26,2024-04-29,2024-07-26,-0.259293
603813,*ST原尚,2023,2024-03-23,原尚股份2023年年度报告,http://www.cninfo.com.cn/new/disclosure/detail?stockCode=603813&announcementId=1219387123&orgId=9900031908&announcementTime=2024-03-23,2024-03-25,2024-06-25,-0.268364
603815,交建股份,2023,2024-04-20,安徽省交通建设股份有限公司2023年年度报告,http://www.cninfo.com.cn/new/disclosure/detail?stockCode=603815&announcementId=1219699788&orgId=9900037165&announcementTime=2024-04-20,2024-04-22,2024-07-19,-0.166185
603816,顾家家居,2023,2024-04-30,顾家家居2023年年度报告,http://www.cninfo.com.cn/new/disclosure/detail?stockCode=603816&announcementId=1219918718&orgId=9900027317&announcementTime=2024-04-30,2024-05-06,2024-07-30,-0.276484
603817,海峡环保,2023,2024-04-25,海峡环保2023年年度报告,http://www.cninfo.com.cn/new/disclosure/detail?stockCode=603817&announcementId=1219794523&orgId=9900030369&announcementTime=2024-04-25,2024-04-26,2024-07-25,-0.112727
603818,曲美家居,2023,2024-04-30,2023年年度报告,http://www.cninfo.com.cn/new/disclosure/detail?stockCode=603818&announcementId=1219918736&orgId=9900023523&announcementTime=2024-04-30,2024-05-06,2024-07-30,-0.299712
603819,神力股份,2023,2024-04-27,神力股份：2023年年度报告,http://www.cninfo.com.cn/new/disclosure/detail?stockCode=603819&announcementId=1219854121&orgId=9900028909&announcementTime=2024-04-27,2024-04-29,2024-07-26,-0.19821
603823,百合花,2023,2024-04-30,百合花2023年年度报告全文,http://www.cninfo.com.cn/new/disclosure/detail?stockCode=603823&announcementId=1219909117&orgId=9900029800&announcementTime=2024-04-30,2024-05-06,2024-07-30,0.162647
603822,ST嘉澳,2023,2024-04-27,2023年年度报告,http://www.cninfo.com.cn/new/disclosure/detail?stockCode=603822&announcementId=1219856720&orgId=9900023474&announcementTime=2024-04-27,2024-04-29,2024-07-26,0.009157
603826,坤彩科技,2023,2024-04-26,2023年年度报告,http://www.cninfo.com.cn/new/disclosure/detail?stockCode=603826&announcementId=1219822152&orgId=9900030692&announcementTime=2024-04-26,2024-04-29,2024-07-26,-0.155359
603825,ST华扬,2023,2024-04-30,华扬联众数字技术股份有限公司2023年年度报告,http://www.cninfo.com.cn/new/disclosure/detail?stockCode=603825&announcementId=1219918772&orgId=9900024448&announcementTime=2024-04-30,2024-05-06,2024-07-30,-0.097458
603829,洛凯股份,2023,2024-04-26,洛凯股份：2023年年度报告,http://www.cninfo.com.cn/new/disclosure/detail?stockCode=603829&announcementId=1219836397&orgId=9900033203&announcementTime=2024-04-26,2024-04-29,2024-07-26,-0.036633
603828,ST柯利达,2023,2024-04-30,柯利达2023年年度报告,http://www.cninfo.com.cn/new/disclosure/detail?stockCode=603828&announcementId=1219925734&orgId=9900023713&announcementTime=2024-04-30,2024-05-06,2024-07-30,-0.229703
603833,欧派家居,2023,2024-04-25,欧派家居2023年年度报告,http://www.cninfo.com.cn/new/disclosure/detail?stockCode=603833&announcementId=1219789540&orgId=9900029667&announcementTime=2024-04-25,2024-04-26,2024-07-25,-0.208678
603836,海程邦达,2023,2024-04-18,2023年年度报告,http://www.cninfo.com.cn/new/disclosure/detail?stockCode=603836&announcementId=1219648803&orgId=9900041685&announcementTime=2024-04-18,2024-04-19,2024-07-18,0.007728
603838,*ST四通,2023,2024-04-16,四通股份2023年年度报告,http://www.cninfo.com.cn/new/disclosure/detail?stockCode=603838&announcementId=1219622439&orgId=9900024445&announcementTime=2024-04-16,2024-04-17,2024-07-16,0.02514
603839,安正时尚,2023,2024-04-27,安正时尚集团股份有限公司2023年年度报告,http://www.cninfo.com.cn/new/disclosure/detail?stockCode=603839&announcementId=1219881236&orgId=9900030003&announcementTime=2024-04-27,2024-04-29,2024-07-26,-0.212121
603843,*ST正平,2023,2024-04-30,正平股份2023年年度报告,http://www.cninfo.com.cn/new/disclosure/detail?stockCode=603843&announcementId=1222790002&orgId=9900027728&announcementTime=2024-04-30,2024-05-06,2024-07-30,-0.237255
603848,好太太,2023,2024-04-23,广东好太太科技集团股份有限公司2023年年度报告,http://www.cninfo.com.cn/new/disclosure/detail?stockCode=603848&announcementId=1219742426&orgId=9900033913&announcementTime=2024-04-23,2024-04-24,2024-07-23,-0.041774
603855,华荣股份,2023,2024-03-29,2023年年度报告,http://www.cninfo.com.cn/new/disclosure/detail?stockCode=603855&announcementId=1219440602&orgId=9900030785&announcementTime=2024-03-29,2024-04-01,2024-07-02,-0.012982
603856,东宏股份,2023,2024-04-26,东宏股份2023年年度报告,http://www.cninfo.com.cn/new/disclosure/detail?stockCode=603856&announcementId=1219836454&orgId=9900030896&announcementTime=2024-04-26,2024-04-29,2024-07-26,-0.007859
603858,步长制药,2023,2024-04-26,山东步长制药股份有限公司2023年年度报告,http://www.cninfo.com.cn/new/disclosure/detail?stockCode=603858&announcementId=1219836484&orgId=9900028961&announcementTime=2024-04-26,2024-04-29,2024-07-26,-0.051654
603859,能科科技,2023,2024-04-16,2023年年度报告,http://www.cninfo.com.cn/new/disclosure/detail?stockCode=603859&announcementId=1219624121&orgId=9900028822&announcementTime=2024-04-16,2024-04-17,2024-07-16,-0.242047
603860,中公高科,2023,2024-03-16,中公高科2023年年度报告,http://www.cninfo.com.cn/new/disclosure/detail?stockCode=603860&announcementId=1219312485&orgId=9900023798&announcementTime=2024-03-16,2024-03-18,2024-06-18,0.006399
603861,白云电器,2023,2024-04-23,白云电器2023年年度报告,http://www.cninfo.com.cn/new/disclosure/detail?stockCode=603861&announcementId=1219743020&orgId=9900032270&announcementTime=2024-04-23,2024-04-24,2024-07-23,-0.049577
603863,松炀资源,2023,2024-04-23,广东松炀再生资源股份有限公司2023年年度报告,http://www.cninfo.com.cn/new/disclosure/detail?stockCode=603863&announcementId=1219741191&orgId=gfbj0831543&announcementTime=2024-04-23,2024-04-24,2024-07-23,-0.446453
603866,桃李面包,2023,2024-03-21,桃李面包2023年年度报告,http://www.cninfo.com.cn/new/disclosure/detail?stockCode=603866&announcementId=1219358434&orgId=9900024533&announcementTime=2024-03-21,2024-03-22,2024-06-24,-0.221327
603867,新化股份,2023,2024-04-26,新化股份2023年年度报告,http://www.cninfo.com.cn/new/disclosure/detail?stockCode=603867&announcementId=1219836698&orgId=gfbj0839128&announcementTime=2024-04-26,2024-04-29,2024-07-26,-0.179023
603869,ST智知,2023,2024-04-30,新智认知数字科技股份有限公司2023年年度报告,http://www.cninfo.com.cn/new/disclosure/detail?stockCode=603869&announcementId=1219923368&orgId=9900023784&announcementTime=2024-04-30,2024-05-06,2024-07-30,-0.352022
603868,飞科电器,2023,2024-03-12,上海飞科电器股份有限公司2023年年度报告,http://www.cninfo.com.cn/new/disclosure/detail?stockCode=603868&announcementId=1219288490&orgId=9900026668&announcementTime=2024-03-12,2024-03-13,2024-06-13,-0.079608
603871,嘉友国际,2023,2024-04-18,2023年年度报告,http://www.cninfo.com.cn/new/disclosure/detail?stockCode=603871&announcementId=1219650193&orgId=9900034449&announcementTime=2024-04-18,2024-04-19,2024-07-18,-0.003202
603876,鼎胜新材,2023,2024-04-23,江苏鼎胜新能源材料股份有限公司2023年年度报告,http://www.cninfo.com.cn/new/disclosure/detail?stockCode=603876&announcementId=1219746653&orgId=9900035545&announcementTime=2024-04-23,2024-04-24,2024-07-23,-0.143441
603877,太平鸟,2023,2024-03-22,2023年年度报告,http://www.cninfo.com.cn/new/disclosure/detail?stockCode=603877&announcementId=1219374340&orgId=9900029744&announcementTime=2024-03-22,2024-03-25,2024-06-25,-0.112662
603878,武进不锈,2023,2024-04-26,武进不锈2023年年度报告,http://www.cninfo.com.cn/new/disclosure/detail?stockCode=603878&announcementId=1219822176&orgId=9900028821&announcementTime=2024-04-26,2024-04-29,2024-07-26,-0.229831
603879,永悦科技,2023,2024-04-30,603879永悦科技2023年年度报告,http://www.cninfo.com.cn/new/disclosure/detail?stockCode=603879&announcementId=1219918892&orgId=9900030816&announcementTime=2024-04-30,2024-05-06,2024-07-30,-0.464891
603880,南卫股份,2023,2024-03-30,南卫股份2023年年度报告,http://www.cninfo.com.cn/new/disclosure/detail?stockCode=603880&announcementId=1219471335&orgId=9900031500&announcementTime=2024-03-30,2024-04-01,2024-07-03,-0.102456
603881,数据港,2023,2024-04-13,上海数据港股份有限公司2023年年度报告,http://www.cninfo.com.cn/new/disclosure/detail?stockCode=603881&announcementId=1219597984&orgId=9900029913&announcementTime=2024-04-13,2024-04-15,2024-07-12,-0.054885
603882,金域医学,2023,2024-04-26,广州金域医学检验集团股份有限公司2023年年度报告,http://www.cninfo.com.cn/new/disclosure/detail?stockCode=603882&announcementId=1219836734&orgId=9900035075&announcementTime=2024-04-26,2024-04-29,2024-07-26,-0.263711
603883,老百姓,2023,2024-04-30,2023年年度报告,http://www.cninfo.com.cn/new/disclosure/detail?stockCode=603883&announcementId=1219918906&orgId=9900023762&announcementTime=2024-04-30,2024-05-06,2024-07-30,-0.422414
603885,吉祥航空,2023,2024-04-09,上海吉祥航空股份有限公司2023年年度报告,http://www.cninfo.com.cn/new/disclosure/detail?stockCode=603885&announcementId=1219536862&orgId=9900023633&announcementTime=2024-04-09,2024-04-10,2024-07-09,-0.068717
603886,元祖股份,2023,2024-03-26,元祖股份2023年年度报告,http://www.cninfo.com.cn/new/disclosure/detail?stockCode=603886&announcementId=1219403244&orgId=9900028959&announcementTime=2024-03-26,2024-03-27,2024-06-27,-0.043282
603887,城地香江,2023,2024-04-30,上海城地香江数据科技股份有限公司2023年年度报告,http://www.cninfo.com.cn/new/disclosure/detail?stockCode=603887&announcementId=1219918944&orgId=9900027318&announcementTime=2024-04-30,2024-05-06,2024-07-30,0.040348
603888,新华网,2023,2024-04-23,新华网股份有限公司2023年年度报告,http://www.cninfo.com.cn/new/disclosure/detail?stockCode=603888&announcementId=1219738203&orgId=9900024951&announcementTime=2024-04-23,2024-04-24,2024-07-23,-0.086949
603889,新澳股份,2023,2024-04-18,新澳股份2023年年度报告,http://www.cninfo.com.cn/new/disclosure/detail?stockCode=603889&announcementId=1219650233&orgId=9900023162&announcementTime=2024-04-18,2024-04-19,2024-07-18,-0.061395
603890,春秋电子,2023,2024-04-25,2023年年度报告,http://www.cninfo.com.cn/new/disclosure/detail?stockCode=603890&announcementId=1219792724&orgId=9900034947&announcementTime=2024-04-25,2024-04-26,2024-07-25,-0.06845
603895,天永智能,2023,2024-04-27,2023年年度报告,http://www.cninfo.com.cn/new/disclosure/detail?stockCode=603895&announcementId=1219881295&orgId=9900033669&announcementTime=2024-04-27,2024-04-29,2024-07-26,-0.139013
603893,瑞芯微,2023,2024-04-15,2023年年度报告,http://www.cninfo.com.cn/new/disclosure/detail?stockCode=603893&announcementId=1219612040&orgId=9900033186&announcementTime=2024-04-15,2024-04-16,2024-07-15,0.280637
603897,长城科技,2023,2024-04-26,长城科技2023年年度报告,http://www.cninfo.com.cn/new/disclosure/detail?stockCode=603897&announcementId=1219816542&orgId=9900034846&announcementTime=2024-04-26,2024-04-29,2024-07-26,-0.090226
603896,寿仙谷,2023,2024-04-26,寿仙谷2023年年度报告,http://www.cninfo.com.cn/new/disclosure/detail?stockCode=603896&announcementId=1219836795&orgId=9900030535&announcementTime=2024-04-26,2024-04-29,2024-07-26,-0.151043
603898,好莱客,2023,2024-04-27,广州好莱客创意家居股份有限公司2023年年度报告,http://www.cninfo.com.cn/new/disclosure/detail?stockCode=603898&announcementId=1219881327&orgId=9900023664&announcementTime=2024-04-27,2024-04-29,2024-07-26,-0.164065
603899,晨光股份,2023,2024-03-30,上海晨光文具股份有限公司2023年年度报告,http://www.cninfo.com.cn/new/disclosure/detail?stockCode=603899&announcementId=1219462488&orgId=9900023662&announcementTime=2024-03-30,2024-04-01,2024-07-02,-0.164878
603900,莱绅通灵,2023,2024-04-19,莱绅通灵2023年年度报告,http://www.cninfo.com.cn/new/disclosure/detail?stockCode=603900&announcementId=1219667751&orgId=9900028736&announcementTime=2024-04-19,2024-04-22,2024-07-19,-0.295197
603901,永创智能,2023,2024-04-27,永创智能2023年年度报告,http://www.cninfo.com.cn/new/disclosure/detail?stockCode=603901&announcementId=1219881378&orgId=9900023686&announcementTime=2024-04-27,2024-04-29,2024-07-26,-0.227117
603903,中持股份,2023,2024-04-30,中持水务股份有限公司2023年年度报告,http://www.cninfo.com.cn/new/disclosure/detail?stockCode=603903&announcementId=1219918983&orgId=9900030530&announcementTime=2024-04-30,2024-05-06,2024-07-30,-0.273246
603906,龙蟠科技,2023,2024-04-29,江苏龙蟠科技股份有限公司2023年年度报告,http://www.cninfo.com.cn/new/disclosure/detail?stockCode=603906&announcementId=1219891751&orgId=9900030660&announcementTime=2024-04-29,2024-04-30,2024-07-29,-0.283375
603909,建发合诚,2023,2024-03-20,建发合诚2023年年度报告,http://www.cninfo.com.cn/new/disclosure/detail?stockCode=603909&announcementId=1219346256&orgId=9900024646&announcementTime=2024-03-20,2024-03-21,2024-06-21,-0.148121
603908,牧高笛,2023,2024-04-30,牧高笛户外用品股份有限公司2023年年度报告,http://www.cninfo.com.cn/new/disclosure/detail?stockCode=603908&announcementId=1219905992&orgId=9900030089&announcementTime=2024-04-30,2024-05-06,2024-07-30,-0.179787
603912,佳力图,2023,2024-03-22,佳力图2024年年度报告,http://www.cninfo.com.cn/new/disclosure/detail?stockCode=603912&announcementId=1222870422&orgId=9900033668&announcementTime=2024-03-22,2024-03-25,2024-06-25,-0.331386
603915,国茂股份,2023,2024-04-27,国茂股份2023年年度报告,http://www.cninfo.com.cn/new/disclosure/detail?stockCode=603915&announcementId=1219881401&orgId=9900035565&announcementTime=2024-04-27,2024-04-29,2024-07-26,-0.332139
603916,苏博特,2023,2024-04-26,2023年年度报告,http://www.cninfo.com.cn/new/disclosure/detail?stockCode=603916&announcementId=1219836823&orgId=9900031814&announcementTime=2024-04-26,2024-04-29,2024-07-26,-0.160784
603917,合力科技,2023,2024-04-20,合力科技：2023年年度报告,http://www.cninfo.com.cn/new/disclosure/detail?stockCode=603917&announcementId=1219693221&orgId=9900024681&announcementTime=2024-04-20,2024-04-22,2024-07-19,-0.195641
603918,金桥信息,2023,2024-04-26,2023年年度报告,http://www.cninfo.com.cn/new/disclosure/detail?stockCode=603918&announcementId=1219836983&orgId=9900023739&announcementTime=2024-04-26,2024-04-29,2024-07-26,-0.323747
603919,金徽酒,2023,2024-03-16,金徽酒股份有限公司2023年年度报告,http://www.cninfo.com.cn/new/disclosure/detail?stockCode=603919&announcementId=1219314240&orgId=9900026772&announcementTime=2024-03-16,2024-03-18,2024-06-18,-0.116126
603920,世运电路,2023,2024-04-25,世运电路2023年年度报告,http://www.cninfo.com.cn/new/disclosure/detail?stockCode=603920&announcementId=1219798140&orgId=9900030580&announcementTime=2024-04-25,2024-04-26,2024-07-25,0.257253
603922,金鸿顺,2023,2024-04-27,金鸿顺2023年年度报告,http://www.cninfo.com.cn/new/disclosure/detail?stockCode=603922&announcementId=1219881438&orgId=9900032570&announcementTime=2024-04-27,2024-04-29,2024-07-26,-0.201001
603926,铁流股份,2023,2024-04-25,铁流股份2023年年度报告,http://www.cninfo.com.cn/new/disclosure/detail?stockCode=603926&announcementId=1219795976&orgId=9900030777&announcementTime=2024-04-25,2024-04-26,2024-07-25,-0.145913
603927,中科软,2023,2024-04-12,中科软2023年年度报告,http://www.cninfo.com.cn/new/disclosure/detail?stockCode=603927&announcementId=1219584296&orgId=gfbj0430002&announcementTime=2024-04-12,2024-04-15,2024-07-12,-0.099975
603929,亚翔集成,2023,2024-03-13,公司2023年度报告全文,http://www.cninfo.com.cn/new/disclosure/detail?stockCode=603929&announcementId=1219298108&orgId=9900024759&announcementTime=2024-03-13,2024-03-14,2024-06-14,0.256049
603928,兴业股份,2023,2024-04-26,兴业股份2023年年度报告,http://www.cninfo.com.cn/new/disclosure/detail?stockCode=603928&announcementId=1219815216&orgId=9900023749&announcementTime=2024-04-26,2024-04-29,2024-07-26,-0.095702
603931,格林达,2023,2024-04-26,杭州格林达电子材料股份有限公司2023年年度报告,http://www.cninfo.com.cn/new/disclosure/detail?stockCode=603931&announcementId=1219816042&orgId=9900039864&announcementTime=2024-04-26,2024-04-29,2024-07-26,-0.025037
603933,睿能科技,2023,2024-03-27,睿能科技2023年年度报告,http://www.cninfo.com.cn/new/disclosure/detail?stockCode=603933&announcementId=1219409819&orgId=9900031816&announcementTime=2024-03-27,2024-03-28,2024-06-28,-0.117531
603936,博敏电子,2023,2024-04-27,博敏电子2023年年度报告,http://www.cninfo.com.cn/new/disclosure/detail?stockCode=603936&announcementId=1219881507&orgId=9900024943&announcementTime=2024-04-27,2024-04-29,2024-07-26,-0.022996
603937,丽岛新材,2023,2024-03-30,丽岛新材：2023年度报告,http://www.cninfo.com.cn/new/disclosure/detail?stockCode=603937&announcementId=1219473134&orgId=gfbj0832374&announcementTime=2024-03-30,2024-04-01,2024-07-02,-0.189687
603938,三孚股份,2023,2024-04-12,三孚股份：2023年年度报告,http://www.cninfo.com.cn/new/disclosure/detail?stockCode=603938&announcementId=1219582235&orgId=9900031499&announcementTime=2024-04-12,2024-04-15,2024-07-12,-0.181941
603939,益丰药房,2023,2024-04-29,益丰药房2023年年度报告,http://www.cninfo.com.cn/new/disclosure/detail?stockCode=603939&announcementId=1219891823&orgId=9900023775&announcementTime=2024-04-29,2024-04-30,2024-07-29,-0.436041
603948,建业股份,2023,2024-03-09,浙江建业化工股份有限公司2023年年度报告全文,http://www.cninfo.com.cn/new/disclosure/detail?stockCode=603948&announcementId=1219266132&orgId=9900037778&announcementTime=2024-03-09,2024-03-11,2024-06-11,-0.103388
603949,雪龙集团,2023,2024-04-03,雪龙集团股份有限公司2023年年度报告,http://www.cninfo.com.cn/new/disclosure/detail?stockCode=603949&announcementId=1219506032&orgId=9900034647&announcementTime=2024-04-03,2024-04-08,2024-07-05,-0.272374
603950,长源东谷,2023,2024-03-29,长源东谷2023年年度报告,http://www.cninfo.com.cn/new/disclosure/detail?stockCode=603950&announcementId=1219442139&orgId=9900037311&announcementTime=2024-03-29,2024-04-01,2024-07-02,-0.214902
603955,大千生态,2023,2024-04-29,大千生态2023年年度报告,http://www.cninfo.com.cn/new/disclosure/detail?stockCode=603955&announcementId=1219891856&orgId=9900023665&announcementTime=2024-04-29,2024-04-30,2024-07-29,-0.290823
603956,威派格,2023,2024-04-27,威派格2023年年度报告,http://www.cninfo.com.cn/new/disclosure/detail?stockCode=603956&announcementId=1219881534&orgId=gfbj0837354&announcementTime=2024-04-27,2024-04-29,2024-07-26,-0.287293
603958,哈森股份,2023,2024-04-27,哈森股份2023年年度报告,http://www.cninfo.com.cn/new/disclosure/detail?stockCode=603958&announcementId=1219854169&orgId=9900023619&announcementTime=2024-04-27,2024-04-29,2024-08-02,-0.039755
603959,百利科技,2023,2024-04-30,百利科技2023年年度报告,http://www.cninfo.com.cn/new/disclosure/detail?stockCode=603959&announcementId=1219923415&orgId=9900024644&announcementTime=2024-04-30,2024-05-06,2024-07-30,-0.571779
603960,克来机电,2023,2024-04-27,克来机电2023年年度报告,http://www.cninfo.com.cn/new/disclosure/detail?stockCode=603960&announcementId=1219881572&orgId=9900030536&announcementTime=2024-04-27,2024-04-29,2024-07-26,-0.215689
603966,法兰泰克,2023,2024-04-27,2023年年度报告,http://www.cninfo.com.cn/new/disclosure/detail?stockCode=603966&announcementId=1219881611&orgId=9900029598&announcementTime=2024-04-27,2024-04-29,2024-07-26,-0.2
603967,中创物流,2023,2024-03-30,中创物流股份有限公司2023年年度报告,http://www.cninfo.com.cn/new/disclosure/detail?stockCode=603967&announcementId=1219466331&orgId=9900033064&announcementTime=2024-03-30,2024-04-01,2024-07-02,0.00561
603968,醋化股份,2023,2024-04-25,2023年年度报告,http://www.cninfo.com.cn/new/disclosure/detail?stockCode=603968&announcementId=1219790816&orgId=9900023704&announcementTime=2024-04-25,2024-04-26,2024-07-25,-0.283997
603969,银龙股份,2023,2024-04-17,天津银龙预应力材料股份有限公司2023年年度报告,http://www.cninfo.com.cn/new/disclosure/detail?stockCode=603969&announcementId=1219635339&orgId=9900023685&announcementTime=2024-04-17,2024-04-18,2024-07-17,-0.288961
603970,中农立华,2023,2024-04-19,中农立华2023年年度报告,http://www.cninfo.com.cn/new/disclosure/detail?stockCode=603970&announcementId=1219671957&orgId=9900031484&announcementTime=2024-04-19,2024-04-22,2024-07-19,-0.218797
603976,正川股份,2023,2024-04-27,2023年年度报告,http://www.cninfo.com.cn/new/disclosure/detail?stockCode=603976&announcementId=1219881677&orgId=9900032884&announcementTime=2024-04-27,2024-04-29,2024-07-26,-0.016878
603977,国泰集团,2023,2024-03-28,江西国泰集团股份有限公司2023年度报告,http://www.cninfo.com.cn/new/disclosure/detail?stockCode=603977&announcementId=1219429939&orgId=9900026669&announcementTime=2024-03-28,2024-03-29,2024-07-01,-0.115171
603978,深圳新星,2023,2024-04-24,2023年年度报告,http://www.cninfo.com.cn/new/disclosure/detail?stockCode=603978&announcementId=1219766395&orgId=9900031492&announcementTime=2024-04-24,2024-04-25,2024-07-24,-0.195992
603979,金诚信,2023,2024-04-26,金诚信矿业管理股份有限公司2023年年度报告,http://www.cninfo.com.cn/new/disclosure/detail?stockCode=603979&announcementId=1219819493&orgId=9900024796&announcementTime=2024-04-26,2024-04-29,2024-07-26,-0.263023
603980,吉华集团,2023,2024-04-30,吉华集团2023年年度报告全文,http://www.cninfo.com.cn/new/disclosure/detail?stockCode=603980&announcementId=1219923487&orgId=GD095172&announcementTime=2024-04-30,2024-05-06,2024-07-30,-0.140533
603982,泉峰汽车,2023,2024-04-25,2023年年度报告,http://www.cninfo.com.cn/new/disclosure/detail?stockCode=603982&announcementId=1219797337&orgId=9900036555&announcementTime=2024-04-25,2024-04-26,2024-07-25,-0.172892
603983,丸美生物,2023,2024-04-27,广东丸美生物技术股份有限公司2023年年度报告,http://www.cninfo.com.cn/new/disclosure/detail?stockCode=603983&announcementId=1219881699&orgId=9900029039&announcementTime=2024-04-27,2024-04-29,2024-07-26,-0.173855
603985,恒润股份,2023,2024-04-25,江阴市恒润重工股份有限公司2023年年度报告,http://www.cninfo.com.cn/new/disclosure/detail?stockCode=603985&announcementId=1219801624&orgId=9900023733&announcementTime=2024-04-25,2024-04-26,2024-07-25,-0.362479
603986,兆易创新,2023,2024-04-20,兆易创新2023年年度报告,http://www.cninfo.com.cn/new/disclosure/detail?stockCode=603986&announcementId=1219696457&orgId=9900026561&announcementTime=2024-04-20,2024-04-22,2024-07-19,0.364605
603987,康德莱,2023,2024-04-20,上海康德莱企业发展集团股份有限公司2023年年度报告,http://www.cninfo.com.cn/new/disclosure/detail?stockCode=603987&announcementId=1219703498&orgId=9900024932&announcementTime=2024-04-20,2024-04-22,2024-07-19,-0.137195
603988,中电电机,2023,2024-03-30,中电电机2023年年度报告,http://www.cninfo.com.cn/new/disclosure/detail?stockCode=603988&announcementId=1219471363&orgId=9900023768&announcementTime=2024-03-30,2024-04-01,2024-07-02,-0.125161
603989,艾华集团,2023,2024-04-23,湖南艾华集团股份有限公司2023年年度报告,http://www.cninfo.com.cn/new/disclosure/detail?stockCode=603989&announcementId=1219741236&orgId=9900023223&announcementTime=2024-04-23,2024-04-24,2024-07-23,-0.073439
603990,麦迪科技,2023,2024-04-30,苏州麦迪斯顿医疗科技股份有限公司2023年年度报告,http://www.cninfo.com.cn/new/disclosure/detail?stockCode=603990&announcementId=1219923492&orgId=9900029594&announcementTime=2024-04-30,2024-05-06,2024-07-30,-0.244097
603991,至正股份,2023,2024-04-19,至正股份2023年年度报告,http://www.cninfo.com.cn/new/disclosure/detail?stockCode=603991&announcementId=1219669098&orgId=9900030532&announcementTime=2024-04-19,2024-04-22,2024-07-19,0.348463
603992,松霖科技,2023,2024-04-30,2023年年度报告,http://www.cninfo.com.cn/new/disclosure/detail?stockCode=603992&announcementId=1219919007&orgId=9900036921&announcementTime=2024-04-30,2024-05-06,2024-07-30,-0.120907
603993,洛阳钼业,2023,2024-03-23,洛阳钼业2023年年度报告,http://www.cninfo.com.cn/new/disclosure/detail?stockCode=603993&announcementId=1219391119&orgId=gshk0003993&announcementTime=2024-03-23,2024-03-25,2024-06-25,0.094276
603995,甬金股份,2023,2024-04-16,甬金股份2023年年度报告,http://www.cninfo.com.cn/new/disclosure/detail?stockCode=603995&announcementId=1219623186&orgId=9900037183&announcementTime=2024-04-16,2024-04-17,2024-07-16,0.244796
603997,继峰股份,2023,2024-04-26,继峰股份2023年年度报告,http://www.cninfo.com.cn/new/disclosure/detail?stockCode=603997&announcementId=1219837059&orgId=9900023694&announcementTime=2024-04-26,2024-04-29,2024-07-26,-0.149865
603998,方盛制药,2023,2024-04-20,方盛制药2023年年度报告,http://www.cninfo.com.cn/new/disclosure/detail?stockCode=603998&announcementId=1219699947&orgId=9900023772&announcementTime=2024-04-20,2024-04-22,2024-07-19,0.052423
603999,读者传媒,2023,2024-03-27,读者出版传媒股份有限公司2023年年度报告,http://www.cninfo.com.cn/new/disclosure/detail?stockCode=603999&announcementId=1219411381&orgId=9900026062&announcementTime=2024-03-27,2024-03-28,2024-06-28,-0.192722
605001,威奥股份,2023,2024-04-18,威奥股份2023年年度报告,http://www.cninfo.com.cn/new/disclosure/detail?stockCode=605001&announcementId=1219650740&orgId=9900039785&announcementTime=2024-04-18,2024-04-19,2024-07-18,-0.108935
605003,众望布艺,2023,2024-04-26,众望布艺2023年度报告,http://www.cninfo.com.cn/new/disclosure/detail?stockCode=605003&announcementId=1219837091&orgId=9900039803&announcementTime=2024-04-26,2024-04-29,2024-07-26,-0.04121
605005,合兴股份,2023,2024-04-26,合兴汽车电子股份有限公司2023年年度报告,http://www.cninfo.com.cn/new/disclosure/detail?stockCode=605005&announcementId=1219822291&orgId=9900039817&announcementTime=2024-04-26,2024-04-29,2024-07-26,-0.095922
605006,山东玻纤,2023,2024-04-24,605006_山东玻纤集团股份有限公司2023年年度报告,http://www.cninfo.com.cn/new/disclosure/detail?stockCode=605006&announcementId=1219774986&orgId=9900033212&announcementTime=2024-04-24,2024-04-25,2024-07-24,-0.25
605007,五洲特纸,2023,2024-04-09,五洲特种纸业集团股份有限公司2023年年度报告,http://www.cninfo.com.cn/new/disclosure/detail?stockCode=605007&announcementId=1219537104&orgId=9900039805&announcementTime=2024-04-09,2024-04-10,2024-07-09,-0.196988
605008,长鸿高科,2023,2024-04-30,2023年年度报告,http://www.cninfo.com.cn/new/disclosure/detail?stockCode=605008&announcementId=1219923683&orgId=9900039739&announcementTime=2024-04-30,2024-05-06,2024-07-30,-0.185117
605009,豪悦护理,2023,2024-04-12,杭州豪悦护理用品股份有限公司2023年年度报告,http://www.cninfo.com.cn/new/disclosure/detail?stockCode=605009&announcementId=1219581679&orgId=9900039806&announcementTime=2024-04-12,2024-04-15,2024-07-12,0.084875
605011,杭州热电,2023,2024-04-20,杭州热电集团股份有限公司2023年年度报告,http://www.cninfo.com.cn/new/disclosure/detail?stockCode=605011&announcementId=1219703592&orgId=9900039850&announcementTime=2024-04-20,2024-04-22,2024-07-19,-0.099801
605016,百龙创园,2023,2024-04-27,2023年年度报告,http://www.cninfo.com.cn/new/disclosure/detail?stockCode=605016&announcementId=1219881792&orgId=9900041707&announcementTime=2024-04-27,2024-04-29,2024-07-26,-0.145933
605018,长华集团,2023,2024-04-26,长华集团2023年年度报告,http://www.cninfo.com.cn/new/disclosure/detail?stockCode=605018&announcementId=1219822319&orgId=9900039843&announcementTime=2024-04-26,2024-04-29,2024-07-26,-0.156709
605020,永和股份,2023,2024-04-26,浙江永和制冷股份有限公司2023年年度报告,http://www.cninfo.com.cn/new/disclosure/detail?stockCode=605020&announcementId=1219837116&orgId=9900041940&announcementTime=2024-04-26,2024-04-29,2024-07-26,-0.294252
605028,世茂能源,2023,2024-03-20,宁波世茂能源股份有限公司2023年年度报告,http://www.cninfo.com.cn/new/disclosure/detail?stockCode=605028&announcementId=1219346905&orgId=9900041666&announcementTime=2024-03-20,2024-03-21,2024-06-21,-0.062759
605033,美邦股份,2023,2024-04-26,陕西美邦药业集团股份有限公司2023年年度报告,http://www.cninfo.com.cn/new/disclosure/detail?stockCode=605033&announcementId=1219823531&orgId=9900047435&announcementTime=2024-04-26,2024-04-29,2024-07-26,-0.160311
605050,福然德,2023,2024-04-16,福然德股份有限公司2023年年度报告,http://www.cninfo.com.cn/new/disclosure/detail?stockCode=605050&announcementId=1219620850&orgId=9900039818&announcementTime=2024-04-16,2024-04-17,2024-07-16,-0.166955
605055,迎丰股份,2023,2024-04-25,迎丰股份2023年年度报告,http://www.cninfo.com.cn/new/disclosure/detail?stockCode=605055&announcementId=1219787864&orgId=9900039766&announcementTime=2024-04-25,2024-04-26,2024-07-25,-0.163265
605056,咸亨国际,2023,2024-04-30,咸亨国际：2023年年度报告,http://www.cninfo.com.cn/new/disclosure/detail?stockCode=605056&announcementId=1219919159&orgId=9900041878&announcementTime=2024-04-30,2024-05-06,2024-07-30,-0.276078
605058,澳弘电子,2023,2024-04-25,澳弘电子2023年年度报告,http://www.cninfo.com.cn/new/disclosure/detail?stockCode=605058&announcementId=1219786991&orgId=9900039836&announcementTime=2024-04-25,2024-04-26,2024-07-25,0.001671
605060,联德股份,2023,2024-04-03,联德股份2023年年度报告,http://www.cninfo.com.cn/new/disclosure/detail?stockCode=605060&announcementId=1219502739&orgId=9900039810&announcementTime=2024-04-03,2024-04-08,2024-07-05,-0.158667
605066,天正电气,2023,2024-04-23,2023年年度报告,http://www.cninfo.com.cn/new/disclosure/detail?stockCode=605066&announcementId=1219741473&orgId=9900039721&announcementTime=2024-04-23,2024-04-24,2024-07-23,-0.117177
605068,明新旭腾,2023,2024-04-23,明新旭腾2023年年度报告,http://www.cninfo.com.cn/new/disclosure/detail?stockCode=605068&announcementId=1219738298&orgId=9900039848&announcementTime=2024-04-23,2024-04-24,2024-07-23,-0.119122
605069,正和生态,2023,2024-04-30,2023年年度报告,http://www.cninfo.com.cn/new/disclosure/detail?stockCode=605069&announcementId=1219923711&orgId=9900027354&announcementTime=2024-04-30,2024-05-06,2024-07-30,-0.140642
605080,浙江自然,2023,2024-03-26,浙江自然2023年年度报告,http://www.cninfo.com.cn/new/disclosure/detail?stockCode=605080&announcementId=1219404912&orgId=9900041946&announcementTime=2024-03-26,2024-03-27,2024-06-27,-0.11247
605081,*ST太和,2023,2024-04-26,上海太和水科技发展股份有限公司2023年年度报告,http://www.cninfo.com.cn/new/disclosure/detail?stockCode=605081&announcementId=1219840640&orgId=9900039856&announcementTime=2024-04-26,2024-04-29,2024-07-26,0.465619
605086,龙高股份,2023,2024-04-10,龙岩高岭土股份有限公司2023年年度报告,http://www.cninfo.com.cn/new/disclosure/detail?stockCode=605086&announcementId=1219551343&orgId=9900041409&announcementTime=2024-04-10,2024-04-11,2024-07-10,0.074445
605088,冠盛股份,2023,2024-03-30,2023年年度报告,http://www.cninfo.com.cn/new/disclosure/detail?stockCode=605088&announcementId=1219464421&orgId=gfbj0834175&announcementTime=2024-03-30,2024-04-01,2024-07-02,-0.028399
605089,味知香,2023,2024-04-26,2023年年度报告,http://www.cninfo.com.cn/new/disclosure/detail?stockCode=605089&announcementId=1219837148&orgId=9900043037&announcementTime=2024-04-26,2024-04-29,2024-07-26,-0.303668
605090,九丰能源,2023,2024-04-10,2023年年度报告,http://www.cninfo.com.cn/new/disclosure/detail?stockCode=605090&announcementId=1219551898&orgId=9900037724&announcementTime=2024-04-10,2024-04-11,2024-07-10,0.083936
605098,行动教育,2023,2024-04-16,2023年年度报告,http://www.cninfo.com.cn/new/disclosure/detail?stockCode=605098&announcementId=1219624754&orgId=gfbj0831891&announcementTime=2024-04-16,2024-04-17,2024-07-16,-0.214382
605099,共创草坪,2023,2024-04-29,2023年年度报告,http://www.cninfo.com.cn/new/disclosure/detail?stockCode=605099&announcementId=1219893032&orgId=9900039858&announcementTime=2024-04-29,2024-04-30,2024-07-29,-0.22236
605100,华丰股份,2023,2024-04-30,华丰动力股份有限公司2023年年度报告,http://www.cninfo.com.cn/new/disclosure/detail?stockCode=605100&announcementId=1219919184&orgId=gfbj0837398&announcementTime=2024-04-30,2024-05-06,2024-07-30,-0.16602
605108,同庆楼,2023,2024-04-26,同庆楼2023年年度报告,http://www.cninfo.com.cn/new/disclosure/detail?stockCode=605108&announcementId=1219837315&orgId=9900033223&announcementTime=2024-04-26,2024-04-29,2024-07-26,-0.329658
605111,新洁能,2023,2024-03-28,2023年年度报告,http://www.cninfo.com.cn/new/disclosure/detail?stockCode=605111&announcementId=1219429156&orgId=gfbj0838147&announcementTime=2024-03-28,2024-03-29,2024-07-01,0.08524
605116,奥锐特,2023,2024-04-29,奥锐特药业股份有限公司2023年年度报告,http://www.cninfo.com.cn/new/disclosure/detail?stockCode=605116&announcementId=1219891874&orgId=9900039801&announcementTime=2024-04-29,2024-04-30,2024-07-29,-0.064992
605117,德业股份,2023,2024-04-25,2023年年度报告,http://www.cninfo.com.cn/new/disclosure/detail?stockCode=605117&announcementId=1219796690&orgId=9900039788&announcementTime=2024-04-25,2024-04-26,2024-07-25,0.613449
605118,力鼎光电,2023,2024-04-16,力鼎光电2023年年度报告,http://www.cninfo.com.cn/new/disclosure/detail?stockCode=605118&announcementId=1219619846&orgId=9900039790&announcementTime=2024-04-16,2024-04-17,2024-07-16,-0.068293
605122,四方新材,2023,2024-04-27,重庆四方新材股份有限公司2023年年度报告,http://www.cninfo.com.cn/new/disclosure/detail?stockCode=605122&announcementId=1219881831&orgId=9900039751&announcementTime=2024-04-27,2024-04-29,2024-07-26,-0.129396
605123,派克新材,2023,2024-04-30,派克新材2023年度报告,http://www.cninfo.com.cn/new/disclosure/detail?stockCode=605123&announcementId=1219919205&orgId=9900039842&announcementTime=2024-04-30,2024-05-06,2024-07-30,-0.205914
605128,上海沿浦,2023,2024-03-29,上海沿浦金属制品股份有限公司2023年年度报告,http://www.cninfo.com.cn/new/disclosure/detail?stockCode=605128&announcementId=1219443381&orgId=9900037900&announcementTime=2024-03-29,2024-04-01,2024-07-02,-0.12858
605133,嵘泰股份,2023,2024-04-10,嵘泰股份2023年年度报告,http://www.cninfo.com.cn/new/disclosure/detail?stockCode=605133&announcementId=1219553291&orgId=9900039741&announcementTime=2024-04-10,2024-04-11,2024-07-10,-0.200959
605136,丽人丽妆,2023,2024-03-29,上海丽人丽妆化妆品股份有限公司2023年年度报告,http://www.cninfo.com.cn/new/disclosure/detail?stockCode=605136&announcementId=1219443440&orgId=9900033670&announcementTime=2024-03-29,2024-04-01,2024-07-02,-0.299279
605138,盛泰集团,2023,2024-04-23,2023年年度报告,http://www.cninfo.com.cn/new/disclosure/detail?stockCode=605138&announcementId=1219741485&orgId=9900041910&announcementTime=2024-04-23,2024-04-24,2024-07-23,-0.188235
605151,西上海,2023,2024-04-25,西上海2023年年度报告,http://www.cninfo.com.cn/new/disclosure/detail?stockCode=605151&announcementId=1219794639&orgId=9900032989&announcementTime=2024-04-25,2024-04-26,2024-07-25,-0.109729
605155,西大门,2023,2024-03-30,2023年年度报告,http://www.cninfo.com.cn/new/disclosure/detail?stockCode=605155&announcementId=1219468031&orgId=9900039759&announcementTime=2024-03-30,2024-04-01,2024-07-02,-0.065686
605158,华达新材,2023,2024-04-19,浙江华达新型材料股份有限公司2023年年度报告,http://www.cninfo.com.cn/new/disclosure/detail?stockCode=605158&announcementId=1219666588&orgId=9900034523&announcementTime=2024-04-19,2024-04-22,2024-07-19,-0.135029
605162,新中港,2023,2024-03-27,2023年年度报告,http://www.cninfo.com.cn/new/disclosure/detail?stockCode=605162&announcementId=1219409183&orgId=9900039948&announcementTime=2024-03-27,2024-03-28,2024-06-28,-0.093859
605166,聚合顺,2023,2024-03-29,杭州聚合顺新材料股份有限公司2023年年度报告,http://www.cninfo.com.cn/new/disclosure/detail?stockCode=605166&announcementId=1219442182&orgId=gfbj0870755&announcementTime=2024-03-29,2024-04-01,2024-07-02,0.134615
605167,利柏特,2023,2024-04-26,2023年年度报告,http://www.cninfo.com.cn/new/disclosure/detail?stockCode=605167&announcementId=1219837352&orgId=nssc1000345&announcementTime=2024-04-26,2024-04-29,2024-07-26,-0.12843
605168,三人行,2023,2024-04-30,三人行：2023年年度报告全文,http://www.cninfo.com.cn/new/disclosure/detail?stockCode=605168&announcementId=1219906174&orgId=gfbj0832288&announcementTime=2024-04-30,2024-05-06,2024-07-30,-0.310956
605169,洪通燃气,2023,2024-04-19,新疆洪通燃气股份有限公司2023年年度报告,http://www.cninfo.com.cn/new/disclosure/detail?stockCode=605169&announcementId=1219669111&orgId=9900039840&announcementTime=2024-04-19,2024-04-22,2024-07-19,-0.137457
605177,东亚药业,2023,2024-04-24,东亚药业2023年年度报告,http://www.cninfo.com.cn/new/disclosure/detail?stockCode=605177&announcementId=1219762630&orgId=9900039857&announcementTime=2024-04-24,2024-04-25,2024-07-24,-0.248956
605178,时空科技,2023,2024-04-20,2023年年度报告,http://www.cninfo.com.cn/new/disclosure/detail?stockCode=605178&announcementId=1219703708&orgId=9900035580&announcementTime=2024-04-20,2024-04-22,2024-07-19,-0.000553
605179,一鸣食品,2023,2024-04-23,2023年度报告,http://www.cninfo.com.cn/new/disclosure/detail?stockCode=605179&announcementId=1219742469&orgId=9900039760&announcementTime=2024-04-23,2024-04-24,2024-07-23,-0.190302
605180,华生科技,2023,2024-04-26,2023年年度报告,http://www.cninfo.com.cn/new/disclosure/detail?stockCode=605180&announcementId=1219821084&orgId=9900039860&announcementTime=2024-04-26,2024-04-29,2024-07-26,-0.207698
605183,确成股份,2023,2024-04-25,2023年年度报告,http://www.cninfo.com.cn/new/disclosure/detail?stockCode=605183&announcementId=1219790190&orgId=gfbj0833656&announcementTime=2024-04-25,2024-04-26,2024-07-25,-0.130723
605186,健麾信息,2023,2024-04-30,2023年年度报告,http://www.cninfo.com.cn/new/disclosure/detail?stockCode=605186&announcementId=1219906194&orgId=9900039753&announcementTime=2024-04-30,2024-05-06,2024-07-30,-0.42451
605188,国光连锁,2023,2024-04-26,江西国光商业连锁股份有限公司2023年年度报告,http://www.cninfo.com.cn/new/disclosure/detail?stockCode=605188&announcementId=1219823664&orgId=9900039746&announcementTime=2024-04-26,2024-04-29,2024-07-26,0.152022
605189,富春染织,2023,2024-03-26,富春染织2023年年度报告,http://www.cninfo.com.cn/new/disclosure/detail?stockCode=605189&announcementId=1219401793&orgId=gfbj0870898&announcementTime=2024-03-26,2024-03-27,2024-06-27,-0.203638
605196,华通线缆,2023,2024-04-30,华通线缆2023年年度报告,http://www.cninfo.com.cn/new/disclosure/detail?stockCode=605196&announcementId=1219936115&orgId=gfbj0837020&announcementTime=2024-04-30 08:13:00,2024-05-06,2024-07-30,-0.159284
605198,安德利,2023,2024-03-07,安德利：2023年年度报告,http://www.cninfo.com.cn/new/disclosure/detail?stockCode=605198&announcementId=1219251760&orgId=gshk0008259&announcementTime=2024-03-07,2024-03-08,2024-06-07,0.457115
605199,ST葫芦娃,2023,2024-04-27,海南葫芦娃药业集团股份有限公司2023年度报告,http://www.cninfo.com.cn/new/disclosure/detail?stockCode=605199&announcementId=1219881864&orgId=9900039731&announcementTime=2024-04-27,2024-04-29,2024-07-26,-0.149733
605208,永茂泰,2023,2024-04-27,2023年年度报告,http://www.cninfo.com.cn/new/disclosure/detail?stockCode=605208&announcementId=1219881893&orgId=9900039946&announcementTime=2024-04-27,2024-04-29,2024-07-26,-0.106603
605218,伟时电子,2023,2024-04-16,伟时电子股份有限公司2023年年度报告,http://www.cninfo.com.cn/new/disclosure/detail?stockCode=605218&announcementId=1219621813&orgId=9900039725&announcementTime=2024-04-16,2024-04-17,2024-07-16,-0.1018
605222,起帆电缆,2023,2024-03-29,起帆电缆2023年年度报告,http://www.cninfo.com.cn/new/disclosure/detail?stockCode=605222&announcementId=1219440342&orgId=9900039833&announcementTime=2024-03-29,2024-04-01,2024-07-02,-0.120422
605228,神通科技,2023,2024-04-30,2023年年度报告,http://www.cninfo.com.cn/new/disclosure/detail?stockCode=605228&announcementId=1219909213&orgId=9900039800&announcementTime=2024-04-30,2024-05-06,2024-07-30,-0.236607
605255,天普股份,2023,2024-04-19,天普股份2023年年度报告,http://www.cninfo.com.cn/new/disclosure/detail?stockCode=605255&announcementId=1219666663&orgId=9900039799&announcementTime=2024-04-19,2024-04-22,2024-07-19,-0.13101
605258,协和电子,2023,2024-04-16,2023年年度报告,http://www.cninfo.com.cn/new/disclosure/detail?stockCode=605258&announcementId=1219620890&orgId=gfbj0870554&announcementTime=2024-04-16,2024-04-17,2024-07-16,0.77535
605259,绿田机械,2023,2024-04-26,绿田机械2023年年度报告,http://www.cninfo.com.cn/new/disclosure/detail?stockCode=605259&announcementId=1219815275&orgId=9900041944&announcementTime=2024-04-26,2024-04-29,2024-07-26,-0.214591
605266,健之佳,2023,2024-04-27,健之佳医药连锁集团股份有限公司2023年年度报告,http://www.cninfo.com.cn/new/disclosure/detail?stockCode=605266&announcementId=1219881969&orgId=9900035301&announcementTime=2024-04-27,2024-04-29,2024-07-26,-0.453424
605268,王力安防,2023,2024-04-26,王力安防2023年年度报告,http://www.cninfo.com.cn/new/disclosure/detail?stockCode=605268&announcementId=1219822336&orgId=9900039804&announcementTime=2024-04-26,2024-04-29,2024-07-26,-0.142512
605277,新亚电子,2023,2024-04-27,新亚电子股份有限公司2023年年度报告,http://www.cninfo.com.cn/new/disclosure/detail?stockCode=605277&announcementId=1219882026&orgId=9900039816&announcementTime=2024-04-27,2024-04-29,2024-07-26,0.010117
605286,同力天启,2023,2024-04-26,同力日升2023年年度报告,http://www.cninfo.com.cn/new/disclosure/detail?stockCode=605286&announcementId=1219841516&orgId=9900040546&announcementTime=2024-04-26,2024-04-29,2024-07-26,0.046161
605287,德才股份,2023,2024-04-30,德才股份2023年年度报告,http://www.cninfo.com.cn/new/disclosure/detail?stockCode=605287&announcementId=1219919270&orgId=9900041678&announcementTime=2024-04-30,2024-05-06,2024-07-30,-0.127123
605288,凯迪股份,2023,2024-04-30,常州市凯迪电器股份有限公司2023年年度报告全文,http://www.cninfo.com.cn/new/disclosure/detail?stockCode=605288&announcementId=1219906243&orgId=9900038386&announcementTime=2024-04-30,2024-05-06,2024-07-30,-0.153226
605289,罗曼股份,2023,2024-03-26,罗曼股份：2023年年度报告,http://www.cninfo.com.cn/new/disclosure/detail?stockCode=605289&announcementId=1219403731&orgId=gfbj0430662&announcementTime=2024-03-26,2024-03-27,2024-06-27,-0.270718
605296,神农集团,2023,2024-04-26,云南神农农业产业集团股份有限公司2023年年度报告,http://www.cninfo.com.cn/new/disclosure/detail?stockCode=605296&announcementId=1219837411&orgId=9900033227&announcementTime=2024-04-26,2024-04-29,2024-07-26,-0.106614
605298,必得科技,2023,2024-04-29,江苏必得科技股份有限公司2023年年度报告,http://www.cninfo.com.cn/new/disclosure/detail?stockCode=605298&announcementId=1219891932&orgId=gfbj0833643&announcementTime=2024-04-29,2024-04-30,2024-07-29,-0.14234
605299,舒华体育,2023,2024-03-15,舒华体育股份有限公司2023年年度报告,http://www.cninfo.com.cn/new/disclosure/detail?stockCode=605299&announcementId=1219306736&orgId=gfbj0839064&announcementTime=2024-03-15,2024-03-18,2024-06-18,-0.023663
605300,佳禾食品,2023,2024-04-19,佳禾食品工业股份有限公司2023年年度报告,http://www.cninfo.com.cn/new/disclosure/detail?stockCode=605300&announcementId=1219673003&orgId=9900041607&announcementTime=2024-04-19,2024-04-22,2024-07-19,-0.085565
605303,园林股份,2023,2024-04-30,2023年年度报告,http://www.cninfo.com.cn/new/disclosure/detail?stockCode=605303&announcementId=1219919302&orgId=9900031489&announcementTime=2024-04-30,2024-05-06,2024-07-30,-0.165414
605318,法狮龙,2023,2024-04-30,法狮龙家居建材股份有限公司2023年年度报告,http://www.cninfo.com.cn/new/disclosure/detail?stockCode=605318&announcementId=1219906257&orgId=9900039809&announcementTime=2024-04-30,2024-05-06,2024-07-30,-0.000613
605305,中际联合,2023,2024-04-13,中际联合2023年年度报告,http://www.cninfo.com.cn/new/disclosure/detail?stockCode=605305&announcementId=1219593852&orgId=gfbj0831344&announcementTime=2024-04-13,2024-04-15,2024-07-12,-0.099142
605333,沪光股份,2023,2024-04-26,2023年年度报告,http://www.cninfo.com.cn/new/disclosure/detail?stockCode=605333&announcementId=1219837450&orgId=9900038389&announcementTime=2024-04-26,2024-04-29,2024-07-26,-0.150125
605319,无锡振华,2023,2024-04-17,2023年年度报告,http://www.cninfo.com.cn/new/disclosure/detail?stockCode=605319&announcementId=1219638246&orgId=9900039945&announcementTime=2024-04-17,2024-04-18,2024-07-17,-0.15964
605337,李子园,2023,2024-04-10,浙江李子园食品股份有限公司2023年年度报告,http://www.cninfo.com.cn/new/disclosure/detail?stockCode=605337&announcementId=1219555205&orgId=9900039750&announcementTime=2024-04-10,2024-04-11,2024-07-10,-0.295275
605336,帅丰电器,2023,2024-04-23,浙江帅丰电器股份有限公司2023年年度报告,http://www.cninfo.com.cn/new/disclosure/detail?stockCode=605336&announcementId=1219742477&orgId=9900039798&announcementTime=2024-04-23,2024-04-24,2024-07-23,-0.208459
605339,南侨食品,2023,2024-03-12,南侨食品集团（上海）股份有限公司2023年年度报告,http://www.cninfo.com.cn/new/disclosure/detail?stockCode=605339&announcementId=1219288407&orgId=9900037308&announcementTime=2024-03-12,2024-03-13,2024-06-13,-0.07003
605338,巴比食品,2023,2024-03-29,2023年年度报告,http://www.cninfo.com.cn/new/disclosure/detail?stockCode=605338&announcementId=1219445909&orgId=9900039853&announcementTime=2024-03-29,2024-04-01,2024-07-02,-0.181303
605358,立昂微,2023,2024-04-23,立昂微2023年年度报告,http://www.cninfo.com.cn/new/disclosure/detail?stockCode=605358&announcementId=1219746950&orgId=9900038308&announcementTime=2024-04-23,2024-04-24,2024-07-23,0.131382
605365,立达信,2023,2024-04-23,2023年年度报告,http://www.cninfo.com.cn/new/disclosure/detail?stockCode=605365&announcementId=1219738365&orgId=nssc1000221&announcementTime=2024-04-23,2024-04-24,2024-07-23,-0.158467
605366,宏柏新材,2023,2024-04-30,江西宏柏新材料股份有限公司2023年年度报告,http://www.cninfo.com.cn/new/disclosure/detail?stockCode=605366&announcementId=1219919427&orgId=9900039786&announcementTime=2024-04-30,2024-05-06,2024-07-30,-0.25816
605368,蓝天燃气,2023,2024-03-26,蓝天燃气2023年年度报告,http://www.cninfo.com.cn/new/disclosure/detail?stockCode=605368&announcementId=1219403772&orgId=9900023971&announcementTime=2024-03-26,2024-03-27,2024-06-27,0.064589
605369,拱东医疗,2023,2024-04-27,拱东医疗：2023年年度报告,http://www.cninfo.com.cn/new/disclosure/detail?stockCode=605369&announcementId=1219854216&orgId=9900039863&announcementTime=2024-04-27,2024-04-29,2024-07-26,-0.224918
605376,博迁新材,2023,2024-04-27,江苏博迁新材料股份有限公司2023年年度报告,http://www.cninfo.com.cn/new/disclosure/detail?stockCode=605376&announcementId=1219882102&orgId=gfbj0871363&announcementTime=2024-04-27,2024-04-29,2024-07-26,0.005303
605377,华旺科技,2023,2024-04-29,杭州华旺新材料科技股份有限公司2023年年度报告,http://www.cninfo.com.cn/new/disclosure/detail?stockCode=605377&announcementId=1219891960&orgId=gfbj0832514&announcementTime=2024-04-29,2024-04-30,2024-07-29,-0.235362
605378,野马电池,2023,2024-04-29,浙江野马电池股份有限公司2023年年度报告,http://www.cninfo.com.cn/new/disclosure/detail?stockCode=605378&announcementId=1219892041&orgId=9900039787&announcementTime=2024-04-29,2024-04-30,2024-07-29,-0.032161
605388,均瑶健康,2023,2024-04-19,湖北均瑶大健康饮品股份有限公司2023年年度报告,http://www.cninfo.com.cn/new/disclosure/detail?stockCode=605388&announcementId=1219672129&orgId=9900039814&announcementTime=2024-04-19,2024-04-22,2024-07-19,-0.072039
605389,长龄液压,2023,2024-04-25,江苏长龄液压股份有限公司2023年年度报告,http://www.cninfo.com.cn/new/disclosure/detail?stockCode=605389&announcementId=1219796023&orgId=9900039835&announcementTime=2024-04-25,2024-04-26,2024-07-25,-0.102725
605398,新炬网络,2023,2024-04-27,上海新炬网络信息技术股份有限公司2023年年度报告,http://www.cninfo.com.cn/new/disclosure/detail?stockCode=605398&announcementId=1219882152&orgId=9900039824&announcementTime=2024-04-27,2024-04-29,2024-07-26,-0.142346
605399,晨光新材,2023,2024-04-27,晨光新材2023年年度报告,http://www.cninfo.com.cn/new/disclosure/detail?stockCode=605399&announcementId=1219855942&orgId=9900039742&announcementTime=2024-04-27,2024-04-29,2024-07-26,-0.098039
605488,福莱新材,2023,2024-03-30,福莱新材2023年年度报告,http://www.cninfo.com.cn/new/disclosure/detail?stockCode=605488&announcementId=1219471510&orgId=nssc1000227&announcementTime=2024-03-30,2024-04-01,2024-07-02,-0.024138
605499,东鹏饮料,2023,2024-04-15,东鹏饮料（集团）股份有限公司2023年年度报告全文,http://www.cninfo.com.cn/new/disclosure/detail?stockCode=605499&announcementId=1219612087&orgId=9900041766&announcementTime=2024-04-15,2024-04-16,2024-07-15,0.231727
605500,森林包装,2023,2024-04-23,森林包装集团股份有限公司2023年年度报告,http://www.cninfo.com.cn/new/disclosure/detail?stockCode=605500&announcementId=1219738560&orgId=9900039734&announcementTime=2024-04-23,2024-04-24,2024-07-23,-0.042273
605507,国邦医药,2023,2024-04-16,国邦医药2023年年度报告,http://www.cninfo.com.cn/new/disclosure/detail?stockCode=605507&announcementId=1219620958&orgId=nssc1000172&announcementTime=2024-04-16,2024-04-17,2024-07-16,0.080664
605555,德昌股份,2023,2024-04-26,2023年年度报告,http://www.cninfo.com.cn/new/disclosure/detail?stockCode=605555&announcementId=1219837487&orgId=nssc1000733&announcementTime=2024-04-26,2024-04-29,2024-07-26,-0.16879
605566,福莱蒽特,2023,2024-04-27,杭州福莱蒽特股份有限公司2023年年度报告,http://www.cninfo.com.cn/new/disclosure/detail?stockCode=605566&announcementId=1219882226&orgId=nssc1000534&announcementTime=2024-04-27,2024-04-29,2024-07-26,-0.14562
605567,春雪食品,2023,2024-04-27,春雪食品集团股份有限公司2023年年度报告,http://www.cninfo.com.cn/new/disclosure/detail?stockCode=605567&announcementId=1219882295&orgId=nssc1000786&announcementTime=2024-04-27,2024-04-29,2024-07-26,-0.136782
605577,龙版传媒,2023,2024-04-25,2023年年度报告,http://www.cninfo.com.cn/new/disclosure/detail?stockCode=605577&announcementId=1219791907&orgId=nssc1000394&announcementTime=2024-04-25,2024-04-26,2024-07-25,-0.191134
605580,恒盛能源,2023,2024-04-18,恒盛能源股份有限公司2023年年度报告,http://www.cninfo.com.cn/new/disclosure/detail?stockCode=605580&announcementId=1219652758&orgId=gfbj0872062&announcementTime=2024-04-18,2024-04-19,2024-07-18,-0.149364
605588,冠石科技,2023,2024-04-30,2023年年度报告,http://www.cninfo.com.cn/new/disclosure/detail?stockCode=605588&announcementId=1219909325&orgId=nssc1000573&announcementTime=2024-04-30,2024-05-06,2024-07-30,-0.029441
605589,圣泉集团,2023,2024-04-19,圣泉集团2023年年度报告,http://www.cninfo.com.cn/new/disclosure/detail?stockCode=605589&announcementId=1219669134&orgId=9900028008&announcementTime=2024-04-19,2024-04-22,2024-07-19,0.005522
605598,上海港湾,2023,2024-04-26,上海港湾2023年年度报告,http://www.cninfo.com.cn/new/disclosure/detail?stockCode=605598&announcementId=1219837621&orgId=nssc1000167&announcementTime=2024-04-26,2024-04-29,2024-07-26,0.169478
605599,菜百股份,2023,2024-04-29,北京菜市口百货股份有限公司2023年年度报告,http://www.cninfo.com.cn/new/disclosure/detail?stockCode=605599&announcementId=1219892075&orgId=nssc1000538&announcementTime=2024-04-29,2024-04-30,2024-07-29,-0.206529
688001,华兴源创,2023,2024-04-30,华兴源创：2023年年度报告,http://www.cninfo.com.cn/new/disclosure/detail?stockCode=688001&announcementId=1219906367&orgId=9900038969&announcementTime=2024-04-30,2024-05-06,2024-07-30,-0.048697
688002,睿创微纳,2023,2024-04-23,2023年年度报告,http://www.cninfo.com.cn/new/disclosure/detail?stockCode=688002&announcementId=1219748354&orgId=9900038939&announcementTime=2024-04-23,2024-04-24,2024-07-23,-0.122708
688003,天准科技,2023,2024-04-20,2023年年度报告,http://www.cninfo.com.cn/new/disclosure/detail?stockCode=688003&announcementId=1219696896&orgId=gfbj0833231&announcementTime=2024-04-20,2024-04-22,2024-07-19,-0.047516
688004,博汇科技,2023,2024-04-18,博汇科技2023年年度报告,http://www.cninfo.com.cn/new/disclosure/detail?stockCode=688004&announcementId=1219650793&orgId=gfbj0871038&announcementTime=2024-04-18,2024-04-19,2024-07-18,-0.160291
688005,容百科技,2023,2024-04-12,2023年年度报告,http://www.cninfo.com.cn/new/disclosure/detail?stockCode=688005&announcementId=1219582837&orgId=9900038937&announcementTime=2024-04-12,2024-04-15,2024-07-12,-0.293422
688006,杭可科技,2023,2024-04-26,杭可科技2023年年度报告,http://www.cninfo.com.cn/new/disclosure/detail?stockCode=688006&announcementId=1219837686&orgId=9900037551&announcementTime=2024-04-26,2024-04-29,2024-07-26,-0.174774
688007,光峰科技,2023,2024-04-27,2023年年度报告,http://www.cninfo.com.cn/new/disclosure/detail?stockCode=688007&announcementId=1219882476&orgId=9900038970&announcementTime=2024-04-27,2024-04-29,2024-07-26,-0.227998
688008,澜起科技,2023,2024-04-10,澜起科技2023年年度报告,http://www.cninfo.com.cn/new/disclosure/detail?stockCode=688008&announcementId=1219553327&orgId=9900039002&announcementTime=2024-04-10,2024-04-11,2024-07-10,0.331259
688009,中国通号,2023,2024-03-27,2023年年度报告,http://www.cninfo.com.cn/new/disclosure/detail?stockCode=688009&announcementId=1219413160&orgId=9900030958&announcementTime=2024-03-27,2024-03-28,2024-06-28,0.0976
688010,福光股份,2023,2024-04-27,2023年年度报告,http://www.cninfo.com.cn/new/disclosure/detail?stockCode=688010&announcementId=1219882558&orgId=9900038992&announcementTime=2024-04-27,2024-04-29,2024-07-26,-0.182057
688011,新光光电,2023,2024-04-20,哈尔滨新光光电科技股份有限公司2023年年度报告,http://www.cninfo.com.cn/new/disclosure/detail?stockCode=688011&announcementId=1219696948&orgId=9900038995&announcementTime=2024-04-20,2024-04-22,2024-07-19,-0.062238
688012,中微公司,2023,2024-03-19,2023年年度报告,http://www.cninfo.com.cn/new/disclosure/detail?stockCode=688012&announcementId=1219329946&orgId=9900038991&announcementTime=2024-03-19,2024-03-20,2024-06-20,-0.030032
688013,天臣医疗,2023,2024-04-27,天臣医疗2023年年度报告,http://www.cninfo.com.cn/new/disclosure/detail?stockCode=688013&announcementId=1219882586&orgId=nssc1000493&announcementTime=2024-04-27,2024-04-29,2024-07-26,-0.105328
688015,交控科技,2023,2024-04-20,交控科技股份有限公司2023年年度报告,http://www.cninfo.com.cn/new/disclosure/detail?stockCode=688015&announcementId=1219696959&orgId=9900038993&announcementTime=2024-04-20,2024-04-22,2024-07-19,-0.130599
688016,心脉医疗,2023,2024-03-28,心脉医疗：2023年年度报告,http://www.cninfo.com.cn/new/disclosure/detail?stockCode=688016&announcementId=1219427591&orgId=9900039142&announcementTime=2024-03-28,2024-03-29,2024-07-01,-0.184554
688017,绿的谐波,2023,2024-04-30,2023年年度报告,http://www.cninfo.com.cn/new/disclosure/detail?stockCode=688017&announcementId=1219925766&orgId=9900041602&announcementTime=2024-04-30,2024-05-06,2024-07-30,-0.415183
688018,乐鑫科技,2023,2024-03-23,乐鑫科技2023年年度报告,http://www.cninfo.com.cn/new/disclosure/detail?stockCode=688018&announcementId=1219389313&orgId=9900039017&announcementTime=2024-03-23,2024-03-25,2024-06-25,0.124057
688019,安集科技,2023,2024-04-16,2023年年度报告,http://www.cninfo.com.cn/new/disclosure/detail?stockCode=688019&announcementId=1219623534&orgId=9900038987&announcementTime=2024-04-16,2024-04-17,2024-07-16,0.153972
688020,方邦股份,2023,2024-04-17,2023年年度报告,http://www.cninfo.com.cn/new/disclosure/detail?stockCode=688020&announcementId=1219637505&orgId=9900033190&announcementTime=2024-04-17,2024-04-18,2024-07-17,0.222382
688021,奥福科技,2023,2024-04-27,山东奥福环保科技股份有限公司2023年年度报告,http://www.cninfo.com.cn/new/disclosure/detail?stockCode=688021&announcementId=1219882645&orgId=9900039287&announcementTime=2024-04-27,2024-04-29,2024-07-26,-0.238434
688022,瀚川智能,2023,2024-04-24,2023年年度报告,http://www.cninfo.com.cn/new/disclosure/detail?stockCode=688022&announcementId=1219773936&orgId=9900039049&announcementTime=2024-04-24,2024-04-25,2024-07-24,-0.279279
688023,安恒信息,2023,2024-04-26,2023年年度报告,http://www.cninfo.com.cn/new/disclosure/detail?stockCode=688023&announcementId=1219841537&orgId=9900039124&announcementTime=2024-04-26,2024-04-29,2024-07-26,-0.350709
688025,杰普特,2023,2024-04-20,深圳市杰普特光电股份有限公司2023年年度报告,http://www.cninfo.com.cn/new/disclosure/detail?stockCode=688025&announcementId=1219708227&orgId=gfbj0870105&announcementTime=2024-04-20,2024-04-22,2024-07-19,-0.14199
688026,洁特生物,2023,2024-04-20,2023年年度报告,http://www.cninfo.com.cn/new/disclosure/detail?stockCode=688026&announcementId=1219694700&orgId=gfbj0834589&announcementTime=2024-04-20,2024-04-22,2024-07-19,0.139321
688027,国盾量子,2023,2024-04-09,2023年年度报告,http://www.cninfo.com.cn/new/disclosure/detail?stockCode=688027&announcementId=1219538933&orgId=9900038967&announcementTime=2024-04-09,2024-04-10,2024-07-09,-0.152756
688028,沃尔德,2023,2024-04-20,2023年年度报告,http://www.cninfo.com.cn/new/disclosure/detail?stockCode=688028&announcementId=1219700175&orgId=9900039154&announcementTime=2024-04-20,2024-04-22,2024-07-19,-0.02608
688029,南微医学,2023,2024-04-26,南微医学科技股份有限公司2023年年度报告,http://www.cninfo.com.cn/new/disclosure/detail?stockCode=688029&announcementId=1219837709&orgId=gfbj0834229&announcementTime=2024-04-26,2024-04-29,2024-07-26,-0.126283
688030,山石网科,2023,2024-03-28,山石网科通信技术股份有限公司2023年年度报告,http://www.cninfo.com.cn/new/disclosure/detail?stockCode=688030&announcementId=1219426412&orgId=9900039126&announcementTime=2024-03-28,2024-03-29,2024-07-01,-0.212349
688031,星环科技,2023,2024-04-26,2023年年度报告,http://www.cninfo.com.cn/new/disclosure/detail?stockCode=688031&announcementId=1219823708&orgId=9900048105&announcementTime=2024-04-26,2024-04-29,2024-07-26,-0.293729
688033,天宜新材,2023,2024-04-27,北京天宜上佳高新材料股份有限公司2023年年度报告,http://www.cninfo.com.cn/new/disclosure/detail?stockCode=688033&announcementId=1219882750&orgId=9900039155&announcementTime=2024-04-27,2024-04-29,2024-07-26,-0.367788
688032,禾迈股份,2023,2024-04-29,禾迈股份2023年年度报告,http://www.cninfo.com.cn/new/disclosure/detail?stockCode=688032&announcementId=1219892142&orgId=9900046513&announcementTime=2024-04-29,2024-04-30,2024-07-29,-0.159078
688036,传音控股,2023,2024-04-23,传音控股2023年年度报告,http://www.cninfo.com.cn/new/disclosure/detail?stockCode=688036&announcementId=1219746989&orgId=9900038988&announcementTime=2024-04-23,2024-04-24,2024-07-23,-0.335125
688035,德邦科技,2023,2024-04-20,烟台德邦科技股份有限公司2023年年度报告,http://www.cninfo.com.cn/new/disclosure/detail?stockCode=688035&announcementId=1219705745&orgId=9900047879&announcementTime=2024-04-20,2024-04-22,2024-07-19,-0.025122
688038,中科通达,2023,2024-04-20,2023年年度报告,http://www.cninfo.com.cn/new/disclosure/detail?stockCode=688038&announcementId=1219690487&orgId=9900024458&announcementTime=2024-04-20,2024-04-22,2024-07-19,0.223176
688037,芯源微,2023,2024-04-27,芯源微2023年年度报告,http://www.cninfo.com.cn/new/disclosure/detail?stockCode=688037&announcementId=1219882772&orgId=9900039964&announcementTime=2024-04-27,2024-04-29,2024-07-26,0.007413
688039,当虹科技,2023,2024-04-27,杭州当虹科技股份有限公司2023年年度报告,http://www.cninfo.com.cn/new/disclosure/detail?stockCode=688039&announcementId=1219882849&orgId=9900038989&announcementTime=2024-04-27,2024-04-29,2024-07-26,-0.205497
688041,海光信息,2023,2024-04-12,海光信息技术股份有限公司2023年年度报告,http://www.cninfo.com.cn/new/disclosure/detail?stockCode=688041&announcementId=1219582015&orgId=9900048365&announcementTime=2024-04-12,2024-04-15,2024-07-12,-0.088531
688046,药康生物,2023,2024-04-27,药康生物2023年年度报告,http://www.cninfo.com.cn/new/disclosure/detail?stockCode=688046&announcementId=1219882875&orgId=9900051414&announcementTime=2024-04-27,2024-04-29,2024-07-26,-0.137129
688045,必易微,2023,2024-03-23,必易微2023年年度报告,http://www.cninfo.com.cn/new/disclosure/detail?stockCode=688045&announcementId=1219387905&orgId=9900047235&announcementTime=2024-03-23,2024-03-25,2024-06-25,-0.002323
688047,龙芯中科,2023,2024-04-27,龙芯中科2023年年度报告,http://www.cninfo.com.cn/new/disclosure/detail?stockCode=688047&announcementId=1219882942&orgId=9900048052&announcementTime=2024-04-27,2024-04-29,2024-07-26,0.18499
688048,长光华芯,2023,2024-04-26,2023年年度报告,http://www.cninfo.com.cn/new/disclosure/detail?stockCode=688048&announcementId=1219837753&orgId=9900048112&announcementTime=2024-04-26,2024-04-29,2024-07-26,-0.211609
688049,炬芯科技,2023,2024-03-26,炬芯科技2023年年度报告,http://www.cninfo.com.cn/new/disclosure/detail?stockCode=688049&announcementId=1219404922&orgId=9900046620&announcementTime=2024-03-26,2024-03-27,2024-06-27,-0.071255
688050,爱博医疗,2023,2024-04-18,688050爱博医疗 2023年年度报告,http://www.cninfo.com.cn/new/disclosure/detail?stockCode=688050&announcementId=1219653622&orgId=9900042736&announcementTime=2024-04-18,2024-04-19,2024-07-18,-0.043478
688051,佳华科技,2023,2024-04-27,2023年年度报告,http://www.cninfo.com.cn/new/disclosure/detail?stockCode=688051&announcementId=1219882975&orgId=9900039347&announcementTime=2024-04-27,2024-04-29,2024-07-26,-0.089586
688052,纳芯微,2023,2024-04-26,2023年年度报告,http://www.cninfo.com.cn/new/disclosure/detail?stockCode=688052&announcementId=1219837808&orgId=gfbj0838551&announcementTime=2024-04-26,2024-04-29,2024-07-26,0.031169
688053,ST思科瑞,2023,2024-04-29,成都思科瑞微电子股份有限公司2023年年度报告,http://www.cninfo.com.cn/new/disclosure/detail?stockCode=688053&announcementId=1219892152&orgId=9900046510&announcementTime=2024-04-29,2024-04-30,2024-07-29,-0.207445
688055,龙腾光电,2023,2024-04-27,龙腾光电2023年年度报告,http://www.cninfo.com.cn/new/disclosure/detail?stockCode=688055&announcementId=1219882989&orgId=fzqy1056458&announcementTime=2024-04-27,2024-04-29,2024-07-26,-0.174927
688056,莱伯泰科,2023,2024-04-26,2023年年度报告,http://www.cninfo.com.cn/new/disclosure/detail?stockCode=688056&announcementId=1219837951&orgId=9900031826&announcementTime=2024-04-26,2024-04-29,2024-07-26,-0.083196
688057,金达莱,2023,2024-04-27,2023年年度报告,http://www.cninfo.com.cn/new/disclosure/detail?stockCode=688057&announcementId=1219883302&orgId=gfbj0830777&announcementTime=2024-04-27,2024-04-29,2024-07-26,-0.092863
688059,华锐精密,2023,2024-04-30,2023年年度报告,http://www.cninfo.com.cn/new/disclosure/detail?stockCode=688059&announcementId=1222807924&orgId=9900041578&announcementTime=2024-04-30,2024-05-06,2024-07-30,-0.310228
688058,宝兰德,2023,2024-04-27,北京宝兰德软件股份有限公司2023年年度报告,http://www.cninfo.com.cn/new/disclosure/detail?stockCode=688058&announcementId=1219883314&orgId=9900032882&announcementTime=2024-04-27,2024-04-29,2024-07-26,-0.220254
688060,云涌科技,2023,2024-04-26,云涌科技2023年年度报告,http://www.cninfo.com.cn/new/disclosure/detail?stockCode=688060&announcementId=1219837973&orgId=9900033204&announcementTime=2024-04-26,2024-04-29,2024-07-26,-0.045424
688061,灿瑞科技,2023,2024-04-20,2023年年度报告,http://www.cninfo.com.cn/new/disclosure/detail?stockCode=688061&announcementId=1219705832&orgId=nssc1000405&announcementTime=2024-04-20,2024-04-22,2024-07-19,0.09712
688062,迈威生物,2023,2024-04-09,迈威生物2023年年度报告,http://www.cninfo.com.cn/new/disclosure/detail?stockCode=688062&announcementId=1219539122&orgId=nssc1000843&announcementTime=2024-04-09,2024-04-10,2024-07-09,-0.199881
688063,派能科技,2023,2024-04-12,上海派能能源科技股份有限公司2023年年度报告,http://www.cninfo.com.cn/new/disclosure/detail?stockCode=688063&announcementId=1219583120&orgId=fzqy1027385&announcementTime=2024-04-12,2024-04-15,2024-07-12,-0.331435
688065,凯赛生物,2023,2024-04-30,2023年年度报告,http://www.cninfo.com.cn/new/disclosure/detail?stockCode=688065&announcementId=1219919496&orgId=9900042737&announcementTime=2024-04-30,2024-05-06,2024-07-30,-0.274781
688066,航天宏图,2023,2024-04-12,2023年年度报告,http://www.cninfo.com.cn/new/disclosure/detail?stockCode=688066&announcementId=1219581253&orgId=fzqy1026111&announcementTime=2024-04-12,2024-04-15,2024-07-12,-0.359533
688067,爱威科技,2023,2024-04-27,爱威科技2023年年度报告,http://www.cninfo.com.cn/new/disclosure/detail?stockCode=688067&announcementId=1219854527&orgId=gfbj0831895&announcementTime=2024-04-27,2024-04-29,2024-07-26,-0.158896
688068,热景生物,2023,2024-04-30,北京热景生物技术股份有限公司2023年年度报告,http://www.cninfo.com.cn/new/disclosure/detail?stockCode=688068&announcementId=1219919502&orgId=9900039048&announcementTime=2024-04-30,2024-05-06,2024-07-30,-0.140475
688069,德林海,2023,2024-04-27,德林海2023年年度报告,http://www.cninfo.com.cn/new/disclosure/detail?stockCode=688069&announcementId=1219883366&orgId=9900039471&announcementTime=2024-04-27,2024-04-29,2024-07-26,-0.110061
688070,纵横股份,2023,2024-04-27,2023年年度报告,http://www.cninfo.com.cn/new/disclosure/detail?stockCode=688070&announcementId=1219883396&orgId=9900041841&announcementTime=2024-04-27,2024-04-29,2024-07-26,-0.364629
688071,华依科技,2023,2024-04-30,上海华依科技集团股份有限公司2023年年度报告,http://www.cninfo.com.cn/new/disclosure/detail?stockCode=688071&announcementId=1219919555&orgId=nssc1000336&announcementTime=2024-04-30,2024-05-06,2024-07-30,-0.35221
688072,拓荆科技,2023,2024-04-30,2023年年度报告,http://www.cninfo.com.cn/new/disclosure/detail?stockCode=688072&announcementId=1219919649&orgId=9900048695&announcementTime=2024-04-30,2024-05-06,2024-07-30,-0.018913
688073,毕得医药,2023,2024-04-26,2023年年度报告,http://www.cninfo.com.cn/new/disclosure/detail?stockCode=688073&announcementId=1219840687&orgId=9900048184&announcementTime=2024-04-26,2024-04-29,2024-07-26,-0.085992
688075,安旭生物,2023,2024-04-30,安旭生物2023年年度报告,http://www.cninfo.com.cn/new/disclosure/detail?stockCode=688075&announcementId=1219919685&orgId=nssc1000391&announcementTime=2024-04-30,2024-05-06,2024-07-30,-0.083714
688076,ST诺泰,2023,2024-03-29,诺泰生物：2023年年度报告,http://www.cninfo.com.cn/new/disclosure/detail?stockCode=688076&announcementId=1219445941&orgId=gfbj0835572&announcementTime=2024-03-29,2024-04-01,2024-07-02,0.454511
688077,大地熊,2023,2024-03-30,大地熊2023年年度报告,http://www.cninfo.com.cn/new/disclosure/detail?stockCode=688077&announcementId=1219472274&orgId=9900035313&announcementTime=2024-03-30,2024-04-01,2024-07-02,-0.037954
688078,龙软科技,2023,2024-03-28,北京龙软科技股份有限公司2023年年度报告,http://www.cninfo.com.cn/new/disclosure/detail?stockCode=688078&announcementId=1219427628&orgId=9900024805&announcementTime=2024-03-28,2024-03-29,2024-07-01,-0.136937
688079,美迪凯,2023,2024-04-29,杭州美迪凯光电科技股份有限公司2023年年度报告,http://www.cninfo.com.cn/new/disclosure/detail?stockCode=688079&announcementId=1219892199&orgId=nssc1000423&announcementTime=2024-04-29,2024-04-30,2024-07-29,-0.163793
688080,映翰通,2023,2024-04-19,2023年年度报告,http://www.cninfo.com.cn/new/disclosure/detail?stockCode=688080&announcementId=1219668340&orgId=gfbj0430642&announcementTime=2024-04-19,2024-04-22,2024-07-19,-0.126821
688081,兴图新科,2023,2024-04-26,2023年年度报告,http://www.cninfo.com.cn/new/disclosure/detail?stockCode=688081&announcementId=1219840716&orgId=9900039664&announcementTime=2024-04-26,2024-04-29,2024-07-26,-0.151882
688082,盛美上海,2023,2024-02-29,2023年年度报告,http://www.cninfo.com.cn/new/disclosure/detail?stockCode=688082&announcementId=1219209620&orgId=nssc1000455&announcementTime=2024-02-29,2024-03-01,2024-05-31,-0.217373
688083,中望软件,2023,2024-04-26,中望软件2023年年度报告,http://www.cninfo.com.cn/new/disclosure/detail?stockCode=688083&announcementId=1219838017&orgId=gfbj0871544&announcementTime=2024-04-26,2024-04-29,2024-07-26,-0.229905
688084,晶品特装,2023,2024-04-25,2023年年度报告,http://www.cninfo.com.cn/new/disclosure/detail?stockCode=688084&announcementId=1219791943&orgId=9900047316&announcementTime=2024-04-25,2024-04-26,2024-07-25,-0.089024
688085,三友医疗,2023,2024-04-26,2023年年度报告,http://www.cninfo.com.cn/new/disclosure/detail?stockCode=688085&announcementId=1219816577&orgId=9900039654&announcementTime=2024-04-26,2024-05-07,2024-07-31,-0.143685
688088,虹软科技,2023,2024-04-19,2023年年度报告,http://www.cninfo.com.cn/new/disclosure/detail?stockCode=688088&announcementId=1219673082&orgId=9900038968&announcementTime=2024-04-19,2024-04-22,2024-07-19,0.038518
688087,英科再生,2023,2024-04-16,英科再生资源股份有限公司2023年年度报告,http://www.cninfo.com.cn/new/disclosure/detail?stockCode=688087&announcementId=1219621395&orgId=9900023481&announcementTime=2024-04-16,2024-04-17,2024-07-16,0.001089
688090,瑞松科技,2023,2024-04-16,2023年年度报告,http://www.cninfo.com.cn/new/disclosure/detail?stockCode=688090&announcementId=1219624633&orgId=9900039482&announcementTime=2024-04-16,2024-04-17,2024-07-16,1.182328
688089,嘉必优,2023,2024-04-27,嘉必优生物技术（武汉）股份有限公司2023年年度报告,http://www.cninfo.com.cn/new/disclosure/detail?stockCode=688089&announcementId=1219883430&orgId=9900033197&announcementTime=2024-04-27,2024-04-29,2024-07-26,-0.061883
688091,上海谊众,2023,2024-04-08,上海谊众2023年年度报告,http://www.cninfo.com.cn/new/disclosure/detail?stockCode=688091&announcementId=1219528687&orgId=nssc1000714&announcementTime=2024-04-08,2024-04-09,2024-07-08,-0.338337
688092,爱科科技,2023,2024-04-20,杭州爱科科技股份有限公司2023年年度报告,http://www.cninfo.com.cn/new/disclosure/detail?stockCode=688092&announcementId=1219692284&orgId=9900041941&announcementTime=2024-04-20,2024-04-22,2024-07-19,-0.181071
688093,世华科技,2023,2024-04-18,2023年年度报告,http://www.cninfo.com.cn/new/disclosure/detail?stockCode=688093&announcementId=1219651888&orgId=nssc1000353&announcementTime=2024-04-18,2024-04-19,2024-07-18,0.231713
688095,福昕软件,2023,2024-04-29,福建福昕软件开发股份有限公司2023年年度报告,http://www.cninfo.com.cn/new/disclosure/detail?stockCode=688095&announcementId=1219892282&orgId=gfbj0832422&announcementTime=2024-04-29,2024-04-30,2024-07-29,-0.353763
688097,博众精工,2023,2024-04-24,博众精工2023年年度报告,http://www.cninfo.com.cn/new/disclosure/detail?stockCode=688097&announcementId=1219769915&orgId=9900039003&announcementTime=2024-04-24,2024-04-25,2024-07-24,-0.137511
688096,京源环保,2023,2024-04-20,2023年年度报告,http://www.cninfo.com.cn/new/disclosure/detail?stockCode=688096&announcementId=1219706337&orgId=gfbj0831540&announcementTime=2024-04-20,2024-04-22,2024-07-19,-0.077437
688098,申联生物,2023,2024-04-27,申联生物医药（上海）股份有限公司2023年年度报告,http://www.cninfo.com.cn/new/disclosure/detail?stockCode=688098&announcementId=1219883626&orgId=9900034444&announcementTime=2024-04-27,2024-04-29,2024-07-26,-0.218391
688099,晶晨股份,2023,2024-04-12,晶晨股份2023年年度报告,http://www.cninfo.com.cn/new/disclosure/detail?stockCode=688099&announcementId=1219582293&orgId=9900038936&announcementTime=2024-04-12,2024-04-15,2024-07-12,0.419593
688101,三达膜,2023,2024-04-26,三达膜2023年年度报告,http://www.cninfo.com.cn/new/disclosure/detail?stockCode=688101&announcementId=1219819515&orgId=9900026794&announcementTime=2024-04-26,2024-04-29,2024-07-26,-0.032941
688100,威胜信息,2023,2024-02-29,威胜信息2023年年度报告,http://www.cninfo.com.cn/new/disclosure/detail?stockCode=688100&announcementId=1219210032&orgId=9900039047&announcementTime=2024-02-29,2024-03-01,2024-05-31,0.114286
688102,斯瑞新材,2023,2024-04-27,2023年年度报告,http://www.cninfo.com.cn/new/disclosure/detail?stockCode=688102&announcementId=1219883645&orgId=9900041727&announcementTime=2024-04-27,2024-04-29,2024-07-26,0.137596
688103,国力电子,2023,2024-04-25,昆山国力电子科技股份有限公司2023年年度报告,http://www.cninfo.com.cn/new/disclosure/detail?stockCode=688103&announcementId=1219799039&orgId=9900035534&announcementTime=2024-04-25,2024-04-26,2024-07-25,0.052664
688105,诺唯赞,2023,2024-04-27,2023年年度报告,http://www.cninfo.com.cn/new/disclosure/detail?stockCode=688105&announcementId=1219883679&orgId=9900046657&announcementTime=2024-04-27,2024-04-29,2024-07-26,-0.25739
688106,金宏气体,2023,2024-03-26,金宏气体：2023年年度报告,http://www.cninfo.com.cn/new/disclosure/detail?stockCode=688106&announcementId=1219405859&orgId=9900023702&announcementTime=2024-03-26,2024-03-27,2024-06-27,-0.104827
688108,赛诺医疗,2023,2024-04-27,赛诺医疗科学技术股份有限公司2023年年度报告,http://www.cninfo.com.cn/new/disclosure/detail?stockCode=688108&announcementId=1219883776&orgId=9900038990&announcementTime=2024-04-27,2024-04-29,2024-07-26,-0.319615
688107,安路科技,2023,2024-04-27,安路科技2023年年度报告,http://www.cninfo.com.cn/new/disclosure/detail?stockCode=688107&announcementId=1219883727&orgId=9900048391&announcementTime=2024-04-27,2024-04-29,2024-07-26,-0.07673
688109,品茗科技,2023,2024-04-25,2023年年度报告,http://www.cninfo.com.cn/new/disclosure/detail?stockCode=688109&announcementId=1219792027&orgId=gfbj0836188&announcementTime=2024-04-25,2024-04-26,2024-07-25,-0.022856
688110,东芯股份,2023,2024-04-20,2023年年度报告,http://www.cninfo.com.cn/new/disclosure/detail?stockCode=688110&announcementId=1219703745&orgId=nssc1000767&announcementTime=2024-04-20,2024-04-22,2024-07-19,0.073568
688112,鼎阳科技,2023,2024-04-30,鼎阳科技2023年年度报告,http://www.cninfo.com.cn/new/disclosure/detail?stockCode=688112&announcementId=1219906450&orgId=nssc1000555&announcementTime=2024-04-30,2024-05-06,2024-07-30,-0.2627
688111,金山办公,2023,2024-03-21,金山办公2023年年度报告,http://www.cninfo.com.cn/new/disclosure/detail?stockCode=688111&announcementId=1219361803&orgId=9900035303&announcementTime=2024-03-21,2024-03-22,2024-06-24,-0.248533
688114,华大智造,2023,2024-04-26,2023年年度报告,http://www.cninfo.com.cn/new/disclosure/detail?stockCode=688114&announcementId=1219838069&orgId=9900046518&announcementTime=2024-04-26,2024-04-29,2024-07-26,-0.193227
688113,联测科技,2023,2024-04-30,江苏联测机电科技股份有限公司2023年年度报告,http://www.cninfo.com.cn/new/disclosure/detail?stockCode=688113&announcementId=1222807926&orgId=nssc1000186&announcementTime=2024-04-30,2024-05-06,2024-07-30,-0.266303
688115,思林杰,2023,2024-04-27,思林杰2023年年度报告,http://www.cninfo.com.cn/new/disclosure/detail?stockCode=688115&announcementId=1219883810&orgId=9900047403&announcementTime=2024-04-27,2024-04-29,2024-07-26,0.05903
688116,天奈科技,2023,2024-04-27,天奈科技2023年年度报告,http://www.cninfo.com.cn/new/disclosure/detail?stockCode=688116&announcementId=1219883938&orgId=9900038935&announcementTime=2024-04-27,2024-04-29,2024-07-26,-0.23652
688118,普元信息,2023,2024-04-26,普元信息技术股份有限公司2023年年度报告,http://www.cninfo.com.cn/new/disclosure/detail?stockCode=688118&announcementId=1219840784&orgId=9900023069&announcementTime=2024-04-26,2024-04-29,2024-07-26,-0.178007
688117,圣诺生物,2023,2024-04-23,2023年年度报告,http://www.cninfo.com.cn/new/disclosure/detail?stockCode=688117&announcementId=1219741569&orgId=9900041828&announcementTime=2024-04-23,2024-04-24,2024-07-23,-0.226157
688119,中钢洛耐,2023,2024-04-26,中钢洛耐2023年年度报告,http://www.cninfo.com.cn/new/disclosure/detail?stockCode=688119&announcementId=1219840874&orgId=9900046765&announcementTime=2024-04-26,2024-04-29,2024-07-26,-0.131926
688120,华海清科,2023,2024-04-27,2023年年度报告,http://www.cninfo.com.cn/new/disclosure/detail?stockCode=688120&announcementId=1219884022&orgId=9900044315&announcementTime=2024-04-27,2024-04-29,2024-07-26,0.263689
688122,西部超导,2023,2024-03-30,2023年年度报告,http://www.cninfo.com.cn/new/disclosure/detail?stockCode=688122&announcementId=1219472338&orgId=9900026771&announcementTime=2024-03-30,2024-04-01,2024-07-02,0.013348
688121,卓然股份,2023,2024-04-20,2023年年度报告,http://www.cninfo.com.cn/new/disclosure/detail?stockCode=688121&announcementId=1219707023&orgId=9900041733&announcementTime=2024-04-20,2024-04-22,2024-07-19,-0.328153
688123,聚辰股份,2023,2024-03-30,聚辰股份2023年年度报告,http://www.cninfo.com.cn/new/disclosure/detail?stockCode=688123&announcementId=1219464499&orgId=9900039009&announcementTime=2024-03-30,2024-04-01,2024-07-02,0.1
688125,安达智能,2023,2024-03-28,2023年年度报告全文,http://www.cninfo.com.cn/new/disclosure/detail?stockCode=688125&announcementId=1219428044&orgId=9900047318&announcementTime=2024-03-28,2024-03-29,2024-07-01,0.002555
688126,沪硅产业,2023,2024-04-13,沪硅产业2023年年度报告,http://www.cninfo.com.cn/new/disclosure/detail?stockCode=688126&announcementId=1219596239&orgId=9900039304&announcementTime=2024-04-13,2024-04-15,2024-07-12,0.171496
688127,蓝特光学,2023,2024-04-25,2023年年度报告,http://www.cninfo.com.cn/new/disclosure/detail?stockCode=688127&announcementId=1219802484&orgId=gfbj0836383&announcementTime=2024-04-25,2024-04-26,2024-07-25,-0.053553
688128,中国电研,2023,2024-04-23,中国电研2023年年度报告,http://www.cninfo.com.cn/new/disclosure/detail?stockCode=688128&announcementId=1219738733&orgId=GD087820&announcementTime=2024-04-23,2024-04-24,2024-07-23,-0.081558
688129,东来技术,2023,2024-04-27,2023年年度报告,http://www.cninfo.com.cn/new/disclosure/detail?stockCode=688129&announcementId=1219855106&orgId=nssc1000433&announcementTime=2024-04-27,2024-04-29,2024-07-26,-0.116998
688131,皓元医药,2023,2024-04-25,上海皓元医药股份有限公司2023年年度报告,http://www.cninfo.com.cn/new/disclosure/detail?stockCode=688131&announcementId=1219804332&orgId=gfbj0837278&announcementTime=2024-04-25,2024-04-26,2024-07-25,-0.06906
688130,晶华微,2023,2024-04-27,晶华微2023年年度报告,http://www.cninfo.com.cn/new/disclosure/detail?stockCode=688130&announcementId=1219884079&orgId=9900048061&announcementTime=2024-04-27,2024-04-29,2024-07-26,-0.13415
688132,邦彦技术,2023,2024-04-30,2023年年度报告,http://www.cninfo.com.cn/new/disclosure/detail?stockCode=688132&announcementId=1219919781&orgId=9900041778&announcementTime=2024-04-30,2024-05-06,2024-07-30,-0.069444
688133,泰坦科技,2023,2024-04-30,泰坦科技2023年年度报告,http://www.cninfo.com.cn/new/disclosure/detail?stockCode=688133&announcementId=1219919795&orgId=gfbj0835124&announcementTime=2024-04-30,2024-05-06,2024-07-30,-0.23753
688135,利扬芯片,2023,2024-04-10,2023年年度报告,http://www.cninfo.com.cn/new/disclosure/detail?stockCode=688135&announcementId=1219553450&orgId=gfbj0833474&announcementTime=2024-04-10,2024-04-11,2024-07-10,-0.082795
688136,科兴制药,2023,2024-04-27,2023年年度报告,http://www.cninfo.com.cn/new/disclosure/detail?stockCode=688136&announcementId=1219884104&orgId=nssc1000087&announcementTime=2024-04-27,2024-04-29,2024-07-26,-0.044335
688137,近岸蛋白,2023,2024-04-29,2023年年度报告,http://www.cninfo.com.cn/new/disclosure/detail?stockCode=688137&announcementId=1219892315&orgId=9900052713&announcementTime=2024-04-29,2024-04-30,2024-07-29,-0.106122
688138,清溢光电,2023,2024-04-27,2023年年度报告,http://www.cninfo.com.cn/new/disclosure/detail?stockCode=688138&announcementId=1219884142&orgId=9900031655&announcementTime=2024-04-27,2024-04-29,2024-07-26,-0.04812
688139,海尔生物,2023,2024-03-28,海尔生物2023年年度报告全文,http://www.cninfo.com.cn/new/disclosure/detail?stockCode=688139&announcementId=1219429512&orgId=9900039010&announcementTime=2024-03-28,2024-03-29,2024-07-01,0.303208
688141,杰华特,2023,2024-04-30,2023年年度报告,http://www.cninfo.com.cn/new/disclosure/detail?stockCode=688141&announcementId=1219923763&orgId=9900052528&announcementTime=2024-04-30,2024-05-06,2024-07-30,0.002676
688143,长盈通,2023,2024-03-27,武汉长盈通光电技术股份有限公司2023年年度报告,http://www.cninfo.com.cn/new/disclosure/detail?stockCode=688143&announcementId=1219412912&orgId=9900052407&announcementTime=2024-03-27,2024-03-28,2024-06-28,-0.125698
688146,中船特气,2023,2024-04-20,中船特气2023年年度报告,http://www.cninfo.com.cn/new/disclosure/detail?stockCode=688146&announcementId=1219706408&orgId=9900056077&announcementTime=2024-04-20,2024-04-22,2024-07-19,0.09591
688147,微导纳米,2023,2024-04-29,江苏微导纳米科技股份有限公司2023年年报报告,http://www.cninfo.com.cn/new/disclosure/detail?stockCode=688147&announcementId=1219892351&orgId=nssc1000585&announcementTime=2024-04-29,2024-04-30,2024-07-29,-0.27546
688150,莱特光电,2023,2024-04-26,陕西莱特光电材料股份有限公司2023年年度报告,http://www.cninfo.com.cn/new/disclosure/detail?stockCode=688150&announcementId=1219823737&orgId=gfbj0835249&announcementTime=2024-04-26,2024-04-29,2024-07-26,-0.241208
688148,芳源股份,2023,2024-04-19,芳源股份2023年年度报告,http://www.cninfo.com.cn/new/disclosure/detail?stockCode=688148&announcementId=1219666676&orgId=gfbj0839247&announcementTime=2024-04-19,2024-04-22,2024-07-19,0.019802
688151,华强科技,2023,2024-04-27,湖北华强科技股份有限公司2023年年度报告,http://www.cninfo.com.cn/new/disclosure/detail?stockCode=688151&announcementId=1219884534&orgId=9900047919&announcementTime=2024-04-27,2024-04-29,2024-07-26,-0.201872
688152,麒麟信安,2023,2024-04-29,麒麟信安：2023年年度报告,http://www.cninfo.com.cn/new/disclosure/detail?stockCode=688152&announcementId=1219892362&orgId=9900048785&announcementTime=2024-04-29,2024-04-30,2024-07-29,-0.266792
688153,唯捷创芯,2023,2024-04-26,2023年年度报告,http://www.cninfo.com.cn/new/disclosure/detail?stockCode=688153&announcementId=1219821131&orgId=gfbj0834550&announcementTime=2024-04-26,2024-04-29,2024-07-26,-0.339615
688155,先惠技术,2023,2024-04-30,上海先惠自动化技术股份有限公司2023年年度报告,http://www.cninfo.com.cn/new/disclosure/detail?stockCode=688155&announcementId=1219919833&orgId=9900042938&announcementTime=2024-04-30,2024-05-06,2024-07-30,-0.221409
688156,路德科技,2023,2024-04-26,2023年年度报告,http://www.cninfo.com.cn/new/disclosure/detail?stockCode=688156&announcementId=1219838109&orgId=gfbj0833601&announcementTime=2024-04-26,2024-04-29,2024-07-26,-0.211377
688157,松井股份,2023,2024-04-26,湖南松井新材料股份有限公司2023年年度报告,http://www.cninfo.com.cn/new/disclosure/detail?stockCode=688157&announcementId=1219820213&orgId=9900041580&announcementTime=2024-04-26,2024-04-29,2024-07-26,0.077956
688158,优刻得,2023,2024-04-27,优刻得2023年年度报告,http://www.cninfo.com.cn/new/disclosure/detail?stockCode=688158&announcementId=1219884584&orgId=9900039004&announcementTime=2024-04-27,2024-04-29,2024-07-26,-0.153114
688159,有方科技,2023,2024-04-30,有方科技：2023年年度报告,http://www.cninfo.com.cn/new/disclosure/detail?stockCode=688159&announcementId=1219925817&orgId=gfbj0835770&announcementTime=2024-04-30,2024-05-06,2024-07-30,-0.334628
688160,步科股份,2023,2024-03-27,2023年年度报告,http://www.cninfo.com.cn/new/disclosure/detail?stockCode=688160&announcementId=1219410593&orgId=9900032778&announcementTime=2024-03-27,2024-03-28,2024-06-28,-0.210009
688161,威高骨科,2023,2024-03-27,山东威高骨科材料股份有限公司2023年年度报告,http://www.cninfo.com.cn/new/disclosure/detail?stockCode=688161&announcementId=1219410430&orgId=nssc1000274&announcementTime=2024-03-27,2024-03-28,2024-06-28,-0.212758
688162,巨一科技,2023,2024-04-26,巨一科技2023年年度报告,http://www.cninfo.com.cn/new/disclosure/detail?stockCode=688162&announcementId=1219841594&orgId=9900047935&announcementTime=2024-04-26,2024-04-29,2024-07-26,-0.217204
688163,赛伦生物,2023,2024-04-27,赛伦生物：2023年年度报告,http://www.cninfo.com.cn/new/disclosure/detail?stockCode=688163&announcementId=1219855136&orgId=gfbj0835716&announcementTime=2024-04-27,2024-04-29,2024-07-26,-0.13144
688165,埃夫特,2023,2024-04-30,埃夫特2023年年度报告,http://www.cninfo.com.cn/new/disclosure/detail?stockCode=688165&announcementId=1219919912&orgId=9900039655&announcementTime=2024-04-30,2024-05-06,2024-07-30,-0.228108
688166,博瑞医药,2023,2024-04-27,2023年年度报告,http://www.cninfo.com.cn/new/disclosure/detail?stockCode=688166&announcementId=1219884676&orgId=9900039105&announcementTime=2024-04-27,2024-04-29,2024-07-26,-0.000667
688167,炬光科技,2023,2024-04-27,西安炬光科技股份有限公司2023年年度报告,http://www.cninfo.com.cn/new/disclosure/detail?stockCode=688167&announcementId=1219884837&orgId=gfbj0835243&announcementTime=2024-04-27,2024-04-29,2024-07-26,-0.273449
688168,安博通,2023,2024-04-26,2023年年度报告,http://www.cninfo.com.cn/new/disclosure/detail?stockCode=688168&announcementId=1219823757&orgId=gfbj0839570&announcementTime=2024-04-26,2024-04-29,2024-07-26,-0.198274
688169,石头科技,2023,2024-03-29,北京石头世纪科技股份有限公司2023年年度报告,http://www.cninfo.com.cn/new/disclosure/detail?stockCode=688169&announcementId=1219442752&orgId=9900039123&announcementTime=2024-03-29,2024-04-01,2024-07-02,0.095987
688170,德龙激光,2023,2024-04-26,德龙激光2023年年度报告,http://www.cninfo.com.cn/new/disclosure/detail?stockCode=688170&announcementId=1219838186&orgId=9900031473&announcementTime=2024-04-26,2024-04-29,2024-07-26,-0.101997
688171,纬德信息,2023,2024-04-26,广东纬德信息科技股份有限公司2023年年度报告,http://www.cninfo.com.cn/new/disclosure/detail?stockCode=688171&announcementId=1219840895&orgId=nssc1000503&announcementTime=2024-04-26,2024-04-29,2024-07-26,-0.08512
688172,燕东微,2023,2024-04-27,2023年年度报告,http://www.cninfo.com.cn/new/disclosure/detail?stockCode=688172&announcementId=1219884874&orgId=9900053758&announcementTime=2024-04-27,2024-04-29,2024-07-26,-0.058634
688173,希荻微,2023,2024-04-27,希荻微2023年年度报告,http://www.cninfo.com.cn/new/disclosure/detail?stockCode=688173&announcementId=1219884912&orgId=9900048175&announcementTime=2024-04-27,2024-04-29,2024-07-26,-0.096469
688176,亚虹医药,2023,2024-04-18,江苏亚虹医药科技股份有限公司2023年年度报告,http://www.cninfo.com.cn/new/disclosure/detail?stockCode=688176&announcementId=1219654087&orgId=9900048081&announcementTime=2024-04-18,2024-04-19,2024-07-18,-0.095321
688175,高凌信息,2023,2024-04-24,2023年年度报告,http://www.cninfo.com.cn/new/disclosure/detail?stockCode=688175&announcementId=1219765840&orgId=9900046848&announcementTime=2024-04-24,2024-04-25,2024-07-24,-0.170626
688177,百奥泰,2023,2024-03-29,百奥泰 2023年年度报告,http://www.cninfo.com.cn/new/disclosure/detail?stockCode=688177&announcementId=1219441121&orgId=9900039904&announcementTime=2024-03-29,2024-04-01,2024-07-02,-0.417906
688178,万德斯,2023,2024-04-30,南京万德斯环保科技股份有限公司2023年年度报告,http://www.cninfo.com.cn/new/disclosure/detail?stockCode=688178&announcementId=1219919971&orgId=9900039218&announcementTime=2024-04-30,2024-05-06,2024-07-30,-0.136998
688179,阿拉丁,2023,2024-03-29,阿拉丁2023年年度报告,http://www.cninfo.com.cn/new/disclosure/detail?stockCode=688179&announcementId=1219444837&orgId=gfbj0830793&announcementTime=2024-03-29,2024-04-01,2024-07-02,-0.081306
688180,君实生物,2023,2024-03-29,君实生物2023年年度报告,http://www.cninfo.com.cn/new/disclosure/detail?stockCode=688180&announcementId=1219447715&orgId=gfbj0833330&announcementTime=2024-03-29,2024-04-01,2024-07-02,0.063333
688181,八亿时空,2023,2024-04-27,八亿时空2023年年度报告,http://www.cninfo.com.cn/new/disclosure/detail?stockCode=688181&announcementId=1219884935&orgId=gfbj0430581&announcementTime=2024-04-27,2024-04-29,2024-07-26,-0.05694
688182,灿勤科技,2023,2024-04-24,江苏灿勤科技股份有限公司2023年年度报告,http://www.cninfo.com.cn/new/disclosure/detail?stockCode=688182&announcementId=1219768893&orgId=nssc1000567&announcementTime=2024-04-24,2024-04-25,2024-07-24,-0.164312
688183,生益电子,2023,2024-03-28,生益电子2023年年度报告,http://www.cninfo.com.cn/new/disclosure/detail?stockCode=688183&announcementId=1219425675&orgId=nssc1000615&announcementTime=2024-03-28,2024-03-29,2024-07-01,1.248473
688184,ST帕瓦,2023,2024-04-27,浙江帕瓦新能源股份有限公司2023年年度报告,http://www.cninfo.com.cn/new/disclosure/detail?stockCode=688184&announcementId=1219884978&orgId=9900041894&announcementTime=2024-04-27,2024-04-29,2024-07-26,-0.222577
688185,康希诺,2023,2024-03-28,2023年年度报告,http://www.cninfo.com.cn/new/disclosure/detail?stockCode=688185&announcementId=1219429553&orgId=9900038913&announcementTime=2024-03-28,2024-03-29,2024-07-01,-0.156174
688187,时代电气,2023,2024-03-29,株洲中车时代电气股份有限公司2023年年度报告,http://www.cninfo.com.cn/new/disclosure/detail?stockCode=688187&announcementId=1219449583&orgId=gshk0003898&announcementTime=2024-03-29,2024-04-01,2024-07-02,0.060408
688186,广大特材,2023,2024-04-30,2023年年度报告,http://www.cninfo.com.cn/new/disclosure/detail?stockCode=688186&announcementId=1219919982&orgId=9900039136&announcementTime=2024-04-30,2024-05-06,2024-07-30,-0.275556
688189,南新制药,2023,2024-03-26,南新制药2023年年度报告,http://www.cninfo.com.cn/new/disclosure/detail?stockCode=688189&announcementId=1219406198&orgId=9900039656&announcementTime=2024-03-26,2024-03-27,2024-06-27,-0.248656
688188,柏楚电子,2023,2024-03-20,2023年年度报告,http://www.cninfo.com.cn/new/disclosure/detail?stockCode=688188&announcementId=1219348501&orgId=9900039134&announcementTime=2024-03-20,2024-03-21,2024-06-21,-0.054483
688190,云路股份,2023,2024-03-30,2023年年度报告,http://www.cninfo.com.cn/new/disclosure/detail?stockCode=688190&announcementId=1219471629&orgId=9900041682&announcementTime=2024-03-30,2024-04-01,2024-07-02,-0.138001
688191,智洋创新,2023,2024-03-29,2023年年度报告,http://www.cninfo.com.cn/new/disclosure/detail?stockCode=688191&announcementId=1219449628&orgId=gfbj0831681&announcementTime=2024-03-29,2024-04-01,2024-07-02,-0.015003
688192,迪哲医药,2023,2024-04-30,迪哲医药：2023年年度报告,http://www.cninfo.com.cn/new/disclosure/detail?stockCode=688192&announcementId=1219909518&orgId=9900046766&announcementTime=2024-04-30,2024-05-06,2024-07-30,-0.209565
688193,仁度生物,2023,2024-04-30,2023年年度报告,http://www.cninfo.com.cn/new/disclosure/detail?stockCode=688193&announcementId=1219920041&orgId=9900047411&announcementTime=2024-04-30,2024-05-06,2024-07-30,-0.206131
688195,腾景科技,2023,2024-03-21,腾景科技2023年年度报告,http://www.cninfo.com.cn/new/disclosure/detail?stockCode=688195&announcementId=1219360346&orgId=nssc1000637&announcementTime=2024-03-21,2024-03-22,2024-06-24,-0.103217
688196,卓越新能,2023,2024-04-20,卓越新能2023年年度报告,http://www.cninfo.com.cn/new/disclosure/detail?stockCode=688196&announcementId=1219700360&orgId=9900029007&announcementTime=2024-04-20,2024-04-22,2024-07-19,-0.102034
688197,首药控股,2023,2024-04-29,首药控股（北京）股份有限公司2023年年度报告,http://www.cninfo.com.cn/new/disclosure/detail?stockCode=688197&announcementId=1219892401&orgId=9900047638&announcementTime=2024-04-29,2024-04-30,2024-07-29,-0.344115
688198,佰仁医疗,2023,2024-04-23,佰仁医疗2023年年度报告,http://www.cninfo.com.cn/new/disclosure/detail?stockCode=688198&announcementId=1219734747&orgId=9900039164&announcementTime=2024-04-23,2024-04-24,2024-07-23,-0.04511
688199,久日新材,2023,2024-03-30,天津久日新材料股份有限公司2023年年度报告,http://www.cninfo.com.cn/new/disclosure/detail?stockCode=688199&announcementId=1219472342&orgId=9900024207&announcementTime=2024-03-30,2024-04-01,2024-07-02,0.013138
688201,信安世纪,2023,2024-04-27,2023年年度报告,http://www.cninfo.com.cn/new/disclosure/detail?stockCode=688201&announcementId=1219856810&orgId=9900041393&announcementTime=2024-04-27,2024-04-29,2024-07-26,-0.414731
688200,华峰测控,2023,2024-04-26,华峰测控2023年年度报告,http://www.cninfo.com.cn/new/disclosure/detail?stockCode=688200&announcementId=1219838216&orgId=9900040164&announcementTime=2024-04-26,2024-04-29,2024-07-26,-0.101067
688202,美迪西,2023,2024-04-24,美迪西：2023年年度报告,http://www.cninfo.com.cn/new/disclosure/detail?stockCode=688202&announcementId=1219767073&orgId=9900035560&announcementTime=2024-04-24,2024-04-25,2024-07-24,-0.141547
688203,海正生材,2023,2024-03-26,浙江海正生物材料股份有限公司2023年年度报告,http://www.cninfo.com.cn/new/disclosure/detail?stockCode=688203&announcementId=1219403303&orgId=9900048188&announcementTime=2024-03-26,2024-03-27,2024-06-27,-0.094017
688205,德科立,2023,2024-04-26,无锡市德科立光电子技术股份有限公司2023年年度报告,http://www.cninfo.com.cn/new/disclosure/detail?stockCode=688205&announcementId=1219838253&orgId=9900051420&announcementTime=2024-04-26,2024-04-29,2024-07-26,-0.281193
688206,概伦电子,2023,2024-04-13,2023年年度报告,http://www.cninfo.com.cn/new/disclosure/detail?stockCode=688206&announcementId=1219598009&orgId=9900048370&announcementTime=2024-04-13,2024-04-15,2024-07-12,-0.013324
688207,格灵深瞳,2023,2024-04-27,格灵深瞳2023年年度报告,http://www.cninfo.com.cn/new/disclosure/detail?stockCode=688207&announcementId=1219856826&orgId=9900047656&announcementTime=2024-04-27,2024-04-29,2024-07-26,-0.099382
688208,道通科技,2023,2024-03-30,道通科技2023年年度报告,http://www.cninfo.com.cn/new/disclosure/detail?stockCode=688208&announcementId=1219474425&orgId=9900031482&announcementTime=2024-03-30,2024-04-01,2024-07-02,0.194824
688210,统联精密,2023,2024-04-27,深圳市泛海统联精密制造股份有限公司2023年年度报告,http://www.cninfo.com.cn/new/disclosure/detail?stockCode=688210&announcementId=1219885205&orgId=9900046542&announcementTime=2024-04-27,2024-04-29,2024-07-26,0.015113
688209,英集芯,2023,2024-04-27,英集芯2023年年度报告,http://www.cninfo.com.cn/new/disclosure/detail?stockCode=688209&announcementId=1219885183&orgId=9900048776&announcementTime=2024-04-27,2024-04-29,2024-07-26,-0.12701
688211,中科微至,2023,2024-04-23,中科微至2023年年度报告,http://www.cninfo.com.cn/new/disclosure/detail?stockCode=688211&announcementId=1219741592&orgId=nssc1000716&announcementTime=2024-04-23,2024-04-24,2024-07-23,-0.176768
688212,澳华内镜,2023,2024-04-10,2023年年度报告,http://www.cninfo.com.cn/new/disclosure/detail?stockCode=688212&announcementId=1219551950&orgId=9900047918&announcementTime=2024-04-10,2024-04-11,2024-07-10,-0.278991
688213,思特威,2023,2024-04-27,2023年年度报告,http://www.cninfo.com.cn/new/disclosure/detail?stockCode=688213&announcementId=1219885247&orgId=9900048605&announcementTime=2024-04-27,2024-04-29,2024-07-26,0.066875
688215,瑞晟智能,2023,2024-04-27,浙江瑞晟智能科技股份有限公司2023年年度报告,http://www.cninfo.com.cn/new/disclosure/detail?stockCode=688215&announcementId=1219856868&orgId=gfbj0832884&announcementTime=2024-04-27,2024-04-29,2024-07-26,-0.103812
688216,气派科技,2023,2024-03-30,气派科技股份有限公司2023年年度报告,http://www.cninfo.com.cn/new/disclosure/detail?stockCode=688216&announcementId=1219470176&orgId=9900029867&announcementTime=2024-03-30,2024-04-01,2024-07-02,-0.045557
688217,睿昂基因,2023,2024-04-17,睿昂基因2023年年度报告,http://www.cninfo.com.cn/new/disclosure/detail?stockCode=688217&announcementId=1219637756&orgId=9900041746&announcementTime=2024-04-17,2024-04-18,2024-07-17,-0.211901
688219,会通股份,2023,2024-04-23,会通新材料股份有限公司2023年年度报告,http://www.cninfo.com.cn/new/disclosure/detail?stockCode=688219&announcementId=1219745933&orgId=9900041353&announcementTime=2024-04-23,2024-04-24,2024-07-23,-0.09988
688218,江苏北人,2023,2024-04-20,2023年年度报告,http://www.cninfo.com.cn/new/disclosure/detail?stockCode=688218&announcementId=1219694787&orgId=gfbj0836084&announcementTime=2024-04-20,2024-04-22,2024-07-19,-0.121128
688220,翱捷科技,2023,2024-03-30,翱捷科技2023年年度报告,http://www.cninfo.com.cn/new/disclosure/detail?stockCode=688220&announcementId=1219470180&orgId=9900046396&announcementTime=2024-03-30,2024-04-01,2024-07-02,-0.100245
688221,前沿生物,2023,2024-03-30,前沿生物2023年年度报告,http://www.cninfo.com.cn/new/disclosure/detail?stockCode=688221&announcementId=1219463946&orgId=fzqy1026860&announcementTime=2024-03-30,2024-04-01,2024-07-02,-0.201158
688222,成都先导,2023,2024-04-25,成都先导药物开发股份有限公司2023年年度报告,http://www.cninfo.com.cn/new/disclosure/detail?stockCode=688222&announcementId=1219796049&orgId=9900039916&announcementTime=2024-04-25,2024-04-26,2024-07-25,-0.227738
688223,晶科能源,2023,2024-04-23,晶科能源2023年年度报告,http://www.cninfo.com.cn/new/disclosure/detail?stockCode=688223&announcementId=1219742528&orgId=9900017709&announcementTime=2024-04-23,2024-04-24,2024-07-23,-0.013141
688226,威腾电气,2023,2024-04-26,威腾电气集团股份有限公司2023年年度报告,http://www.cninfo.com.cn/new/disclosure/detail?stockCode=688226&announcementId=1219838277&orgId=gfbj0836970&announcementTime=2024-04-26,2024-04-29,2024-07-26,-0.068304
688225,亚信安全,2023,2024-04-27,2023年年度报告,http://www.cninfo.com.cn/new/disclosure/detail?stockCode=688225&announcementId=1219885347&orgId=9900047311&announcementTime=2024-04-27,2024-04-29,2024-07-26,-0.234146
688227,品高股份,2023,2024-04-30,2023年年度报告,http://www.cninfo.com.cn/new/disclosure/detail?stockCode=688227&announcementId=1222847477&orgId=9900044736&announcementTime=2024-04-30,2024-05-06,2024-07-30,-0.200581
688228,开普云,2023,2024-04-20,2023年年度报告,http://www.cninfo.com.cn/new/disclosure/detail?stockCode=688228&announcementId=1219705902&orgId=gfbj0870863&announcementTime=2024-04-20,2024-04-22,2024-07-19,-0.09544
688230,芯导科技,2023,2024-04-16,2023年年度报告,http://www.cninfo.com.cn/new/disclosure/detail?stockCode=688230&announcementId=1219620982&orgId=nssc1000829&announcementTime=2024-04-16,2024-04-17,2024-07-16,0.33902
688229,博睿数据,2023,2024-04-27,2023年年度报告,http://www.cninfo.com.cn/new/disclosure/detail?stockCode=688229&announcementId=1219885375&orgId=9900034679&announcementTime=2024-04-27,2024-04-29,2024-07-26,-0.023765
688231,隆达股份,2023,2024-04-26,2023年年度报告,http://www.cninfo.com.cn/new/disclosure/detail?stockCode=688231&announcementId=1219838328&orgId=9900048065&announcementTime=2024-04-26,2024-04-29,2024-07-26,-0.168719
688232,新点软件,2023,2024-04-12,新点软件2023年年度报告,http://www.cninfo.com.cn/new/disclosure/detail?stockCode=688232&announcementId=1219582883&orgId=nssc1000623&announcementTime=2024-04-12,2024-04-15,2024-07-12,-0.133216
688233,神工股份,2023,2024-03-30,锦州神工半导体股份有限公司2023年年度报告,http://www.cninfo.com.cn/new/disclosure/detail?stockCode=688233&announcementId=1219471724&orgId=9900039220&announcementTime=2024-03-30,2024-04-01,2024-07-02,-0.063158
688234,天岳先进,2023,2024-04-12,山东天岳先进科技股份有限公司2023年年度报告,http://www.cninfo.com.cn/new/disclosure/detail?stockCode=688234&announcementId=1219584319&orgId=9900047650&announcementTime=2024-04-12,2024-04-15,2024-07-12,0.041087
688236,春立医疗,2023,2024-03-29,2023年年度报告,http://www.cninfo.com.cn/new/disclosure/detail?stockCode=688236&announcementId=1219445976&orgId=9900024363&announcementTime=2024-03-29,2024-04-01,2024-07-02,-0.24739
688235,百济神州,2023,2024-04-27,百济神州有限公司2023年年度报告,http://www.cninfo.com.cn/new/disclosure/detail?stockCode=688235&announcementId=1219885404&orgId=9900037454&announcementTime=2024-04-27,2024-04-29,2024-07-26,-0.049356
688237,超卓航科,2023,2024-04-30,湖北超卓航空科技股份有限公司2023年年度报告,http://www.cninfo.com.cn/new/disclosure/detail?stockCode=688237&announcementId=1219923811&orgId=gfbj0839971&announcementTime=2024-04-30,2024-05-06,2024-07-30,-0.13714
688238,和元生物,2023,2024-04-25,2023年年度报告,http://www.cninfo.com.cn/new/disclosure/detail?stockCode=688238&announcementId=1219802828&orgId=gfbj0839702&announcementTime=2024-04-25,2024-04-26,2024-07-25,-0.194485
688239,航宇科技,2023,2024-04-30,2023年年度报告,http://www.cninfo.com.cn/new/disclosure/detail?stockCode=688239&announcementId=1219920188&orgId=gfbj0834635&announcementTime=2024-04-30,2024-05-06,2024-07-30,-0.023222
688244,永信至诚,2023,2024-04-29,2023年年度报告,http://www.cninfo.com.cn/new/disclosure/detail?stockCode=688244&announcementId=1219892452&orgId=9900032737&announcementTime=2024-04-29,2024-04-30,2024-07-29,-0.171295
688246,嘉和美康,2023,2024-04-27,嘉和美康2023年年度报告,http://www.cninfo.com.cn/new/disclosure/detail?stockCode=688246&announcementId=1219885439&orgId=nssc1000020&announcementTime=2024-04-27,2024-04-29,2024-07-26,-0.154662
688247,宣泰医药,2023,2024-04-30,2023年年度报告,http://www.cninfo.com.cn/new/disclosure/detail?stockCode=688247&announcementId=1219909588&orgId=9900046770&announcementTime=2024-04-30,2024-05-06,2024-07-30,-0.128125
688248,南网科技,2023,2024-03-30,南网科技：2023年度报告,http://www.cninfo.com.cn/new/disclosure/detail?stockCode=688248&announcementId=1219473280&orgId=9900048083&announcementTime=2024-03-30,2024-04-01,2024-07-02,0.030885
688249,晶合集成,2023,2024-04-15,晶合集成2023年年度报告,http://www.cninfo.com.cn/new/disclosure/detail?stockCode=688249&announcementId=1219612124&orgId=9900048182&announcementTime=2024-04-15,2024-04-16,2024-07-15,0.123881
688251,井松智能,2023,2024-04-26,井松智能2023年年度报告,http://www.cninfo.com.cn/new/disclosure/detail?stockCode=688251&announcementId=1219816098&orgId=9900052695&announcementTime=2024-04-26,2024-04-29,2024-07-26,-0.136615
688252,天德钰,2023,2024-04-02,深圳天德钰科技股份有限公司2023年度报告,http://www.cninfo.com.cn/new/disclosure/detail?stockCode=688252&announcementId=1219494324&orgId=9900049001&announcementTime=2024-04-02,2024-04-03,2024-07-04,0.019836
688253,英诺特,2023,2024-04-16,2023年年度报告,http://www.cninfo.com.cn/new/disclosure/detail?stockCode=688253&announcementId=1219616998&orgId=9900048398&announcementTime=2024-04-16,2024-04-17,2024-07-16,0.154293
688255,凯尔达,2023,2024-04-27,2023年年度报告,http://www.cninfo.com.cn/new/disclosure/detail?stockCode=688255&announcementId=1219885493&orgId=gfbj0835780&announcementTime=2024-04-27,2024-04-29,2024-07-26,-0.106563
688256,寒武纪,2023,2024-04-30,2023年年度报告,http://www.cninfo.com.cn/new/disclosure/detail?stockCode=688256&announcementId=1219923837&orgId=nssc1000595&announcementTime=2024-04-30,2024-05-06,2024-07-30,0.388636
688257,新锐股份,2023,2024-04-26,新锐股份2023年年度报告,http://www.cninfo.com.cn/new/disclosure/detail?stockCode=688257&announcementId=1219840972&orgId=gfbj0834859&announcementTime=2024-04-26,2024-04-29,2024-07-26,-0.168875
688258,卓易信息,2023,2024-04-19,江苏卓易信息科技股份有限公司2023年年度报告,http://www.cninfo.com.cn/new/disclosure/detail?stockCode=688258&announcementId=1219672183&orgId=9900039137&announcementTime=2024-04-19,2024-04-22,2024-07-19,-0.088631
688259,创耀科技,2023,2024-04-25,2023年年度报告,http://www.cninfo.com.cn/new/disclosure/detail?stockCode=688259&announcementId=1219803540&orgId=9900046651&announcementTime=2024-04-25,2024-04-26,2024-07-25,-0.222435
688260,昀冢科技,2023,2024-04-24,2023年年度报告,http://www.cninfo.com.cn/new/disclosure/detail?stockCode=688260&announcementId=1219769338&orgId=nssc1000568&announcementTime=2024-04-24,2024-04-25,2024-07-24,-0.29133
688261,东微半导,2023,2024-04-27,苏州东微半导体股份有限公司2023年年度报告,http://www.cninfo.com.cn/new/disclosure/detail?stockCode=688261&announcementId=1219885556&orgId=9900048069&announcementTime=2024-04-27,2024-04-29,2024-07-26,-0.016224
688262,国芯科技,2023,2024-04-27,2023年年度报告,http://www.cninfo.com.cn/new/disclosure/detail?stockCode=688262&announcementId=1219885580&orgId=9900041592&announcementTime=2024-04-27,2024-04-29,2024-07-26,-0.211576
688265,南模生物,2023,2024-04-30,2023年年度报告,http://www.cninfo.com.cn/new/disclosure/detail?stockCode=688265&announcementId=1219923869&orgId=gfbj0839728&announcementTime=2024-04-30,2024-05-06,2024-07-30,-0.163105
688266,泽璟制药,2023,2024-04-20,泽璟制药2023年年度报告,http://www.cninfo.com.cn/new/disclosure/detail?stockCode=688266&announcementId=1219694906&orgId=9900039488&announcementTime=2024-04-20,2024-04-22,2024-07-19,0.143564
688267,中触媒,2023,2024-04-23,中触媒新材料股份有限公司2023年年度报告,http://www.cninfo.com.cn/new/disclosure/detail?stockCode=688267&announcementId=1219743913&orgId=gfbj0836546&announcementTime=2024-04-23,2024-04-24,2024-07-23,-0.050251
688268,华特气体,2023,2024-04-12,广东华特气体股份有限公司2023年年度报告,http://www.cninfo.com.cn/new/disclosure/detail?stockCode=688268&announcementId=1219584840&orgId=gfbj0870865&announcementTime=2024-04-12,2024-04-15,2024-07-12,0.118114
688269,凯立新材,2023,2024-04-30,2023年年度报告,http://www.cninfo.com.cn/new/disclosure/detail?stockCode=688269&announcementId=1219920237&orgId=gfbj0834893&announcementTime=2024-04-30,2024-05-06,2024-07-30,-0.145517
688270,臻镭科技,2023,2024-03-30,浙江臻镭科技股份有限公司2023年年度报告,http://www.cninfo.com.cn/new/disclosure/detail?stockCode=688270&announcementId=1219472468&orgId=9900052539&announcementTime=2024-03-30,2024-04-01,2024-07-02,-0.336989
688271,联影医疗,2023,2024-04-27,联影医疗2023年年度报告,http://www.cninfo.com.cn/new/disclosure/detail?stockCode=688271&announcementId=1219885630&orgId=9900048090&announcementTime=2024-04-27,2024-04-29,2024-07-26,-0.096662
688272,富吉瑞,2023,2024-04-25,2023年年度报告,http://www.cninfo.com.cn/new/disclosure/detail?stockCode=688272&announcementId=1219788656&orgId=9900046529&announcementTime=2024-04-25,2024-04-26,2024-07-26,-0.082905
688273,麦澜德,2023,2024-04-26,2023年年度报告,http://www.cninfo.com.cn/new/disclosure/detail?stockCode=688273&announcementId=1219822393&orgId=9900047239&announcementTime=2024-04-26,2024-04-29,2024-07-26,-0.109361
688275,万润新能,2023,2024-04-30,2023年年度报告,http://www.cninfo.com.cn/new/disclosure/detail?stockCode=688275&announcementId=1219920294&orgId=9900052406&announcementTime=2024-04-30,2024-05-06,2024-07-30,-0.357378
688276,百克生物,2023,2024-03-20,长春百克生物科技股份公司2023年年度报告,http://www.cninfo.com.cn/new/disclosure/detail?stockCode=688276&announcementId=1219345753&orgId=nssc1000784&announcementTime=2024-03-20,2024-03-21,2024-06-21,-0.425752
688277,天智航,2023,2024-04-26,2023年年度报告,http://www.cninfo.com.cn/new/disclosure/detail?stockCode=688277&announcementId=1219838387&orgId=gfbj0834360&announcementTime=2024-04-26,2024-04-29,2024-07-26,-0.179398
688279,峰岹科技,2023,2024-04-25,2023年年度报告,http://www.cninfo.com.cn/new/disclosure/detail?stockCode=688279&announcementId=1219802860&orgId=9900046501&announcementTime=2024-04-25,2024-04-26,2024-07-25,0.018397
688278,特宝生物,2023,2024-03-29,特宝生物：2023年年度报告,http://www.cninfo.com.cn/new/disclosure/detail?stockCode=688278&announcementId=1219449312&orgId=9900038966&announcementTime=2024-03-29,2024-04-01,2024-07-02,-0.150565
688280,精进电动,2023,2024-04-26,精进电动科技股份有限公司2023年年度报告,http://www.cninfo.com.cn/new/disclosure/detail?stockCode=688280&announcementId=1219843178&orgId=nssc1000348&announcementTime=2024-04-26,2024-04-29,2024-07-26,-0.11479
688281,华秦科技,2023,2024-04-19,2023年年度报告,http://www.cninfo.com.cn/new/disclosure/detail?stockCode=688281&announcementId=1219670270&orgId=9900051575&announcementTime=2024-04-19,2024-04-22,2024-07-19,-0.031103
688283,坤恒顺维,2023,2024-04-22,成都坤恒顺维科技股份有限公司2023年年度报告,http://www.cninfo.com.cn/new/disclosure/detail?stockCode=688283&announcementId=1219728669&orgId=gfbj0838580&announcementTime=2024-04-22,2024-04-23,2024-07-22,-0.127437
688282,理工导航,2023,2024-04-30,北京理工导航控制科技股份有限公司2023年年度报告,http://www.cninfo.com.cn/new/disclosure/detail?stockCode=688282&announcementId=1219925844&orgId=nssc1000849&announcementTime=2024-04-30,2024-05-06,2024-07-30,0.199464
688286,敏芯股份,2023,2024-04-26,苏州敏芯微电子技术股份有限公司2023年年度报告全文,http://www.cninfo.com.cn/new/disclosure/detail?stockCode=688286&announcementId=1219840997&orgId=gfbj0836736&announcementTime=2024-04-26,2024-04-29,2024-07-26,0.259026
688285,高铁电气,2023,2024-03-27,高铁电气：2023年年度报告,http://www.cninfo.com.cn/new/disclosure/detail?stockCode=688285&announcementId=1219411409&orgId=gfbj0873023&announcementTime=2024-03-27,2024-03-28,2024-06-28,-0.073239
688288,鸿泉技术,2023,2024-04-27,鸿泉物联：2023年年度报告,http://www.cninfo.com.cn/new/disclosure/detail?stockCode=688288&announcementId=1219885675&orgId=9900038986&announcementTime=2024-04-27,2024-04-29,2024-07-26,-0.007736
688287,*ST观典,2023,2024-04-30,2023年年度报告,http://www.cninfo.com.cn/new/disclosure/detail?stockCode=688287&announcementId=1219929599&orgId=gfbj0832317&announcementTime=2024-04-30,2024-05-06,2024-07-30,-0.334432
688289,圣湘生物,2023,2024-04-27,圣湘生物科技股份有限公司2023年年度报告全文,http://www.cninfo.com.cn/new/disclosure/detail?stockCode=688289&announcementId=1219885689&orgId=nssc1000305&announcementTime=2024-04-27,2024-04-29,2024-07-26,0.000955
688290,景业智能,2023,2024-04-23,景业智能2023年度报告,http://www.cninfo.com.cn/new/disclosure/detail?stockCode=688290&announcementId=1219738913&orgId=9900048388&announcementTime=2024-04-23,2024-04-24,2024-07-23,-0.190068
688291,金橙子,2023,2024-04-22,2023年年度报告,http://www.cninfo.com.cn/new/disclosure/detail?stockCode=688291&announcementId=1219728698&orgId=gfbj0839562&announcementTime=2024-04-22,2024-04-23,2024-07-22,-0.04902
688292,浩瀚深度,2023,2024-04-19,北京浩瀚深度信息技术股份有限公司2023年年度报告,http://www.cninfo.com.cn/new/disclosure/detail?stockCode=688292&announcementId=1219668417&orgId=gfbj0833175&announcementTime=2024-04-19,2024-04-22,2024-07-19,-0.196657
688293,奥浦迈,2023,2024-04-29,奥浦迈：2023年年度报告,http://www.cninfo.com.cn/new/disclosure/detail?stockCode=688293&announcementId=1219892505&orgId=9900048799&announcementTime=2024-04-29,2024-04-30,2024-07-29,-0.231081
688295,中复神鹰,2023,2024-03-28,中复神鹰碳纤维股份有限公司2023年年度报告,http://www.cninfo.com.cn/new/disclosure/detail?stockCode=688295&announcementId=1219429214&orgId=9900051393&announcementTime=2024-03-28,2024-03-29,2024-07-01,-0.302645
688296,和达科技,2023,2024-04-12,和达科技2023年年度报告,http://www.cninfo.com.cn/new/disclosure/detail?stockCode=688296&announcementId=1219580590&orgId=gfbj0831762&announcementTime=2024-04-12,2024-04-15,2024-07-12,-0.06993
688297,中无人机,2023,2024-03-15,中无人机2023年年度报告,http://www.cninfo.com.cn/new/disclosure/detail?stockCode=688297&announcementId=1219308208&orgId=9900048646&announcementTime=2024-03-15,2024-03-18,2024-06-18,-0.049591
688298,东方生物,2023,2024-04-30,2023年年度报告,http://www.cninfo.com.cn/new/disclosure/detail?stockCode=688298&announcementId=1219920422&orgId=9900039348&announcementTime=2024-04-30,2024-05-06,2024-07-30,-0.052888
688299,长阳科技,2023,2024-04-09,宁波长阳科技股份有限公司2023年年度报告,http://www.cninfo.com.cn/new/disclosure/detail?stockCode=688299&announcementId=1219537440&orgId=gfbj0839162&announcementTime=2024-04-09,2024-04-10,2024-07-09,-0.019185
688300,联瑞新材,2023,2024-03-26,联瑞新材2023年年度报告,http://www.cninfo.com.cn/new/disclosure/detail?stockCode=688300&announcementId=1219404609&orgId=gfbj0831647&announcementTime=2024-03-26,2024-03-27,2024-06-27,0.125854
688301,奕瑞科技,2023,2024-04-20,奕瑞科技2023年年度报告,http://www.cninfo.com.cn/new/disclosure/detail?stockCode=688301&announcementId=1219703896&orgId=9900037040&announcementTime=2024-04-20,2024-04-22,2024-07-19,-0.150555
688302,海创药业,2023,2024-04-13,2023年年度报告,http://www.cninfo.com.cn/new/disclosure/detail?stockCode=688302&announcementId=1219600768&orgId=9900047618&announcementTime=2024-04-13,2024-04-15,2024-07-12,-0.030391
688303,大全能源,2023,2024-03-30,新疆大全新能源股份有限公司2023年年度报告,http://www.cninfo.com.cn/new/disclosure/detail?stockCode=688303&announcementId=1219472485&orgId=gfbj0837316&announcementTime=2024-03-30,2024-04-01,2024-07-02,-0.239686
688305,科德数控,2023,2024-04-25,科德数控股份有限公司2023年年度报告,http://www.cninfo.com.cn/new/disclosure/detail?stockCode=688305&announcementId=1219799100&orgId=nssc1000529&announcementTime=2024-04-25,2024-04-26,2024-07-25,-0.084835
688306,均普智能,2023,2024-04-19,宁波均普智能制造股份有限公司2023年年度报告,http://www.cninfo.com.cn/new/disclosure/detail?stockCode=688306&announcementId=1219674434&orgId=nssc1000543&announcementTime=2024-04-19,2024-04-22,2024-07-19,-0.025253
688307,中润光学,2023,2024-04-27,2023年年度报告,http://www.cninfo.com.cn/new/disclosure/detail?stockCode=688307&announcementId=1219885758&orgId=9900048080&announcementTime=2024-04-27,2024-04-29,2024-07-26,-0.002951
688308,欧科亿,2023,2024-04-10,2023年年度报告,http://www.cninfo.com.cn/new/disclosure/detail?stockCode=688308&announcementId=1219551792&orgId=9900041574&announcementTime=2024-04-10,2024-04-11,2024-07-10,-0.146701
688309,恒誉环保,2023,2024-04-27,2023年年度报告,http://www.cninfo.com.cn/new/disclosure/detail?stockCode=688309&announcementId=1219856889&orgId=gfbj0837414&announcementTime=2024-04-27,2024-04-29,2024-07-26,-0.146099
688310,迈得医疗,2023,2024-04-27,迈得医疗工业设备股份有限公司2023年年度报告,http://www.cninfo.com.cn/new/disclosure/detail?stockCode=688310&announcementId=1219885811&orgId=gfbj0833990&announcementTime=2024-04-27,2024-04-29,2024-07-26,-0.376283
688311,盟升电子,2023,2024-04-27,2023年年度报告,http://www.cninfo.com.cn/new/disclosure/detail?stockCode=688311&announcementId=1219885841&orgId=9900041819&announcementTime=2024-04-27,2024-04-29,2024-07-26,-0.202426
688312,燕麦科技,2023,2024-04-25,2023年年度报告,http://www.cninfo.com.cn/new/disclosure/detail?stockCode=688312&announcementId=1219798188&orgId=9900041798&announcementTime=2024-04-25,2024-04-26,2024-07-25,0.372286
688313,仕佳光子,2023,2024-04-13,2023年年度报告,http://www.cninfo.com.cn/new/disclosure/detail?stockCode=688313&announcementId=1219597640&orgId=9900041526&announcementTime=2024-04-13,2024-04-15,2024-07-12,-0.090997
688314,康拓医疗,2023,2024-04-13,西安康拓医疗技术股份有限公司2023年年度报告,http://www.cninfo.com.cn/new/disclosure/detail?stockCode=688314&announcementId=1219594012&orgId=9900044536&announcementTime=2024-04-13,2024-04-15,2024-07-12,-0.083446
688315,诺禾致源,2023,2024-04-13,北京诺禾致源科技股份有限公司2023年年度报告,http://www.cninfo.com.cn/new/disclosure/detail?stockCode=688315&announcementId=1219599852&orgId=9900038309&announcementTime=2024-04-13,2024-04-15,2024-07-12,-0.182992
688316,青云科技,2023,2024-04-25,2023年年度报告,http://www.cninfo.com.cn/new/disclosure/detail?stockCode=688316&announcementId=1219802878&orgId=nssc1000259&announcementTime=2024-04-25,2024-04-26,2024-07-25,-0.221193
688317,之江生物,2023,2024-04-22,之江生物：2023年年度报告,http://www.cninfo.com.cn/new/disclosure/detail?stockCode=688317&announcementId=1219728734&orgId=gfbj0834839&announcementTime=2024-04-22,2024-04-23,2024-07-22,0.01906
688318,财富趋势,2023,2024-03-29,2023年年度报告,http://www.cninfo.com.cn/new/disclosure/detail?stockCode=688318&announcementId=1219444883&orgId=9900022732&announcementTime=2024-03-29,2024-04-01,2024-07-02,-0.033734
688319,欧林生物,2023,2024-04-26,成都欧林生物科技股份有限公司2023年年度报告,http://www.cninfo.com.cn/new/disclosure/detail?stockCode=688319&announcementId=1219838417&orgId=gfbj0833577&announcementTime=2024-04-26,2024-04-29,2024-07-26,-0.001136
688320,禾川科技,2023,2024-04-26,浙江禾川科技股份有限公司2023年年度报告,http://www.cninfo.com.cn/new/disclosure/detail?stockCode=688320&announcementId=1219841048&orgId=9900041893&announcementTime=2024-04-26,2024-04-29,2024-07-26,-0.233531
688321,微芯生物,2023,2024-03-30,2023年年度报告,http://www.cninfo.com.cn/new/disclosure/detail?stockCode=688321&announcementId=1219470340&orgId=9900038965&announcementTime=2024-03-30,2024-04-01,2024-07-02,-0.137014
688322,奥比中光,2023,2024-04-09,2023年年度报告,http://www.cninfo.com.cn/new/disclosure/detail?stockCode=688322&announcementId=1219538190&orgId=9900048777&announcementTime=2024-04-09,2024-04-10,2024-07-09,-0.05728
688323,瑞华泰,2023,2024-03-23,瑞华泰：2023年年度报告,http://www.cninfo.com.cn/new/disclosure/detail?stockCode=688323&announcementId=1219388799&orgId=9900041792&announcementTime=2024-03-23,2024-03-25,2024-06-25,-0.322069
688325,赛微微电,2023,2024-04-16,2023年年度报告,http://www.cninfo.com.cn/new/disclosure/detail?stockCode=688325&announcementId=1219622941&orgId=9900048060&announcementTime=2024-04-16,2024-04-17,2024-07-16,-0.011742
688326,经纬恒润,2023,2024-04-27,2023年年度报告,http://www.cninfo.com.cn/new/disclosure/detail?stockCode=688326&announcementId=1219885867&orgId=9900048779&announcementTime=2024-04-27,2024-04-29,2024-07-26,-0.011386
688327,云从科技,2023,2024-04-18,2023年年度报告,http://www.cninfo.com.cn/new/disclosure/detail?stockCode=688327&announcementId=1219654450&orgId=9900046632&announcementTime=2024-04-18,2024-04-19,2024-07-18,-0.03675
688328,深科达,2023,2024-04-27,2023年年度报告,http://www.cninfo.com.cn/new/disclosure/detail?stockCode=688328&announcementId=1219885893&orgId=gfbj0831314&announcementTime=2024-04-27,2024-04-29,2024-07-26,-0.217778
688329,艾隆科技,2023,2024-04-27,艾隆科技2023年年度报告,http://www.cninfo.com.cn/new/disclosure/detail?stockCode=688329&announcementId=1219885960&orgId=9900039722&announcementTime=2024-04-27,2024-04-29,2024-07-26,-0.198622
688330,宏力达,2023,2024-04-26,宏力达2023年年度报告,http://www.cninfo.com.cn/new/disclosure/detail?stockCode=688330&announcementId=1219821177&orgId=9900041745&announcementTime=2024-04-26,2024-04-29,2024-07-26,-0.136845
688331,荣昌生物,2023,2024-03-28,荣昌生物2023年年度报告,http://www.cninfo.com.cn/new/disclosure/detail?stockCode=688331&announcementId=1219428871&orgId=9900047137&announcementTime=2024-03-28,2024-03-29,2024-07-01,-0.18763
688332,中科蓝讯,2023,2024-04-10,2023年年度报告,http://www.cninfo.com.cn/new/disclosure/detail?stockCode=688332&announcementId=1219552791&orgId=9900051695&announcementTime=2024-04-10,2024-04-11,2024-07-10,-0.039889
688333,铂力特,2023,2024-03-28,西安铂力特增材技术股份有限公司2023年年度报告,http://www.cninfo.com.cn/new/disclosure/detail?stockCode=688333&announcementId=1219430438&orgId=9900039046&announcementTime=2024-03-28,2024-03-29,2024-07-01,-0.174731
688334,西高院,2023,2024-04-11,2023年年度报告,http://www.cninfo.com.cn/new/disclosure/detail?stockCode=688334&announcementId=1219564778&orgId=9900056273&announcementTime=2024-04-11,2024-04-12,2024-07-11,0.023857
688335,复洁科技,2023,2024-03-28,2023年年度报告,http://www.cninfo.com.cn/new/disclosure/detail?stockCode=688335&announcementId=1219427668&orgId=gfbj0836304&announcementTime=2024-03-28,2024-03-29,2024-07-01,-0.246334
688336,三生国健,2023,2024-03-21,三生国健：2023年年度报告,http://www.cninfo.com.cn/new/disclosure/detail?stockCode=688336&announcementId=1219360640&orgId=9900041739&announcementTime=2024-03-21,2024-03-22,2024-06-24,-0.110099
688337,普源精电,2023,2024-03-21,普源精电科技股份有限公司2023年年度报告,http://www.cninfo.com.cn/new/disclosure/detail?stockCode=688337&announcementId=1219360668&orgId=9900046628&announcementTime=2024-03-21,2024-03-22,2024-06-24,-0.312798
688338,赛科希德,2023,2024-04-25,赛科希德2023年年度报告,http://www.cninfo.com.cn/new/disclosure/detail?stockCode=688338&announcementId=1219793367&orgId=9900041384&announcementTime=2024-04-25,2024-04-26,2024-07-25,-0.127004
688339,亿华通,2023,2024-04-27,亿华通  2023年度报告,http://www.cninfo.com.cn/new/disclosure/detail?stockCode=688339&announcementId=1219886009&orgId=gfbj0834613&announcementTime=2024-04-27,2024-04-29,2024-07-26,-0.216047
688343,云天励飞,2023,2024-04-26,2023年年度报告,http://www.cninfo.com.cn/new/disclosure/detail?stockCode=688343&announcementId=1219842858&orgId=9900047695&announcementTime=2024-04-26,2024-04-29,2024-07-26,-0.051718
688345,博力威,2023,2024-04-20,广东博力威科技股份有限公司2023年年度报告,http://www.cninfo.com.cn/new/disclosure/detail?stockCode=688345&announcementId=1219704185&orgId=nssc1000127&announcementTime=2024-04-20,2024-04-22,2024-07-19,-0.1641
688347,华虹公司,2023,2024-03-29,华虹半导体有限公司2023年年度报告,http://www.cninfo.com.cn/new/disclosure/detail?stockCode=688347&announcementId=1219453558&orgId=9900029531&announcementTime=2024-03-29,2024-04-01,2024-07-02,0.097271
688348,昱能科技,2023,2024-04-23,2023年年度报告,http://www.cninfo.com.cn/new/disclosure/detail?stockCode=688348&announcementId=1219746690&orgId=9900052521&announcementTime=2024-04-23,2024-04-24,2024-07-23,0.056341
688349,三一重能,2023,2024-04-30,三一重能2023年年度报告,http://www.cninfo.com.cn/new/disclosure/detail?stockCode=688349&announcementId=1219920617&orgId=9900047297&announcementTime=2024-04-30,2024-05-06,2024-07-30,-0.084449
688350,富淼科技,2023,2024-04-03,江苏富淼科技股份有限公司2023年年度报告,http://www.cninfo.com.cn/new/disclosure/detail?stockCode=688350&announcementId=1219505218&orgId=9900035517&announcementTime=2024-04-03,2024-04-08,2024-07-05,-0.145184
688351,微电生理,2023,2024-03-30,2023年年度报告,http://www.cninfo.com.cn/new/disclosure/detail?stockCode=688351&announcementId=1219468154&orgId=gfbj0871960&announcementTime=2024-03-30,2024-04-01,2024-07-02,-0.244648
688352,颀中科技,2023,2024-04-19,合肥颀中科技股份有限公司2023年年度报告,http://www.cninfo.com.cn/new/disclosure/detail?stockCode=688352&announcementId=1219672262&orgId=9900055631&announcementTime=2024-04-19,2024-04-22,2024-07-19,0.234672
688353,华盛锂电,2023,2024-04-25,江苏华盛锂电材料股份有限公司2023年年度报告,http://www.cninfo.com.cn/new/disclosure/detail?stockCode=688353&announcementId=1219790237&orgId=9900047233&announcementTime=2024-04-25,2024-04-26,2024-07-25,-0.239794
688355,明志科技,2023,2024-04-13,苏州明志科技股份有限公司2023年年度报告,http://www.cninfo.com.cn/new/disclosure/detail?stockCode=688355&announcementId=1219600648&orgId=9900044737&announcementTime=2024-04-13,2024-04-15,2024-07-12,0.036952
688356,键凯科技,2023,2024-04-30,2023年年度报告,http://www.cninfo.com.cn/new/disclosure/detail?stockCode=688356&announcementId=1219920677&orgId=9900042296&announcementTime=2024-04-30,2024-05-06,2024-07-30,-0.339861
688357,建龙微纳,2023,2024-04-19,2023年年度报告,http://www.cninfo.com.cn/new/disclosure/detail?stockCode=688357&announcementId=1219670988&orgId=gfbj0833540&announcementTime=2024-04-19,2024-04-22,2024-07-19,-0.249461
688358,祥生医疗,2023,2024-04-19,无锡祥生医疗科技股份有限公司2023年年度报告,http://www.cninfo.com.cn/new/disclosure/detail?stockCode=688358&announcementId=1219672314&orgId=9900039303&announcementTime=2024-04-19,2024-04-22,2024-07-19,-0.029455
688359,三孚新科,2023,2024-04-24,三孚新科：2023年年度报告,http://www.cninfo.com.cn/new/disclosure/detail?stockCode=688359&announcementId=1219768304&orgId=gfbj0836367&announcementTime=2024-04-24,2024-04-25,2024-07-24,-0.399728
688360,德马科技,2023,2024-04-20,德马科技2023年年度报告,http://www.cninfo.com.cn/new/disclosure/detail?stockCode=688360&announcementId=1219700433&orgId=gfbj0830805&announcementTime=2024-04-20,2024-04-22,2024-07-19,0.0
688361,中科飞测,2023,2024-04-25,深圳中科飞测科技股份有限公司2023年年度报告,http://www.cninfo.com.cn/new/disclosure/detail?stockCode=688361&announcementId=1219796718&orgId=9900048792&announcementTime=2024-04-25,2024-04-26,2024-07-25,-0.033754
688362,甬矽电子,2023,2024-04-19,2023年年度报告,http://www.cninfo.com.cn/new/disclosure/detail?stockCode=688362&announcementId=1219669726&orgId=9900047769&announcementTime=2024-04-19,2024-04-22,2024-07-19,0.134615
688365,光云科技,2023,2024-04-26,光云科技：2023年年度报告,http://www.cninfo.com.cn/new/disclosure/detail?stockCode=688365&announcementId=1219838534&orgId=9900039491&announcementTime=2024-04-26,2024-04-29,2024-07-26,-0.232653
688363,华熙生物,2023,2024-04-30,华熙生物2023年年度报告,http://www.cninfo.com.cn/new/disclosure/detail?stockCode=688363&announcementId=1219923936&orgId=9900039135&announcementTime=2024-04-30,2024-05-06,2024-07-30,-0.0625
688366,昊海生科,2023,2024-03-09,上海昊海生物科技股份有限公司2023年年度报告,http://www.cninfo.com.cn/new/disclosure/detail?stockCode=688366&announcementId=1219266809&orgId=9900023042&announcementTime=2024-03-09,2024-03-11,2024-06-11,-0.12444
688367,工大高科,2023,2024-04-26,工大高科2023年年度报告,http://www.cninfo.com.cn/new/disclosure/detail?stockCode=688367&announcementId=1219822419&orgId=gfbj0834182&announcementTime=2024-04-26,2024-04-29,2024-07-26,-0.08188
688368,晶丰明源,2023,2024-04-18,上海晶丰明源半导体股份有限公司2023年年度报告,http://www.cninfo.com.cn/new/disclosure/detail?stockCode=688368&announcementId=1219651908&orgId=9900036061&announcementTime=2024-04-18,2024-04-19,2024-07-18,0.239899
688369,致远互联,2023,2024-04-26,北京致远互联软件股份有限公司2023年年年度报告全文,http://www.cninfo.com.cn/new/disclosure/detail?stockCode=688369&announcementId=1219841101&orgId=9900039219&announcementTime=2024-04-26,2024-04-29,2024-07-26,-0.234762
688370,丛麟科技,2023,2024-04-25,丛麟科技2023年年度报告,http://www.cninfo.com.cn/new/disclosure/detail?stockCode=688370&announcementId=1219804042&orgId=9900048185&announcementTime=2024-04-25,2024-04-26,2024-07-25,-0.066253
688371,菲沃泰,2023,2024-04-20,2023年年度报告,http://www.cninfo.com.cn/new/disclosure/detail?stockCode=688371&announcementId=1219704329&orgId=9900048903&announcementTime=2024-04-20,2024-04-22,2024-07-19,-0.061692
688372,伟测科技,2023,2024-03-22,2023年年度报告,http://www.cninfo.com.cn/new/disclosure/detail?stockCode=688372&announcementId=1219375310&orgId=9900048401&announcementTime=2024-03-22,2024-03-25,2024-06-25,-0.419649
688373,盟科药业,2023,2024-03-28,上海盟科药业股份有限公司2023年年度报告,http://www.cninfo.com.cn/new/disclosure/detail?stockCode=688373&announcementId=1219427413&orgId=9900048168&announcementTime=2024-03-28,2024-03-29,2024-07-01,-0.207273
688375,国博电子,2023,2024-04-30,南京国博电子股份有限公司2023年年度报告,http://www.cninfo.com.cn/new/disclosure/detail?stockCode=688375&announcementId=1219924005&orgId=9900048583&announcementTime=2024-04-30,2024-05-06,2024-07-30,-0.156279
688376,美埃科技,2023,2024-04-26,2023年年度报告,http://www.cninfo.com.cn/new/disclosure/detail?stockCode=688376&announcementId=1219823834&orgId=nssc1000717&announcementTime=2024-04-26,2024-04-29,2024-07-26,-0.20125
688377,迪威尔,2023,2024-04-20,迪威尔2023年年度报告,http://www.cninfo.com.cn/new/disclosure/detail?stockCode=688377&announcementId=1219689507&orgId=9900029817&announcementTime=2024-04-20,2024-04-22,2024-07-19,-0.228332
688378,奥来德,2023,2024-04-19,2023年年度报告,http://www.cninfo.com.cn/new/disclosure/detail?stockCode=688378&announcementId=1219665925&orgId=gfbj0871531&announcementTime=2024-04-19,2024-04-22,2024-07-19,-0.006262
688379,华光新材,2023,2024-03-30,华光新材2023年年度报告,http://www.cninfo.com.cn/new/disclosure/detail?stockCode=688379&announcementId=1219475097&orgId=9900023922&announcementTime=2024-03-30,2024-04-01,2024-07-02,-0.138078
688380,中微半导,2023,2024-04-27,2023年年度报告,http://www.cninfo.com.cn/new/disclosure/detail?stockCode=688380&announcementId=1219886047&orgId=9900047331&announcementTime=2024-04-27,2024-04-29,2024-07-26,0.046846
688381,帝奥微,2023,2024-04-27,2023年年度报告,http://www.cninfo.com.cn/new/disclosure/detail?stockCode=688381&announcementId=1219886081&orgId=9900051388&announcementTime=2024-04-27,2024-04-29,2024-07-26,0.007483
688383,新益昌,2023,2024-04-30,深圳新益昌科技股份有限公司2023年年度报告,http://www.cninfo.com.cn/new/disclosure/detail?stockCode=688383&announcementId=1219920707&orgId=nssc1000129&announcementTime=2024-04-30,2024-05-06,2024-07-30,-0.346012
688382,益方生物,2023,2024-04-26,益方生物科技（上海）股份有限公司2023年年度报告,http://www.cninfo.com.cn/new/disclosure/detail?stockCode=688382&announcementId=1219838579&orgId=9900047884&announcementTime=2024-04-26,2024-04-29,2024-07-26,-0.270408
688385,复旦微电,2023,2024-03-23,2023年年度报告全文,http://www.cninfo.com.cn/new/disclosure/detail?stockCode=688385&announcementId=1219389553&orgId=gshk0008102&announcementTime=2024-03-23,2024-03-25,2024-06-25,-0.144748
688386,泛亚微透,2023,2024-04-17,泛亚微透2023年年度报告,http://www.cninfo.com.cn/new/disclosure/detail?stockCode=688386&announcementId=1219636704&orgId=9900041594&announcementTime=2024-04-17,2024-04-18,2024-07-17,-0.115736
688387,信科移动,2023,2024-04-26,2023年年度报告,http://www.cninfo.com.cn/new/disclosure/detail?stockCode=688387&announcementId=1219822437&orgId=9900052408&announcementTime=2024-04-26,2024-04-29,2024-07-26,-0.167513
688388,嘉元科技,2023,2024-04-25,广东嘉元科技股份有限公司2023年年度报告,http://www.cninfo.com.cn/new/disclosure/detail?stockCode=688388&announcementId=1219803828&orgId=gfbj0833790&announcementTime=2024-04-25,2024-04-26,2024-07-25,-0.350244
688389,普门科技,2023,2024-03-22,深圳普门科技股份有限公司2023年年度报告,http://www.cninfo.com.cn/new/disclosure/detail?stockCode=688389&announcementId=1219374647&orgId=9900039187&announcementTime=2024-03-22,2024-03-25,2024-06-25,-0.122015
688390,固德威,2023,2024-04-26,2023年年度报告,http://www.cninfo.com.cn/new/disclosure/detail?stockCode=688390&announcementId=1219823878&orgId=gfbj0835209&announcementTime=2024-04-26,2024-04-29,2024-07-26,-0.03847
688391,钜泉科技,2023,2024-03-23,钜泉光电科技（上海）股份有限公司2023年年度报告,http://www.cninfo.com.cn/new/disclosure/detail?stockCode=688391&announcementId=1219389630&orgId=9900023098&announcementTime=2024-03-23,2024-03-25,2024-06-25,-0.123367
688392,骄成超声,2023,2024-04-27,2023年年度报告,http://www.cninfo.com.cn/new/disclosure/detail?stockCode=688392&announcementId=1219886204&orgId=9900053044&announcementTime=2024-04-27,2024-04-29,2024-07-26,-0.269127
688393,安必平,2023,2024-04-23,2023年年度报告,http://www.cninfo.com.cn/new/disclosure/detail?stockCode=688393&announcementId=1219738972&orgId=9900030277&announcementTime=2024-04-23,2024-04-24,2024-07-23,-0.136126
688395,正弦电气,2023,2024-04-25,2023年年度报告,http://www.cninfo.com.cn/new/disclosure/detail?stockCode=688395&announcementId=1219801672&orgId=gfbj0834933&announcementTime=2024-04-25,2024-04-26,2024-07-25,-0.136704
688396,华润微,2023,2024-04-26,2023年年度报告,http://www.cninfo.com.cn/new/disclosure/detail?stockCode=688396&announcementId=1219838603&orgId=gshk0000597&announcementTime=2024-04-26,2024-04-29,2024-07-26,0.069233
688398,赛特新材,2023,2024-04-27,赛特新材：2023年年度报告,http://www.cninfo.com.cn/new/disclosure/detail?stockCode=688398&announcementId=1219886244&orgId=9900030638&announcementTime=2024-04-27,2024-04-29,2024-07-26,-0.367644
688400,凌云光,2023,2024-04-30,2023年年度报告,http://www.cninfo.com.cn/new/disclosure/detail?stockCode=688400&announcementId=1219920741&orgId=9900048361&announcementTime=2024-04-30,2024-05-06,2024-07-30,-0.264828
688399,硕世生物,2023,2024-04-27,江苏硕世生物科技股份有限公司2023年度报告,http://www.cninfo.com.cn/new/disclosure/detail?stockCode=688399&announcementId=1219886288&orgId=9900039223&announcementTime=2024-04-27,2024-04-29,2024-07-26,0.033078
688401,路维光电,2023,2024-04-26,路维光电2023年年度报告,http://www.cninfo.com.cn/new/disclosure/detail?stockCode=688401&announcementId=1219838655&orgId=gfbj0833550&announcementTime=2024-04-26,2024-04-29,2024-07-26,-0.142333
688403,汇成股份,2023,2024-04-20,2023年年度报告,http://www.cninfo.com.cn/new/disclosure/detail?stockCode=688403&announcementId=1219705975&orgId=9900052003&announcementTime=2024-04-20,2024-04-22,2024-07-19,0.034759
688408,中信博,2023,2024-04-25,中信博2023年年度报告,http://www.cninfo.com.cn/new/disclosure/detail?stockCode=688408&announcementId=1219804557&orgId=9900039737&announcementTime=2024-04-25,2024-04-26,2024-07-25,0.110218
688409,富创精密,2023,2024-04-27,2023年年度报告,http://www.cninfo.com.cn/new/disclosure/detail?stockCode=688409&announcementId=1219886317&orgId=9900048393&announcementTime=2024-04-27,2024-04-29,2024-07-26,-0.202502
688416,恒烁股份,2023,2024-04-30,2023年年度报告,http://www.cninfo.com.cn/new/disclosure/detail?stockCode=688416&announcementId=1219920791&orgId=9900052004&announcementTime=2024-04-30,2024-05-06,2024-07-30,-0.297229
688410,山外山,2023,2024-04-26,2023年年度报告,http://www.cninfo.com.cn/new/disclosure/detail?stockCode=688410&announcementId=1219823898&orgId=gfbj0838057&announcementTime=2024-04-26,2024-04-29,2024-07-26,-0.270499
688418,震有科技,2023,2024-04-30,2023年年度报告,http://www.cninfo.com.cn/new/disclosure/detail?stockCode=688418&announcementId=1219924052&orgId=9900035556&announcementTime=2024-04-30,2024-05-06,2024-07-30,-0.140957
688419,耐科装备,2023,2024-04-13,安徽耐科装备科技股份有限公司2023年年度报告,http://www.cninfo.com.cn/new/disclosure/detail?stockCode=688419&announcementId=1219598687&orgId=9900048179&announcementTime=2024-04-13,2024-04-15,2024-07-12,0.173862
688420,美腾科技,2023,2024-04-19,天津美腾科技股份有限公司2023年年度报告,http://www.cninfo.com.cn/new/disclosure/detail?stockCode=688420&announcementId=1219669202&orgId=nssc1000863&announcementTime=2024-04-19,2024-04-22,2024-07-19,-0.049558
688425,铁建重工,2023,2024-03-29,中国铁建重工集团股份有限公司2023年年度报告,http://www.cninfo.com.cn/new/disclosure/detail?stockCode=688425&announcementId=1219446002&orgId=nssc1000602&announcementTime=2024-03-29,2024-04-01,2024-07-02,-0.051471
688428,诺诚健华,2023,2024-03-29,诺诚健华医药有限公司2023年年度报告,http://www.cninfo.com.cn/new/disclosure/detail?stockCode=688428&announcementId=1219446934&orgId=9900043455&announcementTime=2024-03-29,2024-04-01,2024-07-02,-0.078534
688426,康为世纪,2023,2024-04-26,2023年年度报告,http://www.cninfo.com.cn/new/disclosure/detail?stockCode=688426&announcementId=1219838669&orgId=9900048405&announcementTime=2024-04-26,2024-04-29,2024-07-26,0.094037
688429,时创能源,2023,2024-04-10,常州时创能源股份有限公司2023年年度报告,http://www.cninfo.com.cn/new/disclosure/detail?stockCode=688429&announcementId=1219553789&orgId=9900056080&announcementTime=2024-04-10,2024-04-11,2024-07-10,-0.062918
688432,有研硅,2023,2024-03-29,有研硅2023年年度报告,http://www.cninfo.com.cn/new/disclosure/detail?stockCode=688432&announcementId=1219446988&orgId=9900053027&announcementTime=2024-03-29,2024-04-01,2024-07-02,-0.030488
688433,华曙高科,2023,2024-04-26,2023年年度报告,http://www.cninfo.com.cn/new/disclosure/detail?stockCode=688433&announcementId=1219838764&orgId=9900056217&announcementTime=2024-04-26,2024-04-29,2024-07-26,-0.295272
688435,英方软件,2023,2024-04-25,2023年年度报告,http://www.cninfo.com.cn/new/disclosure/detail?stockCode=688435&announcementId=1219797372&orgId=gfbj0837417&announcementTime=2024-04-25,2024-04-26,2024-07-25,-0.300922
688439,振华风光,2023,2024-04-20,贵州振华风光半导体股份有限公司2023年年度报告,http://www.cninfo.com.cn/new/disclosure/detail?stockCode=688439&announcementId=1219707071&orgId=9900053041&announcementTime=2024-04-20,2024-04-22,2024-07-19,-0.143863
688443,智翔金泰,2023,2024-04-30,2023年度报告,http://www.cninfo.com.cn/new/disclosure/detail?stockCode=688443&announcementId=1219920910&orgId=9900056031&announcementTime=2024-04-30,2024-05-06,2024-07-30,-0.273608
688448,磁谷科技,2023,2024-04-23,南京磁谷科技股份有限公司2023年年度报告,http://www.cninfo.com.cn/new/disclosure/detail?stockCode=688448&announcementId=1219739202&orgId=9900046626&announcementTime=2024-04-23,2024-04-24,2024-07-23,-0.078304
688450,光格科技,2023,2024-04-26,光格科技2023年年度报告,http://www.cninfo.com.cn/new/disclosure/detail?stockCode=688450&announcementId=1219838803&orgId=9900051380&announcementTime=2024-04-26,2024-04-29,2024-07-26,-0.097636
688455,科捷智能,2023,2024-04-26,2023年年度报告,http://www.cninfo.com.cn/new/disclosure/detail?stockCode=688455&announcementId=1219838823&orgId=9900048050&announcementTime=2024-04-26,2024-04-29,2024-07-26,-0.043722
688456,有研粉材,2023,2024-04-27,2023年年度报告,http://www.cninfo.com.cn/new/disclosure/detail?stockCode=688456&announcementId=1219886350&orgId=nssc1000134&announcementTime=2024-04-27,2024-04-29,2024-07-26,0.112053
688459,哈铁科技,2023,2024-04-18,哈铁科技2023年年度报告全文,http://www.cninfo.com.cn/new/disclosure/detail?stockCode=688459&announcementId=1219651947&orgId=9900052789&announcementTime=2024-04-18,2024-04-19,2024-07-18,-0.10555
688458,美芯晟,2023,2024-04-30,2023年年度报告,http://www.cninfo.com.cn/new/disclosure/detail?stockCode=688458&announcementId=1219920930&orgId=9900055791&announcementTime=2024-04-30,2024-05-06,2024-07-30,-0.174083
688466,金科环境,2023,2024-04-26,金科环境：2023年年度报告,http://www.cninfo.com.cn/new/disclosure/detail?stockCode=688466&announcementId=1219838857&orgId=9900039436&announcementTime=2024-04-26,2024-04-29,2024-07-26,-0.075319
688468,科美诊断,2023,2024-04-30,科美诊断技术股份有限公司2023年度报告,http://www.cninfo.com.cn/new/disclosure/detail?stockCode=688468&announcementId=1219920981&orgId=nssc1000313&announcementTime=2024-04-30,2024-05-06,2024-07-30,-0.195184
688469,芯联集成,2023,2024-03-26,芯联集成电路制造股份有限公司2023年年度报告,http://www.cninfo.com.cn/new/disclosure/detail?stockCode=688469&announcementId=1219404048&orgId=9900053045&announcementTime=2024-03-26,2024-03-27,2024-06-27,-0.178054
688472,阿特斯,2023,2024-04-27,阿特斯阳光电力集团股份有限公司2023年年度报告,http://www.cninfo.com.cn/new/disclosure/detail?stockCode=688472&announcementId=1219886385&orgId=9900032673&announcementTime=2024-04-27,2024-04-29,2024-07-26,-0.203404
688475,萤石网络,2023,2024-04-13,2023年年度报告,http://www.cninfo.com.cn/new/disclosure/detail?stockCode=688475&announcementId=1219595911&orgId=9900052782&announcementTime=2024-04-13,2024-04-15,2024-07-12,-0.08714
688478,晶升股份,2023,2024-04-30,南京晶升装备股份有限公司2023年年度报告,http://www.cninfo.com.cn/new/disclosure/detail?stockCode=688478&announcementId=1219921009&orgId=9900053817&announcementTime=2024-04-30,2024-05-06,2024-07-30,-0.154364
688479,友车科技,2023,2024-03-30,2023年年度报告,http://www.cninfo.com.cn/new/disclosure/detail?stockCode=688479&announcementId=1219468182&orgId=gfbj0839951&announcementTime=2024-03-30,2024-04-01,2024-07-02,-0.106557
688480,赛恩斯,2023,2024-04-22,赛恩斯环保股份有限公司2023年年度报告,http://www.cninfo.com.cn/new/disclosure/detail?stockCode=688480&announcementId=1219728773&orgId=nssc1000725&announcementTime=2024-04-22,2024-04-23,2024-07-22,-0.22772
688484,南芯科技,2023,2024-03-20,南芯科技2023年年度报告,http://www.cninfo.com.cn/new/disclosure/detail?stockCode=688484&announcementId=1219348784&orgId=9900056052&announcementTime=2024-03-20,2024-03-21,2024-06-21,0.126247
688485,九州一轨,2023,2024-04-30,北京九州一轨环境科技股份有限公司2023年年度报告全文,http://www.cninfo.com.cn/new/disclosure/detail?stockCode=688485&announcementId=1219921039&orgId=9900048106&announcementTime=2024-04-30,2024-05-06,2024-07-30,-0.116869
688486,龙迅股份,2023,2024-03-30,龙迅股份2023年年度报告,http://www.cninfo.com.cn/new/disclosure/detail?stockCode=688486&announcementId=1219471750&orgId=nssc1000599&announcementTime=2024-03-30,2024-04-01,2024-07-02,-0.104723
688489,三未信安,2023,2024-04-20,2023年年度报告,http://www.cninfo.com.cn/new/disclosure/detail?stockCode=688489&announcementId=1219697114&orgId=9900047309&announcementTime=2024-04-20,2024-04-22,2024-07-19,-0.116
688488,艾迪药业,2023,2024-04-16,艾迪药业2023年年度报告,http://www.cninfo.com.cn/new/disclosure/detail?stockCode=688488&announcementId=1219623563&orgId=9900041599&announcementTime=2024-04-16,2024-04-17,2024-07-16,-0.332173
688496,清越科技,2023,2024-04-25,清越科技2023年年度报告,http://www.cninfo.com.cn/new/disclosure/detail?stockCode=688496&announcementId=1219804584&orgId=9900051401&announcementTime=2024-04-25,2024-04-26,2024-07-25,-0.306556
688498,源杰科技,2023,2024-04-26,陕西源杰半导体科技股份有限公司2023年年度报告,http://www.cninfo.com.cn/new/disclosure/detail?stockCode=688498&announcementId=1219816634&orgId=9900052124&announcementTime=2024-04-26,2024-04-29,2024-07-26,-0.319573
688500,慧辰股份,2023,2024-04-26,2023年年度报告全文,http://www.cninfo.com.cn/new/disclosure/detail?stockCode=688500&announcementId=1219838926&orgId=gfbj0833309&announcementTime=2024-04-26,2024-04-29,2024-07-29,0.100035
688499,利元亨,2023,2024-04-20,广东利元亨智能装备股份有限公司2023年年度报告,http://www.cninfo.com.cn/new/disclosure/detail?stockCode=688499&announcementId=1219704459&orgId=9900038933&announcementTime=2024-04-20,2024-04-22,2024-07-19,-0.276793
688501,青达环保,2023,2024-04-17,青达环保2023年年度报告,http://www.cninfo.com.cn/new/disclosure/detail?stockCode=688501&announcementId=1219638162&orgId=9900041684&announcementTime=2024-04-17,2024-04-18,2024-07-17,-0.138614
688502,茂莱光学,2023,2024-03-28,2023年年度报告,http://www.cninfo.com.cn/new/disclosure/detail?stockCode=688502&announcementId=1219428128&orgId=gfbj0833673&announcementTime=2024-03-28,2024-03-29,2024-07-01,-0.16889
688503,聚和材料,2023,2024-04-01,2023年年度报告,http://www.cninfo.com.cn/new/disclosure/detail?stockCode=688503&announcementId=1219482409&orgId=9900046635&announcementTime=2024-04-01,2024-04-02,2024-07-03,-0.293876
688505,复旦张江,2023,2024-03-29,复旦张江2023年年度报告,http://www.cninfo.com.cn/new/disclosure/detail?stockCode=688505&announcementId=1219447764&orgId=gshk0008231&announcementTime=2024-03-29,2024-04-01,2024-07-02,-0.135241
688506,百利天恒,2023,2024-04-27,四川百利天恒药业股份有限公司2023年年度报告,http://www.cninfo.com.cn/new/disclosure/detail?stockCode=688506&announcementId=1219886466&orgId=9900024957&announcementTime=2024-04-27,2024-04-29,2024-07-26,-0.058122
688507,索辰科技,2023,2024-04-26,2023年年度报告,http://www.cninfo.com.cn/new/disclosure/detail?stockCode=688507&announcementId=1219821216&orgId=nssc1000827&announcementTime=2024-04-26,2024-04-29,2024-07-26,-0.223603
688508,芯朋微,2023,2024-04-13,2023年年度报告,http://www.cninfo.com.cn/new/disclosure/detail?stockCode=688508&announcementId=1219600279&orgId=gfbj0430512&announcementTime=2024-04-13,2024-04-15,2024-07-12,0.302831
688509,正元地信,2023,2024-04-27,正元地信2023年年度报告,http://www.cninfo.com.cn/new/disclosure/detail?stockCode=688509&announcementId=1219886500&orgId=9900041382&announcementTime=2024-04-27,2024-04-29,2024-07-26,-0.195531
688510,航亚科技,2023,2024-03-28,无锡航亚科技股份有限公司2023年年度报告,http://www.cninfo.com.cn/new/disclosure/detail?stockCode=688510&announcementId=1219429266&orgId=gfbj0870269&announcementTime=2024-03-28,2024-03-29,2024-07-01,0.047536
688511,*ST天微,2023,2024-04-27,2023年年度报告,http://www.cninfo.com.cn/new/disclosure/detail?stockCode=688511&announcementId=1219886515&orgId=nssc1000625&announcementTime=2024-04-27,2024-04-29,2024-07-26,-0.344242
688512,慧智微,2023,2024-04-29,2023年年度报告,http://www.cninfo.com.cn/new/disclosure/detail?stockCode=688512&announcementId=1219892543&orgId=9900053938&announcementTime=2024-04-29,2024-04-30,2024-07-29,-0.302554
688513,苑东生物,2023,2024-04-23,苑东生物：2023年年度报告,http://www.cninfo.com.cn/new/disclosure/detail?stockCode=688513&announcementId=1219744240&orgId=gfbj0837374&announcementTime=2024-04-23,2024-04-24,2024-07-23,-0.203969
688515,裕太微,2023,2024-04-29,2023年年度报告,http://www.cninfo.com.cn/new/disclosure/detail?stockCode=688515&announcementId=1219892572&orgId=9900056245&announcementTime=2024-04-29,2024-04-30,2024-07-29,-0.104509
688516,奥特维,2023,2024-03-26,无锡奥特维科技股份有限公司2023年年度报告,http://www.cninfo.com.cn/new/disclosure/detail?stockCode=688516&announcementId=1219401820&orgId=gfbj0836288&announcementTime=2024-03-26,2024-03-27,2024-06-27,-0.439491
688517,金冠电气,2023,2024-04-24,2023年年度报告,http://www.cninfo.com.cn/new/disclosure/detail?stockCode=688517&announcementId=1219772169&orgId=9900041524&announcementTime=2024-04-24,2024-04-25,2024-07-24,0.035061
688518,联赢激光,2023,2024-04-13,深圳市联赢激光股份有限公司2023年年度报告,http://www.cninfo.com.cn/new/disclosure/detail?stockCode=688518&announcementId=1219600449&orgId=gfbj0833684&announcementTime=2024-04-13,2024-04-15,2024-07-12,0.0639
688519,南亚新材,2023,2024-04-27,南亚新材2023年年度报告,http://www.cninfo.com.cn/new/disclosure/detail?stockCode=688519&announcementId=1219886599&orgId=9900038620&announcementTime=2024-04-27,2024-04-29,2024-07-26,-0.026279
688520,神州细胞,2023,2024-04-13,神州细胞2023年年度报告,http://www.cninfo.com.cn/new/disclosure/detail?stockCode=688520&announcementId=1219600061&orgId=9900040621&announcementTime=2024-04-13,2024-04-15,2024-07-12,0.115274
688521,芯原股份,2023,2024-03-30,2023年年度报告,http://www.cninfo.com.cn/new/disclosure/detail?stockCode=688521&announcementId=1219464547&orgId=9900040648&announcementTime=2024-03-30,2024-04-01,2024-07-02,-0.226822
688522,纳睿雷达,2023,2024-04-20,广东纳睿雷达科技股份有限公司2023年年度报告,http://www.cninfo.com.cn/new/disclosure/detail?stockCode=688522&announcementId=1219697206&orgId=9900048075&announcementTime=2024-04-20,2024-04-22,2024-07-19,0.107646
688523,航天环宇,2023,2024-04-30,航天环宇2023年年度报告,http://www.cninfo.com.cn/new/disclosure/detail?stockCode=688523&announcementId=1219921108&orgId=nssc1000474&announcementTime=2024-04-30,2024-05-06,2024-07-30,-0.110145
688525,佰维存储,2023,2024-04-30,2023年年度报告,http://www.cninfo.com.cn/new/disclosure/detail?stockCode=688525&announcementId=1219921152&orgId=9900047412&announcementTime=2024-04-30,2024-05-06,2024-07-30,-0.003208
688526,科前生物,2023,2024-04-02,武汉科前生物股份有限公司2023年度报告,http://www.cninfo.com.cn/new/disclosure/detail?stockCode=688526&announcementId=1219490588&orgId=9900038938&announcementTime=2024-04-02,2024-04-03,2024-07-04,-0.310005
688528,秦川物联,2023,2024-04-26,2023年年度报告,http://www.cninfo.com.cn/new/disclosure/detail?stockCode=688528&announcementId=1219841630&orgId=9900039483&announcementTime=2024-04-26,2024-04-29,2024-07-26,-0.066411
688529,豪森智能,2023,2024-04-29,豪森智能2023年年度报告,http://www.cninfo.com.cn/new/disclosure/detail?stockCode=688529&announcementId=1219892608&orgId=nssc1000041&announcementTime=2024-04-29,2024-04-30,2024-07-29,-0.292505
688531,日联科技,2023,2024-04-29,2023年年度报告,http://www.cninfo.com.cn/new/disclosure/detail?stockCode=688531&announcementId=1219892624&orgId=gfbj0834204&announcementTime=2024-04-29,2024-04-30,2024-07-29,-0.254824
688533,上声电子,2023,2024-04-30,苏州上声电子股份有限公司2023年年度报告,http://www.cninfo.com.cn/new/disclosure/detail?stockCode=688533&announcementId=1219924098&orgId=9900041606&announcementTime=2024-04-30,2024-05-06,2024-07-30,-0.23838
688535,华海诚科,2023,2024-04-02,江苏华海诚科新材料股份有限公司2023年年度报告,http://www.cninfo.com.cn/new/disclosure/detail?stockCode=688535&announcementId=1219493941&orgId=9900032633&announcementTime=2024-04-02,2024-04-03,2024-07-04,-0.064494
688536,思瑞浦,2023,2024-03-30,2023年年度报告,http://www.cninfo.com.cn/new/disclosure/detail?stockCode=688536&announcementId=1219466388&orgId=9900032795&announcementTime=2024-03-30,2024-04-01,2024-07-02,-0.110702
688538,和辉光电,2023,2024-03-30,上海和辉光电股份有限公司2023年年度报告,http://www.cninfo.com.cn/new/disclosure/detail?stockCode=688538&announcementId=1219468282&orgId=nssc1000734&announcementTime=2024-03-30,2024-04-01,2024-07-02,-0.073733
688539,高华科技,2023,2024-04-27,高华科技2023年年度报告,http://www.cninfo.com.cn/new/disclosure/detail?stockCode=688539&announcementId=1219886639&orgId=gfbj0833425&announcementTime=2024-04-27,2024-04-29,2024-07-26,-0.04498
688543,国科军工,2023,2024-03-28,2023年年度报告,http://www.cninfo.com.cn/new/disclosure/detail?stockCode=688543&announcementId=1219424878&orgId=9900035514&announcementTime=2024-03-28,2024-03-29,2024-07-01,0.003986
688549,中巨芯,2023,2024-03-28,2023年年度报告,http://www.cninfo.com.cn/new/disclosure/detail?stockCode=688549&announcementId=1219429615&orgId=9900052780&announcementTime=2024-03-28,2024-03-29,2024-07-01,0.013433
688548,广钢气体,2023,2024-03-26,2023年年度报告,http://www.cninfo.com.cn/new/disclosure/detail?stockCode=688548&announcementId=1219405391&orgId=9900057373&announcementTime=2024-03-26,2024-03-27,2024-06-27,-0.089832
688550,瑞联新材,2023,2024-04-29,2023年年度报告,http://www.cninfo.com.cn/new/disclosure/detail?stockCode=688550&announcementId=1219892701&orgId=gfbj0835406&announcementTime=2024-04-29,2024-04-30,2024-08-05,-0.212844
688551,科威尔,2023,2024-04-15,2023年年度报告,http://www.cninfo.com.cn/new/disclosure/detail?stockCode=688551&announcementId=1219612172&orgId=nssc1000154&announcementTime=2024-04-15,2024-04-16,2024-07-15,-0.325676
688553,汇宇制药,2023,2024-04-27,2023年年度报告,http://www.cninfo.com.cn/new/disclosure/detail?stockCode=688553&announcementId=1219886694&orgId=nssc1000740&announcementTime=2024-04-27,2024-04-29,2024-07-26,-0.112491
688552,航天南湖,2023,2024-04-26,2023年年度报告,http://www.cninfo.com.cn/new/disclosure/detail?stockCode=688552&announcementId=1219838988&orgId=nssc1000225&announcementTime=2024-04-26,2024-04-29,2024-07-26,-0.204893
688556,高测股份,2023,2024-03-27,2023年年度报告,http://www.cninfo.com.cn/new/disclosure/detail?stockCode=688556&announcementId=1219410852&orgId=gfbj0834278&announcementTime=2024-03-27,2024-03-28,2024-06-28,-0.392199
688557,兰剑智能,2023,2024-04-03,兰剑智能科技股份有限公司2023年年度报告,http://www.cninfo.com.cn/new/disclosure/detail?stockCode=688557&announcementId=1219504427&orgId=9900041688&announcementTime=2024-04-03,2024-04-08,2024-07-05,-0.269722
688558,国盛智科,2023,2024-04-20,国盛智科2023年年度报告,http://www.cninfo.com.cn/new/disclosure/detail?stockCode=688558&announcementId=1219706026&orgId=9900035083&announcementTime=2024-04-20,2024-04-22,2024-07-19,-0.107767
688559,海目星,2023,2024-04-13,海目星：2023年年度报告,http://www.cninfo.com.cn/new/disclosure/detail?stockCode=688559&announcementId=1219598697&orgId=9900041799&announcementTime=2024-04-13,2024-04-15,2024-07-12,0.097885
688560,明冠新材,2023,2024-04-09,明冠新材2023年年度报告,http://www.cninfo.com.cn/new/disclosure/detail?stockCode=688560&announcementId=1219539666&orgId=9900037841&announcementTime=2024-04-09,2024-04-10,2024-07-09,-0.287868
688561,奇安信,2023,2024-04-27,奇安信2023年年度报告,http://www.cninfo.com.cn/new/disclosure/detail?stockCode=688561&announcementId=1219886739&orgId=9900041361&announcementTime=2024-04-27,2024-04-29,2024-07-26,-0.263175
688562,航天软件,2023,2024-04-24,北京神舟航天软件技术股份有限公司2023年年度报告,http://www.cninfo.com.cn/new/disclosure/detail?stockCode=688562&announcementId=1219769952&orgId=9900055792&announcementTime=2024-04-24,2024-04-25,2024-07-24,-0.170264
688563,航材股份,2023,2024-03-29,2023年年度报告,http://www.cninfo.com.cn/new/disclosure/detail?stockCode=688563&announcementId=1219453594&orgId=9900056081&announcementTime=2024-03-29,2024-04-01,2024-07-02,0.000935
688565,力源科技,2023,2024-04-27,2023年年度报告,http://www.cninfo.com.cn/new/disclosure/detail?stockCode=688565&announcementId=1219886755&orgId=gfbj0831353&announcementTime=2024-04-27,2024-04-29,2024-07-26,0.104634
688566,吉贝尔,2023,2024-04-26,吉贝尔2023年年度报告,http://www.cninfo.com.cn/new/disclosure/detail?stockCode=688566&announcementId=1219839075&orgId=9900039624&announcementTime=2024-04-26,2024-04-29,2024-07-26,-0.209718
688567,孚能科技,2023,2024-04-30,孚能科技2023年年度报告,http://www.cninfo.com.cn/new/disclosure/detail?stockCode=688567&announcementId=1219909726&orgId=9900040620&announcementTime=2024-04-30,2024-05-06,2024-07-30,-0.272218
688568,中科星图,2023,2024-04-15,中科星图股份有限公司2023年年度报告,http://www.cninfo.com.cn/new/disclosure/detail?stockCode=688568&announcementId=1219612249&orgId=9900038994&announcementTime=2024-04-15,2024-04-16,2024-07-15,-0.148404
688569,铁科轨道,2023,2024-03-27,铁科轨道2023年年度报告,http://www.cninfo.com.cn/new/disclosure/detail?stockCode=688569&announcementId=1219408959&orgId=9900041365&announcementTime=2024-03-27,2024-03-28,2024-06-28,-0.09125
688570,天玛智控,2023,2024-03-21,天玛智控2023年年度报告,http://www.cninfo.com.cn/new/disclosure/detail?stockCode=688570&announcementId=1219358466&orgId=9900056072&announcementTime=2024-03-21,2024-03-22,2024-06-24,-0.155647
688571,杭华股份,2023,2024-04-23,杭华油墨股份有限公司2023年年度报告,http://www.cninfo.com.cn/new/disclosure/detail?stockCode=688571&announcementId=1219735215&orgId=9900034180&announcementTime=2024-04-23,2024-04-24,2024-07-23,-0.170468
688573,信宇人,2023,2024-04-25,深圳市信宇人科技股份有限公司2023年年度报告,http://www.cninfo.com.cn/new/disclosure/detail?stockCode=688573&announcementId=1219802909&orgId=9900041756&announcementTime=2024-04-25,2024-04-26,2024-07-25,-0.11619
688575,亚辉龙,2023,2024-04-20,2023年年度报告,http://www.cninfo.com.cn/new/disclosure/detail?stockCode=688575&announcementId=1219700636&orgId=nssc1000247&announcementTime=2024-04-20,2024-04-22,2024-07-19,0.10733
688576,西山科技,2023,2024-04-23,重庆西山科技股份有限公司2023年年度报告,http://www.cninfo.com.cn/new/disclosure/detail?stockCode=688576&announcementId=1219744916&orgId=gfbj0834788&announcementTime=2024-04-23,2024-04-24,2024-07-23,-0.148985
688577,浙海德曼,2023,2024-04-30,浙海德曼2023年年度报告,http://www.cninfo.com.cn/new/disclosure/detail?stockCode=688577&announcementId=1219921183&orgId=gfbj0837244&announcementTime=2024-04-30,2024-05-06,2024-07-30,-0.3497
688578,艾力斯,2023,2024-04-26,上海艾力斯医药科技股份有限公司2023年年度报告,http://www.cninfo.com.cn/new/disclosure/detail?stockCode=688578&announcementId=1219839095&orgId=nssc1000445&announcementTime=2024-04-26,2024-04-29,2024-07-26,-0.125763
688579,山大地纬,2023,2024-04-13,山大地纬2023年年度报告,http://www.cninfo.com.cn/new/disclosure/detail?stockCode=688579&announcementId=1219597688&orgId=gfbj0831688&announcementTime=2024-04-13,2024-04-15,2024-07-12,-0.133558
688580,伟思医疗,2023,2024-04-26,南京伟思医疗科技股份有限公司2023年年度报告,http://www.cninfo.com.cn/new/disclosure/detail?stockCode=688580&announcementId=1219819557&orgId=gfbj0836154&announcementTime=2024-04-26,2024-04-29,2024-07-26,-0.183819
688581,安杰思,2023,2024-04-23,安杰思2023年年度报告,http://www.cninfo.com.cn/new/disclosure/detail?stockCode=688581&announcementId=1219739253&orgId=nssc1000268&announcementTime=2024-04-23,2024-04-24,2024-07-23,-0.053326
688582,芯动联科,2023,2024-03-05,2023年年度报告,http://www.cninfo.com.cn/new/disclosure/detail?stockCode=688582&announcementId=1219231425&orgId=9900047780&announcementTime=2024-03-05,2024-03-06,2024-06-05,-0.068746
688584,上海合晶,2023,2024-04-26,上海合晶2023年年度报告,http://www.cninfo.com.cn/new/disclosure/detail?stockCode=688584&announcementId=1219816113&orgId=nssc1000610&announcementTime=2024-04-26,2024-04-29,2024-07-26,-0.060976
688585,上纬新材,2023,2024-04-03,上纬新材2023年年度报告,http://www.cninfo.com.cn/new/disclosure/detail?stockCode=688585&announcementId=1219502457&orgId=9900042956&announcementTime=2024-04-03,2024-04-08,2024-07-05,-0.227964
688586,江航装备,2023,2024-03-15,江航装备2023年年度报告,http://www.cninfo.com.cn/new/disclosure/detail?stockCode=688586&announcementId=1219307892&orgId=9900041351&announcementTime=2024-03-15,2024-03-18,2024-06-18,0.060241
688588,凌志软件,2023,2024-04-27,凌志软件2023年年度报告,http://www.cninfo.com.cn/new/disclosure/detail?stockCode=688588&announcementId=1219886807&orgId=gfbj0830866&announcementTime=2024-04-27,2024-04-29,2024-07-26,-0.284969
688589,力合微,2023,2024-03-27,2023年年度报告,http://www.cninfo.com.cn/new/disclosure/detail?stockCode=688589&announcementId=1219412051&orgId=9900031454&announcementTime=2024-03-27,2024-03-28,2024-06-28,0.03531
688591,泰凌微,2023,2024-04-30,2023年年度报告,http://www.cninfo.com.cn/new/disclosure/detail?stockCode=688591&announcementId=1219921245&orgId=9900048793&announcementTime=2024-04-30,2024-05-06,2024-07-30,-0.048819
688590,新致软件,2023,2024-04-30,2023年年度报告,http://www.cninfo.com.cn/new/disclosure/detail?stockCode=688590&announcementId=1219921211&orgId=9900031487&announcementTime=2024-04-30,2024-05-06,2024-07-30,-0.363095
688592,司南导航,2023,2024-04-26,司南导航2023年年度报告,http://www.cninfo.com.cn/new/disclosure/detail?stockCode=688592&announcementId=1219839161&orgId=gfbj0833972&announcementTime=2024-04-26,2024-04-29,2024-07-26,-0.021522
688593,新相微,2023,2024-04-27,新相微2023年年度报告,http://www.cninfo.com.cn/new/disclosure/detail?stockCode=688593&announcementId=1219886863&orgId=9900053760&announcementTime=2024-04-27,2024-04-29,2024-07-26,0.026549
688595,芯海科技,2023,2024-03-30,芯海科技2023年年度报告,http://www.cninfo.com.cn/new/disclosure/detail?stockCode=688595&announcementId=1219471789&orgId=gfbj0837517&announcementTime=2024-03-30,2024-04-01,2024-07-02,-0.129873
688596,正帆科技,2023,2024-04-30,上海正帆科技股份有限公司2023年年度报告,http://www.cninfo.com.cn/new/disclosure/detail?stockCode=688596&announcementId=1219924134&orgId=gfbj0834317&announcementTime=2024-04-30,2024-05-06,2024-07-30,-0.285427
688597,煜邦电力,2023,2024-03-19,2023年年度报告,http://www.cninfo.com.cn/new/disclosure/detail?stockCode=688597&announcementId=1219331504&orgId=9900035311&announcementTime=2024-03-19,2024-03-20,2024-06-20,-0.170229
688598,金博股份,2023,2024-04-29,金博股份2023年年度报告,http://www.cninfo.com.cn/new/disclosure/detail?stockCode=688598&announcementId=1219892764&orgId=9900041577&announcementTime=2024-04-29,2024-04-30,2024-07-29,-0.396092
688599,天合光能,2023,2024-04-26,天合光能股份有限公司2023年年度报告,http://www.cninfo.com.cn/new/disclosure/detail?stockCode=688599&announcementId=1219839182&orgId=GD155612&announcementTime=2024-04-26,2024-04-29,2024-07-26,-0.133619
688600,皖仪科技,2023,2024-04-27,2023年年度报告,http://www.cninfo.com.cn/new/disclosure/detail?stockCode=688600&announcementId=1219886896&orgId=9900041342&announcementTime=2024-04-27,2024-04-29,2024-07-26,-0.357906
688601,力芯微,2023,2024-04-16,2023年年度报告,http://www.cninfo.com.cn/new/disclosure/detail?stockCode=688601&announcementId=1219618804&orgId=9900033358&announcementTime=2024-04-16,2024-04-17,2024-07-16,0.161846
688602,康鹏科技,2023,2024-04-23,上海康鹏科技股份有限公司2023年年度报告,http://www.cninfo.com.cn/new/disclosure/detail?stockCode=688602&announcementId=1219741670&orgId=9900041744&announcementTime=2024-04-23,2024-04-24,2024-07-23,-0.082768
688603,天承科技,2023,2024-04-18,2023年年度报告,http://www.cninfo.com.cn/new/disclosure/detail?stockCode=688603&announcementId=1219653098&orgId=9900048047&announcementTime=2024-04-18,2024-04-19,2024-07-18,0.122036
688606,奥泰生物,2023,2024-04-27,2023年年度报告,http://www.cninfo.com.cn/new/disclosure/detail?stockCode=688606&announcementId=1219855967&orgId=9900039769&announcementTime=2024-04-27,2024-04-29,2024-07-26,-0.223516
688607,康众医疗,2023,2024-04-20,康众医疗2023年年度报告,http://www.cninfo.com.cn/new/disclosure/detail?stockCode=688607&announcementId=1219706145&orgId=9900041595&announcementTime=2024-04-20,2024-04-22,2024-07-19,-0.016184
688609,九联科技,2023,2024-04-27,广东九联科技股份有限公司2023年年度报告,http://www.cninfo.com.cn/new/disclosure/detail?stockCode=688609&announcementId=1219886950&orgId=9900023226&announcementTime=2024-04-27,2024-04-29,2024-07-26,-0.240952
688608,恒玄科技,2023,2024-03-28,2023年年度报告,http://www.cninfo.com.cn/new/disclosure/detail?stockCode=688608&announcementId=1219427017&orgId=nssc1000367&announcementTime=2024-03-28,2024-03-29,2024-07-01,0.428697
688610,埃科光电,2023,2024-04-19,2023年年度报告,http://www.cninfo.com.cn/new/disclosure/detail?stockCode=688610&announcementId=1219666717&orgId=9900056071&announcementTime=2024-04-19,2024-04-22,2024-07-19,-0.03752
688611,杭州柯林,2023,2024-04-27,杭州柯林电气股份有限公司2023年年度报告,http://www.cninfo.com.cn/new/disclosure/detail?stockCode=688611&announcementId=1219886972&orgId=gfbj0836844&announcementTime=2024-04-27,2024-04-29,2024-07-26,0.179767
688612,威迈斯,2023,2024-04-26,2023年年度报告,http://www.cninfo.com.cn/new/disclosure/detail?stockCode=688612&announcementId=1219841135&orgId=9900039720&announcementTime=2024-04-26,2024-04-29,2024-07-26,-0.295991
688613,奥精医疗,2023,2024-04-26,奥精医疗：2023年年度报告,http://www.cninfo.com.cn/new/disclosure/detail?stockCode=688613&announcementId=1219818438&orgId=nssc1000537&announcementTime=2024-04-26,2024-04-29,2024-07-26,-0.136236
688616,西力科技,2023,2024-04-27,杭州西力智能科技股份有限公司2023年年度报告,http://www.cninfo.com.cn/new/disclosure/detail?stockCode=688616&announcementId=1219887023&orgId=9900035300&announcementTime=2024-04-27,2024-04-29,2024-07-26,-0.086251
688617,惠泰医疗,2023,2024-03-25,2023年年度报告,http://www.cninfo.com.cn/new/disclosure/detail?stockCode=688617&announcementId=1219392221&orgId=nssc1000047&announcementTime=2024-03-25,2024-03-26,2024-06-26,0.095083
688618,三旺通信,2023,2024-03-27,深圳市三旺通信股份有限公司2023年年度报告,http://www.cninfo.com.cn/new/disclosure/detail?stockCode=688618&announcementId=1219410645&orgId=nssc1000604&announcementTime=2024-03-27,2024-03-28,2024-06-28,-0.084787
688619,罗普特,2023,2024-04-23,罗普特科技集团股份有限公司2023年年度报告,http://www.cninfo.com.cn/new/disclosure/detail?stockCode=688619&announcementId=1219741721&orgId=9900041860&announcementTime=2024-04-23,2024-04-24,2024-07-23,-0.168568
688620,安凯微,2023,2024-04-27,广州安凯微电子股份有限公司2023年年度报告,http://www.cninfo.com.cn/new/disclosure/detail?stockCode=688620&announcementId=1219887040&orgId=9900047635&announcementTime=2024-04-27,2024-04-29,2024-07-26,-0.078164
688621,阳光诺和,2023,2024-04-26,2023年年度报告,http://www.cninfo.com.cn/new/disclosure/detail?stockCode=688621&announcementId=1219841155&orgId=9900046415&announcementTime=2024-04-26,2024-04-29,2024-07-26,-0.322682
688622,禾信仪器,2023,2024-04-26,2023年年度报告,http://www.cninfo.com.cn/new/disclosure/detail?stockCode=688622&announcementId=1219839336&orgId=gfbj0871079&announcementTime=2024-04-26,2024-04-29,2024-07-26,-0.114896
688623,双元科技,2023,2024-04-30,2023年年度报告,http://www.cninfo.com.cn/new/disclosure/detail?stockCode=688623&announcementId=1219924215&orgId=9900048999&announcementTime=2024-04-30,2024-05-06,2024-07-30,-0.113079
688625,呈和科技,2023,2024-04-23,2023年年度报告,http://www.cninfo.com.cn/new/disclosure/detail?stockCode=688625&announcementId=1219745994&orgId=gfbj0838731&announcementTime=2024-04-23,2024-04-24,2024-07-23,-0.011364
688626,翔宇医疗,2023,2024-04-18,翔宇医疗2023年年度报告,http://www.cninfo.com.cn/new/disclosure/detail?stockCode=688626&announcementId=1219649313&orgId=9900041530&announcementTime=2024-04-18,2024-04-19,2024-07-18,-0.223932
688627,精智达,2023,2024-04-26,2023年年度报告,http://www.cninfo.com.cn/new/disclosure/detail?stockCode=688627&announcementId=1219839346&orgId=gfbj0836990&announcementTime=2024-04-26,2024-04-29,2024-07-26,-0.257777
688628,优利德,2023,2024-04-19,2023年年度报告,http://www.cninfo.com.cn/new/disclosure/detail?stockCode=688628&announcementId=1219665010&orgId=nssc1000176&announcementTime=2024-04-19,2024-04-22,2024-07-19,-0.293076
688629,华丰科技,2023,2024-04-18,2023年年度报告,http://www.cninfo.com.cn/new/disclosure/detail?stockCode=688629&announcementId=1219652531&orgId=9900048587&announcementTime=2024-04-18,2024-04-19,2024-07-18,0.176044
688630,芯碁微装,2023,2024-04-24,2023年年度报告,http://www.cninfo.com.cn/new/disclosure/detail?stockCode=688630&announcementId=1219764840&orgId=nssc1000289&announcementTime=2024-04-24,2024-04-25,2024-07-24,0.01891
688631,莱斯信息,2023,2024-04-25,莱斯信息2023年年度报告,http://www.cninfo.com.cn/new/disclosure/detail?stockCode=688631&announcementId=1219798232&orgId=9900023202&announcementTime=2024-04-25,2024-04-26,2024-07-25,-0.397136
688636,智明达,2023,2024-03-29,成都智明达电子股份有限公司2023年年度报告,http://www.cninfo.com.cn/new/disclosure/detail?stockCode=688636&announcementId=1219444152&orgId=9900041815&announcementTime=2024-03-29,2024-04-01,2024-07-02,-0.297471
688633,星球石墨,2023,2024-04-26,2023年年度报告,http://www.cninfo.com.cn/new/disclosure/detail?stockCode=688633&announcementId=1219822496&orgId=9900044435&announcementTime=2024-04-26,2024-04-29,2024-07-26,0.126713
688638,誉辰智能,2023,2024-04-27,誉辰智能2023年年度报告,http://www.cninfo.com.cn/new/disclosure/detail?stockCode=688638&announcementId=1219887113&orgId=9900038835&announcementTime=2024-04-27,2024-04-29,2024-07-26,-0.096667
688639,华恒生物,2023,2024-04-22,安徽华恒生物科技股份有限公司2023年年度报告,http://www.cninfo.com.cn/new/disclosure/detail?stockCode=688639&announcementId=1219728812&orgId=gfbj0831088&announcementTime=2024-04-22,2024-04-23,2024-07-22,-0.390889
688646,ST逸飞,2023,2024-04-30,逸飞激光2023年年度报告,http://www.cninfo.com.cn/new/disclosure/detail?stockCode=688646&announcementId=1219921293&orgId=9900047763&announcementTime=2024-04-30,2024-05-06,2024-07-30,-0.168209
688648,中邮科技,2023,2024-04-27,中邮科技股份有限公司2023年年度报告,http://www.cninfo.com.cn/new/disclosure/detail?stockCode=688648&announcementId=1219887178&orgId=9900053181&announcementTime=2024-04-27,2024-04-29,2024-07-26,-0.177367
688652,京仪装备,2023,2024-04-24,2023年年度报告,http://www.cninfo.com.cn/new/disclosure/detail?stockCode=688652&announcementId=1219774713&orgId=9900053046&announcementTime=2024-04-24,2024-04-25,2024-07-24,-0.062857
688651,盛邦安全,2023,2024-04-26,2023年年度报告,http://www.cninfo.com.cn/new/disclosure/detail?stockCode=688651&announcementId=1219839371&orgId=gfbj0836731&announcementTime=2024-04-26,2024-04-29,2024-07-26,-0.216003
688655,迅捷兴,2023,2024-04-27,2023年年度报告,http://www.cninfo.com.cn/new/disclosure/detail?stockCode=688655&announcementId=1219887245&orgId=nssc1000359&announcementTime=2024-04-27,2024-04-29,2024-07-26,-0.036026
688653,康希通信,2023,2024-04-23,康希通信2023年年度报告,http://www.cninfo.com.cn/new/disclosure/detail?stockCode=688653&announcementId=1219743099&orgId=9900057354&announcementTime=2024-04-23,2024-04-24,2024-07-23,0.212606
688656,浩欧博,2023,2024-04-26,江苏浩欧博生物医药股份有限公司2023年年度报告,http://www.cninfo.com.cn/new/disclosure/detail?stockCode=688656&announcementId=1219841638&orgId=9900039221&announcementTime=2024-04-26,2024-04-29,2024-07-26,-0.0532
688657,浩辰软件,2023,2024-04-01,苏州浩辰软件股份有限公司2023年年度报告,http://www.cninfo.com.cn/new/disclosure/detail?stockCode=688657&announcementId=1219482427&orgId=gfbj0832097&announcementTime=2024-04-01,2024-04-02,2024-07-03,-0.217463
688658,悦康药业,2023,2024-04-30,2023年年度报告,http://www.cninfo.com.cn/new/disclosure/detail?stockCode=688658&announcementId=1219924232&orgId=9900041389&announcementTime=2024-04-30,2024-05-06,2024-07-30,0.103317
688659,元琛科技,2023,2024-04-27,2023年年度报告,http://www.cninfo.com.cn/new/disclosure/detail?stockCode=688659&announcementId=1219887255&orgId=9900041346&announcementTime=2024-04-27,2024-04-29,2024-07-26,-0.172573
688660,电气风电,2023,2024-03-29,2023年年度报告,http://www.cninfo.com.cn/new/disclosure/detail?stockCode=688660&announcementId=1219447036&orgId=nssc1000609&announcementTime=2024-03-29,2024-04-01,2024-07-02,-0.219321
688661,和林微纳,2023,2024-04-26,2023年年度报告,http://www.cninfo.com.cn/new/disclosure/detail?stockCode=688661&announcementId=1219818452&orgId=nssc1000577&announcementTime=2024-04-26,2024-04-29,2024-07-26,-0.211239
688663,新风光,2023,2024-04-26,新风光2023年年度报告,http://www.cninfo.com.cn/new/disclosure/detail?stockCode=688663&announcementId=1219839400&orgId=gfbj0833152&announcementTime=2024-04-26,2024-04-29,2024-07-26,-0.140078
688662,富信科技,2023,2024-04-27,广东富信科技股份有限公司2023年年度报告,http://www.cninfo.com.cn/new/disclosure/detail?stockCode=688662&announcementId=1219887325&orgId=nssc1000012&announcementTime=2024-04-27,2024-04-29,2024-07-26,-0.099222
688667,菱电电控,2023,2024-04-13,菱电电控2023年年度报告,http://www.cninfo.com.cn/new/disclosure/detail?stockCode=688667&announcementId=1219594024&orgId=9900041562&announcementTime=2024-04-13,2024-04-15,2024-07-12,-0.213268
688665,四方光电,2023,2024-04-18,四方光电股份有限公司2023年年度报告,http://www.cninfo.com.cn/new/disclosure/detail?stockCode=688665&announcementId=1219650260&orgId=nssc1000466&announcementTime=2024-04-18,2024-04-19,2024-07-18,-0.26347
688669,聚石化学,2023,2024-04-27,2023年年度报告,http://www.cninfo.com.cn/new/disclosure/detail?stockCode=688669&announcementId=1219887341&orgId=gfbj0833817&announcementTime=2024-04-27,2024-04-29,2024-07-26,-0.184321
688668,鼎通科技,2023,2024-04-17,2023年年度报告,http://www.cninfo.com.cn/new/disclosure/detail?stockCode=688668&announcementId=1219637813&orgId=9900041452&announcementTime=2024-04-17,2024-04-18,2024-07-17,0.053328
688671,碧兴物联,2023,2024-04-30,2023年年度报告,http://www.cninfo.com.cn/new/disclosure/detail?stockCode=688671&announcementId=1219925951&orgId=9900048797&announcementTime=2024-04-30,2024-05-06,2024-07-30,-0.131768
688670,金迪克,2023,2024-04-16,江苏金迪克生物技术股份有限公司2023年年度报告,http://www.cninfo.com.cn/new/disclosure/detail?stockCode=688670&announcementId=1219618457&orgId=9900046653&announcementTime=2024-04-16,2024-04-17,2024-07-16,-0.311131
688677,海泰新光,2023,2024-04-25,海泰新光2023年年度报告,http://www.cninfo.com.cn/new/disclosure/detail?stockCode=688677&announcementId=1219793411&orgId=gfbj0836412&announcementTime=2024-04-25,2024-04-26,2024-07-25,-0.212654
688676,金盘科技,2023,2024-03-21,2023年年度报告,http://www.cninfo.com.cn/new/disclosure/detail?stockCode=688676&announcementId=1219360066&orgId=9900044215&announcementTime=2024-03-21,2024-03-22,2024-06-24,0.346411
688679,通源环境,2023,2024-03-30,2023年年度报告,http://www.cninfo.com.cn/new/disclosure/detail?stockCode=688679&announcementId=1219473326&orgId=gfbj0834778&announcementTime=2024-03-30,2024-04-01,2024-07-02,-0.241309
688678,福立旺,2023,2024-04-22,2023年年度报告,http://www.cninfo.com.cn/new/disclosure/detail?stockCode=688678&announcementId=1219728839&orgId=gfbj0839734&announcementTime=2024-04-22,2024-04-23,2024-07-22,-0.028937
688681,科汇股份,2023,2024-04-26,科汇股份2023年年度报告,http://www.cninfo.com.cn/new/disclosure/detail?stockCode=688681&announcementId=1219839450&orgId=gfbj0830912&announcementTime=2024-04-26,2024-04-29,2024-07-26,-0.15628
688680,海优新材,2023,2024-04-29,上海海优威新材料股份有限公司2023年年度报告,http://www.cninfo.com.cn/new/disclosure/detail?stockCode=688680&announcementId=1219892804&orgId=gfbj0831697&announcementTime=2024-04-29,2024-04-30,2024-07-29,-0.280818
688683,莱尔科技,2023,2024-04-26,2023年年度报告,http://www.cninfo.com.cn/new/disclosure/detail?stockCode=688683&announcementId=1219817791&orgId=9900041447&announcementTime=2024-04-26,2024-04-29,2024-07-26,-0.14774
688682,霍莱沃,2023,2024-04-23,2023年年度报告,http://www.cninfo.com.cn/new/disclosure/detail?stockCode=688682&announcementId=1219739326&orgId=nssc1000563&announcementTime=2024-04-23,2024-04-24,2024-07-23,-0.075708
688685,迈信林,2023,2024-04-27,江苏迈信林航空科技股份有限公司2023年年度报告,http://www.cninfo.com.cn/new/disclosure/detail?stockCode=688685&announcementId=1219887380&orgId=nssc1000499&announcementTime=2024-04-27,2024-04-29,2024-07-26,-0.232326
688686,奥普特,2023,2024-04-30,2023年年度报告,http://www.cninfo.com.cn/new/disclosure/detail?stockCode=688686&announcementId=1219921378&orgId=9900041449&announcementTime=2024-04-30,2024-05-06,2024-07-30,-0.279173
688687,凯因科技,2023,2024-04-10,凯因科技2023年年度报告,http://www.cninfo.com.cn/new/disclosure/detail?stockCode=688687&announcementId=1219553513&orgId=9900023505&announcementTime=2024-04-10,2024-04-11,2024-07-10,-0.173477
688689,银河微电,2023,2024-03-26,2023年年度报告,http://www.cninfo.com.cn/new/disclosure/detail?stockCode=688689&announcementId=1219403331&orgId=9900035558&announcementTime=2024-03-26,2024-03-27,2024-06-27,0.164362
688690,纳微科技,2023,2024-04-25,苏州纳微科技股份有限公司2023年年度报告,http://www.cninfo.com.cn/new/disclosure/detail?stockCode=688690&announcementId=1219794676&orgId=nssc1000188&announcementTime=2024-04-25,2024-04-26,2024-07-25,-0.177714
688693,锴威特,2023,2024-04-12,苏州锴威特半导体股份有限公司2023年年度报告,http://www.cninfo.com.cn/new/disclosure/detail?stockCode=688693&announcementId=1219583512&orgId=9900055875&announcementTime=2024-04-12,2024-04-15,2024-07-12,0.295455
688697,纽威数控,2023,2024-03-26,纽威数控2023年年度报告,http://www.cninfo.com.cn/new/disclosure/detail?stockCode=688697&announcementId=1219404324&orgId=nssc1000650&announcementTime=2024-03-26,2024-03-27,2024-06-27,-0.184825
688696,极米科技,2023,2024-04-26,2023年年度报告,http://www.cninfo.com.cn/new/disclosure/detail?stockCode=688696&announcementId=1219819582&orgId=9900041814&announcementTime=2024-04-26,2024-04-29,2024-07-26,-0.305226
688698,伟创电气,2023,2024-04-16,苏州伟创电气科技股份有限公司2023年年度报告,http://www.cninfo.com.cn/new/disclosure/detail?stockCode=688698&announcementId=1219623591&orgId=nssc1000507&announcementTime=2024-04-16,2024-04-17,2024-07-16,-0.09727
688699,明微电子,2023,2024-04-29,2023年年度报告,http://www.cninfo.com.cn/new/disclosure/detail?stockCode=688699&announcementId=1219892851&orgId=9900023024&announcementTime=2024-04-29,2024-04-30,2024-07-29,-0.038226
688700,东威科技,2023,2024-04-27,2023年年度报告,http://www.cninfo.com.cn/new/disclosure/detail?stockCode=688700&announcementId=1219887435&orgId=9900044715&announcementTime=2024-04-27,2024-04-29,2024-07-26,-0.00393
688701,卓锦股份,2023,2024-04-27,浙江卓锦环保科技股份有限公司2023年年度报告,http://www.cninfo.com.cn/new/disclosure/detail?stockCode=688701&announcementId=1219887461&orgId=gfbj0833149&announcementTime=2024-04-27,2024-04-29,2024-07-26,-0.048096
688702,盛科通信,2023,2024-04-25,盛科通信2023年年度报告,http://www.cninfo.com.cn/new/disclosure/detail?stockCode=688702&announcementId=1219796746&orgId=9900053025&announcementTime=2024-04-25,2024-04-26,2024-07-25,0.253868
688707,振华新材,2023,2024-04-20,2023年年度报告,http://www.cninfo.com.cn/new/disclosure/detail?stockCode=688707&announcementId=1219697250&orgId=gfbj0870341&announcementTime=2024-04-20,2024-04-22,2024-07-19,-0.268332
688709,成都华微,2023,2024-04-15,成都华微电子科技股份有限公司2023年年度报告,http://www.cninfo.com.cn/new/disclosure/detail?stockCode=688709&announcementId=1219612280&orgId=9900053939&announcementTime=2024-04-15,2024-04-16,2024-07-15,-0.079169
688711,宏微科技,2023,2024-04-26,江苏宏微科技股份有限公司2023年年度报告,http://www.cninfo.com.cn/new/disclosure/detail?stockCode=688711&announcementId=1219839500&orgId=gfbj0831872&announcementTime=2024-04-26,2024-04-29,2024-07-26,-0.184808
688716,中研股份,2023,2024-04-26,吉林省中研高分子材料股份有限公司2023年年度报告全文,http://www.cninfo.com.cn/new/disclosure/detail?stockCode=688716&announcementId=1219817833&orgId=gfbj0835017&announcementTime=2024-04-26,2024-04-29,2024-07-26,-0.297118
688718,唯赛勃,2023,2024-04-27,唯赛勃2023年年度报告,http://www.cninfo.com.cn/new/disclosure/detail?stockCode=688718&announcementId=1219887514&orgId=9900023614&announcementTime=2024-04-27,2024-04-29,2024-07-26,-0.264836
688717,艾罗能源,2023,2024-04-22,浙江艾罗网络能源技术股份有限公司2023年年度报告全文,http://www.cninfo.com.cn/new/disclosure/detail?stockCode=688717&announcementId=1219728866&orgId=9900048907&announcementTime=2024-04-22,2024-04-23,2024-07-22,0.247216
688719,爱科赛博,2023,2024-04-27,西安爱科赛博电气股份有限公司2023年年度报告,http://www.cninfo.com.cn/new/disclosure/detail?stockCode=688719&announcementId=1219887557&orgId=9900031471&announcementTime=2024-04-27,2024-04-29,2024-07-26,-0.281075
688720,艾森股份,2023,2024-04-27,2023年年度报告,http://www.cninfo.com.cn/new/disclosure/detail?stockCode=688720&announcementId=1219887591&orgId=9900046652&announcementTime=2024-04-27,2024-04-29,2024-07-26,0.218095
688722,同益中,2023,2024-03-30,同益中2023年年度报告,http://www.cninfo.com.cn/new/disclosure/detail?stockCode=688722&announcementId=1219471828&orgId=nssc1000851&announcementTime=2024-03-30,2024-04-01,2024-07-02,-0.114855
688728,格科微,2023,2024-04-27,格科微有限公司2023年度报告,http://www.cninfo.com.cn/new/disclosure/detail?stockCode=688728&announcementId=1219887658&orgId=nssc1000731&announcementTime=2024-04-27,2024-04-29,2024-07-26,-0.269614
688733,壹石通,2023,2024-03-29,壹石通2023年年度报告,http://www.cninfo.com.cn/new/disclosure/detail?stockCode=688733&announcementId=1219447077&orgId=gfbj0833598&announcementTime=2024-03-29,2024-04-01,2024-07-02,-0.32161
688737,中自科技,2023,2024-03-30,中自环保科技股份有限公司2023年年度报告,http://www.cninfo.com.cn/new/disclosure/detail?stockCode=688737&announcementId=1219472549&orgId=gfbj0836497&announcementTime=2024-03-30,2024-04-01,2024-07-02,-0.274086
688739,成大生物,2023,2024-04-23,辽宁成大生物股份有限公司2023年年度报告,http://www.cninfo.com.cn/new/disclosure/detail?stockCode=688739&announcementId=1219739366&orgId=gfbj0831550&announcementTime=2024-04-23,2024-04-24,2024-07-23,-0.115982
688766,普冉股份,2023,2024-04-16,普冉半导体（上海）股份有限公司2023年年度报告,http://www.cninfo.com.cn/new/disclosure/detail?stockCode=688766&announcementId=1219621032&orgId=nssc1000720&announcementTime=2024-04-16,2024-04-17,2024-07-16,0.548707
688767,博拓生物,2023,2024-04-27,博拓生物2023年年度报告,http://www.cninfo.com.cn/new/disclosure/detail?stockCode=688767&announcementId=1219887679&orgId=9900041934&announcementTime=2024-04-27,2024-04-29,2024-07-26,-0.073284
688768,容知日新,2023,2024-04-26,容知日新2023年年度报告全文,http://www.cninfo.com.cn/new/disclosure/detail?stockCode=688768&announcementId=1219839530&orgId=9900041350&announcementTime=2024-04-26,2024-04-29,2024-07-26,-0.070467
688772,珠海冠宇,2023,2024-04-09,2023年年度报告,http://www.cninfo.com.cn/new/disclosure/detail?stockCode=688772&announcementId=1219538336&orgId=9900046634&announcementTime=2024-04-09,2024-04-10,2024-07-09,0.112777
688776,国光电气,2023,2024-04-16,国光电气2023年年度报告,http://www.cninfo.com.cn/new/disclosure/detail?stockCode=688776&announcementId=1219638497&orgId=GD005988&announcementTime=2024-04-16,2024-04-17,2024-07-16,-0.119022
688777,中控技术,2023,2024-04-09,中控技术股份有限公司2023年年度报告,http://www.cninfo.com.cn/new/disclosure/detail?stockCode=688777&announcementId=1219540128&orgId=9900041899&announcementTime=2024-04-09,2024-04-10,2024-07-09,-0.149885
688778,厦钨新能,2023,2024-04-18,厦门厦钨新能源材料股份有限公司2023年年度报告,http://www.cninfo.com.cn/new/disclosure/detail?stockCode=688778&announcementId=1219647751&orgId=9900046057&announcementTime=2024-04-18,2024-04-19,2024-07-18,-0.020594
688779,五矿新能,2023,2024-04-27,湖南长远锂科股份有限公司2023年年度报告,http://www.cninfo.com.cn/new/disclosure/detail?stockCode=688779&announcementId=1219887717&orgId=9900041575&announcementTime=2024-04-27,2024-04-29,2024-07-26,-0.110687
688786,悦安新材,2023,2024-04-23,悦安新材2023年年度报告,http://www.cninfo.com.cn/new/disclosure/detail?stockCode=688786&announcementId=1219741769&orgId=9900041628&announcementTime=2024-04-23,2024-04-24,2024-07-23,-0.109577
688787,海天瑞声,2023,2024-04-26,海天瑞声2023年年度报告,http://www.cninfo.com.cn/new/disclosure/detail?stockCode=688787&announcementId=1219843202&orgId=9900039125&announcementTime=2024-04-26,2024-04-29,2024-07-26,-0.20687
688788,科思科技,2023,2024-04-26,2023年年度报告,http://www.cninfo.com.cn/new/disclosure/detail?stockCode=688788&announcementId=1219842347&orgId=9900041758&announcementTime=2024-04-26,2024-04-29,2024-07-26,-0.167071
688789,宏华数科,2023,2024-04-27,杭州宏华数码科技股份有限公司2023年年度报告,http://www.cninfo.com.cn/new/disclosure/detail?stockCode=688789&announcementId=1219887752&orgId=9900023013&announcementTime=2024-04-27,2024-04-29,2024-07-26,-0.12754
688798,艾为电子,2023,2024-04-10,艾为电子2023年年度报告,http://www.cninfo.com.cn/new/disclosure/detail?stockCode=688798&announcementId=1219555050&orgId=gfbj0833221&announcementTime=2024-04-10,2024-04-11,2024-07-10,-0.029938
688793,倍轻松,2023,2024-04-25,2023年年度报告,http://www.cninfo.com.cn/new/disclosure/detail?stockCode=688793&announcementId=1219802185&orgId=gfbj0837027&announcementTime=2024-04-25,2024-04-26,2024-07-25,0.00327
688799,华纳药厂,2023,2024-04-20,2023年年度报告,http://www.cninfo.com.cn/new/disclosure/detail?stockCode=688799&announcementId=1219704683&orgId=9900033718&announcementTime=2024-04-20,2024-04-22,2024-07-19,-0.130409
688800,瑞可达,2023,2024-04-18,2023年年度报告,http://www.cninfo.com.cn/new/disclosure/detail?stockCode=688800&announcementId=1219652217&orgId=gfbj0831274&announcementTime=2024-04-18,2024-04-19,2024-07-18,-0.044652
688819,天能股份,2023,2024-03-29,天能电池集团股份有限公司2023年年度报告,http://www.cninfo.com.cn/new/disclosure/detail?stockCode=688819&announcementId=1219448389&orgId=9900041888&announcementTime=2024-03-29,2024-04-01,2024-07-02,-0.162821
688981,中芯国际,2023,2024-03-29,中芯国际2023年年度报告,http://www.cninfo.com.cn/new/disclosure/detail?stockCode=688981&announcementId=1219447098&orgId=gshk0000981&announcementTime=2024-03-29,2024-04-01,2024-07-02,0.041228
689009,九号公司,2023,2024-04-02,九号有限公司2023年年度报告,http://www.cninfo.com.cn/new/disclosure/detail?stockCode=689009&announcementId=1219494027&orgId=9900039199&announcementTime=2024-04-02,2024-04-03,2024-07-04,0.27551
