symbol,report_year,future_return,predicted_return
000002,2024,-0.083212,0.05276940211504314
000004,2024,0.104044,0.014589980781988046
000006,2024,-0.006341,-0.007360666760510087
000007,2024,0.031116,0.13869886569896583
000008,2024,0.03716,0.09087846188233127
000009,2024,0.115247,0.10079300478999499
000010,2024,0.373112,0.06056409078086049
000014,2024,0.040478,0.001660270681778847
000017,2024,-0.038932,0.10318599925251995
000020,2024,0.148387,0.06010512334359252
000027,2024,0.103504,0.12230860308228476
000028,2024,0.048068,0.013685140220706257
000029,2024,0.306631,0.03390979078741288
000030,2024,0.129888,0.21876382663549915
000032,2024,0.047599,0.03288080150420575
000031,2024,0.057864,-0.03450944772547833
000034,2024,-0.076118,0.053136880793851184
000035,2024,0.030378,0.05083590851801327
000036,2024,0.03563,-0.01941983185873565
000037,2024,0.141309,0.1401055216874692
000048,2024,-0.063487,-0.006048142682196556
000049,2024,0.130405,0.12039239763729977
000050,2024,-0.075972,0.038831160102840684
000056,2024,-0.006089,0.0741695765815419
000058,2024,0.029566,0.15371726324165141
000059,2024,0.017602,0.019255493054076422
000060,2024,0.062443,-0.0010695940342411864
000062,2024,0.144679,0.08448451501712774
000065,2024,0.112699,0.08429412303161128
000078,2024,0.227768,0.010326113856472058
000088,2024,0.039477,0.03140722640378704
000012,2024,0.047855,0.08247517253222286
000099,2024,-0.172815,0.07000199751492331
000100,2024,0.124016,0.0519381313867845
000151,2024,-0.092209,0.05921645687337031
000153,2024,0.181953,0.035187579067518834
000156,2024,-0.144995,0.0005172095671569649
000045,2024,-0.022515,0.12470019858081166
000157,2024,-0.069317,0.07136976705943507
000158,2024,0.137475,0.0590723795309671
000166,2024,-0.013906,-0.028460187051345953
000159,2024,0.032917,0.09417541856337665
000301,2024,0.036381,0.050390969856822426
000333,2024,-0.015735,0.09276760724589159
000026,2024,0.109197,0.12891578559311792
000338,2024,-0.055276,0.18796951791073135
000400,2024,-0.063576,0.14617353064029653
000402,2024,0.128675,-0.022507893210826038
000401,2024,-0.090668,0.04193805891774594
000403,2024,0.084157,0.020078552459412646
000404,2024,0.09639,0.18584409377383437
000407,2024,0.052363,0.0961106473733726
000408,2024,0.198553,0.024190693354667975
000025,2024,0.061065,0.07136285149692334
000410,2024,0.004637,0.1178002655815588
000411,2024,0.096281,0.03880157139578987
000415,2024,0.15564,0.12492873700858254
000019,2024,0.048336,-0.017381272587975227
000420,2024,0.138683,0.06282168480560356
000055,2024,0.120458,0.11443086206278123
000422,2024,-0.003579,0.02909127486455347
000423,2024,-0.087326,-0.0035818198829729725
000425,2024,-0.024869,0.1144455678501031
000426,2024,0.4868,0.04489073169463013
000068,2024,-0.087008,0.044525988491759524
000069,2024,-0.066385,-0.03749495986756107
000090,2024,-0.024734,0.07513347380873482
000488,2024,0.0,0.013186306776713619
000498,2024,0.04155,0.008742824136911659
000501,2024,0.007743,0.03709957391463575
000011,2024,0.021656,0.028537843368312568
000503,2024,0.063639,0.02790400688086208
000506,2024,0.51286,0.04560718429936039
000507,2024,0.031776,0.055510208413746556
000509,2024,0.201331,0.08951808703261105
000070,2024,0.245455,0.074206800393924
000513,2024,0.055707,0.0060465118673420915
000514,2024,0.28364,0.04871729651229795
000016,2024,-0.079471,0.12294542413857523
000066,2024,0.068134,0.08082445068511927
000021,2024,0.086067,0.13093023249463168
000061,2024,0.02147,-0.020603943865488222
000520,2024,0.172879,0.04442607338017919
000521,2024,0.009382,0.06453938398664102
000096,2024,-0.312704,0.09908598522249996
000524,2024,0.046875,0.05051907058038302
000419,2024,-0.029424,0.02334744485240163
000526,2024,-0.052596,0.09922252214926633
000528,2024,-0.167587,0.09778121635999842
000089,2024,0.069763,-0.017485096156271113
000530,2024,0.303048,0.08424385444667028
000531,2024,0.191585,0.12704891715859284
000409,2024,0.065188,0.09167104273912421
000533,2024,0.278097,0.19749944970112832
000429,2024,-0.027939,0.07343803740191374
000536,2024,-0.011292,0.13359864120686546
000537,2024,0.046926,0.1686800458286083
000538,2024,-0.002993,-0.0006688118335476528
000539,2024,0.002219,0.16194042607558207
000543,2024,-0.006145,0.13032394350794818
000541,2024,0.074039,0.1970240452061292
000155,2024,-0.012545,0.12115629181164311
000545,2024,0.452563,0.10009811412337659
000421,2024,0.186523,0.1204467232964603
000547,2024,0.159758,0.013558355615169687
000548,2024,0.077802,-0.010610003207925045
000550,2024,-0.123322,0.1910119929964956
000551,2024,0.262083,0.05411009665516649
000552,2024,0.110337,0.0616594968961062
000553,2024,0.146139,0.027247954301055158
000555,2024,0.200159,0.030268086632035042
000554,2024,0.132546,0.09083299121382174
000557,2024,0.043379,-0.005251785103325857
000558,2024,0.22407,0.05429073543030109
000560,2024,0.025225,-0.0006116393031680434
000430,2024,-0.154804,0.05419395470422929
000428,2024,-0.008748,0.0755386219850781
000417,2024,-0.049996,0.03966362865015923
000564,2024,-0.125385,0.0012955112003294328
000565,2024,0.616778,0.073584653346363
000566,2024,0.339086,0.011746657495338542
000518,2024,0.214375,0.01933294304185014
000568,2024,-0.006728,0.014258232296922621
000505,2024,0.04931,0.030196608144265308
000517,2024,0.070439,0.026426316289005762
000504,2024,0.88024,0.09737769974547424
000576,2024,0.51875,0.17553059997724646
000519,2024,0.334766,0.11046176556416407
000582,2024,-0.050764,0.0056371659462825935
000581,2024,0.0557,0.21207531671699004
000586,2024,0.08235,0.1727103875342565
000589,2024,0.074942,0.12068474896216956
000510,2024,0.019192,0.06357653068813263
000591,2024,0.087819,0.17052616471936072
000516,2024,0.077072,0.055151339641733146
000593,2024,0.154629,0.08938120589630105
000595,2024,0.086122,0.14962728047238028
000596,2024,-0.137838,0.024381325309264047
000597,2024,0.037305,0.04738831844552527
000598,2024,0.087518,0.005499167352392462
000599,2024,0.196133,0.11789373865248975
000600,2024,0.122634,0.08660944161253178
000601,2024,-0.199511,0.19834732381349873
000603,2024,0.144472,0.058395118164576654
000605,2024,0.0,0.06628719469398955
000607,2024,0.337119,0.03005076735605744
000608,2024,0.382022,-0.01642214552295171
000609,2024,0.279382,0.08291022361568999
000523,2024,-0.020732,0.0446009281270818
000612,2024,-0.015454,0.07354189881003768
000525,2024,0.071305,0.04274715367024018
000617,2024,0.20972,0.042890753267025995
000529,2024,0.11567,0.048601544676924735
000620,2024,0.018817,0.027934937621923103
000623,2024,0.217209,0.019922082268439556
000625,2024,0.023239,0.16813212263497856
000626,2024,0.269415,0.04651150488761486
000628,2024,-0.002859,0.04526940203172381
000629,2024,-0.10783,0.06574371748131012
000630,2024,0.184134,0.06643496835136616
000631,2024,0.110367,0.21647054991070497
000632,2024,0.268576,0.03942605319524102
000633,2024,0.364606,0.1322157242465466
000635,2024,0.171342,0.048081282985468515
000637,2024,0.211613,0.0596540038714357
000636,2024,0.037836,0.14034101360498732
000561,2024,0.344676,0.08313556906215151
000638,2024,0.410487,0.0185206436973986
000639,2024,0.197742,0.07327308914902353
000651,2024,0.0196,0.15710488683290785
000650,2024,0.115955,0.05014403527177616
000652,2024,0.202062,0.03841144144417791
000657,2024,1.003997,0.03545951366523518
000656,2024,0.090081,-0.03330953896598482
000659,2024,-0.107601,0.06292648954486543
000546,2024,0.328225,0.04689052790704428
000544,2024,-0.045521,0.1033605994039489
000563,2024,-0.02264,0.027092666255414496
000665,2024,0.225115,0.04633041339272782
000670,2024,0.116249,0.11670910484723356
000669,2024,0.600277,0.10257180621195054
000610,2024,0.007132,0.0192547994530268
000672,2024,0.14926,0.03885386835548346
000677,2024,0.300227,0.11612969881690252
000567,2024,0.259706,0.02828882230988708
000679,2024,0.593822,0.04786741975903046
000532,2024,-0.025518,0.05088105258059962
000572,2024,0.285219,0.25071769981931463
000681,2024,0.064777,0.021359660013781506
000683,2024,0.220443,0.032933141598401106
000685,2024,0.103237,0.06251225659321959
000534,2024,-0.156259,0.09787109331931501
000688,2024,0.008049,0.03249882515535331
000690,2024,0.146626,0.1815258764372814
000691,2024,1.055255,0.03527173901778285
000695,2024,0.223258,0.17272971506699134
000570,2024,0.139762,0.17091477742593614
000697,2024,0.116821,0.13078830446901454
000701,2024,0.402676,0.1071347048161802
000700,2024,0.063976,0.19981611441331312
000590,2024,0.254183,0.041370948201236
000703,2024,0.059567,0.05102919001749965
000705,2024,0.218466,0.0325459296870739
000571,2024,0.110905,-0.00589517159545562
000708,2024,-0.045646,0.05192187207909078
000709,2024,0.146351,0.03330478467204596
000573,2024,0.050015,0.12603110519946537
000711,2024,-0.037466,0.02762256366348681
000712,2024,0.319351,0.03927205790867855
000713,2024,-0.017877,0.044152634135016855
000715,2024,0.154442,0.03558326860430152
000592,2024,0.048361,0.06145922027566551
000559,2024,0.235651,0.20234736504046646
000718,2024,0.101907,0.0023874651839308203
000719,2024,0.127378,0.08769221359857592
000720,2024,0.132683,0.01708039790821931
000721,2024,-0.051951,0.05558108330971939
000615,2024,-0.022703,0.060826910980968596
000725,2024,0.078299,0.0490932682577169
000723,2024,0.18123,0.06142891761879994
000655,2024,0.030728,0.049339602358931686
000727,2024,0.056068,0.09165367735797457
000728,2024,0.12993,0.03443118456410646
000661,2024,0.219178,0.002538855212168359
000731,2024,0.096717,-0.0011573796036089823
000733,2024,-0.095385,0.07433524613512721
000702,2024,0.137848,0.029578299848601927
000735,2024,0.009605,0.058193496886744966
000668,2024,0.682484,0.034086751125687334
000738,2024,0.059933,0.146954242417294
000739,2024,-0.029981,0.018774755809289174
000678,2024,0.421905,0.2087468712893064
000682,2024,0.042071,0.13314080162349257
000753,2024,-0.065155,0.17680939547686
000755,2024,0.044629,0.054567686508610866
000619,2024,-0.02573,0.11630669372488499
000757,2024,0.216316,0.2118438091364886
000710,2024,0.260549,0.0726012545701108
000698,2024,0.227528,0.04022959734182378
000761,2024,0.070093,0.0915199975803009
000680,2024,0.066216,0.14798089890939842
000766,2024,0.330534,-0.025472110971956896
000692,2024,0.098433,0.1403294429858449
000663,2024,0.27436,0.04131798371297934
000776,2024,0.051575,-0.07310797061568698
000676,2024,0.152143,0.02678124721868136
000707,2024,0.146799,0.018287917433437315
000779,2024,0.105016,0.0735197458843881
000782,2024,0.015826,0.09641782362233402
000783,2024,0.23492,-0.0338766371436383
000785,2024,-0.047993,0.04636397171413021
000786,2024,-0.045939,0.05315519662680723
000788,2024,0.218882,0.02611877304698429
000789,2024,0.290639,0.04087486841626882
000759,2024,-0.037952,0.06218060128380211
000791,2024,0.014414,0.12967391264024497
000792,2024,0.032655,0.06166473309967123
000793,2024,0.035319,0.08556701301011357
000795,2024,-0.084034,0.16915679221286253
000796,2024,0.314511,-0.00315849212787038
000722,2024,0.034884,0.18758132718564596
000726,2024,0.157468,0.0738570964493093
000799,2024,0.129672,0.06419378500832262
000800,2024,-0.169559,0.16627551329594403
000801,2024,-0.031377,0.07280469403818808
000716,2024,-0.039952,0.045673170880079245
000802,2024,0.175966,0.009465521099936744
000717,2024,0.247021,0.04640001485849912
000807,2024,-0.063512,0.072569791798719
000809,2024,0.008879,0.16007283657054647
000810,2024,-0.121591,0.0894624534632025
000813,2024,0.319933,0.040834604904649796
000811,2024,0.359318,0.13846279404088332
000812,2024,0.088146,0.060164872244546995
000816,2024,-0.063636,0.10790715171806835
000818,2024,-0.02025,0.06139769437981703
000819,2024,-0.051552,0.07573084274174512
000820,2024,0.403183,0.06943203612840673
000821,2024,0.123475,0.14013971259592894
000822,2024,0.119683,0.04657202308459746
000823,2024,-0.006557,0.13599689723242542
000825,2024,0.197514,0.037398325918302604
000826,2024,0.197329,0.07199370029697186
000729,2024,0.054327,0.02993423442254265
000829,2024,0.065382,0.01924101366655403
000830,2024,0.111618,0.024942922300645078
000831,2024,0.456359,-0.02204911053405674
000762,2024,-0.000806,0.06026083902069407
000837,2024,0.001647,0.13356305752501918
000737,2024,0.297925,0.06046206089356905
000839,2024,0.078705,0.007467499187536961
000850,2024,0.139448,0.10891424559187224
000856,2024,-0.034599,0.10498703039183876
000758,2024,0.419175,0.065747894840405
000859,2024,0.221684,0.06507952179297591
000858,2024,-0.025956,-0.01196809588446078
000862,2024,0.036351,0.10609542214376572
000860,2024,-0.00473,0.01626747613669026
000863,2024,-0.068711,0.042958968092642165
000868,2024,-0.117259,0.2437039559123369
000869,2024,-0.00546,0.06911745788389842
000751,2024,0.213563,0.10544697509728068
000875,2024,-0.016352,0.09220670940281366
000876,2024,0.024437,-0.005835694915319628
000877,2024,-0.184568,0.03910666634267349
000878,2024,-0.046191,0.006138049475907195
000880,2024,0.291635,0.09451484031986526
000881,2024,0.101245,0.053718954500097935
000882,2024,-0.100309,0.042273054816125755
000885,2024,0.044525,0.04494063273623601
000752,2024,0.124489,0.12451611922924692
000887,2024,0.028258,0.200669238261863
000798,2024,0.135101,0.035144392680384794
000889,2024,0.391566,0.050105847428702055
000890,2024,0.292661,0.03781131621921716
000892,2024,0.654971,0.006806611444416577
000893,2024,0.122328,0.04313060943366266
000895,2024,-0.038387,0.005311938905991312
000790,2024,0.18581,-0.00898117930298982
000768,2024,0.11769,0.10297592488241133
000900,2024,0.130529,0.07723521216245674
000899,2024,-0.025026,0.15097435167617043
000777,2024,0.305703,0.13293981053758314
000767,2024,0.044402,0.18655875530164287
000903,2024,-0.041067,0.24843087000077801
000905,2024,0.05165,-0.05384550804234782
000906,2024,0.13005,0.041004211545705056
000908,2024,0.229544,0.03149960563540571
000909,2024,0.127966,0.06795983604555039
000797,2024,-0.074664,0.012941107861355439
000828,2024,0.191333,0.1600359471458831
000778,2024,0.135529,0.07754344204667567
000803,2024,0.121736,0.06968068630429214
000913,2024,0.047933,0.22591343159553123
000917,2024,0.11129,0.02432993891078815
000919,2024,0.0,0.056123045122609044
000920,2024,0.20433,0.02409805993051707
000833,2024,0.060024,-0.021186230802470216
000815,2024,-0.154995,0.09399862194470832
000848,2024,-0.038035,0.034732476193968055
000925,2024,0.067257,0.028578395800720906
000926,2024,0.301587,0.01313706979461289
000927,2024,0.009732,-0.0016095632882307809
000928,2024,0.073156,0.04215970923589397
000929,2024,0.366227,0.06304489337000126
000736,2024,-0.053306,0.0030962626368594842
000886,2024,0.135135,0.01958108614350991
000838,2024,0.277517,0.00014814236781689194
000933,2024,-0.129667,0.08339643940524738
000935,2024,0.245163,0.09026848771884752
000888,2024,0.008595,0.09562869519823435
000936,2024,0.099439,0.057167322771273274
000938,2024,0.026638,0.040760369607369853
000911,2024,0.048711,-0.01039542781778835
000915,2024,0.082773,0.016911551682667607
000950,2024,0.113808,-0.021808997297881563
000949,2024,-0.130296,0.061270924408601754
000883,2024,-0.009226,0.11175055351798616
000955,2024,0.180244,0.04984187288025
000912,2024,0.0,0.03987577287457115
000902,2024,0.033618,-0.03121171396201687
000897,2024,0.093423,0.08362803669629094
000901,2024,0.110451,0.20055449290727725
000960,2024,0.112839,0.034314508090372994
000962,2024,0.160196,0.07657009326524711
000963,2024,0.1845,-0.0016480993936331956
000898,2024,-0.020228,0.035178719621709195
000910,2024,-0.04155,0.08572907217530155
000967,2024,0.237408,0.048788388850364836
000968,2024,0.130915,0.034686024341924276
000923,2024,0.172532,0.007581410955161891
000970,2024,-0.064209,0.060492135710906905
000972,2024,0.230523,0.03388263789346071
000973,2024,0.027917,0.10523703257844956
000977,2024,-0.037516,0.0693492858888828
000975,2024,0.105706,-0.01612779771498561
000978,2024,-0.061069,0.03826620924486964
000852,2024,0.177691,0.1092951155173146
000983,2024,0.199296,-0.01605545836588701
000922,2024,0.038977,0.12313379956761965
000985,2024,0.136203,-0.06575484441675723
000987,2024,0.096527,0.04985430088902586
000988,2024,0.200391,0.16963931339820817
000989,2024,0.140954,0.024755570949974347
000990,2024,-0.027519,0.025492759721387995
000921,2024,-0.151548,0.13626602572108415
000930,2024,0.102006,0.035511151034909955
000937,2024,0.11366,0.041093438628516436
000998,2024,-0.009781,0.05595012927883179
000999,2024,0.009139,0.0016680734150574528
001202,2024,0.101363,0.043565887007015976
000958,2024,-0.013744,0.0891851461333575
000948,2024,0.19931,0.04064768354305468
001205,2024,0.009314,-0.018963032098250343
001206,2024,0.510003,0.11015349259603638
000931,2024,0.144947,0.031229860122393968
000952,2024,0.315711,0.019031604753680542
001209,2024,0.080743,0.0850172237457914
000951,2024,-0.131132,0.15169720589140334
001210,2024,0.174912,0.16141059654073464
001212,2024,0.140068,0.09250833839742352
001211,2024,0.171415,0.09607121393037922
001213,2024,0.101449,0.12451559897479518
001215,2024,0.108638,0.0038660076283922457
001216,2024,0.101979,0.11113378797052617
001218,2024,0.147977,0.10123299002859193
001219,2024,-0.019862,0.08526497930331639
001222,2024,0.327915,0.08610155029879706
001223,2024,0.244458,0.13056011231181086
000932,2024,-0.177923,0.038957364418886586
001226,2024,0.403183,0.15824814874301
000959,2024,0.264201,0.0545848239034188
000953,2024,0.184587,0.06304701009154272
001229,2024,0.159843,0.07843425043828683
000957,2024,-0.044998,0.08857261435114352
000966,2024,-0.17041,0.10884807602936297
000965,2024,0.306075,-0.010370790831410182
001236,2024,0.625381,0.004748771081507494
001238,2024,0.256997,0.13598929854778857
001239,2024,0.214934,0.18793415777144049
001255,2024,0.244709,0.1123237549232425
001256,2024,0.069013,0.13468441149077465
000980,2024,-0.057339,0.1718272313364295
001260,2024,0.174713,0.2222337305345553
000969,2024,0.016281,0.10189423036076975
000995,2024,0.195794,0.054463425175812055
000993,2024,0.086331,0.19221043825619089
001269,2024,0.28042,0.17834189811322934
001270,2024,0.169748,0.06083870300992481
001278,2024,0.152047,0.23078054129843545
001208,2024,0.000916,0.10963672107133499
001225,2024,0.128918,0.13671397487047665
001279,2024,0.014322,0.08724261831454658
001283,2024,0.63895,0.08629765342395944
001286,2024,0.045599,0.055747400833190595
001287,2024,0.099169,0.12593170435169196
001288,2024,0.180635,0.10497475412108832
001289,2024,0.010956,0.14866520340461867
001296,2024,0.226901,0.148405772369229
000981,2024,0.188961,0.23194666385827217
001299,2024,0.024799,0.09005381533565066
001300,2024,0.071197,0.11745651800223937
001301,2024,-0.185781,0.12557603411858642
001201,2024,0.239528,0.016488347301673437
001308,2024,-0.001937,0.07854423565318544
001309,2024,-0.021145,0.029913652801165307
001311,2024,0.110543,0.18705902699784122
001313,2024,-0.044811,0.045642724427231905
001314,2024,0.074422,0.07597730273643166
001217,2024,0.087862,0.06554796061263092
001317,2024,0.27412,0.11954362777002388
001318,2024,-0.053888,0.061033335949798886
001319,2024,0.130316,0.17014172720168314
001322,2024,0.047018,0.02889888143267573
001323,2024,0.090208,0.11791428796742867
001324,2024,0.243194,0.13103695069473434
001326,2024,0.15414,0.08808185565806988
001328,2024,0.056225,0.08215883974932409
001330,2024,0.112385,0.05059783058236485
001227,2024,0.102273,-0.010868038456325405
001332,2024,0.02053,0.1507509552853875
001207,2024,0.169484,0.09244416829596751
001336,2024,0.202105,0.0412885189252004
001337,2024,-0.04299,0.03617513510626601
001338,2024,0.05988,0.11172467363830965
001339,2024,0.123733,0.07092263295430078
001228,2024,0.234368,0.011152776587960475
001358,2024,0.011971,-0.013241605841388684
000997,2024,0.167014,0.032855895969218216
001231,2024,0.219689,0.02816664805602192
001366,2024,0.193722,0.046812819219021785
001367,2024,0.154028,0.07032835010267906
001368,2024,-0.028343,0.08694872627369943
001203,2024,0.420375,0.07623582435316392
001259,2024,0.204373,0.13506336915987655
001378,2024,0.109931,0.08712811634385466
001230,2024,0.220745,0.05183982168841667
001380,2024,0.153945,0.19060928909659314
001382,2024,-0.017188,0.1840852617988964
001387,2024,0.163625,0.1527751661581629
001389,2024,0.045512,0.051650277571069714
001268,2024,0.348934,0.17996228246093907
001395,2024,-0.190444,0.13972806356806966
001696,2024,0.014482,0.15671060674844245
001872,2024,0.104679,-0.007232511690376364
001896,2024,0.594747,0.14840556089429624
001266,2024,0.317,0.18407773092041257
001965,2024,-0.033104,0.002109286283766637
001979,2024,-0.102919,-0.013504509326861591
002001,2024,-0.000721,0.02372815014449505
002004,2024,0.090447,0.025438371069619686
002003,2024,-0.114847,0.06846385908563943
002005,2024,0.39118,0.16016386392760745
002006,2024,0.049179,0.1422246430370224
002008,2024,0.089552,0.1083428782114252
001234,2024,0.197138,0.07026816913894376
002009,2024,0.200767,0.22186309193422976
002010,2024,0.235877,0.03978219234708383
002011,2024,-0.010268,0.21508475418566964
001277,2024,0.203984,0.17127529327261065
002014,2024,0.073078,0.06463772303645628
002015,2024,0.817484,0.15398939991676008
002017,2024,1.320908,0.0513840042701373
002016,2024,-0.028537,0.01938957587145218
002019,2024,0.299112,0.029915438947852396
002020,2024,0.13595,0.019282910131229902
002021,2024,0.121091,0.12968276099668213
002022,2024,0.350829,0.06842661924996785
002024,2024,-0.047645,0.09660640867132861
002023,2024,0.198499,0.1089749195195805
001356,2024,0.003311,0.13142344801346129
002026,2024,0.197512,0.22696873305405396
002027,2024,0.067986,0.03453747498269019
002028,2024,0.070682,0.12653421158303052
002029,2024,0.152575,0.11718959081260216
001267,2024,0.469048,0.03565440335993007
001306,2024,0.079863,0.23613488201911842
002031,2024,-0.047817,0.17518265566745672
002032,2024,-0.05171,0.09646245718172261
002033,2024,-0.100118,0.038796014846637306
002034,2024,0.086123,0.13628836045387804
002035,2024,0.054152,0.10963073832327705
002037,2024,0.947087,0.006313803755762418
002038,2024,0.202361,0.019255707598521576
001298,2024,0.599469,0.14097003481453904
002040,2024,0.414402,-0.026146708551224834
002041,2024,-0.035872,0.02899817649577436
002042,2024,-0.243673,0.11176977990176605
001282,2024,0.15625,0.14150118829423383
002045,2024,0.144924,0.11802755568458925
002044,2024,-0.037809,0.05230706411769995
002046,2024,0.091837,0.15892454931748784
001316,2024,0.432387,0.06857022673940319
002048,2024,0.374916,0.19945755535868687
002049,2024,0.012282,0.06853408175244624
001333,2024,-0.115149,0.09708950735358343
002051,2024,0.077326,0.07081327908631872
002052,2024,0.438459,0.13264725292943746
002053,2024,-0.005558,0.14462148604394273
001376,2024,-0.10219,0.12500113943294824
001331,2024,-0.027413,0.07352622727558485
002057,2024,0.405825,0.14867229641648672
001360,2024,0.475019,0.055243309687149994
002056,2024,-0.024537,0.09667907570931872
002058,2024,0.669319,0.2278551932760985
002059,2024,-0.044635,0.02527838583009427
002060,2024,0.104152,0.08301819942479999
002061,2024,0.094885,0.03511126180132682
002064,2024,-0.165348,0.10978495855426525
002062,2024,0.098925,0.060167773852876305
002063,2024,-0.043428,0.07253426948818775
002065,2024,-0.012401,0.0332712930830427
002066,2024,0.20978,0.12197075247366261
002068,2024,-0.056894,0.07623108043313577
001359,2024,0.497857,0.17269846415601067
002067,2024,0.37885,0.02549956478015735
002069,2024,0.200669,-0.006188253399619842
002072,2024,0.529536,0.017519870132768962
002073,2024,0.158324,0.045422829472880316
002074,2024,0.50405,0.1731455363545584
002075,2024,0.157171,0.10620424153513691
002076,2024,0.056636,0.1493188335548011
002077,2024,0.034872,0.10491655872829439
002078,2024,-0.001665,0.0373792882734553
002079,2024,0.086263,0.12198054834180078
001391,2024,-0.04533,0.0391455270811661
002080,2024,0.206583,0.09230217663006918
002081,2024,0.113056,0.07591133274196754
002082,2024,0.335237,0.017371595414846376
002085,2024,0.037768,0.14987138066924216
002086,2024,0.199015,0.027247815696421637
002088,2024,-0.025422,0.09335192067955866
002090,2024,0.168152,0.14940656945049546
002091,2024,0.12328,0.10418141654727218
002092,2024,-0.015115,0.05266446025009948
002093,2024,0.135217,0.05137328751514196
002095,2024,0.115874,0.013277060989206155
002096,2024,0.042006,-0.016039196902093295
002097,2024,0.611407,0.09835168099572134
001373,2024,0.1682,0.12198609633017726
002099,2024,0.265329,0.0025914386148613994
002101,2024,0.12018,0.19159536398252844
002100,2024,0.06415,0.023469191350137836
001379,2024,0.107198,0.11678735151209318
002102,2024,0.470699,0.014611253393290752
002105,2024,0.021875,0.17889885914314602
002103,2024,0.266766,0.049736509573549845
002107,2024,0.426817,0.1673578958400761
002007,2024,-1.5e-05,0.0058970250667217256
002108,2024,0.113231,0.10149649150064718
002109,2024,0.112665,0.04403407021966409
002110,2024,0.232143,0.05831646054181144
002111,2024,0.146027,0.04070220790367238
002112,2024,-0.000441,0.2009958328925397
002114,2024,0.065823,0.053328085465578
002115,2024,0.218584,0.021380438627076434
002116,2024,0.127445,0.07747090021871197
002119,2024,0.06254,0.14107869022001399
002117,2024,-0.159138,0.0510534300618109
002120,2024,0.171551,-0.01624298871535866
002121,2024,0.030545,0.19565236401025893
002122,2024,0.002554,0.12154139282565765
002039,2024,0.049796,0.13656761457717548
002124,2024,-0.01656,0.03275278859921106
002125,2024,0.430769,0.1032665982954307
002127,2024,-0.163677,0.04134931698880772
002126,2024,0.200749,0.13450913984711682
002128,2024,0.168953,0.07312665244723958
002012,2024,0.211051,0.04008130503753249
002130,2024,0.268627,0.12366834142150371
002131,2024,-0.024809,0.12158988505236859
002132,2024,0.225806,0.1682354151565212
002043,2024,-0.032291,0.048501064966163576
002036,2024,0.060427,0.12456373291135998
002135,2024,0.116279,0.07534989929382874
002136,2024,0.04738,0.03422108889030456
002137,2024,0.209917,0.1500080255550534
002138,2024,-0.062379,0.08859564224910238
001914,2024,-0.010128,-0.0003072112869132587
002140,2024,-0.106933,0.04032462957187508
002094,2024,0.5029,0.0743846650381035
002144,2024,0.156598,0.1676306481644474
002146,2024,0.087966,0.01877939784430977
002145,2024,-0.081913,0.09170067419954799
002148,2024,-0.084134,0.023872591019276482
002149,2024,0.174932,0.06135139792883537
002150,2024,0.084688,0.2423941929379817
002047,2024,0.093489,0.05012833328961007
002151,2024,0.081129,0.04022509275356498
002153,2024,0.333193,0.014598174241697348
002152,2024,0.037715,0.02290367746605447
002154,2024,0.026804,0.09704786906539184
002155,2024,0.048024,0.0290077464310122
002156,2024,-0.024334,0.10024579100621797
002083,2024,0.236568,0.034290231366450714
002158,2024,0.097694,0.12510412226137668
002159,2024,0.051942,0.022987458038030505
002160,2024,0.204724,0.14419876809755555
002161,2024,0.530071,0.05206901583857769
002162,2024,0.177096,0.1116616649273407
002163,2024,0.387656,0.1133404743688732
002164,2024,0.106049,0.22011078911053172
002165,2024,-0.193702,0.03728335398111694
002025,2024,-0.109079,0.13008207054402998
002168,2024,0.680968,0.16665963751977725
002030,2024,0.006635,0.061952534872276754
002170,2024,0.111055,0.024426001609697004
002171,2024,-0.050703,0.09832554108369157
002055,2024,0.420806,0.17944415492881746
002172,2024,0.180162,0.023707159032941225
002174,2024,0.494437,0.011108237756548886
002173,2024,0.635155,0.04966339329885093
002176,2024,0.098833,0.2112283983386784
002175,2024,0.090375,0.11484264075731263
002177,2024,0.370599,0.05045714779633209
002178,2024,0.227473,0.03081898501124746
002180,2024,0.002839,0.10035369951003814
002181,2024,0.280854,0.012102043258476927
002183,2024,-0.035508,0.04027947928468503
002182,2024,0.062879,0.15703364396606417
002184,2024,0.230515,0.1488025379334026
002185,2024,-0.042692,0.09041668359379346
002186,2024,-0.007471,0.020506180186093605
002187,2024,-0.005974,0.03344612222513918
002188,2024,0.073762,0.03240906419794347
002084,2024,0.095325,0.08920967182487208
002106,2024,-0.075017,0.087660705631762
002191,2024,0.127522,0.06580961644865065
002192,2024,0.296032,0.1783411017281388
002194,2024,0.232365,0.08901605562094438
002193,2024,0.276534,0.1037352518527099
002196,2024,0.194522,0.2767467624024381
002195,2024,0.073027,0.06122605478990836
002098,2024,-0.050081,0.087548667677447
002123,2024,0.058806,0.05729040300760275
002054,2024,0.044521,0.10001227868446487
002199,2024,0.612903,0.12775137015562651
002201,2024,0.156529,0.0710249744076204
002104,2024,1.571429,0.01341205926968983
002204,2024,0.111111,0.13177121730222038
002203,2024,0.2062,0.11254261071420783
002206,2024,0.258473,0.13461994748826722
002133,2024,0.226852,0.06187023282123297
002208,2024,0.198307,-0.014459580161035906
002207,2024,0.445933,0.08262942837152033
002209,2024,0.315894,0.14738800588157175
002210,2024,0.129269,0.08405476266801257
002212,2024,0.152621,0.024558732876871776
002129,2024,0.12974,0.08750266706655004
002211,2024,-0.002288,0.05460235352627972
002214,2024,0.239791,0.10782862122341652
002213,2024,0.233176,0.158728938909623
002215,2024,0.32071,0.004072052092048681
002216,2024,-0.04152,-0.00347754050808588
002217,2024,0.150123,0.12485184727324633
002218,2024,0.218838,0.15923118156607272
002219,2024,0.004391,0.003816657005046298
002221,2024,0.16228,0.04547946772385219
002222,2024,0.159753,0.12401258152373155
002141,2024,0.647645,0.07533362696919016
002225,2024,0.141153,0.022986164207093242
002226,2024,0.025413,0.06577842711759863
002227,2024,0.188256,0.2350026941801993
002228,2024,0.147868,0.049849705739840065
002134,2024,0.12585,0.08710604838827526
002230,2024,0.045919,0.0407782840737925
002229,2024,0.50727,0.09286479673597497
002232,2024,0.129329,0.14050603901357495
002231,2024,-0.01606,0.08692491122069092
002233,2024,-0.021618,0.06598597243349773
002234,2024,-0.119861,0.02193698217404485
002236,2024,-0.036084,0.027805172247454303
002237,2024,0.066795,0.04733811955550361
002166,2024,-0.009105,0.04629738501811818
002239,2024,0.046777,0.16898972228200398
002240,2024,-0.060606,0.23112799026185482
002241,2024,-0.120652,0.06516862881421451
002242,2024,-0.060579,0.1382674322889641
002243,2024,-0.071565,0.04417216413868166
002245,2024,-0.219322,0.19125952521572906
002244,2024,0.048224,-0.0049560850242134635
002247,2024,0.166667,0.08576458594178427
002246,2024,0.815451,0.19994448561414452
002248,2024,0.212753,0.16842353911149707
002249,2024,0.04614,0.10648300797179804
002251,2024,0.228977,0.06031365357657575
002250,2024,0.58539,0.04051035470668585
002252,2024,0.027812,0.006637694140898764
002253,2024,0.167815,0.07698421648121219
002254,2024,-0.129133,0.01708140990984182
002255,2024,0.140225,0.08166722243333308
002256,2024,0.095402,0.1256167648577648
002258,2024,0.262557,0.04780481114152377
002259,2024,0.344221,0.10237001949813847
002261,2024,0.04012,0.06011817159970538
002262,2024,-0.073133,0.028582314180142072
002263,2024,0.466667,0.0930703617983381
002265,2024,0.845015,0.12846480400132204
002264,2024,0.042391,0.08208318094963836
002266,2024,0.270481,0.05890232951738138
002139,2024,-0.100652,0.12973977363172517
002267,2024,0.005934,0.030355464261882445
002268,2024,0.244876,0.015074987744897475
002269,2024,0.140808,0.13457844166006888
002270,2024,0.140536,0.177611077403208
002271,2024,-0.073685,0.06877007163011364
002272,2024,0.320039,0.13112847308709047
002274,2024,0.001844,0.048810568351901354
002275,2024,0.110018,0.007473593252411356
002276,2024,0.05793,0.11108455204230144
002277,2024,0.164489,0.034005497890646504
002179,2024,-0.013922,0.10957124651970904
002279,2024,0.090827,0.020951171188073096
002281,2024,0.135218,0.06560958018048166
002282,2024,-0.099675,0.12144102940651466
002157,2024,0.054162,0.003062040817254308
002167,2024,0.264162,0.11951523972473821
002285,2024,0.01638,0.02958132833689827
002286,2024,0.362304,0.024057022803460136
002287,2024,0.064417,0.018405289707906322
002289,2024,1.259362,0.1601103323682294
002290,2024,0.20194,0.15548711850938568
002291,2024,0.147959,0.06303614253434542
002292,2024,0.16119,0.06361605059357198
002293,2024,0.059755,0.0709420661747125
002294,2024,0.470772,-0.014296268480147326
002295,2024,0.293871,0.14755184759839027
002296,2024,0.089579,0.035179907860495296
002190,2024,1.162685,0.1932566611859481
002298,2024,0.435542,0.13836151136342287
002299,2024,-0.049059,0.010299906425255731
002300,2024,0.19078,0.16955343188287197
002301,2024,0.039435,0.025629044159617385
002302,2024,0.019051,0.04584296471942797
002198,2024,-0.013237,0.04769596845893398
002304,2024,0.023855,0.021991365955835236
002305,2024,1.138568,-0.03320166754966011
002050,2024,-0.12385,0.2067771103826634
002307,2024,0.104091,0.05985362656117688
002309,2024,0.245935,0.13181254301765116
002310,2024,0.059368,0.0737280616751359
002311,2024,0.083966,0.03557652328804533
002312,2024,0.044973,0.015809753012859903
002313,2024,-0.099927,0.06760575025998408
002314,2024,0.240708,-0.032097142605836584
002315,2024,-0.098041,0.08098236226959649
002316,2024,0.42588,0.15408245259646614
002317,2024,0.492814,0.058985194834743196
002318,2024,-0.04186,0.10797946975629713
002189,2024,0.584673,0.17356787142169758
002320,2024,0.077656,0.05209136780360868
002169,2024,0.14797,0.21775592577519798
002200,2024,0.437186,0.036092915156578836
002324,2024,0.231888,0.09652058172098793
002323,2024,0.152,0.12192619646052182
002197,2024,0.396465,0.03788244170017577
002327,2024,-0.041786,0.08253109152406518
002326,2024,0.39044,0.05152598708838853
002329,2024,0.171265,0.05563635860490094
002223,2024,0.076994,0.07281528015082323
002330,2024,0.061755,0.05131669099727244
002332,2024,0.231109,-0.0007576712119460732
002333,2024,0.152755,0.1256397971127859
002334,2024,0.164719,0.15714509776495467
002205,2024,0.575321,0.06337556201653839
002335,2024,0.084158,0.07910540605281693
002338,2024,0.165939,0.158421770306652
002339,2024,0.194195,0.1278962938599208
002202,2024,0.125215,0.10648626597900182
002340,2024,0.092797,0.08451188403664574
002342,2024,0.58876,0.11255896131573018
002343,2024,0.30937,0.02134512974786658
002344,2024,0.158221,0.09774348936470362
002345,2024,0.400145,0.10359049753311526
002346,2024,0.119329,0.15241312823914188
002347,2024,0.175824,0.17566880504601218
002349,2024,0.053553,0.01851108893311356
002224,2024,0.087855,0.11119945077056995
002278,2024,0.12343,0.05197851677826499
002352,2024,0.154621,0.02655852019315734
002353,2024,0.143376,0.035605237760284174
002354,2024,0.256098,0.051502368898933185
002273,2024,0.152493,0.11634485915612039
002356,2024,0.13253,0.09282743058745138
002357,2024,0.390454,0.08644328285319114
002358,2024,0.059285,0.15927294381685275
002360,2024,0.225985,0.031714658289141606
002361,2024,0.101201,0.12270711758076422
002362,2024,0.014939,0.06379428424719481
002297,2024,0.273322,0.14321640284103104
002364,2024,0.116237,0.09709239979514013
002284,2024,0.121414,0.2790531754023928
002365,2024,1.529149,0.03905061550868237
002367,2024,0.014708,0.13204420369252257
002366,2024,0.770815,0.13931440928343947
002369,2024,0.079329,0.09071090444772578
002368,2024,-0.069822,0.03978620574759967
002370,2024,0.711456,-0.0002694397381637764
002372,2024,-0.074501,0.017101516220189426
002373,2024,0.332057,0.08269703471744018
002374,2024,0.208833,0.09639201804523255
002375,2024,0.138741,0.10500557271398445
002376,2024,0.313681,0.07640108242446814
002235,2024,0.628866,0.07033925009815137
002378,2024,0.352165,0.028197615131389346
002379,2024,-0.034767,0.09908673099230804
002380,2024,0.01399,0.1353120395751009
002382,2024,0.293966,0.08070395266750414
002381,2024,0.084145,0.10051753733383668
002383,2024,0.262975,0.05951458717906538
002384,2024,1.125542,0.12551914227320257
002386,2024,0.161062,0.045574159022244196
002385,2024,0.034104,0.011663520844454836
002388,2024,0.27091,0.12451634851226684
002283,2024,-0.099058,0.2074896173997693
002389,2024,0.274493,0.11131728337367566
002390,2024,0.052109,0.04458185608733794
002391,2024,0.222962,0.008884499233429238
002392,2024,0.197079,0.04835479109369836
002393,2024,0.166949,0.050752732577579424
002238,2024,0.133658,0.015361230936015366
002395,2024,0.216431,0.0974446667475134
002396,2024,0.210271,0.046039110758947024
002397,2024,0.036137,0.10954105563420084
002398,2024,0.381916,0.06780115958348962
002399,2024,0.040064,0.057099049906655146
002400,2024,-0.0278,0.06705476350792815
002401,2024,0.052118,0.027044010925388606
002402,2024,0.221058,0.11822671545885582
002306,2024,-0.144552,0.14657909342748698
002405,2024,0.060086,0.1144168732205909
002319,2024,0.424119,0.04630819388174576
002407,2024,0.137909,0.06861041035322143
002408,2024,0.077679,0.026293907281076737
002409,2024,0.062471,0.071042745302163
002410,2024,-0.034492,0.04722381235408329
002412,2024,0.146304,0.01786672846955281
002413,2024,0.324645,0.08722291530456736
002414,2024,0.423629,0.08494695243130847
002416,2024,0.060539,0.08263762138385843
002415,2024,0.004494,0.04336930480712117
002419,2024,0.006975,0.03223678777363005
002418,2024,0.209441,0.20445887406134344
002420,2024,-0.103501,0.2120882393413892
002421,2024,0.011848,0.053893694465671674
002422,2024,-0.003373,-0.008673578513195251
002423,2024,0.053111,0.004443263085140578
002425,2024,0.412,0.01565209776860217
002424,2024,0.373882,-0.009221800781629888
002426,2024,0.179636,0.17882713571016223
002427,2024,0.165331,0.12626553158924933
002322,2024,0.048674,0.14242214991107113
002429,2024,0.093131,0.02183288066543572
002430,2024,-0.069285,0.058034413451073845
002431,2024,0.252941,0.06508920753937167
002432,2024,0.031889,0.08266808987027464
002434,2024,0.109623,0.2503657129662407
002436,2024,0.43254,0.019778628441990048
002437,2024,0.316443,0.02459371739843773
002438,2024,0.258644,0.09942717760053621
002439,2024,0.037123,0.01643610372579457
002440,2024,0.096532,0.020108270546995308
002442,2024,0.019871,0.09052446868703112
002441,2024,0.184388,0.17739760764370582
002444,2024,0.319165,0.07370439588333666
002328,2024,0.116952,0.1966747662943626
002445,2024,0.128499,0.15446102446417215
002446,2024,0.148232,0.03706084166079686
002448,2024,0.208268,0.21022045104665182
002303,2024,0.127117,0.07205215059378955
002451,2024,-0.028372,0.17664753003782901
002452,2024,0.062082,0.19710497283778222
002453,2024,0.070119,0.05881838294250033
002454,2024,0.238636,0.20155488728797888
002455,2024,-0.116873,0.09770631112757769
002456,2024,-0.172617,0.15221265397252057
002457,2024,0.076784,0.06182769374619479
002458,2024,-0.135046,0.04281857175590008
002321,2024,0.013436,-0.01148585829172466
002460,2024,-0.000883,0.0450615893036094
002459,2024,0.213738,0.11069490769650678
002462,2024,0.186226,-0.0031200920202499177
002461,2024,0.134701,0.02810099230584366
002463,2024,0.287636,0.022759450585996217
002465,2024,0.23729,0.03248671682117194
002466,2024,0.038292,0.03663958566152817
002467,2024,0.123886,0.055415650450187426
002469,2024,-0.002552,0.06491809992029345
002470,2024,0.046575,-0.011232210160843081
002471,2024,0.421552,0.15800589783693814
002472,2024,0.082016,0.2658010238478217
002331,2024,0.142382,0.06787449924590062
002476,2024,0.116319,0.12479637739755245
002348,2024,0.286049,0.11127286807083464
002479,2024,0.164963,0.1334969490110968
002480,2024,0.446948,0.11455025364742986
002481,2024,0.018815,0.011283546818372167
002482,2024,0.050938,0.10775501871072417
002483,2024,0.106009,0.13541422884761273
002484,2024,0.407283,0.13606829601006565
002485,2024,0.440994,0.041871871800340674
002363,2024,0.162469,0.21360877636663805
002487,2024,0.314844,0.17511963815479742
002488,2024,0.036228,0.16714458576955354
002489,2024,0.113888,0.12495970772418595
002350,2024,0.164606,0.19030712018779436
002491,2024,0.179283,0.0766962973527906
002492,2024,0.216943,0.02879999415609505
002493,2024,0.164809,0.022362076544271817
002494,2024,0.212598,0.06881290630854887
002495,2024,0.080198,0.07048272609492245
002496,2024,0.427602,0.036254852604310384
002497,2024,0.388961,0.15024412823662908
002371,2024,0.018632,0.09025855173132176
002500,2024,0.124302,-0.0001900252747710357
002355,2024,0.099507,0.16719970623660402
002506,2024,0.306103,0.12521629755565683
002507,2024,-0.038973,-0.0024822305550726426
002510,2024,0.181445,0.09936093301617416
002508,2024,0.018826,0.10626512153856826
002351,2024,-0.105306,0.1201936109224894
002512,2024,0.175866,0.0915957543253303
002513,2024,0.252082,0.048570360422463044
002514,2024,0.325768,0.2028433844332096
002515,2024,0.137313,0.031340717674226366
002516,2024,-0.061751,0.25709292811314066
002517,2024,0.137022,0.01980393459271365
002518,2024,0.057281,0.026451108031202757
002519,2024,0.185417,0.06447868636629321
002521,2024,0.011645,0.09400728263514237
002520,2024,0.159684,0.15777339080213043
002522,2024,0.170621,0.07880331990598759
002523,2024,0.175337,0.12995347977673677
002524,2024,0.247275,0.11451332876110219
002526,2024,0.121851,0.1180872827591636
002527,2024,0.346282,0.14127035971678553
002528,2024,0.255639,0.07578403095644592
002394,2024,0.265552,0.1026651596411216
002529,2024,0.255287,0.21884116204337178
002530,2024,0.016139,0.10374086257235915
002531,2024,0.001609,0.14264098870436792
002532,2024,0.176658,0.08338012170483258
002533,2024,-0.058528,0.11299835728530458
002536,2024,-0.142766,0.18597773131606482
002534,2024,-0.094544,0.20699517498136422
002535,2024,-0.014727,0.07282993307666258
002537,2024,0.112602,0.2289007272552812
002539,2024,0.146879,0.009044738485794526
002540,2024,0.0429,0.21547642906748293
002541,2024,-0.077205,0.08698058489789277
002377,2024,0.225583,0.08542928067069024
002542,2024,0.353273,0.013947880117337594
002544,2024,0.096772,0.0621175896508447
002545,2024,0.355681,0.13938383458474699
002547,2024,0.122549,0.14665631208323093
002546,2024,0.120261,0.13745979775341882
002548,2024,-0.046899,0.014897440745716889
002549,2024,0.506292,0.10615266311965413
002550,2024,1.039476,0.046590099423330124
002551,2024,0.213492,0.047713575184550966
002553,2024,0.177385,0.17752089784353953
002552,2024,-0.022628,0.08844831533301392
002554,2024,0.193095,0.10735562787407774
002555,2024,0.125379,0.04126602598615175
002337,2024,0.177115,0.16722493169780192
002556,2024,0.126617,0.09378702658344037
002558,2024,0.748297,-0.016914001091836994
002559,2024,0.133667,0.14046256454373668
002560,2024,0.299964,0.18436035347535132
002561,2024,0.073339,0.022655270791269368
002562,2024,0.290333,0.06142996646347841
002563,2024,-0.235932,0.049804439223901945
002564,2024,0.118973,0.16208736253908856
002565,2024,0.966963,0.040476026118469004
002566,2024,0.107424,0.006461075013314457
002406,2024,0.123555,0.22099857111803967
002567,2024,0.012437,0.013823167530739935
002387,2024,-0.117895,0.03670648154254367
002569,2024,0.376699,0.1187739090402768
002568,2024,-0.064356,0.01768738853870322
002570,2024,0.101716,0.05253552110128122
002571,2024,-0.258105,0.08303422191441287
002572,2024,-0.029896,0.08945628297909981
002574,2024,0.087801,0.08977773595588913
002576,2024,0.288877,0.18483255766018908
002577,2024,-0.041535,0.09974773000246487
002578,2024,0.101305,0.11385748980452391
002443,2024,0.212484,0.10740581969503823
002580,2024,0.171672,0.10280672175136131
002581,2024,-0.028494,0.0570298803231989
002582,2024,-0.07935,0.009867231191661427
002583,2024,0.08388,0.019687300390576576
002585,2024,0.145661,0.04745569266557374
002584,2024,-0.105874,0.09794468852273192
002587,2024,0.122331,0.06910287240739621
002586,2024,-0.026028,0.06603044547680446
002428,2024,-0.010769,0.08433909993633683
002588,2024,0.13188,0.01650051799049603
002404,2024,0.116306,0.0505566356821905
002590,2024,0.241191,0.2840187151161551
002593,2024,0.101673,0.15970333966326422
002592,2024,0.189902,0.20551076833933624
002595,2024,0.164101,0.2047668980528527
002594,2024,-0.054995,0.1881183350426584
002596,2024,0.304427,0.0655465284298367
002597,2024,-0.037508,0.012084474409425255
002599,2024,0.019556,0.05566459550814211
002598,2024,0.220309,0.1312557760368237
002600,2024,-0.051733,0.08544261758632317
002601,2024,0.100591,0.00702986584565192
002602,2024,0.619274,0.03172076490233899
002603,2024,0.23351,0.011608993967501896
002605,2024,0.06589,0.09118425482888126
002606,2024,0.143499,0.1226894162913041
002607,2024,0.022965,0.03263793274310593
002608,2024,0.005194,0.07586487808175295
002609,2024,0.119068,0.12486973354590347
002611,2024,-0.096639,0.10327231081157076
002613,2024,0.072158,0.12019649133770674
002612,2024,0.135735,0.05148032703518804
002615,2024,0.205824,0.07682265998589272
002449,2024,0.108671,0.09845731604523963
002616,2024,0.118907,0.08929609311351784
002617,2024,0.089286,0.14875149822877076
002620,2024,0.110028,0.14748638929161195
002622,2024,0.253879,0.07411447027068632
002623,2024,0.692042,0.17703041323544927
002624,2024,0.20404,-0.0034516408094729806
002625,2024,-0.039824,0.08672651068051418
002626,2024,0.364534,0.033463109997958165
002474,2024,0.163836,0.06054775078875095
002478,2024,-0.032746,0.11290410008351637
002630,2024,-0.252585,0.17659222080588027
002629,2024,0.220865,0.16807432722976157
002631,2024,0.010695,0.07163844957500602
002632,2024,0.127788,0.0925878300136917
002634,2024,0.19992,0.17402993319565244
002486,2024,0.28764,0.10537035379269888
002635,2024,-0.119286,0.12292967544749697
002636,2024,0.542765,0.0876196532889706
002637,2024,0.154007,0.04890872241537811
002638,2024,0.185904,0.13612777226869854
002639,2024,0.478844,0.17495934335356506
002640,2024,0.46495,0.05720031013357772
002642,2024,-0.008894,0.04910740168614426
002641,2024,0.040331,0.07395443481937598
002643,2024,0.229225,0.0723448485288629
002644,2024,0.142117,0.027659480648926295
002645,2024,1.080223,0.13642901022275986
002646,2024,0.163327,0.0463756856722773
002647,2024,0.14131,-0.0053061032785902545
002649,2024,0.193663,0.04859157342509495
002648,2024,-0.217803,0.057153398944350786
002650,2024,0.049513,0.055284203146988564
002490,2024,0.837482,0.11805959342881678
002651,2024,0.847573,0.1553987933476576
002652,2024,0.366035,0.10462683733648966
002653,2024,-0.048366,0.09215742033951724
002654,2024,0.075589,0.13221666215524158
002655,2024,0.076547,0.23211431989183945
002656,2024,0.105691,0.10575761252766869
002657,2024,0.507804,0.06196588777950433
002659,2024,0.140295,0.07536710649924554
002660,2024,-0.044139,0.17787196742316352
002511,2024,0.183707,0.10199521093738172
002662,2024,-0.127756,0.26749088194346365
002663,2024,0.134485,0.01949354251263114
002664,2024,0.294449,0.23764137295382015
002666,2024,0.131687,0.21216100091978163
002667,2024,-0.102285,0.12044444543069842
002668,2024,-0.136222,0.11216946260031146
002575,2024,-0.086019,0.10457718935287895
002669,2024,0.33676,0.0823490772320527
002670,2024,0.202674,0.037741153589122056
002672,2024,0.109761,-0.00689901741085748
002671,2024,0.03137,0.06209626744955249
002674,2024,0.12208,0.1710047773949293
002673,2024,0.128061,-0.028230742449826957
002676,2024,0.336175,0.18443933205309862
002675,2024,0.063154,-0.005487100089144187
002498,2024,0.118905,0.1489822119490726
002677,2024,0.08556,0.14438580816150282
002678,2024,0.155395,0.10973103169094632
002681,2024,-0.0227,0.10687001493884357
002682,2024,0.200948,0.1521422740863018
002683,2024,0.153945,0.005320344641300975
002685,2024,0.174078,0.16786911878397637
002686,2024,0.183327,0.193568885674043
002687,2024,0.170925,0.13159973240813508
002688,2024,0.128769,0.0648358896750618
002690,2024,0.031339,0.07382589916254237
002692,2024,-0.133305,0.17631745868298523
002691,2024,0.068783,0.10011636739397893
002693,2024,-0.012337,0.014080793285944984
002501,2024,0.035169,0.09381792814472126
002695,2024,0.168978,0.04065920182891368
002696,2024,0.259421,0.05041503343709962
002698,2024,0.00208,0.15963501941874947
002697,2024,-0.033877,0.040223391684133955
002538,2024,0.100822,0.014251627214586976
002701,2024,0.042741,0.049379652244406796
002703,2024,0.057198,0.32142076101364303
002543,2024,0.1576,0.09051066740166785
002702,2024,0.120744,0.0524983372986777
002705,2024,0.134386,0.1591531778790287
002708,2024,-0.020915,0.18978976936244701
002706,2024,0.037292,0.15033516880902276
002709,2024,0.079495,0.0886606458311438
002557,2024,-0.005407,0.028287152039459654
002579,2024,0.641011,0.11808471701430179
002714,2024,0.093318,0.03957405311199816
002715,2024,0.133171,0.20932175385879043
002591,2024,0.322163,0.15276391425633207
002717,2024,-0.328085,0.030929499142573445
002614,2024,0.080782,0.09358867504046568
002475,2024,0.21174,0.07494967075029904
002721,2024,0.409204,0.12156222695916823
002722,2024,0.246386,0.08283959084150357
002723,2024,-0.010748,0.13514602326539693
002724,2024,0.303156,0.14814172757199817
002725,2024,0.211455,0.24373651553236642
002589,2024,0.090346,-0.03768719236341231
002726,2024,-0.040346,-0.013707106663959634
002627,2024,-0.111732,0.04426758524166588
002633,2024,0.525556,0.24137623243988404
002730,2024,0.272834,0.08329699611707503
002731,2024,0.311391,0.07789806664982409
002732,2024,0.058757,0.03706349080117995
002733,2024,0.171462,0.15543675013463387
002734,2024,0.695714,0.014116346312053094
002735,2024,0.382512,0.13531251150180895
002736,2024,0.263943,0.027479200515516146
002737,2024,0.033756,0.04908626003393101
002739,2024,0.059618,0.007228633691659936
002741,2024,0.252346,0.09627640073320401
002742,2024,0.264039,0.06904260138052315
002743,2024,-0.095845,0.10627681061475214
002745,2024,0.040289,0.08063407597709049
002746,2024,0.064117,0.025269440173357742
002747,2024,0.107828,0.1209755354928922
002748,2024,0.124479,0.0515381686480529
002628,2024,0.31524,0.021981763470164978
002752,2024,0.05815,0.08425476815056591
002753,2024,0.172528,0.08788404782572873
002755,2024,0.444346,-0.01932331766379561
002757,2024,0.202165,0.11804308159984736
002756,2024,-0.057597,0.08684854180732608
002759,2024,0.287179,0.15921466051037597
002679,2024,0.219333,0.029904881615385723
002760,2024,-0.147073,0.1307521056930297
002761,2024,0.201397,0.03838836318741601
002762,2024,0.432669,0.051020488359303805
002763,2024,0.049161,0.1402361964202681
002765,2024,-0.143383,0.21835042030364404
002766,2024,-0.257101,0.17214473067469327
002658,2024,0.168386,0.07539084814710936
002768,2024,0.437144,0.05371432945406392
002769,2024,0.085956,0.09833969824426289
002772,2024,0.048206,0.030993705246909524
002771,2024,0.043268,0.05198742332876542
002774,2024,0.087,0.1714479040748117
002773,2024,0.539645,0.04141841641685447
002775,2024,0.412351,0.11103623121947065
002573,2024,0.108995,0.01435235948974306
002689,2024,0.214797,0.09747789869569876
002661,2024,0.001075,-0.0062766629608985575
002712,2024,0.138931,0.018060462473314942
002777,2024,-0.037541,0.038684497884771574
002778,2024,0.112706,0.08194592454715063
002713,2024,0.072529,0.09951190551927074
002780,2024,0.220987,0.11377130395989288
002782,2024,0.215856,0.20715607599539032
002783,2024,0.335849,0.041345522050391645
002787,2024,-0.06355,0.09920647621084372
002788,2024,0.10881,0.026150570276039994
002789,2024,0.359924,0.09379604346265336
002790,2024,0.079386,0.12653684163496687
002791,2024,-0.06798,0.08955884276999586
002793,2024,0.205938,0.11440063919613029
002718,2024,0.287968,0.14227223206211764
002795,2024,0.121673,0.1270996676000051
002797,2024,0.11092,-0.013944720632951144
002798,2024,0.632619,0.04435741272806758
002799,2024,0.170418,0.09041216317301486
002800,2024,0.203965,0.05263592843804556
002694,2024,0.120885,0.046203842404502725
002802,2024,-0.075188,0.09024599727354919
002803,2024,0.183333,0.08587163767139042
002719,2024,0.060056,0.02994257661241466
002805,2024,0.239547,0.11176762898645358
002806,2024,0.106736,0.2301709501742833
002807,2024,0.165663,-0.048324762510512834
002808,2024,0.644595,0.08285143711157335
002810,2024,0.185466,0.023695164619858322
002811,2024,0.206792,0.07594558231299275
002707,2024,-0.042001,0.01153912300909328
002815,2024,0.311316,0.06999313312792951
002816,2024,0.540517,0.14804271364323313
002817,2024,0.120961,0.001671957954928166
002818,2024,0.038973,-0.030781111995931157
002820,2024,0.095165,0.026278542675774785
002819,2024,0.17965,0.10926838978068366
002821,2024,0.124513,0.015111125049016502
002822,2024,0.018923,0.09568535158809108
002716,2024,0.129151,0.0034427266062373035
002823,2024,0.16234,0.2534389200937547
002826,2024,1.09415,0.0021686536249637123
002825,2024,0.132587,0.1787650211578623
002827,2024,0.452321,0.02454765041754478
002828,2024,0.269951,0.08494519843746821
002729,2024,0.178039,0.152436487371118
002830,2024,0.278317,0.09239586692339187
002832,2024,-0.005383,0.1427832021849234
002831,2024,0.183654,0.040745284591761834
002749,2024,-0.001337,0.06918270708326568
002833,2024,0.00468,0.14357541966055914
002700,2024,-0.140232,0.13775961018936375
002837,2024,0.318861,0.1005873531378738
002838,2024,0.358829,0.0713412315755385
002839,2024,0.113744,0.013187170539586152
002841,2024,0.113033,0.05736322912168978
002840,2024,-0.000759,0.007272037207770948
002842,2024,0.448478,0.06522231194373351
002843,2024,-0.043645,0.11662076923239431
002846,2024,0.79483,0.1256175042549309
002728,2024,0.149029,0.04054631887027797
002845,2024,0.075613,0.14202047215576885
002848,2024,0.566265,0.1019580939736208
002847,2024,-0.127766,0.03201210435694477
002849,2024,-0.088464,0.11686652235563083
002851,2024,0.400847,0.1444593621558864
002852,2024,0.031823,0.07611242624649482
002850,2024,0.026373,0.20624228817993662
002853,2024,-0.09935,0.06006655939555001
002855,2024,0.122011,0.15972558540268716
002856,2024,0.268142,0.10611223804360505
002858,2024,0.238488,0.24041194532925525
002859,2024,0.168383,0.07807024274339631
002860,2024,0.406353,0.20594858410418415
002861,2024,0.206265,0.0951107829540779
002862,2024,0.075953,0.11509607873315074
002863,2024,0.118149,0.2681732617716902
002864,2024,0.114367,0.005167189953959053
002865,2024,-0.386485,0.15832357435352962
002867,2024,0.063852,0.05769395464303733
002866,2024,0.222264,0.14819268951202594
002868,2024,0.497858,0.11071801221713262
002869,2024,-0.0289,0.059756224018249815
002870,2024,-0.098796,0.22385794992791347
002767,2024,0.172313,0.12830424031081125
002873,2024,0.2516,0.01559373480364
002872,2024,0.179054,-0.023899389572566737
002875,2024,0.268519,0.10202396245987205
002876,2024,-0.044851,0.1392082676504409
002877,2024,0.145581,0.14056747039064638
002758,2024,0.098878,0.05541188839512466
002879,2024,-0.2163,0.19754094218514737
002880,2024,0.043213,0.034285265122917
002881,2024,-0.015992,0.07819201059476394
002882,2024,1.16796,0.12089524404161195
002883,2024,0.506417,0.020571584150202583
002884,2024,0.073556,0.10444144475517803
002885,2024,0.139219,0.25394939567927716
002886,2024,0.047859,0.04328329720441797
002887,2024,0.253416,0.0514029572467143
002888,2024,0.13969,0.1562650925250283
002801,2024,-0.148661,0.14024569764106282
002890,2024,0.208277,0.165734980123136
002809,2024,0.079662,0.02689008901853676
002891,2024,0.004597,0.028046849084546965
002893,2024,0.046549,0.09063740408356964
002895,2024,0.054258,0.039843425434608996
002896,2024,0.276642,0.17156912334456545
002897,2024,-0.029043,0.1743939832944415
002898,2024,1.178886,0.004091781746899101
002899,2024,0.139785,0.07276708270697074
002900,2024,0.4613,-0.0013127625754362215
002901,2024,0.303738,0.026481509518966058
002786,2024,0.13416,0.17277410968702778
002903,2024,0.058962,0.1815053225791129
002905,2024,0.213445,0.05689796150510161
002906,2024,-0.056067,0.14036908531106818
002907,2024,0.241452,-0.012932283115818996
002908,2024,0.304461,0.05949220539150653
002727,2024,0.103286,0.022350906478209358
002909,2024,0.066741,0.06743383951540853
002911,2024,-0.050048,0.0830814742534423
002912,2024,-0.098932,0.01679683661436708
002792,2024,0.100498,0.06403810115102354
002915,2024,0.371131,0.06643984955487278
002917,2024,0.152466,0.01928164095592403
002916,2024,-0.019799,0.036047539310357396
002919,2024,0.101675,0.07249270222165896
002779,2024,0.165835,0.12562895674907548
002921,2024,0.255165,0.16944412043982915
002920,2024,-0.194609,0.1447646429841271
002923,2024,0.15553,0.057444498378673645
002812,2024,0.03858,0.10868000034559483
002922,2024,-0.12831,0.22385250413402158
002925,2024,0.127871,0.11924965335996397
002926,2024,0.270492,0.03050424784262821
002927,2024,0.295261,0.1746697661549789
002928,2024,0.137521,0.005200100417700582
002929,2024,0.010714,0.07612671284494699
002931,2024,-0.053457,0.21029869476120733
002796,2024,0.076644,0.12166072298470068
002933,2024,0.140659,0.10149457546636094
002935,2024,0.150265,0.06966989344738216
002829,2024,0.348473,0.08580354668752635
002938,2024,0.385292,0.11969456868128742
002939,2024,0.17723,0.046929545254512546
002940,2024,3.298052,0.018415185648256734
002941,2024,0.115318,0.027754657849968466
002942,2024,0.088879,0.034977633984677306
002943,2024,0.139977,0.14366549681776936
002835,2024,0.085985,0.05985697120352648
002946,2024,-0.022466,-0.002404698174027581
002947,2024,-0.105989,0.1083270366287203
002948,2024,0.243945,0.05022853827005226
002949,2024,0.088975,0.07741699926238342
002950,2024,0.112635,0.08743970314736453
002951,2024,1.261959,0.1336065377127786
002836,2024,0.21237,0.06367217616834024
002953,2024,0.041928,0.1626709500331505
002956,2024,0.110956,-0.02359793854590965
002955,2024,0.169604,0.13245527034087848
002957,2024,0.16291,0.1847454356844165
002959,2024,0.119152,0.11146758394221465
002960,2024,0.114009,0.07091745989273279
002857,2024,0.796966,0.1608856609780879
002962,2024,0.112465,0.11104465931843022
002963,2024,0.273504,0.14270302818897979
002965,2024,-0.033882,0.14790426954766062
002967,2024,-0.157447,0.04523336466998526
002968,2024,0.162277,0.011450341081666066
002969,2024,0.10452,0.046299500212413025
002871,2024,0.14468,0.10835527455856901
002971,2024,0.491701,0.11070822785259055
002972,2024,0.128367,0.07419462492012516
002973,2024,0.343575,0.09529875186352049
002976,2024,0.25822,0.18694316152838336
002975,2024,0.367852,0.11056244814648762
002878,2024,0.417767,0.03885540275239162
002978,2024,-0.007505,0.016456706199798964
002979,2024,-0.045892,0.13062825370851552
002980,2024,0.209328,0.13578872470268016
002982,2024,0.005879,-0.004513706873314469
002981,2024,0.582705,0.13078227352071803
002813,2024,0.037505,0.25675741025280524
002984,2024,0.048763,0.15084442387647867
002985,2024,0.093909,0.10329590014107073
002986,2024,0.090271,0.04510392043527791
002988,2024,0.60369,0.12999421333704403
002987,2024,0.995779,0.02197796651594157
002824,2024,0.098868,0.2980824883893059
002989,2024,0.164479,0.06794135139776011
002991,2024,-0.14382,0.05445836615317366
002990,2024,0.12131,0.03993802442964768
002992,2024,-0.0263,0.09015187511004367
002993,2024,0.193118,0.1709406081625343
002996,2024,0.168527,0.08506149703476598
002995,2024,0.181856,0.05258351600597724
002997,2024,-0.097854,0.22338928899912475
002998,2024,0.182197,0.010294958260628345
002999,2024,0.217245,0.05806370186827148
003001,2024,-0.014417,0.06723801721448372
002889,2024,0.141076,0.015492777987308345
003003,2024,0.020186,0.09408602797306825
003004,2024,-0.066866,0.06413150353703548
003005,2024,0.087096,0.12630513094249834
003006,2024,0.097328,0.07821587343447406
003007,2024,0.460855,0.05746894202365677
003008,2024,0.177099,0.14145011972812271
002913,2024,0.487524,0.15551511686707498
003010,2024,0.435307,0.05162334209973314
003011,2024,0.346794,0.057841961332232884
003012,2024,-0.027616,0.0552159018546929
003013,2024,-0.066964,0.053446500019352264
003015,2024,0.247238,0.12444462701660206
003016,2024,0.238037,0.09219117176098629
003017,2024,0.249039,0.08116524865262265
003018,2024,0.085292,0.09761765131801489
003019,2024,0.115394,0.07499016947413377
003020,2024,-0.208131,-0.009657828259548126
003021,2024,-0.078565,0.18713991576212213
003023,2024,0.148163,0.09049448214868575
003022,2024,0.048347,0.1203050526419646
002892,2024,0.184178,0.1959418075334005
003026,2024,0.227611,0.09872969980216191
003027,2024,0.148076,0.08000296457476011
002902,2024,0.232983,0.15811627852168786
003029,2024,0.305921,0.04153026358688447
003031,2024,0.16507,0.1406560150244685
002918,2024,0.010467,0.0942028555498137
003030,2024,0.104741,0.022079676265507657
003032,2024,0.202555,0.11679671792476479
003033,2024,-0.126692,0.20234865803240937
003035,2024,0.086854,0.12196562962087684
003036,2024,0.369615,0.13659898525660694
003037,2024,0.374648,0.09927038946955218
003038,2024,-0.092731,0.11881070758064344
003039,2024,0.093999,0.08025868406357513
003040,2024,1.164782,0.02845191582463831
003042,2024,0.14497,0.035845966067461855
003041,2024,-0.019403,0.1340101132823262
002910,2024,0.196952,0.00328038796621119
600000,2024,0.325703,0.01735067147930524
002977,2024,0.323103,0.11108838055051193
002932,2024,0.295678,0.06792454263957573
600007,2024,-0.061187,-0.028327027739587382
600008,2024,0.044985,0.004655190115014085
002961,2024,0.461165,0.007597402254131719
600010,2024,0.209146,0.03616493334929643
002937,2024,0.076923,0.22067461636827168
600011,2024,0.044532,0.13114117131614736
600012,2024,-0.018316,0.027174734919598507
600015,2024,0.085739,-0.01672080831563519
600016,2024,0.202596,0.027016556649147906
600018,2024,0.010627,0.04199725780297259
003000,2024,0.119175,0.06657503476395743
002945,2024,-0.061862,0.04095639001723334
600020,2024,0.083881,0.057192042848841884
002952,2024,0.182918,0.11386262519737587
002785,2024,0.120827,0.044514841903518385
002930,2024,0.289033,0.03334109984034157
600026,2024,-0.097353,0.03459019084206595
600027,2024,-0.015523,0.09257899550252176
600028,2024,0.009944,0.049748503775046665
600029,2024,-0.019531,0.041006802567007325
600030,2024,0.022256,-0.04929995310011613
003002,2024,0.073592,0.027022776546532172
600031,2024,0.01646,0.13102654471459613
600033,2024,-0.058571,0.06321331767007413
002970,2024,-0.061852,0.1408615380616421
600036,2024,0.120009,-0.016420650334916145
002983,2024,0.118215,0.1282292997396198
600038,2024,0.077371,0.10979618950128948
600039,2024,0.097687,0.019856934667575342
600048,2024,0.013219,-0.04603023225842785
600050,2024,-0.094175,-0.026152647534024395
003025,2024,0.025187,0.1540358769639824
600006,2024,0.052553,0.1617151656126758
003028,2024,-0.14672,0.19104830708853943
600055,2024,0.005218,0.05420012192632602
600056,2024,0.083508,-0.0038856971999663564
600057,2024,0.204276,0.0046285067875188185
600059,2024,0.298231,0.020826165275230145
600058,2024,0.023915,-0.0012210600886052025
600060,2024,-0.042009,0.024429389423396702
600061,2024,0.038658,0.05764404228755689
600063,2024,-0.035529,0.07913226881605327
600004,2024,0.068344,-0.027662240332898977
600062,2024,-0.034735,-0.022118834577984234
600066,2024,0.022309,0.22782784438076903
003816,2024,0.0,0.06640095485682024
600009,2024,0.015646,-0.02432159032641358
600072,2024,0.1024,0.14548271898371035
600017,2024,0.025783,-0.009302465133663895
003043,2024,0.130056,0.15651278908498573
600022,2024,0.189155,0.025224955717120072
600078,2024,0.025208,0.0372921784100677
600037,2024,0.246377,0.027962699507678185
600052,2024,0.069376,0.09695486273112028
600081,2024,-0.016037,0.2115424872736152
600084,2024,-0.068037,0.022818545871347483
600019,2024,0.12742,0.05065839448404815
600023,2024,0.033099,0.18603333271322198
600035,2024,0.051982,0.08227927961788842
600089,2024,0.260523,0.11796285359820044
600051,2024,0.213511,0.05486839199921334
600025,2024,0.009624,0.10568291008666716
600096,2024,-0.013932,0.004940196154429602
600097,2024,0.098555,0.03785802150802478
600098,2024,0.126208,0.04875505102601177
600099,2024,0.103753,0.12209125151756987
600100,2024,0.111271,0.09050375814173804
600101,2024,-0.037664,0.17881407470484895
600071,2024,0.119606,0.16288884089265226
600032,2024,0.0,0.13541549756260207
600053,2024,0.192569,0.07502338304313859
600064,2024,0.106365,0.02740104353521154
600054,2024,-0.004426,0.009554422968332532
600109,2024,0.187099,0.07420865384868675
600073,2024,0.013541,0.05337649626348271
600110,2024,0.639241,0.15711677172647281
600111,2024,0.410313,0.03333771307252198
600113,2024,0.072788,-0.02169206159845133
600114,2024,0.04261,0.15130646235461973
600115,2024,0.083333,0.08276070398477701
600116,2024,-0.067194,0.13887776624512238
600088,2024,-0.013504,0.04383052483576401
600067,2024,0.289863,0.07611191700874786
600076,2024,0.205207,0.08915998385777205
600121,2024,-0.024525,0.08125653468516392
600080,2024,0.080884,0.012486223938524735
600123,2024,0.035952,-0.03335219844248152
600075,2024,0.072652,0.03926420048688449
600082,2024,0.348229,0.024538223900465235
600127,2024,0.056849,0.02432840436484214
600129,2024,0.070996,-0.004784973269394033
003009,2024,0.205004,0.06855454018545314
600094,2024,0.048387,0.06907665827081025
600131,2024,0.012242,0.07356642101946194
600132,2024,-0.013527,0.09946786191238896
600079,2024,0.063053,0.007239164791358554
600135,2024,0.131685,0.05568910834388043
600136,2024,-0.037523,0.04434918250299975
600106,2024,0.22989,0.0867968702509704
600138,2024,-0.000937,-0.001337796455528839
600141,2024,0.005359,0.030974326044579302
600143,2024,0.174211,0.12956230564360408
600095,2024,0.367261,0.06540510565922518
600085,2024,0.03353,0.019696354042081123
600103,2024,0.107206,0.03278192119993759
600151,2024,-0.081258,0.2228731326925662
600152,2024,0.194262,0.1584972964235766
600153,2024,0.087157,0.08830766931720069
600108,2024,0.066145,0.04294367213294405
600104,2024,0.078047,0.23592849892874895
600158,2024,0.176846,0.0790320961755901
600105,2024,0.444063,0.07434024302763534
600160,2024,0.075447,0.027949692121121902
600159,2024,0.193548,-0.0244645834007461
600161,2024,-0.054372,0.012023199829618067
600125,2024,0.048326,0.011824645966443212
600118,2024,0.061251,0.03755533870604628
600165,2024,-0.008513,0.06390196858326111
600126,2024,-0.231588,0.004598703800029455
600119,2024,0.093972,0.07902805999068273
600168,2024,-0.014659,0.054610960513477386
600107,2024,0.28246,0.05675297374549383
600171,2024,0.00062,0.15765101557496658
600170,2024,-0.035486,0.007859838046954629
600117,2024,0.843034,0.07241799620450325
600130,2024,0.379452,0.18041102363616726
600120,2024,0.074289,0.03287066424682341
600177,2024,0.018091,0.07763939003177461
600179,2024,-0.066667,0.0691077534616781
600137,2024,0.339893,0.11577656513696599
600148,2024,0.293505,0.22572986031146708
600149,2024,0.260597,0.11452778841723166
600128,2024,0.125533,0.027874664033905164
600156,2024,0.412875,0.10070276336117237
600157,2024,0.097005,0.0746202613428738
600133,2024,0.07519,0.016276555624550867
600187,2024,0.020144,0.05848833710477901
600162,2024,-0.051238,0.018907803854176113
600189,2024,0.063135,0.041971603608170274
600191,2024,0.090217,0.04381841092912213
600155,2024,0.170259,-0.028227522839910743
600150,2024,0.195234,0.028276603166220986
600167,2024,0.058095,0.09127922712980034
600196,2024,0.004089,0.024126960029095666
600163,2024,-0.053014,0.17843815549881406
600176,2024,-0.11496,0.058300145132744285
600172,2024,0.194332,0.12292059041772688
600178,2024,0.485575,0.18981695273327326
600184,2024,0.522545,0.1255917704784334
600173,2024,-0.082305,0.0018938075264909593
600169,2024,0.038171,0.09722737484937638
600207,2024,0.147287,0.10517757025387117
600166,2024,0.093351,0.22521188347369825
600210,2024,-0.011587,0.07255918968831024
600211,2024,-0.002209,0.022198942577899096
600182,2024,0.138462,0.15691568973741216
600215,2024,-0.195663,0.18440496861126304
600192,2024,0.470844,0.10654024735490418
600185,2024,-0.087095,-0.0019650334562490157
600218,2024,0.01966,0.21461325172144635
600219,2024,-0.016938,0.10619170343005345
600193,2024,0.353266,0.09291567148279911
600180,2024,0.074349,0.01689817411651101
600183,2024,0.11109,0.04903273355438237
600223,2024,0.091096,0.02205724260574636
600186,2024,-0.08573,0.039338515016921746
600228,2024,0.258713,0.09901649267006585
600197,2024,0.046834,0.06080880761190803
600230,2024,0.421077,0.026613666721155275
600232,2024,0.131787,0.12377620125137281
600198,2024,0.102113,-0.00045174371679078396
600195,2024,0.083406,0.008187597673341221
600236,2024,0.021871,0.09030247415836687
600235,2024,0.015262,0.04147755182318493
600237,2024,-0.055609,0.14414972721629188
600202,2024,0.153439,0.14016290714620702
600239,2024,-0.03491,-0.010217592321421831
600199,2024,0.093255,0.036731349642072295
600201,2024,0.254002,0.0397744701132619
600188,2024,-0.058781,0.03612877269258419
600248,2024,0.028898,0.041107266265340545
600249,2024,0.102828,0.09123967839056511
600208,2024,0.68435,0.04401943595829919
600251,2024,0.096927,0.0657606315316207
600203,2024,0.053908,0.07735933448444934
600255,2024,-0.029072,0.08227273770162392
600256,2024,0.086232,0.05550376802907733
600206,2024,0.05911,-0.021928156845603328
600258,2024,0.066549,0.03901592516766366
600212,2024,0.293675,0.14126608969682308
600259,2024,0.557757,0.03214691723983217
600216,2024,0.12051,0.00586353632376585
600217,2024,-0.058101,0.09230635873514959
600221,2024,0.130435,0.054752115660624615
600267,2024,0.063249,0.023537295805409003
600268,2024,0.38717,0.1548702562974103
600269,2024,0.028955,0.04663382998676675
600229,2024,0.091985,-0.014423477575622692
600231,2024,0.063602,0.01092854025346715
600273,2024,0.144248,0.07821158324865526
600241,2024,0.399351,0.14489193022775448
600276,2024,0.07011,0.013319551295366869
600279,2024,0.076135,-0.01300531686628198
600226,2024,-0.020586,0.03931827035711472
600227,2024,0.165705,0.03736618871222872
600282,2024,-0.103935,0.055735279401638124
600283,2024,0.040609,0.04893280661022441
600284,2024,-0.001897,0.02437629451154228
600222,2024,0.193738,0.02449606563102602
600243,2024,0.368,0.1433391835324309
600234,2024,0.284504,0.0640876772321641
600289,2024,0.111061,0.05669107696566275
600238,2024,0.65111,0.04128107133075692
600295,2024,0.119693,0.07380567532661723
600246,2024,0.267502,-0.024490110012055616
600299,2024,-0.051345,0.06174194239111345
600250,2024,0.459616,0.04986123637556996
600301,2024,0.185218,0.0638994097039451
600302,2024,0.361053,0.1043569198824571
600257,2024,0.099805,-0.023308738648936775
600262,2024,0.400428,0.1323279211358773
600265,2024,0.179487,0.06282441502899505
600252,2024,0.04545,0.06488555749350859
600308,2024,0.060639,0.0525999475580335
600310,2024,-0.044585,0.14148652093692793
600309,2024,-0.00919,0.050000023174135814
600312,2024,-0.128567,0.12121618092986144
600313,2024,-0.009633,0.017857225255471045
600316,2024,0.077433,0.11764559336780539
600318,2024,0.008341,0.05185189191796693
600261,2024,0.156305,0.1425142529497425
600272,2024,0.081206,0.027571405452750997
600280,2024,-0.011168,-0.01618996963348618
600266,2024,-0.042483,0.015829951063165773
600293,2024,0.152128,0.0725854706217856
600327,2024,0.035258,-0.006069931225946443
600281,2024,1.084302,0.058264669679592186
600326,2024,0.331362,0.008832496343396903
600328,2024,0.009099,0.030959814423754076
600329,2024,0.09972,0.0036426322774382874
600330,2024,0.18013,0.1786617077153129
600331,2024,0.229577,-0.0262009261234757
600285,2024,0.057175,0.021810772832998065
600287,2024,0.212368,0.049125163776201936
600278,2024,0.045082,0.02302885086508897
600337,2024,0.051967,0.03106599712496827
600288,2024,0.268472,0.09709078043872348
600292,2024,-0.039209,0.06475171723705714
600343,2024,0.04423,0.07830588985656324
600340,2024,-0.074703,-0.014696423792448204
600298,2024,0.02607,0.02798105082614591
600346,2024,-0.055575,0.05852075811235823
600303,2024,0.034066,0.3326634243350388
600350,2024,0.00097,0.08101747191907653
600300,2024,-0.108525,0.015119055737242412
600352,2024,0.082655,0.0392772924492845
600354,2024,0.078338,0.003201364142923546
600353,2024,0.683014,0.12583816023733058
600319,2024,0.291457,0.04833713049735193
600307,2024,0.368151,0.043269654582974916
600358,2024,0.461115,0.02579092907732875
600359,2024,0.088,0.05405636270936037
600305,2024,-0.00223,0.07005426135352052
600361,2024,0.131025,0.1076228349859223
600362,2024,0.009818,0.04799669378847836
600333,2024,0.113998,0.06171689020406984
600315,2024,0.026369,0.08141759591263005
600322,2024,0.276204,0.018236238944283292
600335,2024,0.051018,0.1470608857318691
600368,2024,0.002501,0.017521900931434575
600320,2024,-0.008494,0.04335761775587354
600336,2024,0.052246,0.10022448053392809
600338,2024,0.321611,0.03599711008771314
600323,2024,0.0699,0.0610954590578208
600375,2024,0.183286,0.1551377056739443
600339,2024,0.060313,0.04027081358402081
600376,2024,0.159722,-0.017611586126604517
600377,2024,0.059859,0.06518351866351772
600345,2024,0.135196,0.03900035684000443
600378,2024,0.033357,0.02391443229819005
600355,2024,-0.021552,0.11704527744335802
600380,2024,0.098485,-0.02299894369100966
600382,2024,0.256518,0.026009821446327817
600383,2024,-0.179834,-0.0044170732366339005
600388,2024,-0.088649,0.08674631825372844
600386,2024,0.008727,0.14008984202221222
600348,2024,0.153016,0.09630844315735343
600332,2024,-0.011989,0.09905666506660012
600392,2024,0.918649,0.03912642972110804
600391,2024,0.316553,0.10698246173397669
600325,2024,-0.117192,0.02720235939113183
600356,2024,0.189665,0.06821299827031152
600397,2024,0.226244,0.005805977387198305
600398,2024,-0.145985,0.14212573785976026
600360,2024,0.393312,0.08970766164787947
600400,2024,0.042209,0.05085793901275485
600403,2024,0.103386,0.03223276232421161
600351,2024,0.261413,-0.03202536837590732
600406,2024,0.014237,0.122263929838037
600363,2024,0.025703,0.13700769941568158
600409,2024,-0.011271,0.04273128414623073
600365,2024,0.049492,0.028775795949377084
600415,2024,0.333996,-0.011316797503764436
600371,2024,-0.002472,0.004545773231604183
600418,2024,0.135691,0.18978892918427992
600419,2024,-0.042617,0.03733808850398373
600366,2024,0.60922,0.09306248770503786
600422,2024,-0.122875,0.009119377346726396
600369,2024,0.13276,0.02916066187443731
600423,2024,0.040134,0.034205362232503214
600425,2024,-0.012955,0.12862343660291442
600426,2024,0.005676,0.006573324180031093
600428,2024,-0.067088,0.04019576326283135
600429,2024,0.045181,0.026947565868508112
600433,2024,-0.033005,0.043920923779447486
600370,2024,0.100075,0.08656209128619341
600438,2024,0.333975,0.09455830640977719
600379,2024,0.490788,0.1378891438894538
600367,2024,0.136658,0.031338487177559084
600372,2024,0.064461,0.10049313544377199
600446,2024,0.250971,0.026893921727660912
600381,2024,0.360759,0.03832692680136493
600408,2024,0.406166,0.04450550805821658
600452,2024,-0.001071,0.1283830945463541
600455,2024,0.08705,0.06740333083472924
600456,2024,-0.070113,0.055272098820079774
600458,2024,0.131839,0.17084148004074504
600373,2024,-0.06134,0.007293955140758687
600399,2024,0.080043,0.033511665779347104
600461,2024,-0.031506,0.020737042952292707
600396,2024,0.066728,0.05726693295336633
600468,2024,0.60452,0.14237959057126726
600469,2024,0.09103,0.12989055297371813
600470,2024,0.0,0.058774590519647035
600475,2024,0.675557,0.13512077968061248
600395,2024,0.154394,0.047493503390763116
600405,2024,0.298277,0.23837742580072208
600389,2024,0.392392,0.04789295342335606
600421,2024,0.296137,0.13197328144420575
600390,2024,0.162155,0.06370174057979974
600481,2024,0.323568,0.15914044227339053
600482,2024,0.109853,0.08983145634011985
600420,2024,-0.018419,-0.01751849045267359
600486,2024,0.062077,0.022874525648140354
600487,2024,0.021092,0.05116743697154939
600416,2024,0.289105,0.13088101510234712
600435,2024,0.450412,0.07149623257663548
600490,2024,-0.108531,0.05788185662787615
600410,2024,0.314169,0.0563941368051295
600493,2024,0.234838,0.04502426976798771
600495,2024,0.335977,0.08662969785076761
600448,2024,0.254606,0.09106280370377003
600497,2024,-0.021022,-0.0002918390321214326
600439,2024,0.022056,0.09962436258011287
600499,2024,0.161117,0.060825562651156184
600500,2024,0.125464,0.018566013899206847
600444,2024,0.232477,0.04169168848289638
600502,2024,0.07877,0.06519013734218523
600460,2024,0.053822,0.13769561841673328
600436,2024,-0.00571,-0.013033437903117506
600467,2024,0.04681,0.04659054461638778
600476,2024,0.212581,0.019476863629561622
600508,2024,-0.071202,0.03428278720159849
600509,2024,0.000692,0.18947268990607183
600449,2024,-0.10251,0.0013675098387583295
600511,2024,-0.026642,-0.021372428653257364
600512,2024,0.073407,0.07718112637942395
600459,2024,0.260478,0.08413580069559547
600515,2024,-0.021649,0.0030671852039946823
600516,2024,0.046501,0.055452577641547644
600517,2024,0.102068,0.05064058714566273
600519,2024,-0.046002,-0.004771791451238225
600480,2024,-0.052239,0.18547826067226575
600483,2024,0.002974,0.16493498873669896
600477,2024,0.046493,0.06328489256453092
600522,2024,0.008302,0.1358368340825921
600479,2024,0.102617,0.009060283928343502
600525,2024,-0.072752,0.12920715945987551
600489,2024,0.087526,-0.01623253412911352
600478,2024,0.246377,0.0986485008561348
600528,2024,-0.084394,0.04315607799437523
600488,2024,-0.014529,0.02660015735387799
600498,2024,0.019364,0.07573897203034574
600491,2024,-0.098555,0.02651826723022275
600503,2024,0.059896,-0.014718466800371546
600501,2024,0.091827,0.060937975183724236
600535,2024,0.108934,-0.019294402402772026
600496,2024,0.097265,0.047755406533856466
600506,2024,-0.089574,0.14791851402039474
600510,2024,-0.00514,0.03948394233818601
600540,2024,0.164384,0.04742671887510028
600505,2024,0.201618,0.1866583920720534
600507,2024,0.007276,0.0623272485762489
600513,2024,0.900437,0.03552718889322185
600547,2024,0.199929,-0.027615882647273465
600549,2024,0.355195,0.10983228208387193
600520,2024,0.026575,0.09753636624661814
600527,2024,0.094213,0.07413605576920414
600552,2024,-0.035516,0.09132047512737876
600523,2024,0.058492,0.07305369639447042
600557,2024,0.186785,-0.009585413852392699
600559,2024,-0.01255,0.040520874132984115
600521,2024,0.592224,0.011791211609146202
600560,2024,0.014417,0.1482660149956379
600561,2024,0.181644,0.10347880117176572
600563,2024,-0.126905,0.2053525237035735
600518,2024,0.050525,-0.03373711264050919
600533,2024,0.244743,-0.041699670045220155
600529,2024,0.070817,0.05429590324434738
600569,2024,0.374757,0.07538114855178724
600530,2024,0.903866,-0.004874548871365819
600571,2024,0.304268,0.04771517933931603
600570,2024,0.207429,0.07084902924842897
600572,2024,0.055216,-0.0033288080850840396
600573,2024,0.12238,0.046192224525567066
600576,2024,-0.21889,0.03893565820704069
600575,2024,0.048078,0.09036076694108736
600531,2024,0.244173,0.03349724348182358
600577,2024,-0.032638,0.08918946119230341
600526,2024,0.074154,0.06507274522009261
600538,2024,0.204161,0.04191271666884594
600536,2024,0.063,0.048948613305599485
600582,2024,-0.05072,-0.007812190350084347
600583,2024,0.007083,0.06890945505121358
600537,2024,0.485294,0.13501151911928452
600543,2024,0.359932,0.027393449060411516
600585,2024,-0.093551,0.07645629003929288
600545,2024,0.185484,0.12620955003917897
600588,2024,-0.097234,0.034034248606036106
600589,2024,-0.182082,0.05608195976217742
600539,2024,0.176334,0.07138264186247818
600550,2024,0.050164,0.06815064881854327
600551,2024,0.148047,-0.01769299207704557
600546,2024,0.124496,0.04153350469166645
600558,2024,0.094579,0.09051812441106669
600566,2024,0.157234,0.03726524853652577
600556,2024,0.08384,0.01677690063316123
600598,2024,0.059299,0.10185487373561365
600567,2024,0.136236,0.026729943253692448
600600,2024,-0.06414,0.015949889623328953
600602,2024,-0.118142,0.04299931936702063
600601,2024,0.053254,0.033500622283178814
600562,2024,0.687253,0.052114090700355456
600603,2024,0.076394,0.018519728580888767
600606,2024,0.173415,-0.008349493379239167
600605,2024,0.037242,0.024567855801059406
600568,2024,0.224863,0.025425502423518945
600609,2024,0.015354,0.19352261429854706
600610,2024,1.168746,0.046621014755701747
600579,2024,0.212735,0.10967680406281065
600578,2024,0.069703,0.11153914363543582
600581,2024,0.208991,0.08387270456670715
600615,2024,0.094114,0.13272979282598277
600616,2024,0.071967,0.0294291043198618
600617,2024,0.2112,0.07759388788415184
600584,2024,0.031635,0.05646094825689699
600586,2024,0.039427,0.08316341155384761
600592,2024,-0.065898,0.11374864501929947
600621,2024,0.081273,0.03534215520974087
600593,2024,0.031223,0.05661928450663839
600580,2024,0.191301,0.10930486147947155
600587,2024,0.156323,0.052063082120504554
600590,2024,0.073601,0.10482953777773789
600629,2024,0.08909,0.014812334517282047
600630,2024,0.088085,0.06433395901240149
600633,2024,0.058606,0.003747207081317372
600635,2024,0.020939,0.10176637817773139
600636,2024,0.333525,0.09217234029113494
600637,2024,0.05774,-0.018623534915727366
600595,2024,0.312616,0.09973623976080077
600594,2024,0.214585,-0.019084517144451696
600640,2024,0.14691,0.0007109887442172946
600641,2024,0.016631,0.14480481297524428
600604,2024,0.24261,0.02012072003119006
600597,2024,0.068411,0.03736424422012253
600599,2024,-0.114703,0.0649277552428326
600608,2024,0.299023,0.019597327892926106
600596,2024,0.403135,0.053736254748393615
600649,2024,-0.038229,-0.03412838089140989
600653,2024,-0.091787,0.11975434186676366
600651,2024,0.06383,0.20233074051665978
600620,2024,0.283095,0.09715602810462726
600655,2024,-0.012844,0.07292170729909031
600628,2024,-0.014458,0.05516797491050206
600619,2024,0.395557,0.14151800598405428
600612,2024,0.019026,0.08880994073119038
600618,2024,0.104823,0.025615249566213506
600662,2024,0.047345,0.08100260001077217
600664,2024,0.05862,0.028944763504373368
600613,2024,0.142278,0.02827657314883803
600666,2024,0.320211,0.04803561466469913
600622,2024,0.118279,0.020230205838117868
600668,2024,0.319213,0.019386905780980103
600671,2024,0.2098,0.0624633387643916
600623,2024,0.293354,0.029180735084680512
600638,2024,0.146606,-0.01645247737198198
600676,2024,0.175585,0.20073933565682975
600626,2024,0.231939,0.1048396772308669
600624,2024,0.145166,0.07837431644292582
600639,2024,0.010305,-0.002404297817767298
600644,2024,0.466346,0.08770618459398818
600642,2024,-0.027492,0.0963171187033166
600683,2024,0.026375,-0.02182952177893091
600684,2024,0.247789,0.004656555934149681
600685,2024,0.166076,0.09981036227508178
600643,2024,0.365854,0.03626739912249753
600689,2024,0.14152,0.03901841973857616
600690,2024,-0.082224,0.12426620295055049
600691,2024,0.285479,0.07948325862013997
600645,2024,0.246981,-0.0070364020634513524
600658,2024,0.178874,0.04334127466671283
600657,2024,-0.013935,0.009246539630882775
600665,2024,0.158117,-0.011562314350282724
600697,2024,-0.109115,0.06549914047851324
600648,2024,-0.011312,0.015167503826237272
600661,2024,0.114789,0.08975364111562768
600699,2024,-0.033901,0.16466869293982445
600702,2024,-0.147737,0.001949553441821364
600704,2024,0.127076,0.052829563441337046
600678,2024,0.401675,0.08809528049282213
600707,2024,-0.096291,0.030079989575661076
600663,2024,0.0483,-0.048777214137618166
600710,2024,0.152645,0.042871156248992154
600674,2024,-0.03241,0.11171993505074274
600712,2024,0.100778,0.0695866625988392
600679,2024,0.055862,0.09600625908972518
600667,2024,0.06509,0.10727186750985379
600716,2024,0.152344,0.007707055521911685
600675,2024,0.079369,-0.006519876976507952
600717,2024,-0.020407,-0.012705565571427685
600681,2024,0.116788,0.08308492323803811
600719,2024,-0.019431,0.11960663012724264
600673,2024,0.44421,0.13609222134000937
600654,2024,0.045296,0.04749664871829222
600692,2024,0.039968,0.060410525985866936
600724,2024,-0.048394,0.01874542936404907
600693,2024,-0.126614,-0.0034164458514331086
600698,2024,0.867763,0.12063112307395185
600694,2024,-0.148917,0.0364212828734794
600728,2024,0.203885,0.038305665736866515
600696,2024,-0.221173,0.03305092244599667
600730,2024,-0.100361,0.017061698102330283
600714,2024,0.226499,0.02769475705657211
600732,2024,0.398998,0.1898803800524521
600682,2024,0.166159,0.010943088159668074
600686,2024,-0.021976,0.23798721858048322
600706,2024,0.16877,-0.018835162305640057
600703,2024,0.054187,0.09345184170594696
600713,2024,0.14036,0.012828123945601025
600721,2024,0.164779,0.019817815235648087
600722,2024,0.259092,0.05507436226928568
600718,2024,0.029525,0.07341229928163118
600708,2024,0.152959,-0.0571463047634264
600715,2024,0.129412,0.024271691289414934
600743,2024,0.124411,-0.0009970203995634253
600744,2024,0.738082,0.08533785660488427
600711,2024,-0.007616,0.03143402595748793
600746,2024,-0.131524,0.04349343918861025
600745,2024,0.115024,0.12228078784946841
600748,2024,-0.101621,0.027401758577276343
600749,2024,0.002443,-0.006763641340140514
600750,2024,0.006868,-0.02456714337719422
600751,2024,0.376055,0.020812883799925144
600754,2024,-0.143448,0.05880038229616741
600755,2024,0.054524,0.009466673162857625
600756,2024,-0.039132,-0.0022327880995676314
600720,2024,-0.092709,0.06838955082861081
600725,2024,0.09127,0.022389318431414562
600726,2024,-0.029866,0.09637869960827604
600760,2024,0.280745,0.06713429610142314
600761,2024,0.148682,0.16872523858702226
600733,2024,0.146476,0.13918315149313829
600729,2024,-0.10975,0.09263151800760304
600765,2024,0.057761,0.12180184236426503
600727,2024,0.010492,0.06979601619957865
600769,2024,0.020275,0.05859595694687122
600770,2024,0.409951,0.08355761413938685
600771,2024,0.097901,0.004630123636120906
600734,2024,0.092447,0.029589801599185672
600735,2024,0.406154,0.10335344298373866
600775,2024,0.102688,0.022697617815304993
600731,2024,0.27321,0.04043539188030122
600737,2024,0.074662,0.022831492921051133
600736,2024,0.046793,0.022435289772907638
600738,2024,0.117647,0.011704977984604195
600740,2024,0.19015,0.05308760837744642
600758,2024,0.11396,0.07456626733161408
600741,2024,0.116218,0.2861228300011945
600785,2024,-0.081081,0.0008935468560396231
600739,2024,0.251563,-0.0032110003764247996
600757,2024,0.118561,0.003946505298039915
600742,2024,0.182762,0.20391348247266594
600790,2024,0.145842,0.012862924487121674
600759,2024,0.160981,0.11175761550747687
600763,2024,0.141019,-0.0030311927124700433
600768,2024,0.265925,0.10964442270890185
600794,2024,0.293516,-0.010509828939350777
600764,2024,0.275797,0.09327412119677304
600753,2024,0.408329,0.09648886672906268
600796,2024,0.111714,0.11003731448138399
600778,2024,0.045228,0.04896707318455595
600777,2024,0.071179,0.08371248835267932
600776,2024,0.115148,6.381725179013809e-05
600801,2024,-0.081452,0.09307937516445836
600803,2024,-0.060348,0.07940590678275464
600805,2024,0.070199,0.10614878990061816
600773,2024,0.248856,0.006242348830020242
600808,2024,0.084894,0.038359030990962
600774,2024,0.170463,0.016571717674541
600780,2024,0.014668,0.09894471800871771
600814,2024,-0.003835,0.01740290376155529
600779,2024,-0.078681,0.02280446055931836
600815,2024,0.073961,0.13417189913565536
600816,2024,-0.127078,0.05256454327846017
600783,2024,0.099868,0.08468012631609974
600818,2024,0.178521,0.13910424623996617
600819,2024,0.116833,0.1520687004561539
600782,2024,0.142151,0.07320384333290111
600821,2024,0.051302,0.12958046430045211
600784,2024,0.111111,0.0277626118744813
600822,2024,0.579968,0.0888838147908062
600791,2024,0.195833,0.025086019115597748
600826,2024,0.180347,0.05753442305189818
600789,2024,0.060462,0.033368805293501
600828,2024,0.178048,0.025625619851245618
600793,2024,0.053559,0.02227474472330534
600830,2024,0.043372,0.07760905918823871
600787,2024,-0.018743,-0.01315434122956674
600800,2024,0.408588,0.05033105548475654
600834,2024,0.14551,0.1156405076254769
600835,2024,-0.14976,0.11195836150472198
600839,2024,0.013001,0.07084962304601279
600838,2024,-0.013333,0.06387563667510761
600841,2024,0.316103,0.20669652741262995
600802,2024,0.367716,0.05678571262914953
600798,2024,0.450041,0.052480354923301
600845,2024,-0.179001,0.029833635010697267
600809,2024,-0.085326,0.06097928287370053
600792,2024,0.201412,0.0680571591701662
600797,2024,-0.065686,0.04709750893936233
600850,2024,0.050538,0.015517831401224702
600807,2024,0.23253,0.03855038020238231
600853,2024,-0.055921,0.05556815564929926
600817,2024,0.138107,0.1025904907302883
600854,2024,0.236761,0.10384470590588801
600858,2024,0.277515,0.04134652954173806
600812,2024,-0.015767,-0.0009924856274352023
600824,2024,0.021396,0.05199087484136537
600820,2024,0.107696,0.001665946925457032
600862,2024,-0.11357,0.08154033699547751
600825,2024,0.292033,0.010583747171189054
600795,2024,0.036346,0.17252042945843887
600865,2024,-0.160007,0.04075970335085433
600829,2024,0.042734,-0.012487582342679965
600833,2024,0.06676,0.040387372295190474
600831,2024,0.488616,0.03943790566091279
600827,2024,-0.074058,-0.004997326985868439
600847,2024,0.189205,0.17660134780768863
600843,2024,0.063809,0.15586507006320605
600844,2024,0.211032,0.07239549048779972
600876,2024,0.087428,0.0696160444653168
600875,2024,0.328358,0.13234767756193688
600846,2024,0.259339,0.033624531272193926
600879,2024,0.07146,0.039828891876748804
600848,2024,-0.008633,0.014720896070614248
600810,2024,0.016627,0.10963907214576345
600882,2024,0.521484,0.011457282122336626
600851,2024,0.173803,0.023803461139643378
600884,2024,0.497094,0.07032632098779876
600885,2024,-0.123144,0.08715632386061917
600886,2024,0.058591,0.09129829316541682
600859,2024,-0.011382,0.00963131513131503
600888,2024,-0.052727,0.09559030336453567
600855,2024,0.352941,0.07101163226082474
600892,2024,0.236927,0.025426691790959736
600893,2024,0.147099,0.0701269899546357
600861,2024,-0.009099,0.0524586614019216
600895,2024,0.029664,0.050140732646201946
600872,2024,-0.107656,0.07629391399392801
600863,2024,0.08154,0.09597883956288997
600901,2024,0.161568,0.07067758448176616
600866,2024,0.074723,0.09301847012409296
600864,2024,0.207137,0.0968355892771559
600869,2024,0.164891,0.10557208886909894
600906,2024,0.139881,0.05601843189124438
600868,2024,-0.044439,0.07679758600407738
600867,2024,0.19386,0.029456601674262596
600918,2024,-0.025836,0.04553596665094084
600919,2024,0.212834,-0.013579180083827927
600873,2024,0.097011,0.011078530536836856
600880,2024,0.233784,0.03003687902255074
600933,2024,-0.017094,0.23459865011458925
600881,2024,0.196209,0.024598149530693572
600883,2024,0.125379,0.06199611379580417
600935,2024,0.080508,0.039091731754777176
600874,2024,0.011754,0.035793311705632054
600877,2024,0.068314,0.06682495622497878
600941,2024,0.075636,0.034752862213261244
600955,2024,-0.0318,0.02891469838232197
600959,2024,0.088496,0.023210943216390417
600887,2024,-0.028954,0.003420966604919473
600871,2024,0.0625,0.022479665867514667
600962,2024,0.674419,0.09173401680248261
600897,2024,0.076703,-0.04198781971091087
600966,2024,0.180169,0.035257640035590926
600965,2024,-0.022727,0.06788647232204645
600894,2024,-0.056811,0.10810063846905626
600889,2024,-0.056767,0.054247242708044756
600917,2024,0.062208,0.06465611803393796
600970,2024,-0.096696,0.02278487096292648
600971,2024,-0.182932,0.0540359738722309
600973,2024,0.013735,0.08808282711729258
600976,2024,-0.045244,0.10199723060214502
600975,2024,-0.016226,0.05385215102264763
600900,2024,-0.007995,0.12726985677414537
600977,2024,0.117596,0.0544423858537212
600980,2024,0.331511,0.06524590962003297
600981,2024,0.217877,0.02363074539702671
600908,2024,0.096862,0.023353231250683483
600916,2024,0.041712,0.06783814710594849
600984,2024,-0.035461,0.12076819760088761
600985,2024,-0.085664,0.011727907850626176
600903,2024,-0.004916,0.0885366762379213
600927,2024,0.363417,0.031929022552732986
600987,2024,0.029701,0.08498418070070818
600988,2024,0.151765,0.017923335038996388
600989,2024,-0.029728,0.044268351168243215
600990,2024,0.460418,0.04125950300244026
600925,2024,0.072491,0.062372514712992676
600995,2024,0.021811,0.13923321591156185
600936,2024,0.040984,0.05399951084332281
600997,2024,-0.105522,0.028286658822230228
600999,2024,-0.015441,0.031132773976512332
600998,2024,0.072936,0.05929318455085686
601000,2024,-0.073957,-0.008237332922076748
600939,2024,0.28972,0.03342011259938772
600967,2024,0.739418,0.11986469476415906
601002,2024,-0.020797,0.12512412286081812
600929,2024,0.029982,-0.014803266555704617
601005,2024,-0.043165,0.03964283062063311
601008,2024,0.758359,0.06373377429196374
601007,2024,0.106936,0.032483848919143896
601009,2024,0.142214,-0.01986904440359842
600905,2024,0.024719,0.13907446073419769
600960,2024,0.361783,0.18736627179692467
601016,2024,0.002621,0.16414670628936145
600961,2024,0.22791,0.023347665532776216
601018,2024,0.011952,-0.01174184092871558
600969,2024,-0.096317,0.14766198156715954
601021,2024,-0.002484,0.033492772451750766
600983,2024,0.034295,0.16161981716789425
601033,2024,0.084876,0.06012484032048559
600963,2024,-0.105127,0.052018944826099256
601022,2024,0.189032,0.005538862890704863
601038,2024,-0.044329,0.13444685631400544
601058,2024,0.079778,0.14325764293735108
601061,2024,0.035891,0.0735618493589213
601059,2024,0.038323,0.042309589123337286
601066,2024,-0.010189,0.04028783798391126
601068,2024,0.004376,-0.0026817013256958816
601069,2024,0.272727,0.04967486497289712
600968,2024,0.126168,0.02592998860504924
601077,2024,0.253286,0.03520859529950075
600986,2024,0.152997,0.051257752567178044
601088,2024,0.079983,0.01591807395336621
601089,2024,0.084565,-0.018116815986473495
601096,2024,0.065375,0.1754217967129359
600979,2024,-0.127672,0.13522079664814338
601099,2024,0.141063,0.03814860700649184
600992,2024,0.046794,0.059811214311801184
600993,2024,0.096228,0.005474830401090272
600938,2024,0.012322,0.008758866700475959
601107,2024,0.205263,-0.003645705575965816
601108,2024,0.138249,0.0503295789934146
601113,2024,0.067985,0.08892092763609845
600996,2024,0.01979,0.063367083316833
601117,2024,0.080913,0.020090512946417907
601121,2024,-0.00607,-0.011790037139289361
601003,2024,1.104825,0.03260516503044975
601126,2024,0.0,0.17850051501117747
601127,2024,0.076395,0.24993019032629105
601128,2024,0.196635,0.0452563054697923
601133,2024,0.169946,0.10844731912566216
601136,2024,-0.005837,0.03044207538450256
601010,2024,-0.07405,0.043194318407446614
601001,2024,0.331071,0.014563879947194575
600982,2024,0.088584,0.10729981152530002
601156,2024,0.110119,0.03415712308582509
601155,2024,0.068744,-0.04670015491230918
601015,2024,0.217697,0.036264895462670844
601158,2024,-0.014874,0.050711927983528055
601163,2024,0.058824,0.18531996751279978
601166,2024,0.133065,0.006106012116869147
601168,2024,0.124762,0.004798546790926714
601169,2024,0.18057,-0.0005638704756588397
601177,2024,0.124352,0.18362371323432397
601019,2024,-0.033774,0.017312753135863737
601186,2024,-0.018933,0.026115447821496086
601187,2024,0.213592,0.0012615580556547407
601188,2024,0.053241,0.07340385108495634
601198,2024,0.015335,0.030329080575767428
601011,2024,0.195652,0.04902827596610397
601200,2024,-0.009723,0.022101364980255042
601083,2024,0.187438,0.04013176776526174
601211,2024,0.09965,0.008930329848923946
601086,2024,0.341717,0.03555289331132045
601216,2024,0.072222,0.03673329364472042
601065,2024,0.066511,0.020125555034650577
601012,2024,0.105251,0.13735854106559792
601100,2024,0.040216,0.18900119443874627
601226,2024,0.078868,0.00862128849897792
601116,2024,0.085881,0.0350341798210142
601020,2024,0.138995,-0.008625124238311091
601101,2024,0.149718,0.03998052418870724
601231,2024,-0.111139,0.12043990679298477
601236,2024,0.073718,0.022731407188337167
601238,2024,-0.120936,0.26671584377653185
601279,2024,0.069149,0.140380387735532
601311,2024,0.192292,0.163828679276999
601318,2024,0.044661,0.07609862032378557
601319,2024,0.280657,0.023822645055262257
601098,2024,-0.04383,-0.005905353946143568
601328,2024,0.141489,-0.030745791888661778
601326,2024,-0.022959,0.09902751823438288
601330,2024,0.17033,0.0458416660275695
601336,2024,0.131615,0.10352029456022271
601333,2024,-0.01737,0.030439222303440303
601339,2024,0.074578,0.04851912492581177
601366,2024,-0.007299,0.007418014631712974
601368,2024,0.009091,0.04661470635600497
601369,2024,0.065676,0.11547270915650669
601375,2024,0.013857,-0.01455426686025861
601377,2024,0.160348,0.011897596410485059
601106,2024,0.137931,0.0787301881954554
601390,2024,-0.019255,0.034105821462484254
601399,2024,0.400685,0.11213983399974664
601456,2024,-0.011927,0.03956834950284902
601139,2024,0.038438,0.1291611168837054
601500,2024,0.034711,0.10624769363212538
601137,2024,0.080593,0.1406591225727723
601118,2024,0.13125,0.056182338736760845
601218,2024,0.419178,0.17517117313827643
601555,2024,0.349817,0.019262140504110903
601566,2024,0.009507,0.10609381271098695
601567,2024,-0.118281,0.09306560838369739
601162,2024,0.309577,0.0821757134550376
601577,2024,0.132155,0.020986096349558753
601588,2024,-0.02193,0.023011719167049756
601579,2024,0.681269,0.045028221232311934
601595,2024,0.091597,0.0016344229017584422
601598,2024,-0.062319,-0.01118630671989465
601600,2024,-0.064677,0.005270966854631451
601138,2024,0.817968,0.08839218701514526
601199,2024,0.082847,0.08891850672291587
601601,2024,0.147547,0.05645807721198762
601607,2024,-0.06092,0.010377852413784472
601608,2024,-0.07537,0.09864074386701974
601611,2024,0.107104,0.03709524930598861
601609,2024,0.462025,0.09616012956564686
601179,2024,0.012262,0.13926540805101997
601616,2024,-0.161484,0.10673167079905883
601618,2024,-0.038071,0.0031311040302114124
601619,2024,-0.060748,0.14412975131561867
601628,2024,0.082075,0.024688022470763474
601633,2024,-0.193047,-0.04007564438251644
601388,2024,0.122754,0.08754588153952135
601636,2024,0.207685,0.07860015518875091
601658,2024,0.062774,-0.007540362900225375
601666,2024,-0.120722,0.025710930008083117
601669,2024,0.497623,0.00450332896018521
601668,2024,0.119935,0.0012424651715099433
601208,2024,0.820662,0.11887401795256919
601686,2024,0.179365,0.06206556697179293
601228,2024,0.02,0.017604937255166403
601222,2024,-0.006583,0.13154048186264442
601698,2024,0.099433,-0.03496875597919816
601699,2024,0.376244,0.010430446569468732
601700,2024,0.175969,0.16434258047487077
601702,2024,0.002976,0.08144523594067567
601717,2024,0.063499,0.08929477078580626
601233,2024,0.181361,0.03515354982675046
601728,2024,0.033445,-0.02573985827314637
601727,2024,-0.049494,0.16585546584749794
601777,2024,0.036923,0.21367297083304787
601225,2024,0.098446,0.01125341893190318
601788,2024,0.045619,0.008378505391831922
601778,2024,0.277154,0.161759210199503
601798,2024,0.171691,0.09455907257591814
601212,2024,0.208791,0.03826306622155716
601800,2024,-0.041979,0.039984194033299114
601799,2024,-0.063021,0.2197815806684391
601518,2024,0.027897,0.07468536413222765
601808,2024,-0.074875,0.06411707667337159
601360,2024,0.113833,0.058673333227906785
601519,2024,0.801643,0.027395857067408602
601825,2024,0.10613,-0.030243270010194487
601828,2024,-0.038356,0.07348334201899413
601827,2024,-0.013757,0.014954082775681193
601857,2024,0.076868,0.18022870127269874
601298,2024,-0.085854,-0.01223578353156142
601860,2024,0.138138,-0.010224477328183268
601865,2024,-0.173779,0.15218266762461335
601866,2024,0.038328,0.0672422678676751
601512,2024,0.093787,-0.001382640791432077
601872,2024,0.0,0.05597383979201456
601869,2024,0.204471,0.04953515323455379
601877,2024,0.066239,0.11015526145754101
601878,2024,0.059126,0.028888846191888008
601880,2024,-0.007126,-5.092974017537055e-05
601599,2024,0.144144,0.043891897769536885
601881,2024,0.009615,0.046452972192329606
601882,2024,-0.151404,0.1277054256042963
601888,2024,0.017108,0.015101297304715919
601568,2024,0.091892,0.001311951298248043
601899,2024,0.063298,0.06854882222237586
601606,2024,1.452561,0.07951973120046646
601898,2024,0.086512,-0.04463227222970936
601900,2024,-0.07056,-0.006377400087366661
601901,2024,-0.004768,0.01923760056126486
601916,2024,0.196429,-0.03315923589412478
601918,2024,-0.075771,0.052838087239449986
601921,2024,0.099315,-0.011009299107951495
601919,2024,0.122084,0.025905305396114152
601928,2024,-0.019481,-0.037805684449135804
601929,2024,-0.12743,0.044232683628045
601515,2024,0.032158,0.0967327301304439
601939,2024,0.124451,0.040971699590560254
601677,2024,0.072091,0.12571499730571006
601952,2024,-0.002582,0.015848930469411784
601956,2024,0.464217,0.15986578812643965
601958,2024,0.111678,0.03509158453163313
601963,2024,0.211025,-0.024680613836437937
601615,2024,0.147059,0.12274472637587444
601678,2024,0.099362,0.003702502487298809
601766,2024,-0.031373,0.05121140025621104
601969,2024,-0.009223,0.00908322998081959
601696,2024,0.622156,0.006329489796149848
601801,2024,0.061844,0.026930622415385873
601990,2024,-0.068203,-0.0011821548727924958
601789,2024,0.113567,0.09533646836850451
601718,2024,0.56701,0.0882541859175916
601995,2024,0.014566,0.011298273397311057
601996,2024,0.174767,0.06616014519553651
601811,2024,-0.065123,-0.025205527685887755
601816,2024,-0.045752,0.06853278402989704
603001,2024,0.610687,0.12631238517355753
603002,2024,0.202519,0.04727420238938982
601689,2024,-0.034456,0.23033122232641345
601858,2024,0.096682,0.010992682021886288
601890,2024,0.231767,0.1169803774110316
603009,2024,-0.075481,0.21935147874716748
603008,2024,0.045368,0.11394023839976018
603010,2024,-0.035693,0.054420184936167966
603011,2024,0.62874,0.18252975133906568
601886,2024,-0.095436,0.07942610670000402
603013,2024,0.21027,0.19690736531384528
601908,2024,0.642857,0.11988764244706221
601868,2024,-0.021097,0.06439279878921908
601949,2024,0.06516,-0.01830762905597555
603018,2024,0.11398,0.06137267942388462
603019,2024,-0.062015,0.06330369751717616
603020,2024,0.096824,0.06213755004563677
601975,2024,-0.036184,0.0398902370079814
601966,2024,0.064264,0.1682042731679539
601933,2024,-0.086511,0.04794077849941844
603025,2024,-0.079576,0.11596454067861475
601968,2024,0.151874,0.07651287495141025
601999,2024,0.154506,0.04112905898403533
601965,2024,0.064427,0.12613120261353178
603029,2024,0.023937,0.061580685913867825
603000,2024,0.042495,0.012094868838271128
603031,2024,-0.073495,0.16254891400986246
603004,2024,0.156328,0.04000623469363001
601991,2024,0.113861,0.1067938461022869
603035,2024,0.065899,0.16968217545991904
603036,2024,0.250836,0.15300255528408746
603006,2024,0.272588,0.2264706623518139
603007,2024,0.077863,0.05395046907999966
603039,2024,-0.122671,0.04262438087630909
601985,2024,0.008905,0.059323706855812106
603041,2024,0.14795,0.05388177573857534
603042,2024,0.174468,0.05770219754749562
603043,2024,0.009693,0.06793914874473474
601992,2024,-0.072816,-0.008388127047002078
603048,2024,0.168106,0.24082962905597438
603050,2024,0.072252,0.16975904018334734
603016,2024,0.074502,0.12814204026575873
603022,2024,0.221308,0.1279820564045109
603012,2024,0.127946,0.11076399849707716
603053,2024,0.029439,0.10650835273027275
603023,2024,0.163525,0.31021049275376766
603021,2024,-0.025026,0.08210856195090507
603056,2024,0.216429,0.07966950075280378
603058,2024,0.078782,0.07497759526697953
603027,2024,0.005923,0.0023216334070725875
603061,2024,-0.024557,0.11521048159048669
603063,2024,-0.076614,0.203889713962162
603062,2024,0.01432,0.10344574587421852
603015,2024,0.043059,0.13496198629781633
603017,2024,0.195098,0.08055815494639122
603026,2024,0.080022,0.10787062547095203
603028,2024,0.231395,0.12762592400865017
603037,2024,0.084773,0.1979423267151177
603030,2024,0.261139,0.09883364483420223
603033,2024,0.0,0.09308704321671744
603045,2024,0.197782,0.0927600284005804
603032,2024,0.406504,0.17027397542265726
603040,2024,0.602709,0.2067253146460205
603052,2024,0.101302,0.07313862233263037
603038,2024,0.077433,0.056373256129964494
603078,2024,0.035447,0.07499623237347675
603057,2024,-0.110176,0.05324407413015825
603051,2024,0.234794,0.11032336939282111
603055,2024,-0.017675,0.06078174620285813
603066,2024,0.133276,0.15738297541964097
603059,2024,0.282411,0.1011891367351246
603068,2024,0.06416,0.061336166989076235
603065,2024,-0.048338,0.07414823591764669
603067,2024,-0.134592,0.044915505285138504
603070,2024,0.146893,0.14160217070298564
603060,2024,0.062383,0.040875341278842764
603090,2024,0.041568,0.22337919054282768
603069,2024,0.238095,0.12353014142870652
603073,2024,0.177013,0.06487514831999021
603093,2024,0.701939,0.01515085855837961
603096,2024,0.079625,-0.008523032437175934
603097,2024,0.034467,0.16724025045764165
603098,2024,0.085191,0.12390154814744558
603072,2024,0.16988,0.09300569715837835
603100,2024,-0.044444,0.11034062856423063
603101,2024,0.11049,0.07050696912272916
603075,2024,0.159201,0.16646926300047926
603103,2024,0.232777,-0.026135308877205304
603076,2024,0.250225,0.10177731262050185
603071,2024,0.187728,0.07637196940829968
603079,2024,0.110392,0.05843328976199599
603108,2024,0.180007,0.03469554492961975
603109,2024,0.617401,0.24048564942937767
603077,2024,0.153688,0.05257052495341686
603112,2024,0.182456,0.147433566216291
603113,2024,0.098675,0.051829087078130054
603115,2024,0.580685,0.1387723343414167
603082,2024,0.063641,0.07349747536434835
603085,2024,0.026261,0.18865351830907595
603083,2024,0.579817,0.08581655517298327
603081,2024,0.130048,0.04661413425655315
603080,2024,0.130719,0.10408108386279279
603122,2024,-0.076326,0.044593518897514964
603086,2024,0.244809,0.06065914143883801
603088,2024,-0.158329,0.1825554710220878
603087,2024,0.190336,-0.007782282635535084
603126,2024,0.0,0.09979693036585363
603089,2024,0.460632,0.2397732347609628
603091,2024,0.496146,0.08658197710164948
603095,2024,0.011142,0.10701158295936458
603099,2024,0.150737,0.07560384046448754
603102,2024,0.091158,0.059387910984060654
603132,2024,0.034796,0.027484232365393657
603105,2024,0.048,0.17232632008400628
603136,2024,0.021548,0.05141698509311476
603107,2024,0.045598,0.20961488317769122
603138,2024,0.193867,0.03073492146834962
603116,2024,0.398754,0.08314271272116208
603106,2024,0.378451,0.0364695533377989
603110,2024,-0.009174,0.08982754201759355
603117,2024,-0.028698,0.04819079090275476
603155,2024,0.316484,0.008097264766185275
603123,2024,0.560372,-0.048772184036668956
603124,2024,0.302488,0.08642744024336457
603160,2024,-0.097714,0.11032021879168852
603121,2024,0.015492,0.20269856280055856
603162,2024,-0.087907,0.05428965598700718
603161,2024,0.20485,0.20001892154151518
603163,2024,0.174877,0.12434082086340194
603165,2024,-0.091491,0.0761174727763435
603167,2024,0.361331,0.11239037036541341
603166,2024,0.099502,0.21586153993404328
603169,2024,0.193669,0.07677322611253645
603119,2024,0.116853,0.1551984335388884
603118,2024,0.278414,0.12686807865467836
603171,2024,0.046652,0.014480982773188766
603125,2024,0.231059,-0.002600308096046236
603127,2024,0.011069,0.04001806790794504
603129,2024,0.592415,0.14625166005326007
603128,2024,-0.085601,0.05882191161076108
603131,2024,0.078931,0.12220824175142492
603135,2024,0.120307,0.11193414940981575
603181,2024,0.141001,0.0779441917043536
603180,2024,0.145614,0.10818986559242441
603130,2024,0.391597,0.11784014172028187
603183,2024,0.149841,0.06695581929683764
603186,2024,-0.051827,0.07514972783398961
603137,2024,0.211073,0.06222155525118172
603153,2024,0.04566,0.04361363743960545
603139,2024,0.178013,0.029917114365830097
603151,2024,0.888244,0.03390581800711339
603150,2024,0.149239,0.14432846487199685
603156,2024,-0.097258,0.009151687807998451
603191,2024,0.348936,0.12235503591758365
603159,2024,0.389213,0.11052257002638849
603194,2024,0.2376,0.1538352255209135
603158,2024,0.021969,0.26873216908754
603196,2024,0.063211,0.10317464736794174
603197,2024,0.04918,0.2489746871281412
603170,2024,-0.048694,0.026003010632195074
603199,2024,0.005932,0.006172146255973218
603168,2024,0.220945,0.04410928914887103
603173,2024,0.523529,0.10549624747355672
603172,2024,0.169262,0.03941073863018287
603177,2024,0.227735,0.05386878295805236
603178,2024,0.063112,0.27057813511810863
603182,2024,0.121033,0.0950939016187749
603179,2024,0.052967,0.21887491860031427
603209,2024,-0.022964,0.06277143319112506
603187,2024,0.155297,0.09437465746272661
603185,2024,0.417414,0.16343190670881969
603213,2024,0.534219,0.04534260265127131
603190,2024,0.161744,0.2626726085876327
603176,2024,0.651416,0.05188281257439617
603214,2024,-0.0117,0.04559595500714676
603188,2024,0.115385,0.08986371877289905
603192,2024,0.286073,0.06612071464802516
603189,2024,0.088526,0.002616453897277965
603193,2024,-0.033167,0.10179565273266966
603198,2024,-0.006921,0.055638152219306465
603200,2024,0.784565,0.058727485215075315
603195,2024,-0.032191,0.1709520868691123
603223,2024,0.074606,0.017094457157354637
603201,2024,0.204861,0.16859462662108976
603227,2024,-0.144501,0.06270431590258216
603205,2024,-0.035714,0.09916145407524693
603207,2024,0.37223,0.06023524001477486
603206,2024,0.079103,0.061606274551108335
603208,2024,0.074417,0.12807131978336928
603211,2024,0.101846,0.19085312608906968
603216,2024,0.080999,0.10097883688725437
603218,2024,0.071458,0.15971803724828787
603236,2024,0.170268,0.056499530549232686
603203,2024,0.162199,0.19393878820652538
603238,2024,0.225194,0.07646177734180831
603239,2024,0.303901,0.1207763700131902
603217,2024,0.149159,0.04913344274008495
603256,2024,1.480987,0.12498726612135477
603222,2024,0.19917,0.07206263015930897
603220,2024,0.004188,0.11137334605284657
603258,2024,0.169286,0.02299040220744534
603259,2024,-0.036812,0.04527936767759018
603215,2024,0.284658,0.15045382228130977
603219,2024,0.091253,0.14200292999577468
603267,2024,-0.052494,0.10410488733216929
603212,2024,0.231092,0.13832098961861672
603226,2024,1.913356,0.04606612161744537
603221,2024,0.075799,0.09030637607664202
603270,2024,0.124897,0.19058722109087423
603225,2024,0.166233,0.06950077233949231
603273,2024,0.119117,0.20530067526051887
603229,2024,0.332895,0.06335369795534816
603228,2024,1.539526,0.07663990896765413
603231,2024,0.065371,0.1353807967371903
603232,2024,0.322724,0.050051665309414066
603230,2024,0.142068,0.009966828600948649
603280,2024,0.384452,0.13680804250653983
603235,2024,0.044017,0.01934171055008961
603261,2024,0.333764,0.09000483108348906
603237,2024,-0.092948,0.03925945356996741
603283,2024,0.11402,0.16967864177787756
603286,2024,-0.029712,0.2419528060248276
603233,2024,0.012433,0.028519883887306995
603288,2024,0.008425,0.043273674516987215
603289,2024,0.201304,0.15296715878432104
603291,2024,0.111012,0.012610253358512832
603296,2024,0.295239,0.1049329993742841
603257,2024,0.15483,0.09626299330585461
603298,2024,0.236612,0.15127840850453156
603300,2024,0.099915,0.08315948928164811
603266,2024,0.16387,0.1903251139470415
603301,2024,0.163891,0.02799269787691469
603269,2024,0.24655,0.10366843095656395
603271,2024,-0.012698,0.14476518341660818
603303,2024,-0.001655,0.1561394501343269
603272,2024,0.144893,0.09966191042580644
603308,2024,0.226585,0.13871496151613633
603255,2024,0.243089,0.07904654049575345
603260,2024,0.041319,0.10455091386307903
603311,2024,0.192771,0.13983095936640805
603312,2024,-0.000522,0.2656184430733378
603268,2024,0.412691,0.11352750605815354
603276,2024,0.371687,0.04675050307759884
603281,2024,0.163289,0.06110823465648673
603317,2024,-0.16685,0.04783827389330815
603277,2024,0.163418,0.11741826134047087
603275,2024,0.678884,0.13976796159839125
603320,2024,0.202852,0.15836398203356933
603279,2024,-0.008314,0.12125517408221273
603278,2024,0.106509,0.08783063948905338
603323,2024,0.171674,0.05566364154854064
603297,2024,0.044377,0.1501694640123561
603325,2024,0.046493,0.06926838739641564
603326,2024,0.072442,0.06324505928056723
603290,2024,0.067728,0.19477327180757767
603328,2024,-0.034288,0.11543183850670763
603282,2024,0.266496,0.1409703591063415
603285,2024,0.14729,0.06611031742677889
603299,2024,0.105169,0.0268649863700145
603305,2024,0.111877,0.20433143373742568
603333,2024,0.435088,0.07847285265078706
603309,2024,0.276277,0.09768286980113419
603310,2024,0.069674,0.07720045716197285
603337,2024,0.321104,0.13488871449290363
603338,2024,0.260478,0.15466328801643311
603339,2024,0.154684,0.14357790311729912
603307,2024,0.139616,0.1486875190154835
603344,2024,0.150589,0.22107123086102026
603315,2024,0.140961,0.08635979632513818
603313,2024,0.287347,0.06960322026116306
603306,2024,0.404541,0.17477363587244998
603316,2024,0.457325,0.08013613976444756
603321,2024,0.253503,0.09922492675104892
603355,2024,0.075814,0.1741388549616384
603319,2024,0.119092,0.31694798727700085
603357,2024,-0.098128,0.06140133690127434
603318,2024,0.081095,0.10073166703775001
603327,2024,0.150697,0.20360584669405485
603322,2024,0.101521,0.09586972184656326
603363,2024,0.008,0.028710789756385968
603365,2024,0.144921,0.10799676651252126
603366,2024,0.007362,0.14663608723325416
603324,2024,0.189529,0.09791192431695252
603329,2024,-0.039027,0.007723701064739699
603368,2024,-0.017138,-0.006506203405654248
603332,2024,0.612366,0.048943780356468236
603345,2024,-0.010949,0.010607844445832806
603377,2024,0.101852,0.1411502382555895
603378,2024,-0.00958,0.09129114600659696
603330,2024,0.138906,0.08002970085233102
603331,2024,0.208664,0.2170766599604631
603350,2024,0.13578,0.23610095909511997
603348,2024,0.067701,0.22141843791800236
603336,2024,0.466575,0.03505511349232116
603351,2024,0.078499,0.036127749590373515
603341,2024,0.034969,0.154321847934127
603389,2024,2.988593,0.14086148055837702
603335,2024,0.063306,0.15939980451774108
603358,2024,0.020868,0.2115172479151129
603392,2024,-0.122653,0.08378468752265866
603393,2024,0.005147,0.03169192244856123
603353,2024,0.112548,0.09944934764605548
603359,2024,-0.039437,-0.0022225214955432088
603398,2024,-0.316592,0.18353846979660732
603399,2024,0.176174,0.07288676626703883
603356,2024,0.131415,0.1342659017364315
603369,2024,-0.135643,0.04703486468630875
603416,2024,0.079065,0.13969964172397858
603360,2024,0.007594,0.055732810623626214
603383,2024,0.110471,0.022772857414609285
603367,2024,0.478864,0.0498329466045449
603444,2024,0.397671,0.026310558180769522
603458,2024,0.317799,0.08996593432175382
603373,2024,0.649406,0.02644092055554087
603466,2024,0.101236,0.027289223697425688
603477,2024,0.096144,0.04771718559187911
603379,2024,0.027412,0.06268162804913546
603375,2024,0.229336,0.09232302417264796
603380,2024,0.290769,0.11539567650688949
603496,2024,-0.003441,0.08070159888701939
603381,2024,0.036842,0.1519449002575799
603387,2024,0.092983,0.0769127899003013
603501,2024,-0.008261,0.11045169198225668
603505,2024,-0.013463,0.05411693821740186
603506,2024,0.25692,0.021361010473952502
603507,2024,-0.05828,0.21823089932579054
603385,2024,0.168132,0.1013842421076598
603508,2024,0.224365,0.1264476276139314
603511,2024,0.488789,0.10768895378396459
603516,2024,0.356473,0.07552886013185656
603390,2024,0.335945,0.1500335314271659
603518,2024,0.068245,0.11169025707341916
603519,2024,0.181599,0.17450541329050356
603391,2024,-0.008595,0.1850657994283582
603520,2024,0.307933,0.01967991490700713
603528,2024,0.185201,0.09913841564561716
603529,2024,-0.132511,0.11675886846121575
603530,2024,0.178789,0.12400544508489
603386,2024,0.304071,0.1374592253197508
603535,2024,0.086268,0.06911609101337718
603408,2024,0.082405,0.06069069088659873
603409,2024,-0.024643,0.2862381821294872
603429,2024,0.058446,0.10122913960458987
603395,2024,-0.009111,0.010039934222264499
603396,2024,0.221137,0.17797962789805305
603558,2024,-0.088198,0.0691370826923409
603421,2024,0.069474,0.08636941779093879
603565,2024,0.02569,0.043061549273048616
603488,2024,0.176039,0.13482167623404667
603489,2024,0.014602,0.19240394011971376
603568,2024,-0.007362,0.06327550475017951
603456,2024,0.326455,0.001312458619855475
603577,2024,0.001476,0.10631656162206968
603500,2024,0.21743,0.13290051219595012
603580,2024,-0.062519,0.13500173433024626
603499,2024,-0.051331,0.07455468598276892
603486,2024,0.330438,0.16637432882579575
603439,2024,0.076494,0.02469517543402939
603587,2024,0.110998,0.14104189910206952
603586,2024,0.223633,0.17501790657706645
603515,2024,0.222044,0.14527373974103436
603517,2024,-0.028302,0.04057232681513801
603527,2024,0.221684,0.19338465898947815
603595,2024,0.132715,0.10167856075885674
603536,2024,0.017076,0.05504443283073948
603551,2024,0.181545,0.1122080775593028
603556,2024,-0.047124,0.1406260661954088
603559,2024,0.071348,0.08059307757024287
603600,2024,0.157733,0.09903650330884994
603601,2024,0.321569,0.11592157963958544
603605,2024,-0.010118,0.030853174206845697
603606,2024,0.032277,0.09969126888657917
603608,2024,0.246338,0.054033718521412505
603533,2024,0.187009,-0.028054718345821184
603557,2024,0.120155,0.10986064221222203
603610,2024,0.273918,0.16248931307401232
603566,2024,0.140419,0.03443867107717176
603538,2024,0.823834,0.10722900817685016
603611,2024,0.355792,0.10238734140651498
603578,2024,0.00463,0.09755971038460476
603583,2024,-0.07179,0.15050052377056894
603617,2024,0.150024,0.11698642014639604
603579,2024,0.165754,0.1028101384667033
603619,2024,0.23722,0.11081169549271444
603589,2024,-0.019482,0.06879651670797711
603567,2024,0.166879,0.015110313704161882
603585,2024,0.271171,0.04845447967868512
603598,2024,0.151678,0.019017489739808997
603596,2024,-0.122801,0.29781766200387266
603602,2024,0.020933,0.0320460412332103
603590,2024,1.01124,0.05176220351509601
603637,2024,0.215114,0.04001408295664546
603639,2024,0.228219,0.011586695778293049
603569,2024,0.029364,0.18332853913174246
603607,2024,0.274194,0.08336851894823019
603588,2024,-0.131694,0.022892176040767737
603656,2024,-0.098077,0.08830387813233642
603657,2024,1.234888,0.15209530878172467
603658,2024,-0.008648,0.055987377681487135
603615,2024,-0.069449,0.08074427431822451
603609,2024,0.041877,0.005033251653018295
603599,2024,0.184796,0.026543856595792135
603662,2024,-0.005674,0.09985749838158166
603612,2024,0.275325,0.11095325838790929
603616,2024,1.132184,0.062139523667219025
603666,2024,0.00455,0.08031569545320079
603613,2024,-0.027492,0.0378969337141446
603668,2024,0.012219,-0.008827536534629227
603669,2024,0.470183,0.025647508896202216
603618,2024,0.064947,0.15743363349218975
603677,2024,-0.20968,0.16350838998152295
603626,2024,0.197394,0.17654473527306946
603679,2024,0.343377,0.13408256077288014
603628,2024,0.153586,0.20404788671515556
603629,2024,-0.032452,0.13673197509819945
603681,2024,0.27573,0.13799966653768264
603682,2024,0.124409,0.02865587870160894
603683,2024,0.762262,0.12087878611630654
603686,2024,0.357324,0.07601799505793648
603630,2024,0.219311,0.08465619610782367
603633,2024,0.217391,0.1796168158352578
603655,2024,0.336698,0.24190330476593963
603690,2024,0.02555,0.1185813947815664
603636,2024,0.179057,0.07320013383923667
603638,2024,-0.035172,0.16057630161923453
603697,2024,0.375361,0.008954399383312578
603698,2024,-0.001247,0.025933175785671253
603700,2024,0.185116,0.1134334676065781
603648,2024,0.04642,0.04067368287924756
603660,2024,0.145385,0.05140606516998332
603659,2024,0.080986,0.03631204275353966
603650,2024,0.040955,0.09499461804569653
603707,2024,0.154668,0.015102930913899623
603661,2024,0.135648,0.10076953293087815
603711,2024,0.024782,0.0846630834283986
603663,2024,0.19802,0.06810725900848194
603676,2024,0.182778,0.024043591590702566
603665,2024,0.342788,0.0956473301835406
603716,2024,2.055358,0.03991095429534573
603667,2024,-0.007377,0.17210199098700643
603678,2024,-0.083677,0.11963015161407617
603685,2024,0.301467,0.21812375658145589
603680,2024,0.420485,0.10892596720001449
603689,2024,0.085502,0.07363878506137818
603725,2024,0.308303,0.07956953225300106
603688,2024,0.027598,0.09432250833661984
603727,2024,-0.001786,0.08210729539802285
603693,2024,0.127389,0.19098942671627334
603687,2024,0.0957,0.08511705310530593
603706,2024,0.156331,0.07837989320134188
603733,2024,0.035379,0.06125364070044307
603703,2024,0.058252,0.11355400699818341
603739,2024,0.143794,0.038577677568502035
603699,2024,0.193484,0.17051279458500812
603757,2024,0.182543,0.1404655568870988
603696,2024,-0.184469,0.01621392364030238
603758,2024,0.135563,0.22512388159536928
603759,2024,-0.066315,0.027098488987229052
603767,2024,0.225934,0.27296634596994773
603701,2024,0.161625,0.2061464957472499
603766,2024,0.010742,0.1368891868694244
603709,2024,0.20327,0.08118035504496339
603708,2024,-0.060482,-0.004380299650621131
603712,2024,0.060544,0.04613871408822873
603718,2024,0.082282,0.056066808367749715
603786,2024,-0.020373,0.21506510177554855
603713,2024,0.076498,0.024378460098883253
603717,2024,0.074414,0.09817677974916633
603721,2024,0.141202,0.003706841843292022
603719,2024,0.102424,0.0038559141404290037
603726,2024,0.201542,0.153994902509679
603798,2024,0.246611,0.18889366913935104
603729,2024,0.167638,0.02418865194103624
603799,2024,0.17635,0.11435386312078105
603801,2024,-0.032177,0.09672970873417203
603722,2024,0.069796,0.04795049902029246
603730,2024,-0.050112,0.24809531373130722
603809,2024,-0.022533,0.19939355659114044
603808,2024,0.187192,0.11306774823839905
603728,2024,-0.049245,0.14915118768019964
603738,2024,0.171627,0.07866931084361513
603755,2024,-0.01338,0.02861623668959927
603777,2024,-0.006764,0.04203046501023428
603779,2024,0.086157,0.07854040105197316
603768,2024,0.151695,0.25601607937676724
603776,2024,0.32176,0.1415139056566806
603773,2024,0.177135,0.11016605202538077
603788,2024,0.160014,0.24420378303814383
603789,2024,0.057229,0.15007795547194197
603787,2024,0.206061,0.19230471910310976
603790,2024,0.076345,0.033482371665738184
603778,2024,0.35307,0.13454631276405285
603803,2024,-0.007535,0.0832983838656447
603833,2024,-0.121822,0.09247272772213255
603836,2024,0.061798,0.04391161840127588
603797,2024,0.209382,0.035228066038267114
603806,2024,0.158179,0.10437934935063499
603839,2024,0.515654,0.06827862629931708
603800,2024,0.151437,0.13745809212414956
603811,2024,0.361814,-0.009867322905306286
603815,2024,0.025271,0.041182809449233464
603856,2024,0.103004,0.08839667682122251
603813,2024,0.554281,0.14695758814429166
603810,2024,0.155601,0.058439866508979046
603822,2024,0.071124,0.09175987305512334
603861,2024,0.111697,0.1168879671177781
603816,2024,0.093183,0.08049629598812688
603866,2024,-0.077815,0.0506425397175648
603823,2024,0.305854,0.08636487688092896
603869,2024,0.201136,0.05582274196379974
603871,2024,0.11972,-0.0042616424405028525
603819,2024,-0.002055,0.1601313220023048
603818,2024,0.517588,0.07705804077561614
603879,2024,0.53405,0.062225070303601526
603817,2024,0.079208,0.02118149309218758
603826,2024,0.008581,0.07612233800581353
603881,2024,-0.224405,0.0034492843792597733
603885,2024,0.003365,0.058415470964733054
603883,2024,-0.026982,0.06307387140714818
603886,2024,-0.040757,0.03362763340217338
603825,2024,0.077699,0.048198258513321636
603828,2024,-0.061903,0.06920551832917711
603889,2024,0.080854,0.0724133963421324
603838,2024,0.433217,0.11020403455142583
603829,2024,0.198083,0.14190825928751638
603860,2024,-0.072394,0.08013347189081524
603896,2024,0.137546,0.024162327587374244
603897,2024,0.023477,0.15061678222179203
603898,2024,0.068581,0.06087989587198319
603899,2024,-0.0151,0.0320666569926948
603900,2024,0.591817,0.046218304660827395
603843,2024,0.231707,0.044344388379081195
603855,2024,0.080812,0.11458942496253838
603906,2024,0.458496,0.12543781790131212
603908,2024,0.191191,0.15208457652900648
603859,2024,0.235735,0.0733222324963293
603909,2024,-0.008193,0.034987122176823524
603848,2024,0.288599,0.060278352622921555
603868,2024,0.07323,0.13191450478410532
603918,2024,0.480812,0.038022164748445705
603858,2024,0.141836,0.0343960761390807
603919,2024,-0.039752,0.017506564236701903
603867,2024,0.088773,0.056311356443558086
603876,2024,0.181761,0.09750229230957737
603880,2024,0.328378,0.06964389090915202
603926,2024,0.239141,0.2464405130285735
603878,2024,0.141133,0.08755344729126449
603929,2024,-0.174492,0.09040562518509627
603863,2024,0.388218,0.05084925471295934
603893,2024,-0.000863,0.07259519839292881
603882,2024,0.130567,0.015042338477571818
603937,2024,0.236784,0.1168754045995946
603938,2024,0.210302,0.0579957924133875
603939,2024,-0.132256,0.00456632593976003
603901,2024,0.11393,0.12600229225707466
603890,2024,0.079285,0.18265718995360788
603955,2024,0.53316,0.05112243111495771
603950,2024,-0.042232,0.2363931041492417
603888,2024,0.121148,0.03661043295136428
603956,2024,0.126888,0.1054567106456745
603895,2024,0.042265,0.24742138091992943
603915,2024,0.033406,0.14039601153438122
603967,2024,0.087617,0.08175055045791435
603903,2024,0.213398,0.07517570961349801
603917,2024,0.09433,0.23611669378283373
603931,2024,-0.07387,0.06296686778760993
603970,2024,0.11791,0.020336631555377384
603912,2024,-0.245402,0.08791585014445252
603977,2024,-0.052228,-0.012240769024699172
603927,2024,0.026893,0.07145436870432778
603979,2024,0.350242,0.03384387684316714
603928,2024,0.551724,0.06450822047487793
603922,2024,0.12719,0.1631776345806026
603985,2024,0.216294,0.1725324748511683
603920,2024,0.294545,0.11124502040238174
603987,2024,0.204234,0.080297305379002
603933,2024,0.101113,0.15453850237436412
603989,2024,0.07923,0.1387194339633983
603936,2024,0.405667,0.038510578724438305
603948,2024,0.310038,0.05765021040642023
603992,2024,-0.027665,0.13227059957823784
603958,2024,-0.117188,0.11543157470978979
603997,2024,0.100595,0.21098397924881235
603998,2024,0.179074,0.027832078282657637
603999,2024,-0.004737,-0.015362302945914078
603887,2024,-0.12301,-0.0064000326659364865
603949,2024,-0.26249,0.14995151285492989
603966,2024,0.258859,0.13145435517450077
603916,2024,0.526512,0.09188239531422687
603960,2024,0.111291,0.23749849227734937
605008,2024,-0.13841,0.05318362727108952
605009,2024,0.034221,0.10995247748697379
603968,2024,0.180935,0.004386284591360715
603976,2024,0.263603,0.09801133304884846
603988,2024,0.182943,0.09008398564150683
603980,2024,0.287841,0.06613266612314685
603969,2024,0.261157,0.09018096751562665
605028,2024,0.022579,0.06596441798192978
603986,2024,0.085712,0.11761224651855134
605050,2024,0.48621,0.1670506818593734
603983,2024,0.052242,0.01985907264422529
603982,2024,0.165835,0.21757195066026552
605003,2024,0.073333,0.12589750441360403
605066,2024,0.016083,0.14236609521994223
605068,2024,0.198853,0.15871694181795096
605069,2024,0.1302,0.05816492067572962
605077,2024,0.103244,0.007180862232444352
603978,2024,0.459188,0.11819537492725979
605081,2024,0.273448,0.06034447394943587
603991,2024,0.501892,0.12902403662019588
605001,2024,0.215176,0.0827402743748299
605088,2024,-0.018535,0.21256044863305418
605090,2024,0.144027,0.10112651907893504
605098,2024,-0.06383,0.14066595950615815
605100,2024,-0.041266,0.1358248242062913
603995,2024,0.032134,0.08935587389933547
605108,2024,-0.069776,0.007469502164767286
603990,2024,0.137671,0.07832489712349702
605005,2024,0.168275,0.16769765537081388
605016,2024,0.214107,0.07293510607694048
605006,2024,0.561181,0.08663298093889066
605011,2024,-0.024077,0.12874443267906086
605018,2024,0.237633,0.19683238376835704
605007,2024,0.013546,0.08611918609803244
605133,2024,0.548823,0.19230570818109777
605136,2024,0.502717,0.06428567913320096
605086,2024,0.066538,0.05235271575637923
605055,2024,0.317343,0.08674645525124286
605155,2024,0.000793,0.1144154350171917
605158,2024,0.118068,0.08724280990581745
605033,2024,0.349622,0.04799408919131092
605166,2024,0.093333,0.02856230641453065
605020,2024,0.17037,0.06052414278400911
605060,2024,0.253039,0.0920348619440591
605169,2024,0.22854,0.11638857840269462
605177,2024,0.22405,0.035792534605104454
605056,2024,0.058073,0.08778209000764499
605080,2024,0.07688,0.10423164465018338
605089,2024,0.086594,0.0808101761332123
605099,2024,0.663289,0.13580282861319903
605058,2024,-0.046159,0.1605490594000764
605111,2024,0.037469,0.09711039140304924
605116,2024,0.084327,0.022543277560515995
605118,2024,0.817391,0.135596383164998
605198,2024,0.105306,0.06121520480214746
605122,2024,0.405567,0.0919803613541692
605208,2024,0.320912,0.10859957733331094
605218,2024,-0.085796,0.17001494835139902
605123,2024,0.368172,0.13020373259407142
605117,2024,-0.130131,0.1873650033601072
605151,2024,0.278601,0.13060083258495034
605128,2024,0.109425,0.18065141217760958
605138,2024,0.153727,0.06789667716931683
605266,2024,0.136705,-0.01602772338805386
605167,2024,0.23484,0.08770327403091614
605277,2024,0.868291,0.1371488687325862
605188,2024,0.013699,0.037494910832350486
605287,2024,0.192287,0.0317472795917089
605180,2024,0.160683,0.10184159154991954
605162,2024,0.214109,0.14154684836072162
605178,2024,0.58046,0.10570703895439187
605179,2024,-0.039315,0.033454956556014735
605168,2024,0.259646,0.10135115023823665
605183,2024,0.254188,0.0757345312467063
605305,2024,0.660144,0.15517418332464572
605189,2024,0.438347,0.12987411420608352
605186,2024,0.141913,0.05455268778422226
605196,2024,0.439587,0.1030601536157836
605255,2024,0.630599,0.23909238043796904
605199,2024,-0.247823,0.06788489257348937
605338,2024,0.087738,0.03760366820253923
605339,2024,-0.028161,0.07227405042732023
605259,2024,0.643714,0.2202384107334467
605222,2024,0.088079,0.17821828258637393
605228,2024,0.227493,0.21398665137580797
605368,2024,-0.035472,0.04733448489648833
605258,2024,0.138785,0.1152331253231444
605376,2024,0.191989,0.0805897422875081
605268,2024,0.346636,0.12421815678010237
605298,2024,0.254215,0.11434230903395155
605300,2024,0.016866,0.057908977238949014
605303,2024,0.319706,0.0627322782655986
605289,2024,0.503508,0.10501922387405699
605318,2024,-0.002972,0.07194073842654437
605488,2024,0.029454,0.07865158702060467
605499,2024,0.465145,0.049596049977685124
605299,2024,0.198825,0.13583843284427707
605333,2024,-0.010263,0.16817709034484746
605555,2024,0.068231,0.1437535310211418
605296,2024,0.101075,-0.005748355156172294
605319,2024,0.020755,0.21850318717888595
605286,2024,0.031282,0.1940411152043709
605336,2024,-0.11614,0.09952256887885588
605580,2024,0.42734,0.0795958402664167
605589,2024,0.027882,0.05163509854520187
605337,2024,0.075868,0.050926455722682104
605365,2024,0.130526,0.09094862807553268
688001,2024,0.087471,0.11111801116512118
688002,2024,0.16661,0.06606905177919045
605377,2024,0.043598,0.10576301651913152
605369,2024,0.10146,0.04752315806454187
605358,2024,0.016002,0.1467504026746189
605398,2024,0.082517,0.05341867514761755
688007,2024,0.092361,0.11542253503412582
688008,2024,0.111762,0.06408043795360281
605366,2024,0.125906,0.054037931048286844
605378,2024,0.413119,0.17453215457888882
688010,2024,-0.264921,0.08546181223552085
688013,2024,1.051942,0.09752991280806926
688012,2024,-0.031493,0.09331061987207123
605399,2024,0.302472,0.07603473200325928
688016,2024,-0.02792,0.0523290419945221
605389,2024,0.63083,0.1616515910296611
688018,2024,-0.144284,0.0686821641979322
688019,2024,0.143264,0.03231156049181141
688020,2024,0.30432,0.11178954906455593
605500,2024,0.445828,0.08904334350714044
688022,2024,0.113721,0.1317737499401615
605388,2024,0.353008,0.032354078996788785
688025,2024,0.225401,0.18766355748772898
605507,2024,-0.027184,0.0390488972469081
688026,2024,0.305111,0.013340818849804079
688028,2024,0.141732,0.08800555747187905
605566,2024,0.180378,0.06443088462401816
605577,2024,0.108065,0.02501926392736724
688030,2024,-0.066397,0.009090650302940484
605567,2024,0.1549,0.04990068936521719
605588,2024,0.009099,0.1314577312246288
605598,2024,0.147142,0.064057427158686
688037,2024,0.228071,0.1100255658758007
688035,2024,0.129744,0.06921206489546157
605599,2024,0.174687,0.06683026798503675
688041,2024,-0.134564,0.0521300789172965
688045,2024,-0.134093,0.1198220068492594
688039,2024,0.092618,-0.005231988255387551
688006,2024,0.226891,0.2233117751253268
688004,2024,0.284598,0.008172912575664132
688005,2024,0.146676,0.10754582942639386
688050,2024,-0.133911,0.10303885433551195
688049,2024,0.281431,0.001104230850903526
688052,2024,-0.012943,0.12621537500572233
688051,2024,0.473325,0.007305552691989653
688003,2024,-0.029118,0.13324332768285518
688011,2024,1.152813,0.07453683735732987
688057,2024,0.19956,0.012916522844951026
688015,2024,0.124038,0.033790315544751794
688056,2024,0.022721,0.08494480342006587
688058,2024,0.169639,-0.014043657124412967
688017,2024,-0.147299,0.1739785271631234
688021,2024,0.494801,0.15130608271863447
688062,2024,0.447368,-0.030383147424853346
688009,2024,-0.10767,0.03447248232198102
688027,2024,0.066946,0.040005880050300556
688029,2024,0.434448,0.04779385731252506
688032,2024,0.1057,0.11337506320390559
688036,2024,-0.053315,-0.022667381507018136
688070,2024,0.312975,0.04005176491518775
688069,2024,0.617913,-0.015277118327808328
688031,2024,0.173039,0.019418081033420742
688072,2024,0.079393,0.08194285823054304
688023,2024,0.219806,-0.008622762993014316
688033,2024,0.370301,0.13776765039404162
688038,2024,0.098262,-0.028455987307648603
688077,2024,0.362348,0.08074619456422964
688046,2024,0.43316,0.03162358312479365
688078,2024,0.100958,0.02922682170893215
688081,2024,0.045648,0.038235475452192386
688047,2024,0.058824,-0.007339801174125471
688082,2024,-0.068503,0.10646018503151447
688083,2024,-0.01346,0.0651917537654998
688048,2024,0.212687,0.11844313860665202
688085,2024,0.357176,0.06367299327632943
688087,2024,0.239096,0.05849169313653444
688089,2024,0.010899,-0.013280732795605987
688088,2024,0.137795,0.08916015706642877
688090,2024,0.124912,0.1100088100027079
688091,2024,0.388226,0.009637741444446749
688055,2024,0.167164,0.05940993608219602
688061,2024,0.22045,0.13245590945548932
688093,2024,0.080239,0.06367604731649365
688095,2024,0.187211,0.047645916422834375
688097,2024,0.166207,0.1098836486624035
688098,2024,0.242215,-0.011645138268818009
688099,2024,0.027615,0.04016321553147562
688059,2024,0.348332,0.1150457403848238
688100,2024,-0.091508,0.07264017587666775
688053,2024,0.248848,0.06904322064260539
688060,2024,0.252655,0.08946640606055664
688106,2024,-0.043213,0.04452095533345915
688105,2024,-0.008261,0.00852570078711476
688067,2024,0.344992,0.05415342088968544
688109,2024,0.246879,0.055902105884429176
688063,2024,0.220727,0.06843841095332638
688075,2024,0.161768,0.011066312888026869
688111,2024,-0.190013,-0.00879847213482933
688071,2024,0.223791,0.17126180642118488
688113,2024,0.232388,0.12108072861345921
688114,2024,-0.158683,0.04900798153167629
688115,2024,0.600597,0.10902207858118437
688065,2024,-0.100901,0.033795968242719146
688068,2024,0.519637,0.04344775501241038
688073,2024,0.404924,-0.04888259294437029
688066,2024,0.257981,-0.0496931863128947
688120,2024,0.049895,0.08046077560045876
688121,2024,0.183137,0.06264922726384103
688080,2024,0.122283,0.04978123370100841
688076,2024,0.187581,-0.035133083638000134
688123,2024,0.016457,0.0926332010546406
688092,2024,0.249827,0.0923962752850072
688079,2024,0.30303,0.08827616828178345
688084,2024,0.648965,0.10254963166422347
688101,2024,0.143708,0.019288863913944528
688131,2024,0.183668,0.01601517384639055
688107,2024,0.072119,0.012625172308591573
688132,2024,-0.030177,0.024936965476469376
688096,2024,-0.190561,0.09070155826266203
688102,2024,0.270492,0.08423120893843504
688108,2024,0.348595,0.005775204999725447
688138,2024,0.105413,0.06433392922349711
688137,2024,0.484674,-0.01895393862822524
688139,2024,-0.109803,-0.040409221898703884
688141,2024,-0.193103,0.08614235001844982
688112,2024,0.003441,0.06628084100512778
688103,2024,0.266351,0.11705876541623281
688147,2024,0.172779,0.1066649616260512
688148,2024,0.304762,0.07024787408114821
688118,2024,0.13567,-0.0019289489435156543
688110,2024,0.174384,0.03676766921903449
688153,2024,0.037129,0.04369053138023736
688152,2024,0.043972,-0.030648788768685778
688155,2024,0.283155,0.237614235964204
688156,2024,0.355422,0.04330327132945476
688157,2024,0.178242,0.11262280879192772
688158,2024,0.188042,0.025790529540667913
688116,2024,-0.026078,0.16353993676574285
688160,2024,-0.022026,0.19069482738056065
688161,2024,-0.043494,0.00803090385012395
688162,2024,0.211227,0.28195348175590246
688117,2024,0.991061,0.004895115764946487
688166,2024,0.535609,-0.020529752386875863
688165,2024,-0.040392,0.15974084216573103
688167,2024,0.339144,0.05075126840764066
688126,2024,0.126084,0.06832859427043328
688169,2024,0.089744,0.0824835457407745
688125,2024,0.309863,0.14693463048332966
688122,2024,0.079939,0.06661037234071343
688129,2024,0.305963,0.21221335432959826
688173,2024,0.144,0.1076641768701429
688176,2024,0.49359,0.022998976297247863
688175,2024,0.293111,-0.01343428200583402
688177,2024,0.284513,-0.0445437061509618
688127,2024,0.204056,0.05366037015254074
688119,2024,0.206522,0.03568041705858809
688180,2024,0.125166,0.012078582570582003
688128,2024,0.106759,0.052442809846961924
688136,2024,0.51671,0.0066544493658763915
688183,2024,0.721224,0.07900345412621199
688130,2024,0.016491,0.10332721734488276
688186,2024,0.048964,0.21651732354784192
688135,2024,0.326466,0.13412379404304167
688188,2024,0.096698,0.15090857756378756
688187,2024,-0.107739,0.1911520106599126
688151,2024,0.483133,0.011837588988967751
688190,2024,-0.076827,0.04871676152842934
688191,2024,0.391304,0.0875175881089607
688159,2024,0.371289,0.04877127041385329
688133,2024,0.140432,0.07009797206182328
688196,2024,0.044694,0.014039965398627188
688195,2024,0.026492,0.10578170255373662
688146,2024,0.114595,0.006871016329810048
688198,2024,-0.053669,0.0968124978974643
688200,2024,-0.116312,0.07725468350111578
688199,2024,0.463706,0.0705230662181176
688201,2024,0.388462,-0.027651074583975574
688163,2024,0.488271,0.01512010152261943
688168,2024,0.229979,-0.011070034852241645
688143,2024,0.14602,0.10911156915724124
688150,2024,0.355655,0.052630817266261225
688171,2024,0.819119,0.08099568917986684
688208,2024,0.040319,0.09059144264112771
688170,2024,0.830855,0.14520588430465614
688182,2024,0.308751,0.10324895204755571
688172,2024,0.120651,0.07631555097609467
688178,2024,-0.017327,0.08258099710591967
688181,2024,0.165823,0.0503308151635989
688189,2024,1.292445,-0.0138769477836157
688179,2024,0.095747,0.041966224318940246
688217,2024,0.34901,-0.005529087719262457
688218,2024,0.042202,0.16095241793644197
688219,2024,0.025359,0.04811154183812558
688220,2024,0.018243,0.06548297207717957
688184,2024,0.132093,0.07050555544100351
688222,2024,0.603734,-0.01415080481257229
688225,2024,-0.092357,0.03174812107855679
688185,2024,0.014116,-0.015412900626144976
688226,2024,0.184127,0.1204784404256293
688227,2024,-0.14461,0.0244782786205176
688228,2024,-0.105387,0.023737241528588228
688192,2024,0.306154,0.003214645899386012
688197,2024,0.460453,-0.04501016501457164
688193,2024,0.433917,0.014756713626101217
688205,2024,0.378349,0.051677891701028114
688233,2024,0.212879,0.09672318335976988
688203,2024,0.256073,-0.006142132436706166
688235,2024,-0.003729,-0.04034004669259915
688236,2024,0.340396,0.0947907011324282
688207,2024,0.31068,0.03758158636930811
688238,2024,0.291156,-0.01078239401281593
688202,2024,1.085349,0.054207134503970494
688206,2024,0.420296,0.05403446613471184
688209,2024,-0.000518,0.09527046991612496
688211,2024,0.190136,0.069914932256476
688248,2024,-0.013584,0.1513821904555004
688210,2024,0.957569,0.10572708132178774
688213,2024,-0.019321,0.07532903366031576
688251,2024,0.224946,0.05769422506198281
688252,2024,-0.019246,0.10688821714586062
688216,2024,0.414912,0.0893024501713927
688212,2024,0.144375,0.0597730598642965
688257,2024,-0.006342,0.09363039970799972
688258,2024,0.284912,0.012812969549845524
688221,2024,1.577726,-0.01611747467408431
688215,2024,0.971862,0.12635420570699926
688230,2024,0.247404,0.10156788782997575
688262,2024,0.074631,0.08149919821116383
688234,2024,-0.103369,0.06832317487528736
688266,2024,0.355127,-0.021018212012161447
688267,2024,0.191653,0.012169205099468491
688223,2024,-0.005263,0.08931111031577872
688269,2024,0.186534,-0.01448414668972249
688270,2024,0.229929,-0.0020778712013729966
688271,2024,0.06236,0.014948282558758852
688231,2024,0.25,0.1029276370140535
688229,2024,0.361666,-0.024158774260843244
688232,2024,0.003091,0.031089831237814974
688237,2024,0.425586,0.08731162260306763
688239,2024,0.201832,0.13007876399163382
688279,2024,-0.246937,0.06283196065454746
688278,2024,-0.082993,-0.034135203011101775
688246,2024,0.166887,0.012303712724006474
688244,2024,0.038109,0.004150307686349691
688282,2024,0.018993,0.041824941635293496
688283,2024,0.144811,0.054482562750240514
688247,2024,0.314344,0.0012594971740119837
688285,2024,0.01353,0.11556814437551488
688287,2024,0.373534,0.06616956869767292
688288,2024,-0.146704,0.1437135668306058
688290,2024,0.075614,0.020633591482526838
688255,2024,0.026416,0.1813315581959764
688291,2024,0.671512,0.14165540019512768
688256,2024,-0.156845,0.043913987957938556
688293,2024,0.364139,-0.003422201040476275
688295,2024,-0.052069,0.02021456674320668
688297,2024,0.269193,0.046344054527008065
688296,2024,0.192813,0.06652388513151233
688253,2024,0.060143,0.047474893373399926
688260,2024,0.584119,0.17615739061321734
688300,2024,0.059826,0.02329610206247243
688301,2024,0.052888,0.02566447750808678
688259,2024,0.07523,0.08536499528400987
688249,2024,0.010072,0.05238048749415675
688305,2024,0.01406,0.13377135608024038
688265,2024,0.553702,0.051958154628982955
688307,2024,0.051902,0.05161760887507581
688261,2024,0.209695,0.15106174105008824
688272,2024,0.248357,0.06603306607215698
688310,2024,0.558236,0.10707846065385598
688273,2024,0.204124,0.08853786374776411
688268,2024,-0.042351,0.09270569869262678
688313,2024,1.89496,0.04655585474949711
688314,2024,0.169392,0.04938778008825738
688315,2024,0.129861,0.0603914093900802
688275,2024,0.198706,0.09237797490263733
688317,2024,0.484392,0.05622519553396494
688318,2024,0.091579,0.03224494633868766
688277,2024,0.512236,0.1257780488356167
688320,2024,0.234806,0.11644130547278903
688281,2024,0.266165,0.06037722123771494
688322,2024,0.159261,0.03900800834443744
688323,2024,-0.079235,0.08686789973471051
688276,2024,0.105441,0.026363441867967602
688326,2024,0.217587,0.1468671836346494
688280,2024,0.530612,0.298231413769025
688327,2024,0.143076,0.03293701529890007
688329,2024,0.355388,0.0903851444910881
688330,2024,-0.003833,0.1586913956437084
688286,2024,0.145039,0.11049990112253368
688332,2024,-0.054705,0.05006681154248517
688292,2024,0.185556,-0.0035926831585227637
688308,2024,0.171291,0.15127679602257948
688335,2024,0.287951,0.0682306889004401
688299,2024,0.051529,0.024183908383541092
688337,2024,0.061726,0.1404903376421635
688289,2024,0.154748,0.0009935346883036128
688303,2024,0.560362,0.07922539403033309
688298,2024,0.296414,0.0349865407522556
688302,2024,0.467866,-0.06440094762780045
688347,2024,0.201089,0.08185060639734354
688309,2024,0.433071,0.054598277654484356
688306,2024,0.086813,0.12451960603580306
688350,2024,0.210788,0.04345601254932929
688312,2024,0.133628,0.08300334832156268
688352,2024,-0.084746,0.1068109512576714
688353,2024,0.566307,0.0835434282375546
688356,2024,0.666773,0.03656467725537825
688311,2024,0.021256,0.04900914188336784
688316,2024,0.532409,0.03088993413542706
688319,2024,0.073038,-0.005493807994364136
688360,2024,0.320083,0.10277176861910874
688359,2024,0.40276,0.09404611916147307
688321,2024,0.995853,0.015185527100233881
688361,2024,0.024092,0.07403607329507671
688363,2024,0.0721,0.007102387030225241
688325,2024,0.147114,0.12840496316228875
688328,2024,0.424469,0.12729915682034348
688334,2024,0.104976,0.10920658574698776
688368,2024,-0.100476,0.08532653927723002
688336,2024,1.000372,0.010670230743207179
688331,2024,0.503853,-0.04835746760925326
688338,2024,0.208777,0.007904392852816827
688371,2024,0.089492,0.09084915300336179
688373,2024,0.086957,-0.056628697582794
688333,2024,-0.011296,0.10779673148152433
688376,2024,0.247684,0.09114614757112746
688345,2024,0.4766,0.16027493278415028
688378,2024,0.154987,0.0673725987835113
688379,2024,0.540609,0.11352340353433643
688380,2024,-0.042832,0.08881275629054756
688348,2024,0.119277,0.15908244041757652
688382,2024,1.082075,0.02116783929212196
688385,2024,0.000819,0.10465307567722937
688343,2024,-0.018406,-0.03687791526583277
688351,2024,-0.004548,-0.0015648500693827283
688339,2024,0.173469,0.1531216848851775
688358,2024,0.2052,0.07526336951915881
688388,2024,0.219812,0.13685756760555556
688390,2024,0.081017,0.22633561687835246
688391,2024,0.079497,0.11716707761159717
688392,2024,0.467707,0.19084954127667703
688393,2024,0.078369,0.0464740260310389
688349,2024,0.151915,0.13630317093187327
688357,2024,0.306132,0.06563751925151734
688355,2024,0.172414,0.15375150151067585
688362,2024,-0.026051,0.07417528040063391
688367,2024,0.213036,0.09156636866090659
688401,2024,-0.070671,0.06983770680967914
688403,2024,0.08709,0.0952425024943079
688408,2024,0.133266,0.1541897964600849
688372,2024,0.041878,0.08564092710396246
688366,2024,-0.170633,0.028961307243431746
688369,2024,0.123168,-0.015860496312343264
688375,2024,0.103024,0.04357105569470479
688365,2024,0.474635,0.04591191690445705
688370,2024,0.253754,0.031157197972137694
688420,2024,0.275564,0.06385336402608796
688425,2024,-0.03956,0.058431019827880314
688426,2024,0.313615,0.06329165737545604
688428,2024,0.30992,0.03168818249628611
688377,2024,0.500261,0.1124338304491963
688432,2024,-0.063333,0.06801675199422404
688433,2024,-0.178024,0.09507506196147755
688387,2024,0.123314,-0.0376892311641482
688439,2024,-0.023591,0.06018508796684029
688383,2024,0.516137,0.09435749748533989
688396,2024,0.035836,0.1277615074104549
688449,2024,0.001686,0.043859810367677124
688450,2024,0.310659,0.06068900338843396
688455,2024,0.288225,0.07502780464375619
688381,2024,0.130599,0.14389788983856022
688458,2024,0.028724,0.09791584565915964
688389,2024,-0.03676,0.04432470533961667
688386,2024,0.461054,0.11572787639901418
688468,2024,0.18107,0.009798726832351334
688395,2024,0.295248,0.09137127913786192
688472,2024,0.081655,0.11511613037948235
688475,2024,-0.110599,-0.01971683669432002
688399,2024,0.267418,0.07282654143194181
688479,2024,0.047022,0.15722379139788184
688480,2024,0.397707,0.055610354073391516
688400,2024,0.158129,0.06966967410649975
688398,2024,0.277108,0.13490781009800137
688486,2024,-0.338846,0.04271802140151383
688410,2024,0.161182,0.11053346732815705
688488,2024,0.273829,-0.03488783564158571
688489,2024,0.171866,0.009300275529900232
688416,2024,0.059864,0.0018387678813369945
688411,2024,0.364299,0.1061233688000975
688499,2024,0.999211,0.07457900681852886
688435,2024,0.213865,0.05403394347534861
688502,2024,0.094738,0.06964642224273676
688418,2024,-0.059044,0.013122698582996709
688505,2024,0.071942,0.03261903324177773
688506,2024,0.293044,-0.00652212487236091
688409,2024,0.14335,0.07513693509887187
688509,2024,0.321937,0.025813126537244192
688508,2024,0.13684,0.12675517400535347
688419,2024,0.143288,0.11147797326780906
688510,2024,0.405879,0.1010653646838692
688512,2024,0.149598,0.04557937776362624
688513,2024,0.642395,-0.0184001604201907
688515,2024,-0.128775,0.11298865758381202
688429,2024,0.173509,0.11697561751053343
688517,2024,0.165765,0.1567311090092262
688518,2024,0.308333,0.13043937011063989
688519,2024,0.254448,0.07752360530047787
688443,2024,0.211671,-0.034612450599700806
688521,2024,0.038281,0.02559366775018434
688522,2024,-0.02072,0.07793703144632151
688448,2024,0.232781,0.09522981278916688
688525,2024,0.040689,0.06725143485889865
688456,2024,0.255396,0.034516574063493115
688528,2024,0.274554,0.11665817693035915
688529,2024,0.240071,0.14508162545270953
688469,2024,0.1566,0.13980585921418506
688459,2024,0.023,0.07982724766255767
688478,2024,0.145777,0.08268480076346311
688466,2024,0.24244,0.06680970742522609
688496,2024,0.286676,0.09161746462889295
688538,2024,0.054054,0.0787436302964345
688539,2024,0.129695,0.0772497255575383
688543,2024,0.285187,0.07130234193869907
688545,2024,0.021466,0.04748807550384364
688548,2024,-0.114683,0.07169477530700019
688550,2024,0.098959,0.043539063539755056
688498,2024,0.741059,0.04182999092783461
688484,2024,0.150669,0.09791984351118067
688551,2024,0.193119,0.11654930590482948
688485,2024,0.239437,0.04728225169608652
688503,2024,0.624982,0.10796699671734686
688557,2024,0.274644,0.09493469925744685
688558,2024,0.313466,0.06335707410259714
688500,2024,1.232971,0.06300864579171843
688559,2024,0.145044,0.10183059128813304
688562,2024,0.164981,0.039979405970876444
688507,2024,0.099809,0.08140261348164052
688563,2024,0.123557,0.0933450998065132
688565,2024,0.432379,0.12265336792839357
688501,2024,0.099697,0.11910142371302143
688520,2024,1.074436,0.013970703447744426
688568,2024,-0.141089,-0.02310933137370981
688569,2024,-0.026849,0.08951115272697735
688570,2024,-0.053488,0.04918794826105461
688511,2024,0.60852,0.09582766102527057
688523,2024,0.219832,0.07818360508318056
688530,2024,0.117978,0.03402577920093593
688526,2024,0.06311,0.0061981301831422475
688516,2024,0.044362,0.09307578723749536
688531,2024,0.021218,0.048029001495171836
688535,2024,0.145552,0.1036179538827568
688552,2024,0.691813,0.017214246004041187
688536,2024,-0.084318,0.07434296882697992
688582,2024,0.058612,0.16515860395402793
688583,2024,0.179057,0.08132530750823588
688584,2024,-0.029589,0.09492879993895764
688585,2024,0.929972,0.10894179363936848
688588,2024,0.25645,0.057083523614584616
688586,2024,0.031311,0.06133754352522669
688589,2024,-0.152651,0.1195305536637194
688533,2024,0.018295,0.2057885015066936
688556,2024,0.833046,0.10201748150333284
688591,2024,0.205676,0.043400292257359134
688595,2024,-0.002841,0.09115301388852308
688549,2024,0.024032,0.06224163398515451
688597,2024,-0.070498,0.11227107399205952
688596,2024,-0.016083,0.0400390075728347
688553,2024,0.447351,-0.04134899053177879
688599,2024,0.251253,0.14042373090717933
688560,2024,0.260307,0.13245919681548735
688601,2024,0.022262,0.08556136748111859
688602,2024,-0.060241,0.054450336358864745
688603,2024,0.00386,0.08278553059645692
688566,2024,0.313385,0.050677176113182926
688561,2024,0.117288,-0.008388917632133855
688576,2024,0.147588,0.07126679198281433
688571,2024,0.165377,0.035867913052897535
688609,2024,0.154762,0.05564689362140426
688610,2024,0.214959,0.060651882909865285
688611,2024,0.083473,0.11049833193188054
688567,2024,0.347755,0.17760459007178847
688577,2024,0.294047,0.08614560224344395
688573,2024,0.787097,0.16068308900324502
688575,2024,0.096578,0.06329634068558739
688578,2024,0.077118,0.0035238984813206753
688618,2024,0.25209,0.05813471918429553
688579,2024,0.304481,0.021195706402175607
688580,2024,0.068196,0.045573867044929946
688621,2024,0.42775,0.02233644630259509
688622,2024,-0.133657,0.05044099212614059
688581,2024,0.201091,0.09314445926694048
688590,2024,0.094901,0.06994063584008674
688626,2024,0.344404,0.04397613163926705
688598,2024,0.088648,0.10271714375729424
688629,2024,-0.022474,0.09773199713770583
688628,2024,-0.053503,0.13771890845027743
688593,2024,0.061605,0.08078807525104575
688631,2024,0.163365,-0.005418953467970403
688592,2024,0.545524,0.027093810099486026
688633,2024,0.080243,0.05640059171726563
688638,2024,0.436054,0.11003465265065633
688606,2024,0.216164,0.04344556845158399
688600,2024,0.161814,0.07292802326525608
688646,2024,0.11353,0.13804502098069654
688607,2024,0.743545,0.0033502616216508074
688605,2024,0.034313,0.13687970430099106
688655,2024,0.279001,0.12723878500748426
688653,2024,0.096996,0.012189790430468361
688608,2024,-0.072699,0.08749311611245489
688657,2024,-0.019204,-0.023057663996437702
688658,2024,0.344391,-0.015200174196655564
688616,2024,0.287143,0.17290005834029473
688660,2024,0.01907,0.12797995229647768
688613,2024,0.289642,0.05495006274420782
688612,2024,0.333199,0.199059620194116
688663,2024,0.333606,0.07000417467304085
688667,2024,0.266144,0.2168131701306359
688615,2024,0.057009,-0.00221334368751587
688617,2024,-0.008519,0.006509014989831821
688620,2024,0.026917,0.020618299878539373
688671,2024,0.083031,0.06067855002080773
688623,2024,0.198864,0.10860270300522525
688676,2024,-0.004806,0.12029696682175835
688625,2024,-0.104564,0.06751711303383119
688619,2024,0.647505,0.08041218854719381
688679,2024,0.418882,0.02967369472257162
688627,2024,0.19746,0.020359503368846038
688636,2024,0.267841,0.03536940773920026
688652,2024,-0.05165,0.06320875269103292
688683,2024,0.105654,0.12138498373115245
688651,2024,0.161003,0.007229267150813429
688639,2024,0.222645,0.02767370367473744
688648,2024,0.822883,0.06019963504018135
688690,2024,0.234717,0.007892636503602377
688656,2024,0.166615,0.03845578386080889
688630,2024,0.24973,0.05262512049825836
688661,2024,0.236975,0.11236414646930534
688662,2024,0.133007,0.09889215414678545
688665,2024,0.428014,0.1110144584203218
688659,2024,0.345781,0.07044469269964342
688668,2024,0.719118,0.10901756658006947
688698,2024,0.147946,0.11936082065494305
688670,2024,0.357781,0.022309789290664614
688678,2024,0.106444,0.15606193781975397
688701,2024,0.308131,0.033245751948522334
688677,2024,0.304133,0.08954457087194279
688669,2024,0.30503,0.0998286022486431
688708,2024,0.275964,0.0722907101479307
688681,2024,0.234789,0.1593192479672712
688682,2024,0.2848,0.035060266572359916
688685,2024,-0.156191,0.07398469592088638
688686,2024,0.137316,0.10375255959588582
688680,2024,0.194575,0.1563513386137561
688687,2024,0.408966,-0.009589665474878287
688719,2024,0.462949,0.10689574521333203
688692,2024,-0.031297,0.04100540402179935
688721,2024,-0.117191,0.04765478756399283
688722,2024,0.282155,0.01637737708099775
688726,2024,0.243928,0.1088842485676045
688689,2024,0.176114,0.0858905242857256
688699,2024,0.05489,0.06561282797215717
688695,2024,0.121277,-0.007432064268360586
688693,2024,0.210383,0.08579188712942952
688697,2024,0.019141,0.1634074563548244
688758,2024,0.251605,-0.05519949025862393
688766,2024,-0.184655,0.06289378631250836
688702,2024,0.106688,-0.0008982397133177888
688768,2024,-0.095696,0.02595550572564631
688772,2024,-0.133646,0.11055827847637853
688700,2024,0.21127,0.15760475255457884
688707,2024,0.271127,0.15619128411405142
688777,2024,-0.140965,0.08690123436573562
688779,2024,0.199153,0.10534133004020084
688696,2024,-0.139583,0.11383880202253366
688787,2024,0.639466,0.021285048736360182
688691,2024,0.103271,0.0774605445406997
688789,2024,0.070826,0.05894663079923869
688711,2024,0.235365,0.09277724529096526
688718,2024,0.375774,0.06244745654819254
688798,2024,0.061685,0.10832814888708105
688819,2024,-0.000659,0.1539163180166329
688800,2024,0.454007,0.11593316991782682
689009,2024,0.014756,0.1647646476655281
688981,2024,-0.02456,0.06637786015775335
688710,2024,0.537353,0.050306317081504764
688720,2024,0.071746,0.052253757566144234
688709,2024,-0.007201,0.08963892631970447
688750,2024,0.104851,0.03595643798291986
688728,2024,0.173754,0.05910163977137824
688716,2024,0.008158,0.08320058416651774
688733,2024,0.193727,0.09261554723391496
688717,2024,0.282595,0.13459195855323397
688739,2024,0.184592,0.029427122814824215
688737,2024,0.059557,0.11729758636140176
688767,2024,0.3037,0.020796413545832435
688778,2024,0.2693,0.1013471459902551
688786,2024,0.225356,0.12101046652995681
688793,2024,0.214084,0.05912239496654062
688788,2024,0.046191,0.037821900535855525
688799,2024,0.785584,-0.017474074317620464
688776,2024,0.102802,0.10418599282548173
