symbol,report_year,future_return,predicted_return
000002,2024,-0.083212,0.07652398860289877
000004,2024,0.104044,0.07757165027794578
000006,2024,-0.006341,0.07652398860289877
000007,2024,0.031116,0.07757165027794578
000008,2024,0.03716,0.07652398860289877
000009,2024,0.115247,0.07652398860289877
000010,2024,0.373112,0.07652398860289877
000014,2024,0.040478,0.07652398860289877
000017,2024,-0.038932,0.07757165027794578
000020,2024,0.148387,0.07722883269511009
000027,2024,0.103504,0.07652398860289877
000028,2024,0.048068,0.07652398860289877
000029,2024,0.306631,0.07652398860289877
000030,2024,0.129888,0.08948359130716987
000032,2024,0.047599,0.07652398860289877
000031,2024,0.057864,0.07652398860289877
000034,2024,-0.076118,0.07757165027794578
000035,2024,0.030378,0.07757165027794578
000036,2024,0.03563,0.07652398860289877
000037,2024,0.141309,0.07757165027794578
000048,2024,-0.063487,0.07652398860289877
000049,2024,0.130405,0.07722883269511009
000050,2024,-0.075972,0.07848022003286981
000056,2024,-0.006089,0.07652398860289877
000058,2024,0.029566,0.07652398860289877
000059,2024,0.017602,0.08224643511289531
000060,2024,0.062443,0.07757165027794578
000062,2024,0.144679,0.07758346620555452
000065,2024,0.112699,0.07652398860289877
000078,2024,0.227768,0.07652398860289877
000088,2024,0.039477,0.07652398860289877
000012,2024,0.047855,0.07848022003286981
000099,2024,-0.172815,0.08224643511289531
000100,2024,0.124016,0.08224643511289531
000151,2024,-0.092209,0.07757165027794578
000153,2024,0.181953,0.07757165027794578
000156,2024,-0.144995,0.07722883269511009
000045,2024,-0.022515,0.07848022003286981
000157,2024,-0.069317,0.07757165027794578
000158,2024,0.137475,0.07757165027794578
000166,2024,-0.013906,0.07652398860289877
000159,2024,0.032917,0.07757165027794578
000301,2024,0.036381,0.07652398860289877
000333,2024,-0.015735,0.07848022003286981
000026,2024,0.109197,0.08458945178336154
000338,2024,-0.055276,0.08458945178336154
000400,2024,-0.063576,0.07652398860289877
000402,2024,0.128675,0.07652398860289877
000401,2024,-0.090668,0.07652398860289877
000403,2024,0.084157,0.07757165027794578
000404,2024,0.09639,0.08458945178336154
000407,2024,0.052363,0.07757165027794578
000408,2024,0.198553,0.07757165027794578
000025,2024,0.061065,0.07652398860289877
000410,2024,0.004637,0.07757165027794578
000411,2024,0.096281,0.07652398860289877
000415,2024,0.15564,0.07757165027794578
000019,2024,0.048336,0.07652398860289877
000420,2024,0.138683,0.07758346620555452
000055,2024,0.120458,0.07757165027794578
000422,2024,-0.003579,0.08224643511289531
000423,2024,-0.087326,0.07757165027794578
000425,2024,-0.024869,0.07757165027794578
000426,2024,0.4868,0.07652398860289877
000068,2024,-0.087008,0.07757165027794578
000069,2024,-0.066385,0.07652398860289877
000090,2024,-0.024734,0.07722883269511009
000488,2024,0.0,0.07757165027794578
000498,2024,0.04155,0.07652398860289877
000501,2024,0.007743,0.07652398860289877
000011,2024,0.021656,0.07652398860289877
000503,2024,0.063639,0.07652398860289877
000506,2024,0.51286,0.07652398860289877
000507,2024,0.031776,0.07652398860289877
000509,2024,0.201331,0.07757165027794578
000070,2024,0.245455,0.07757165027794578
000513,2024,0.055707,0.07652398860289877
000514,2024,0.28364,0.07652398860289877
000016,2024,-0.079471,0.07848022003286981
000066,2024,0.068134,0.0772370492559228
000021,2024,0.086067,0.08235463090458686
000061,2024,0.02147,0.07652398860289877
000520,2024,0.172879,0.07652398860289877
000521,2024,0.009382,0.07722883269511009
000096,2024,-0.312704,0.07652398860289877
000524,2024,0.046875,0.07652398860289877
000419,2024,-0.029424,0.07652398860289877
000526,2024,-0.052596,0.07652398860289877
000528,2024,-0.167587,0.07757165027794578
000089,2024,0.069763,0.07652398860289877
000530,2024,0.303048,0.07848022003286981
000531,2024,0.191585,0.07652398860289877
000409,2024,0.065188,0.07757165027794578
000533,2024,0.278097,0.07757165027794578
000429,2024,-0.027939,0.07652398860289877
000536,2024,-0.011292,0.08994610737455352
000537,2024,0.046926,0.07652398860289877
000538,2024,-0.002993,0.07652398860289877
000539,2024,0.002219,0.07652398860289877
000543,2024,-0.006145,0.07652398860289877
000541,2024,0.074039,0.07848022003286981
000155,2024,-0.012545,0.07652398860289877
000545,2024,0.452563,0.07848022003286981
000421,2024,0.186523,0.07652398860289877
000547,2024,0.159758,0.07758346620555452
000548,2024,0.077802,0.07652398860289877
000550,2024,-0.123322,0.08224643511289531
000551,2024,0.262083,0.07757165027794578
000552,2024,0.110337,0.07722883269511009
000553,2024,0.146139,0.07758346620555452
000555,2024,0.200159,0.07757165027794578
000554,2024,0.132546,0.07652398860289877
000557,2024,0.043379,0.07652398860289877
000558,2024,0.22407,0.07652398860289877
000560,2024,0.025225,0.07652398860289877
000430,2024,-0.154804,0.07652398860289877
000428,2024,-0.008748,0.07652398860289877
000417,2024,-0.049996,0.07652398860289877
000564,2024,-0.125385,0.07652398860289877
000565,2024,0.616778,0.07757165027794578
000566,2024,0.339086,0.07652398860289877
000518,2024,0.214375,0.07757165027794578
000568,2024,-0.006728,0.07757165027794578
000505,2024,0.04931,0.07757165027794578
000517,2024,0.070439,0.07652398860289877
000504,2024,0.88024,0.07757165027794578
000576,2024,0.51875,0.07758346620555452
000519,2024,0.334766,0.07757165027794578
000582,2024,-0.050764,0.07652398860289877
000581,2024,0.0557,0.07652398860289877
000586,2024,0.08235,0.07758346620555452
000589,2024,0.074942,0.07757165027794578
000510,2024,0.019192,0.07757165027794578
000591,2024,0.087819,0.07757165027794578
000516,2024,0.077072,0.07652398860289877
000593,2024,0.154629,0.07652398860289877
000595,2024,0.086122,0.07757165027794578
000596,2024,-0.137838,0.07652398860289877
000597,2024,0.037305,0.07757165027794578
000598,2024,0.087518,0.07652398860289877
000599,2024,0.196133,0.07757165027794578
000600,2024,0.122634,0.07652398860289877
000601,2024,-0.199511,0.10067040420288581
000603,2024,0.144472,0.07722883269511009
000605,2024,0.0,0.07652398860289877
000607,2024,0.337119,0.07652398860289877
000608,2024,0.382022,0.07652398860289877
000609,2024,0.279382,0.07652398860289877
000523,2024,-0.020732,0.07652398860289877
000612,2024,-0.015454,0.07757165027794578
000525,2024,0.071305,0.07757165027794578
000617,2024,0.20972,0.07652398860289877
000529,2024,0.11567,0.07652398860289877
000620,2024,0.018817,0.07652398860289877
000623,2024,0.217209,0.07652398860289877
000625,2024,0.023239,0.07652398860289877
000626,2024,0.269415,0.07757165027794578
000628,2024,-0.002859,0.07652398860289877
000629,2024,-0.10783,0.07757165027794578
000630,2024,0.184134,0.07757165027794578
000631,2024,0.110367,0.07652398860289877
000632,2024,0.268576,0.07652398860289877
000633,2024,0.364606,0.07758346620555452
000635,2024,0.171342,0.07758346620555452
000637,2024,0.211613,0.07652398860289877
000636,2024,0.037836,0.0772370492559228
000561,2024,0.344676,0.07757165027794578
000638,2024,0.410487,0.07757165027794578
000639,2024,0.197742,0.07758346620555452
000651,2024,0.0196,0.07722883269511009
000650,2024,0.115955,0.07757165027794578
000652,2024,0.202062,0.07757165027794578
000657,2024,1.003997,0.07758346620555452
000656,2024,0.090081,0.07652398860289877
000659,2024,-0.107601,0.07758346620555452
000546,2024,0.328225,0.07652398860289877
000544,2024,-0.045521,0.07652398860289877
000563,2024,-0.02264,0.07652398860289877
000665,2024,0.225115,0.07652398860289877
000670,2024,0.116249,0.10067040420288581
000669,2024,0.600277,0.07652398860289877
000610,2024,0.007132,0.07652398860289877
000672,2024,0.14926,0.07652398860289877
000677,2024,0.300227,0.07758346620555452
000567,2024,0.259706,0.07652398860289877
000679,2024,0.593822,0.07652398860289877
000532,2024,-0.025518,0.07757165027794578
000572,2024,0.285219,0.08948359130716987
000681,2024,0.064777,0.07757165027794578
000683,2024,0.220443,0.07757165027794578
000685,2024,0.103237,0.07652398860289877
000534,2024,-0.156259,0.07758346620555452
000688,2024,0.008049,0.07757165027794578
000690,2024,0.146626,0.07757165027794578
000691,2024,1.055255,0.07758346620555452
000695,2024,0.223258,0.0918613840254623
000570,2024,0.139762,0.07757165027794578
000697,2024,0.116821,0.08296667219444319
000701,2024,0.402676,0.08296667219444319
000700,2024,0.063976,0.07757165027794578
000590,2024,0.254183,0.07757165027794578
000703,2024,0.059567,0.07757165027794578
000705,2024,0.218466,0.07757165027794578
000571,2024,0.110905,0.07652398860289877
000708,2024,-0.045646,0.07722883269511009
000709,2024,0.146351,0.07652398860289877
000573,2024,0.050015,0.08577785423675759
000711,2024,-0.037466,0.08296667219444319
000712,2024,0.319351,0.07652398860289877
000713,2024,-0.017877,0.07757165027794578
000715,2024,0.154442,0.07652398860289877
000592,2024,0.048361,0.07652398860289877
000559,2024,0.235651,0.07722883269511009
000718,2024,0.101907,0.07652398860289877
000719,2024,0.127378,0.07757165027794578
000720,2024,0.132683,0.07652398860289877
000721,2024,-0.051951,0.07757165027794578
000615,2024,-0.022703,0.07758346620555452
000725,2024,0.078299,0.07757165027794578
000723,2024,0.18123,0.07652398860289877
000655,2024,0.030728,0.07757165027794578
000727,2024,0.056068,0.07757165027794578
000728,2024,0.12993,0.07652398860289877
000661,2024,0.219178,0.07652398860289877
000731,2024,0.096717,0.07757165027794578
000733,2024,-0.095385,0.08994610737455352
000702,2024,0.137848,0.07757165027794578
000735,2024,0.009605,0.07652398860289877
000668,2024,0.682484,0.07652398860289877
000738,2024,0.059933,0.07757165027794578
000739,2024,-0.029981,0.07652398860289877
000678,2024,0.421905,0.07757165027794578
000682,2024,0.042071,0.07652398860289877
000753,2024,-0.065155,0.07652398860289877
000755,2024,0.044629,0.07652398860289877
000619,2024,-0.02573,0.07848022003286981
000757,2024,0.216316,0.07757165027794578
000710,2024,0.260549,0.07758346620555452
000698,2024,0.227528,0.08224643511289531
000761,2024,0.070093,0.07722883269511009
000680,2024,0.066216,0.07758346620555452
000766,2024,0.330534,0.07652398860289877
000692,2024,0.098433,0.07757165027794578
000663,2024,0.27436,0.07757165027794578
000776,2024,0.051575,0.07652398860289877
000676,2024,0.152143,0.07757165027794578
000707,2024,0.146799,0.07758346620555452
000779,2024,0.105016,0.07652398860289877
000782,2024,0.015826,0.07757165027794578
000783,2024,0.23492,0.07652398860289877
000785,2024,-0.047993,0.07652398860289877
000786,2024,-0.045939,0.07652398860289877
000788,2024,0.218882,0.07652398860289877
000789,2024,0.290639,0.07652398860289877
000759,2024,-0.037952,0.07652398860289877
000791,2024,0.014414,0.07652398860289877
000792,2024,0.032655,0.07757165027794578
000793,2024,0.035319,0.07757165027794578
000795,2024,-0.084034,0.07758346620555452
000796,2024,0.314511,0.07652398860289877
000722,2024,0.034884,0.07652398860289877
000726,2024,0.157468,0.07652398860289877
000799,2024,0.129672,0.07757165027794578
000800,2024,-0.169559,0.07652398860289877
000801,2024,-0.031377,0.07757165027794578
000716,2024,-0.039952,0.07758346620555452
000802,2024,0.175966,0.07652398860289877
000717,2024,0.247021,0.07652398860289877
000807,2024,-0.063512,0.07757165027794578
000809,2024,0.008879,0.07722883269511009
000810,2024,-0.121591,0.07848022003286981
000813,2024,0.319933,0.07758346620555452
000811,2024,0.359318,0.07757165027794578
000812,2024,0.088146,0.07652398860289877
000816,2024,-0.063636,0.07722883269511009
000818,2024,-0.02025,0.07848022003286981
000819,2024,-0.051552,0.07758346620555452
000820,2024,0.403183,0.07757165027794578
000821,2024,0.123475,0.07848022003286981
000822,2024,0.119683,0.07757165027794578
000823,2024,-0.006557,0.07848022003286981
000825,2024,0.197514,0.07757165027794578
000826,2024,0.197329,0.07652398860289877
000729,2024,0.054327,0.07757165027794578
000829,2024,0.065382,0.07652398860289877
000830,2024,0.111618,0.07757165027794578
000831,2024,0.456359,0.07757165027794578
000762,2024,-0.000806,0.07848022003286981
000837,2024,0.001647,0.07757165027794578
000737,2024,0.297925,0.07848022003286981
000839,2024,0.078705,0.07652398860289877
000850,2024,0.139448,0.07758346620555452
000856,2024,-0.034599,0.07757165027794578
000758,2024,0.419175,0.07757165027794578
000859,2024,0.221684,0.07758346620555452
000858,2024,-0.025956,0.07652398860289877
000862,2024,0.036351,0.0772370492559228
000860,2024,-0.00473,0.07757165027794578
000863,2024,-0.068711,0.07652398860289877
000868,2024,-0.117259,0.07758346620555452
000869,2024,-0.00546,0.07757165027794578
000751,2024,0.213563,0.08994610737455352
000875,2024,-0.016352,0.07652398860289877
000876,2024,0.024437,0.07757165027794578
000877,2024,-0.184568,0.07652398860289877
000878,2024,-0.046191,0.07652398860289877
000880,2024,0.291635,0.08458945178336154
000881,2024,0.101245,0.07758346620555452
000882,2024,-0.100309,0.07652398860289877
000885,2024,0.044525,0.07652398860289877
000752,2024,0.124489,0.07758346620555452
000887,2024,0.028258,0.07757165027794578
000798,2024,0.135101,0.07652398860289877
000889,2024,0.391566,0.07757165027794578
000890,2024,0.292661,0.07848022003286981
000892,2024,0.654971,0.07757165027794578
000893,2024,0.122328,0.07757165027794578
000895,2024,-0.038387,0.07652398860289877
000790,2024,0.18581,0.07652398860289877
000768,2024,0.11769,0.07757165027794578
000900,2024,0.130529,0.07652398860289877
000899,2024,-0.025026,0.07652398860289877
000777,2024,0.305703,0.08994610737455352
000767,2024,0.044402,0.07652398860289877
000903,2024,-0.041067,0.08458945178336154
000905,2024,0.05165,0.07652398860289877
000906,2024,0.13005,0.07757165027794578
000908,2024,0.229544,0.07757165027794578
000909,2024,0.127966,0.07757165027794578
000797,2024,-0.074664,0.07652398860289877
000828,2024,0.191333,0.07652398860289877
000778,2024,0.135529,0.07652398860289877
000803,2024,0.121736,0.07652398860289877
000913,2024,0.047933,0.07722883269511009
000917,2024,0.11129,0.07652398860289877
000919,2024,0.0,0.07652398860289877
000920,2024,0.20433,0.07758346620555452
000833,2024,0.060024,0.07848022003286981
000815,2024,-0.154995,0.07757165027794578
000848,2024,-0.038035,0.07758346620555452
000925,2024,0.067257,0.07722883269511009
000926,2024,0.301587,0.07652398860289877
000927,2024,0.009732,0.07652398860289877
000928,2024,0.073156,0.07757165027794578
000929,2024,0.366227,0.07757165027794578
000736,2024,-0.053306,0.07652398860289877
000886,2024,0.135135,0.07652398860289877
000838,2024,0.277517,0.07652398860289877
000933,2024,-0.129667,0.07757165027794578
000935,2024,0.245163,0.08224643511289531
000888,2024,0.008595,0.07652398860289877
000936,2024,0.099439,0.07758346620555452
000938,2024,0.026638,0.07757165027794578
000911,2024,0.048711,0.07757165027794578
000915,2024,0.082773,0.07758346620555452
000950,2024,0.113808,0.07652398860289877
000949,2024,-0.130296,0.0772370492559228
000883,2024,-0.009226,0.07652398860289877
000955,2024,0.180244,0.07758346620555452
000912,2024,0.0,0.07757165027794578
000902,2024,0.033618,0.07652398860289877
000897,2024,0.093423,0.07722883269511009
000901,2024,0.110451,0.07758346620555452
000960,2024,0.112839,0.07757165027794578
000962,2024,0.160196,0.07758346620555452
000963,2024,0.1845,0.07652398860289877
000898,2024,-0.020228,0.07652398860289877
000910,2024,-0.04155,0.07757165027794578
000967,2024,0.237408,0.07652398860289877
000968,2024,0.130915,0.07757165027794578
000923,2024,0.172532,0.07652398860289877
000970,2024,-0.064209,0.07758346620555452
000972,2024,0.230523,0.07757165027794578
000973,2024,0.027917,0.07758346620555452
000977,2024,-0.037516,0.07758346620555452
000975,2024,0.105706,0.07652398860289877
000978,2024,-0.061069,0.07652398860289877
000852,2024,0.177691,0.07757165027794578
000983,2024,0.199296,0.07652398860289877
000922,2024,0.038977,0.07652398860289877
000985,2024,0.136203,0.07848022003286981
000987,2024,0.096527,0.07652398860289877
000988,2024,0.200391,0.0918613840254623
000989,2024,0.140954,0.07652398860289877
000990,2024,-0.027519,0.07757165027794578
000921,2024,-0.151548,0.08224643511289531
000930,2024,0.102006,0.07722883269511009
000937,2024,0.11366,0.07652398860289877
000998,2024,-0.009781,0.07757165027794578
000999,2024,0.009139,0.07757165027794578
001202,2024,0.101363,0.07652398860289877
000958,2024,-0.013744,0.07652398860289877
000948,2024,0.19931,0.07652398860289877
001205,2024,0.009314,0.07652398860289877
001206,2024,0.510003,0.07757165027794578
000931,2024,0.144947,0.07757165027794578
000952,2024,0.315711,0.07652398860289877
001209,2024,0.080743,0.07757165027794578
000951,2024,-0.131132,0.07722883269511009
001210,2024,0.174912,0.07757165027794578
001212,2024,0.140068,0.07848022003286981
001211,2024,0.171415,0.07757165027794578
001213,2024,0.101449,0.07652398860289877
001215,2024,0.108638,0.07757165027794578
001216,2024,0.101979,0.07758346620555452
001218,2024,0.147977,0.07758346620555452
001219,2024,-0.019862,0.07757165027794578
001222,2024,0.327915,0.07757165027794578
001223,2024,0.244458,0.07758346620555452
000932,2024,-0.177923,0.07652398860289877
001226,2024,0.403183,0.07757165027794578
000959,2024,0.264201,0.07652398860289877
000953,2024,0.184587,0.07758346620555452
001229,2024,0.159843,0.07848022003286981
000957,2024,-0.044998,0.08235463090458686
000966,2024,-0.17041,0.07652398860289877
000965,2024,0.306075,0.07652398860289877
001236,2024,0.625381,0.07652398860289877
001238,2024,0.256997,0.07758346620555452
001239,2024,0.214934,0.07758346620555452
001255,2024,0.244709,0.07758346620555452
001256,2024,0.069013,0.07758346620555452
000980,2024,-0.057339,0.07757165027794578
001260,2024,0.174713,0.08458945178336154
000969,2024,0.016281,0.08994610737455352
000995,2024,0.195794,0.07757165027794578
000993,2024,0.086331,0.07652398860289877
001269,2024,0.28042,0.07848022003286981
001270,2024,0.169748,0.0772370492559228
001278,2024,0.152047,0.08458945178336154
001208,2024,0.000916,0.08458945178336154
001225,2024,0.128918,0.07757165027794578
001279,2024,0.014322,0.07758346620555452
001283,2024,0.63895,0.08577785423675759
001286,2024,0.045599,0.07652398860289877
001287,2024,0.099169,0.07848022003286981
001288,2024,0.180635,0.07757165027794578
001289,2024,0.010956,0.07652398860289877
001296,2024,0.226901,0.07758346620555452
000981,2024,0.188961,0.07757165027794578
001299,2024,0.024799,0.07652398860289877
001300,2024,0.071197,0.07652398860289877
001301,2024,-0.185781,0.07757165027794578
001201,2024,0.239528,0.07652398860289877
001308,2024,-0.001937,0.07758346620555452
001309,2024,-0.021145,0.07848022003286981
001311,2024,0.110543,0.08458945178336154
001313,2024,-0.044811,0.07652398860289877
001314,2024,0.074422,0.07757165027794578
001217,2024,0.087862,0.07758346620555452
001317,2024,0.27412,0.07652398860289877
001318,2024,-0.053888,0.07757165027794578
001319,2024,0.130316,0.07652398860289877
001322,2024,0.047018,0.07652398860289877
001323,2024,0.090208,0.07757165027794578
001324,2024,0.243194,0.07772120199731825
001326,2024,0.15414,0.0772370492559228
001328,2024,0.056225,0.07758346620555452
001330,2024,0.112385,0.07757165027794578
001227,2024,0.102273,0.07652398860289877
001332,2024,0.02053,0.08235463090458686
001207,2024,0.169484,0.07758346620555452
001336,2024,0.202105,0.07652398860289877
001337,2024,-0.04299,0.07757165027794578
001338,2024,0.05988,0.07757165027794578
001339,2024,0.123733,0.07848022003286981
001228,2024,0.234368,0.07757165027794578
001358,2024,0.011971,0.07758346620555452
000997,2024,0.167014,0.07757165027794578
001231,2024,0.219689,0.07757165027794578
001366,2024,0.193722,0.07757165027794578
001367,2024,0.154028,0.07757165027794578
001368,2024,-0.028343,0.07758346620555452
001203,2024,0.420375,0.07722883269511009
001259,2024,0.204373,0.07758346620555452
001378,2024,0.109931,0.07758346620555452
001230,2024,0.220745,0.07652398860289877
001380,2024,0.153945,0.07758346620555452
001382,2024,-0.017188,0.08296667219444319
001387,2024,0.163625,0.07757165027794578
001389,2024,0.045512,0.07722883269511009
001268,2024,0.348934,0.0772370492559228
001395,2024,-0.190444,0.08296667219444319
001696,2024,0.014482,0.08577785423675759
001872,2024,0.104679,0.07652398860289877
001896,2024,0.594747,0.07652398860289877
001266,2024,0.317,0.0772370492559228
001965,2024,-0.033104,0.07652398860289877
001979,2024,-0.102919,0.07652398860289877
002001,2024,-0.000721,0.07757165027794578
002004,2024,0.090447,0.07652398860289877
002003,2024,-0.114847,0.07757165027794578
002005,2024,0.39118,0.08458945178336154
002006,2024,0.049179,0.07758346620555452
002008,2024,0.089552,0.07617530426800145
001234,2024,0.197138,0.07757165027794578
002009,2024,0.200767,0.07772120199731825
002010,2024,0.235877,0.07652398860289877
002011,2024,-0.010268,0.08458945178336154
001277,2024,0.203984,0.07758346620555452
002014,2024,0.073078,0.07758346620555452
002015,2024,0.817484,0.07652398860289877
002017,2024,1.320908,0.07757165027794578
002016,2024,-0.028537,0.07652398860289877
002019,2024,0.299112,0.07757165027794578
002020,2024,0.13595,0.07757165027794578
002021,2024,0.121091,0.07722883269511009
002022,2024,0.350829,0.07757165027794578
002024,2024,-0.047645,0.07757165027794578
002023,2024,0.198499,0.07757165027794578
001356,2024,0.003311,0.07758346620555452
002026,2024,0.197512,0.07758346620555452
002027,2024,0.067986,0.07757165027794578
002028,2024,0.070682,0.07757165027794578
002029,2024,0.152575,0.07757165027794578
001267,2024,0.469048,0.07652398860289877
001306,2024,0.079863,0.07758346620555452
002031,2024,-0.047817,0.07757165027794578
002032,2024,-0.05171,0.07757165027794578
002033,2024,-0.100118,0.07652398860289877
002034,2024,0.086123,0.07757165027794578
002035,2024,0.054152,0.07652398860289877
002037,2024,0.947087,0.07652398860289877
002038,2024,0.202361,0.07757165027794578
001298,2024,0.599469,0.07848022003286981
002040,2024,0.414402,0.07652398860289877
002041,2024,-0.035872,0.07757165027794578
002042,2024,-0.243673,0.08458945178336154
001282,2024,0.15625,0.07652398860289877
002045,2024,0.144924,0.07848022003286981
002044,2024,-0.037809,0.07652398860289877
002046,2024,0.091837,0.08296667219444319
001316,2024,0.432387,0.07757165027794578
002048,2024,0.374916,0.07757165027794578
002049,2024,0.012282,0.07848022003286981
001333,2024,-0.115149,0.07758346620555452
002051,2024,0.077326,0.09381878414150797
002052,2024,0.438459,0.07758346620555452
002053,2024,-0.005558,0.07652398860289877
001376,2024,-0.10219,0.07757165027794578
001331,2024,-0.027413,0.08224643511289531
002057,2024,0.405825,0.07758346620555452
001360,2024,0.475019,0.07848022003286981
002056,2024,-0.024537,0.07757165027794578
002058,2024,0.669319,0.07758346620555452
002059,2024,-0.044635,0.07652398860289877
002060,2024,0.104152,0.07652398860289877
002061,2024,0.094885,0.07652398860289877
002064,2024,-0.165348,0.07757165027794578
002062,2024,0.098925,0.07757165027794578
002063,2024,-0.043428,0.07722883269511009
002065,2024,-0.012401,0.07757165027794578
002066,2024,0.20978,0.07757165027794578
002068,2024,-0.056894,0.07757165027794578
001359,2024,0.497857,0.0918613840254623
002067,2024,0.37885,0.07722883269511009
002069,2024,0.200669,0.07652398860289877
002072,2024,0.529536,0.07652398860289877
002073,2024,0.158324,0.07757165027794578
002074,2024,0.50405,0.08224643511289531
002075,2024,0.157171,0.07652398860289877
002076,2024,0.056636,0.07758346620555452
002077,2024,0.034872,0.07848022003286981
002078,2024,-0.001665,0.07757165027794578
002079,2024,0.086263,0.07671642760245533
001391,2024,-0.04533,0.07652398860289877
002080,2024,0.206583,0.08577785423675759
002081,2024,0.113056,0.07652398860289877
002082,2024,0.335237,0.07652398860289877
002085,2024,0.037768,0.07757165027794578
002086,2024,0.199015,0.07757165027794578
002088,2024,-0.025422,0.07758346620555452
002090,2024,0.168152,0.07652398860289877
002091,2024,0.12328,0.07757165027794578
002092,2024,-0.015115,0.07757165027794578
002093,2024,0.135217,0.07757165027794578
002095,2024,0.115874,0.07652398860289877
002096,2024,0.042006,0.07652398860289877
002097,2024,0.611407,0.07848022003286981
001373,2024,0.1682,0.07848022003286981
002099,2024,0.265329,0.07758346620555452
002101,2024,0.12018,0.08994610737455352
002100,2024,0.06415,0.07652398860289877
001379,2024,0.107198,0.0772370492559228
002102,2024,0.470699,0.07758346620555452
002105,2024,0.021875,0.07722883269511009
002103,2024,0.266766,0.07757165027794578
002107,2024,0.426817,0.07757165027794578
002007,2024,-1.5e-05,0.07757165027794578
002108,2024,0.113231,0.07757165027794578
002109,2024,0.112665,0.07758346620555452
002110,2024,0.232143,0.07757165027794578
002111,2024,0.146027,0.07652398860289877
002112,2024,-0.000441,0.08458945178336154
002114,2024,0.065823,0.07757165027794578
002115,2024,0.218584,0.07722883269511009
002116,2024,0.127445,0.07652398860289877
002119,2024,0.06254,0.08235463090458686
002117,2024,-0.159138,0.07757165027794578
002120,2024,0.171551,0.07652398860289877
002121,2024,0.030545,0.07757165027794578
002122,2024,0.002554,0.07757165027794578
002039,2024,0.049796,0.07652398860289877
002124,2024,-0.01656,0.07652398860289877
002125,2024,0.430769,0.07758346620555452
002127,2024,-0.163677,0.07652398860289877
002126,2024,0.200749,0.07722883269511009
002128,2024,0.168953,0.07652398860289877
002012,2024,0.211051,0.07757165027794578
002130,2024,0.268627,0.07722883269511009
002131,2024,-0.024809,0.07757165027794578
002132,2024,0.225806,0.07848022003286981
002043,2024,-0.032291,0.07757165027794578
002036,2024,0.060427,0.07848022003286981
002135,2024,0.116279,0.07652398860289877
002136,2024,0.04738,0.07722883269511009
002137,2024,0.209917,0.07848022003286981
002138,2024,-0.062379,0.07758346620555452
001914,2024,-0.010128,0.07652398860289877
002140,2024,-0.106933,0.07652398860289877
002094,2024,0.5029,0.07757165027794578
002144,2024,0.156598,0.07772120199731825
002146,2024,0.087966,0.07652398860289877
002145,2024,-0.081913,0.07758346620555452
002148,2024,-0.084134,0.07722883269511009
002149,2024,0.174932,0.07758346620555452
002150,2024,0.084688,0.08577785423675759
002047,2024,0.093489,0.07652398860289877
002151,2024,0.081129,0.07848022003286981
002153,2024,0.333193,0.07652398860289877
002152,2024,0.037715,0.07652398860289877
002154,2024,0.026804,0.07757165027794578
002155,2024,0.048024,0.07652398860289877
002156,2024,-0.024334,0.07848022003286981
002083,2024,0.236568,0.07652398860289877
002158,2024,0.097694,0.07848022003286981
002159,2024,0.051942,0.07652398860289877
002160,2024,0.204724,0.07758346620555452
002161,2024,0.530071,0.07758346620555452
002162,2024,0.177096,0.07757165027794578
002163,2024,0.387656,0.07652398860289877
002164,2024,0.106049,0.07671642760245533
002165,2024,-0.193702,0.07758346620555452
002025,2024,-0.109079,0.07758346620555452
002168,2024,0.680968,0.07652398860289877
002030,2024,0.006635,0.07758346620555452
002170,2024,0.111055,0.07757165027794578
002171,2024,-0.050703,0.07758346620555452
002055,2024,0.420806,0.0918613840254623
002172,2024,0.180162,0.07757165027794578
002174,2024,0.494437,0.07848022003286981
002173,2024,0.635155,0.07757165027794578
002176,2024,0.098833,0.07758346620555452
002175,2024,0.090375,0.07758346620555452
002177,2024,0.370599,0.07652398860289877
002178,2024,0.227473,0.07757165027794578
002180,2024,0.002839,0.07722883269511009
002181,2024,0.280854,0.07652398860289877
002183,2024,-0.035508,0.07652398860289877
002182,2024,0.062879,0.07848022003286981
002184,2024,0.230515,0.07757165027794578
002185,2024,-0.042692,0.08235463090458686
002186,2024,-0.007471,0.07652398860289877
002187,2024,-0.005974,0.07652398860289877
002188,2024,0.073762,0.07652398860289877
002084,2024,0.095325,0.07757165027794578
002106,2024,-0.075017,0.07848022003286981
002191,2024,0.127522,0.07758346620555452
002192,2024,0.296032,0.07757165027794578
002194,2024,0.232365,0.07848022003286981
002193,2024,0.276534,0.07757165027794578
002196,2024,0.194522,0.08948359130716987
002195,2024,0.073027,0.07757165027794578
002098,2024,-0.050081,0.07757165027794578
002123,2024,0.058806,0.07757165027794578
002054,2024,0.044521,0.07758346620555452
002199,2024,0.612903,0.07848022003286981
002201,2024,0.156529,0.07757165027794578
002104,2024,1.571429,0.07757165027794578
002204,2024,0.111111,0.07757165027794578
002203,2024,0.2062,0.07848022003286981
002206,2024,0.258473,0.07758346620555452
002133,2024,0.226852,0.07652398860289877
002208,2024,0.198307,0.07652398860289877
002207,2024,0.445933,0.07757165027794578
002209,2024,0.315894,0.08458945178336154
002210,2024,0.129269,0.07652398860289877
002212,2024,0.152621,0.07757165027794578
002129,2024,0.12974,0.08224643511289531
002211,2024,-0.002288,0.07758346620555452
002214,2024,0.239791,0.07758346620555452
002213,2024,0.233176,0.0772370492559228
002215,2024,0.32071,0.07757165027794578
002216,2024,-0.04152,0.07757165027794578
002217,2024,0.150123,0.08296667219444319
002218,2024,0.218838,0.08235463090458686
002219,2024,0.004391,0.07652398860289877
002221,2024,0.16228,0.07758346620555452
002222,2024,0.159753,0.07848022003286981
002141,2024,0.647645,0.07848022003286981
002225,2024,0.141153,0.07757165027794578
002226,2024,0.025413,0.07722883269511009
002227,2024,0.188256,0.08948359130716987
002228,2024,0.147868,0.07652398860289877
002134,2024,0.12585,0.08994610737455352
002230,2024,0.045919,0.07757165027794578
002229,2024,0.50727,0.07757165027794578
002232,2024,0.129329,0.07757165027794578
002231,2024,-0.01606,0.07758346620555452
002233,2024,-0.021618,0.07652398860289877
002234,2024,-0.119861,0.07757165027794578
002236,2024,-0.036084,0.08224643511289531
002237,2024,0.066795,0.07757165027794578
002166,2024,-0.009105,0.07758346620555452
002239,2024,0.046777,0.07757165027794578
002240,2024,-0.060606,0.07722883269511009
002241,2024,-0.120652,0.07757165027794578
002242,2024,-0.060579,0.07757165027794578
002243,2024,-0.071565,0.07652398860289877
002245,2024,-0.219322,0.07848022003286981
002244,2024,0.048224,0.07652398860289877
002247,2024,0.166667,0.07757165027794578
002246,2024,0.815451,0.07757165027794578
002248,2024,0.212753,0.07772120199731825
002249,2024,0.04614,0.07652398860289877
002251,2024,0.228977,0.07652398860289877
002250,2024,0.58539,0.07757165027794578
002252,2024,0.027812,0.07757165027794578
002253,2024,0.167815,0.07758346620555452
002254,2024,-0.129133,0.07757165027794578
002255,2024,0.140225,0.07757165027794578
002256,2024,0.095402,0.07848022003286981
002258,2024,0.262557,0.07757165027794578
002259,2024,0.344221,0.07757165027794578
002261,2024,0.04012,0.07757165027794578
002262,2024,-0.073133,0.07652398860289877
002263,2024,0.466667,0.07848022003286981
002265,2024,0.845015,0.07652398860289877
002264,2024,0.042391,0.07652398860289877
002266,2024,0.270481,0.07652398860289877
002139,2024,-0.100652,0.07848022003286981
002267,2024,0.005934,0.07652398860289877
002268,2024,0.244876,0.07757165027794578
002269,2024,0.140808,0.08577785423675759
002270,2024,0.140536,0.07722883269511009
002271,2024,-0.073685,0.07722883269511009
002272,2024,0.320039,0.07757165027794578
002274,2024,0.001844,0.07652398860289877
002275,2024,0.110018,0.07757165027794578
002276,2024,0.05793,0.08235463090458686
002277,2024,0.164489,0.07652398860289877
002179,2024,-0.013922,0.08458945178336154
002279,2024,0.090827,0.07652398860289877
002281,2024,0.135218,0.07757165027794578
002282,2024,-0.099675,0.07758346620555452
002157,2024,0.054162,0.07652398860289877
002167,2024,0.264162,0.07757165027794578
002285,2024,0.01638,0.07652398860289877
002286,2024,0.362304,0.07758346620555452
002287,2024,0.064417,0.07652398860289877
002289,2024,1.259362,0.07848022003286981
002290,2024,0.20194,0.07617530426800145
002291,2024,0.147959,0.07757165027794578
002292,2024,0.16119,0.07757165027794578
002293,2024,0.059755,0.07652398860289877
002294,2024,0.470772,0.07757165027794578
002295,2024,0.293871,0.07848022003286981
002296,2024,0.089579,0.07757165027794578
002190,2024,1.162685,0.08458945178336154
002298,2024,0.435542,0.07652398860289877
002299,2024,-0.049059,0.07652398860289877
002300,2024,0.19078,0.07758346620555452
002301,2024,0.039435,0.07757165027794578
002302,2024,0.019051,0.07652398860289877
002198,2024,-0.013237,0.07757165027794578
002304,2024,0.023855,0.07652398860289877
002305,2024,1.138568,0.07652398860289877
002050,2024,-0.12385,0.07848022003286981
002307,2024,0.104091,0.07757165027794578
002309,2024,0.245935,0.08577785423675759
002310,2024,0.059368,0.07652398860289877
002311,2024,0.083966,0.07757165027794578
002312,2024,0.044973,0.07757165027794578
002313,2024,-0.099927,0.07757165027794578
002314,2024,0.240708,0.07652398860289877
002315,2024,-0.098041,0.07652398860289877
002316,2024,0.42588,0.07757165027794578
002317,2024,0.492814,0.07652398860289877
002318,2024,-0.04186,0.07758346620555452
002189,2024,0.584673,0.10067040420288581
002320,2024,0.077656,0.07652398860289877
002169,2024,0.14797,0.08458945178336154
002200,2024,0.437186,0.07652398860289877
002324,2024,0.231888,0.08224643511289531
002323,2024,0.152,0.07757165027794578
002197,2024,0.396465,0.07757165027794578
002327,2024,-0.041786,0.07652398860289877
002326,2024,0.39044,0.07757165027794578
002329,2024,0.171265,0.07758346620555452
002223,2024,0.076994,0.07757165027794578
002330,2024,0.061755,0.07757165027794578
002332,2024,0.231109,0.07757165027794578
002333,2024,0.152755,0.07757165027794578
002334,2024,0.164719,0.07722883269511009
002205,2024,0.575321,0.07757165027794578
002335,2024,0.084158,0.07757165027794578
002338,2024,0.165939,0.07758346620555452
002339,2024,0.194195,0.07757165027794578
002202,2024,0.125215,0.07652398860289877
002340,2024,0.092797,0.07757165027794578
002342,2024,0.58876,0.07848022003286981
002343,2024,0.30937,0.07652398860289877
002344,2024,0.158221,0.07652398860289877
002345,2024,0.400145,0.07757165027794578
002346,2024,0.119329,0.08994610737455352
002347,2024,0.175824,0.07848022003286981
002349,2024,0.053553,0.07757165027794578
002224,2024,0.087855,0.07758346620555452
002278,2024,0.12343,0.07757165027794578
002352,2024,0.154621,0.07652398860289877
002353,2024,0.143376,0.07652398860289877
002354,2024,0.256098,0.07757165027794578
002273,2024,0.152493,0.07758346620555452
002356,2024,0.13253,0.08224643511289531
002357,2024,0.390454,0.07652398860289877
002358,2024,0.059285,0.07652398860289877
002360,2024,0.225985,0.07652398860289877
002361,2024,0.101201,0.07758346620555452
002362,2024,0.014939,0.07757165027794578
002297,2024,0.273322,0.07758346620555452
002364,2024,0.116237,0.07722883269511009
002284,2024,0.121414,0.08458945178336154
002365,2024,1.529149,0.07758346620555452
002367,2024,0.014708,0.07757165027794578
002366,2024,0.770815,0.08577785423675759
002369,2024,0.079329,0.0918613840254623
002368,2024,-0.069822,0.07757165027794578
002370,2024,0.711456,0.07757165027794578
002372,2024,-0.074501,0.07652398860289877
002373,2024,0.332057,0.07652398860289877
002374,2024,0.208833,0.07758346620555452
002375,2024,0.138741,0.08224643511289531
002376,2024,0.313681,0.07848022003286981
002235,2024,0.628866,0.0772370492559228
002378,2024,0.352165,0.07757165027794578
002379,2024,-0.034767,0.07722883269511009
002380,2024,0.01399,0.07848022003286981
002382,2024,0.293966,0.07757165027794578
002381,2024,0.084145,0.07758346620555452
002383,2024,0.262975,0.07757165027794578
002384,2024,1.125542,0.07848022003286981
002386,2024,0.161062,0.07848022003286981
002385,2024,0.034104,0.07652398860289877
002388,2024,0.27091,0.07758346620555452
002283,2024,-0.099058,0.07722883269511009
002389,2024,0.274493,0.0772370492559228
002390,2024,0.052109,0.07652398860289877
002391,2024,0.222962,0.07757165027794578
002392,2024,0.197079,0.07757165027794578
002393,2024,0.166949,0.07652398860289877
002238,2024,0.133658,0.07722883269511009
002395,2024,0.216431,0.07758346620555452
002396,2024,0.210271,0.07848022003286981
002397,2024,0.036137,0.07757165027794578
002398,2024,0.381916,0.07758346620555452
002399,2024,0.040064,0.07757165027794578
002400,2024,-0.0278,0.07757165027794578
002401,2024,0.052118,0.07757165027794578
002402,2024,0.221058,0.07791378921638958
002306,2024,-0.144552,0.07757165027794578
002405,2024,0.060086,0.08994610737455352
002319,2024,0.424119,0.07757165027794578
002407,2024,0.137909,0.07758346620555452
002408,2024,0.077679,0.07757165027794578
002409,2024,0.062471,0.07758346620555452
002410,2024,-0.034492,0.07757165027794578
002412,2024,0.146304,0.07757165027794578
002413,2024,0.324645,0.07758346620555452
002414,2024,0.423629,0.07758346620555452
002416,2024,0.060539,0.07757165027794578
002415,2024,0.004494,0.07791378921638958
002419,2024,0.006975,0.07757165027794578
002418,2024,0.209441,0.07757165027794578
002420,2024,-0.103501,0.08948359130716987
002421,2024,0.011848,0.07848022003286981
002422,2024,-0.003373,0.07757165027794578
002423,2024,0.053111,0.07652398860289877
002425,2024,0.412,0.07757165027794578
002424,2024,0.373882,0.07757165027794578
002426,2024,0.179636,0.07617530426800145
002427,2024,0.165331,0.08458945178336154
002322,2024,0.048674,0.07652398860289877
002429,2024,0.093131,0.07848022003286981
002430,2024,-0.069285,0.07722883269511009
002431,2024,0.252941,0.07652398860289877
002432,2024,0.031889,0.07758346620555452
002434,2024,0.109623,0.08948359130716987
002436,2024,0.43254,0.07848022003286981
002437,2024,0.316443,0.07652398860289877
002438,2024,0.258644,0.07757165027794578
002439,2024,0.037123,0.07722883269511009
002440,2024,0.096532,0.07652398860289877
002442,2024,0.019871,0.07757165027794578
002441,2024,0.184388,0.07758346620555452
002444,2024,0.319165,0.07757165027794578
002328,2024,0.116952,0.08948359130716987
002445,2024,0.128499,0.07757165027794578
002446,2024,0.148232,0.10067040420288581
002448,2024,0.208268,0.08458945178336154
002303,2024,0.127117,0.07757165027794578
002451,2024,-0.028372,0.07757165027794578
002452,2024,0.062082,0.07757165027794578
002453,2024,0.070119,0.07758346620555452
002454,2024,0.238636,0.08224643511289531
002455,2024,-0.116873,0.07758346620555452
002456,2024,-0.172617,0.07848022003286981
002457,2024,0.076784,0.07757165027794578
002458,2024,-0.135046,0.07757165027794578
002321,2024,0.013436,0.07757165027794578
002460,2024,-0.000883,0.07757165027794578
002459,2024,0.213738,0.07652398860289877
002462,2024,0.186226,0.07652398860289877
002461,2024,0.134701,0.07652398860289877
002463,2024,0.287636,0.07722883269511009
002465,2024,0.23729,0.07757165027794578
002466,2024,0.038292,0.07848022003286981
002467,2024,0.123886,0.07757165027794578
002469,2024,-0.002552,0.07757165027794578
002470,2024,0.046575,0.07652398860289877
002471,2024,0.421552,0.08577785423675759
002472,2024,0.082016,0.10067040420288581
002331,2024,0.142382,0.07652398860289877
002476,2024,0.116319,0.07757165027794578
002348,2024,0.286049,0.07757165027794578
002479,2024,0.164963,0.07757165027794578
002480,2024,0.446948,0.07652398860289877
002481,2024,0.018815,0.07758346620555452
002482,2024,0.050938,0.07757165027794578
002483,2024,0.106009,0.07758346620555452
002484,2024,0.407283,0.08296667219444319
002485,2024,0.440994,0.07652398860289877
002363,2024,0.162469,0.07848022003286981
002487,2024,0.314844,0.08948359130716987
002488,2024,0.036228,0.08235463090458686
002489,2024,0.113888,0.07758346620555452
002350,2024,0.164606,0.08224643511289531
002491,2024,0.179283,0.07722883269511009
002492,2024,0.216943,0.07757165027794578
002493,2024,0.164809,0.07652398860289877
002494,2024,0.212598,0.07652398860289877
002495,2024,0.080198,0.07757165027794578
002496,2024,0.427602,0.07758346620555452
002497,2024,0.388961,0.07652398860289877
002371,2024,0.018632,0.08296667219444319
002500,2024,0.124302,0.07652398860289877
002355,2024,0.099507,0.08458945178336154
002506,2024,0.306103,0.08948359130716987
002507,2024,-0.038973,0.07757165027794578
002510,2024,0.181445,0.0772370492559228
002508,2024,0.018826,0.07652398860289877
002351,2024,-0.105306,0.07758346620555452
002512,2024,0.175866,0.0772370492559228
002513,2024,0.252082,0.07757165027794578
002514,2024,0.325768,0.10067040420288581
002515,2024,0.137313,0.07757165027794578
002516,2024,-0.061751,0.08577785423675759
002517,2024,0.137022,0.07757165027794578
002518,2024,0.057281,0.07757165027794578
002519,2024,0.185417,0.07757165027794578
002521,2024,0.011645,0.07848022003286981
002520,2024,0.159684,0.07757165027794578
002522,2024,0.170621,0.07758346620555452
002523,2024,0.175337,0.08296667219444319
002524,2024,0.247275,0.07757165027794578
002526,2024,0.121851,0.07758346620555452
002527,2024,0.346282,0.0772370492559228
002528,2024,0.255639,0.07757165027794578
002394,2024,0.265552,0.07757165027794578
002529,2024,0.255287,0.07757165027794578
002530,2024,0.016139,0.07758346620555452
002531,2024,0.001609,0.07652398860289877
002532,2024,0.176658,0.07758346620555452
002533,2024,-0.058528,0.0772370492559228
002536,2024,-0.142766,0.07757165027794578
002534,2024,-0.094544,0.07757165027794578
002535,2024,-0.014727,0.07757165027794578
002537,2024,0.112602,0.07757165027794578
002539,2024,0.146879,0.07758346620555452
002540,2024,0.0429,0.08296667219444319
002541,2024,-0.077205,0.07652398860289877
002377,2024,0.225583,0.07758346620555452
002542,2024,0.353273,0.07652398860289877
002544,2024,0.096772,0.07652398860289877
002545,2024,0.355681,0.08224643511289531
002547,2024,0.122549,0.07757165027794578
002546,2024,0.120261,0.07652398860289877
002548,2024,-0.046899,0.07757165027794578
002549,2024,0.506292,0.07758346620555452
002550,2024,1.039476,0.07757165027794578
002551,2024,0.213492,0.07652398860289877
002553,2024,0.177385,0.08224643511289531
002552,2024,-0.022628,0.07758346620555452
002554,2024,0.193095,0.07757165027794578
002555,2024,0.125379,0.07757165027794578
002337,2024,0.177115,0.08296667219444319
002556,2024,0.126617,0.07757165027794578
002558,2024,0.748297,0.07757165027794578
002559,2024,0.133667,0.08458945178336154
002560,2024,0.299964,0.08458945178336154
002561,2024,0.073339,0.07652398860289877
002562,2024,0.290333,0.07757165027794578
002563,2024,-0.235932,0.07757165027794578
002564,2024,0.118973,0.07757165027794578
002565,2024,0.966963,0.07757165027794578
002566,2024,0.107424,0.07652398860289877
002406,2024,0.123555,0.07848022003286981
002567,2024,0.012437,0.07652398860289877
002387,2024,-0.117895,0.07791378921638958
002569,2024,0.376699,0.07757165027794578
002568,2024,-0.064356,0.07758346620555452
002570,2024,0.101716,0.07757165027794578
002571,2024,-0.258105,0.0772370492559228
002572,2024,-0.029896,0.07757165027794578
002574,2024,0.087801,0.07652398860289877
002576,2024,0.288877,0.08458945178336154
002577,2024,-0.041535,0.07848022003286981
002578,2024,0.101305,0.07757165027794578
002443,2024,0.212484,0.07848022003286981
002580,2024,0.171672,0.08224643511289531
002581,2024,-0.028494,0.07757165027794578
002582,2024,-0.07935,0.07652398860289877
002583,2024,0.08388,0.0772370492559228
002585,2024,0.145661,0.07722883269511009
002584,2024,-0.105874,0.07758346620555452
002587,2024,0.122331,0.07757165027794578
002586,2024,-0.026028,0.07652398860289877
002428,2024,-0.010769,0.07758346620555452
002588,2024,0.13188,0.07757165027794578
002404,2024,0.116306,0.08458945178336154
002590,2024,0.241191,0.08458945178336154
002593,2024,0.101673,0.07757165027794578
002592,2024,0.189902,0.07722883269511009
002595,2024,0.164101,0.07757165027794578
002594,2024,-0.054995,0.08224643511289531
002596,2024,0.304427,0.07652398860289877
002597,2024,-0.037508,0.07758346620555452
002599,2024,0.019556,0.0772370492559228
002598,2024,0.220309,0.07757165027794578
002600,2024,-0.051733,0.08577785423675759
002601,2024,0.100591,0.07758346620555452
002602,2024,0.619274,0.07757165027794578
002603,2024,0.23351,0.07652398860289877
002605,2024,0.06589,0.0772370492559228
002606,2024,0.143499,0.08235463090458686
002607,2024,0.022965,0.07652398860289877
002608,2024,0.005194,0.07652398860289877
002609,2024,0.119068,0.07757165027794578
002611,2024,-0.096639,0.08235463090458686
002613,2024,0.072158,0.07758346620555452
002612,2024,0.135735,0.07652398860289877
002615,2024,0.205824,0.07757165027794578
002449,2024,0.108671,0.07848022003286981
002616,2024,0.118907,0.07652398860289877
002617,2024,0.089286,0.0772370492559228
002620,2024,0.110028,0.07757165027794578
002622,2024,0.253879,0.07757165027794578
002623,2024,0.692042,0.07791378921638958
002624,2024,0.20404,0.07757165027794578
002625,2024,-0.039824,0.07758346620555452
002626,2024,0.364534,0.07757165027794578
002474,2024,0.163836,0.07652398860289877
002478,2024,-0.032746,0.08458945178336154
002630,2024,-0.252585,0.07652398860289877
002629,2024,0.220865,0.07757165027794578
002631,2024,0.010695,0.07652398860289877
002632,2024,0.127788,0.07758346620555452
002634,2024,0.19992,0.08296667219444319
002486,2024,0.28764,0.07722883269511009
002635,2024,-0.119286,0.0772370492559228
002636,2024,0.542765,0.07758346620555452
002637,2024,0.154007,0.07757165027794578
002638,2024,0.185904,0.07848022003286981
002639,2024,0.478844,0.07758346620555452
002640,2024,0.46495,0.07757165027794578
002642,2024,-0.008894,0.07652398860289877
002641,2024,0.040331,0.07757165027794578
002643,2024,0.229225,0.07758346620555452
002644,2024,0.142117,0.07652398860289877
002645,2024,1.080223,0.07757165027794578
002646,2024,0.163327,0.07757165027794578
002647,2024,0.14131,0.07652398860289877
002649,2024,0.193663,0.07757165027794578
002648,2024,-0.217803,0.07757165027794578
002650,2024,0.049513,0.07757165027794578
002490,2024,0.837482,0.07652398860289877
002651,2024,0.847573,0.07758346620555452
002652,2024,0.366035,0.07758346620555452
002653,2024,-0.048366,0.07757165027794578
002654,2024,0.075589,0.08296667219444319
002655,2024,0.076547,0.07848022003286981
002656,2024,0.105691,0.07757165027794578
002657,2024,0.507804,0.07757165027794578
002659,2024,0.140295,0.07652398860289877
002660,2024,-0.044139,0.08577785423675759
002511,2024,0.183707,0.07757165027794578
002662,2024,-0.127756,0.08948359130716987
002663,2024,0.134485,0.07652398860289877
002664,2024,0.294449,0.08994610737455352
002666,2024,0.131687,0.08235463090458686
002667,2024,-0.102285,0.07758346620555452
002668,2024,-0.136222,0.07652398860289877
002575,2024,-0.086019,0.07757165027794578
002669,2024,0.33676,0.07757165027794578
002670,2024,0.202674,0.07652398860289877
002672,2024,0.109761,0.07757165027794578
002671,2024,0.03137,0.07757165027794578
002674,2024,0.12208,0.08458945178336154
002673,2024,0.128061,0.07652398860289877
002676,2024,0.336175,0.07757165027794578
002675,2024,0.063154,0.07652398860289877
002498,2024,0.118905,0.07652398860289877
002677,2024,0.08556,0.07791378921638958
002678,2024,0.155395,0.07757165027794578
002681,2024,-0.0227,0.07848022003286981
002682,2024,0.200948,0.07757165027794578
002683,2024,0.153945,0.07652398860289877
002685,2024,0.174078,0.07848022003286981
002686,2024,0.183327,0.08577785423675759
002687,2024,0.170925,0.07758346620555452
002688,2024,0.128769,0.07758346620555452
002690,2024,0.031339,0.07758346620555452
002692,2024,-0.133305,0.07848022003286981
002691,2024,0.068783,0.07757165027794578
002693,2024,-0.012337,0.07758346620555452
002501,2024,0.035169,0.07757165027794578
002695,2024,0.168978,0.07757165027794578
002696,2024,0.259421,0.07757165027794578
002698,2024,0.00208,0.08994610737455352
002697,2024,-0.033877,0.07652398860289877
002538,2024,0.100822,0.07652398860289877
002701,2024,0.042741,0.07757165027794578
002703,2024,0.057198,0.08224643511289531
002543,2024,0.1576,0.07757165027794578
002702,2024,0.120744,0.07757165027794578
002705,2024,0.134386,0.07758346620555452
002708,2024,-0.020915,0.07848022003286981
002706,2024,0.037292,0.08994610737455352
002709,2024,0.079495,0.07758346620555452
002557,2024,-0.005407,0.07757165027794578
002579,2024,0.641011,0.07848022003286981
002714,2024,0.093318,0.07652398860289877
002715,2024,0.133171,0.07757165027794578
002591,2024,0.322163,0.07758346620555452
002717,2024,-0.328085,0.07652398860289877
002614,2024,0.080782,0.07848022003286981
002475,2024,0.21174,0.07617530426800145
002721,2024,0.409204,0.07757165027794578
002722,2024,0.246386,0.07757165027794578
002723,2024,-0.010748,0.07757165027794578
002724,2024,0.303156,0.07758346620555452
002725,2024,0.211455,0.08994610737455352
002589,2024,0.090346,0.07652398860289877
002726,2024,-0.040346,0.07652398860289877
002627,2024,-0.111732,0.07652398860289877
002633,2024,0.525556,0.07758346620555452
002730,2024,0.272834,0.07757165027794578
002731,2024,0.311391,0.08948359130716987
002732,2024,0.058757,0.07757165027794578
002733,2024,0.171462,0.08296667219444319
002734,2024,0.695714,0.07757165027794578
002735,2024,0.382512,0.07757165027794578
002736,2024,0.263943,0.07652398860289877
002737,2024,0.033756,0.07652398860289877
002739,2024,0.059618,0.07652398860289877
002741,2024,0.252346,0.07758346620555452
002742,2024,0.264039,0.07757165027794578
002743,2024,-0.095845,0.07757165027794578
002745,2024,0.040289,0.07848022003286981
002746,2024,0.064117,0.07757165027794578
002747,2024,0.107828,0.07848022003286981
002748,2024,0.124479,0.07758346620555452
002628,2024,0.31524,0.07652398860289877
002752,2024,0.05815,0.07757165027794578
002753,2024,0.172528,0.07758346620555452
002755,2024,0.444346,0.07757165027794578
002757,2024,0.202165,0.07791378921638958
002756,2024,-0.057597,0.07722883269511009
002759,2024,0.287179,0.07758346620555452
002679,2024,0.219333,0.07652398860289877
002760,2024,-0.147073,0.07758346620555452
002761,2024,0.201397,0.07757165027794578
002762,2024,0.432669,0.07757165027794578
002763,2024,0.049161,0.07758346620555452
002765,2024,-0.143383,0.08458945178336154
002766,2024,-0.257101,0.07848022003286981
002658,2024,0.168386,0.0772370492559228
002768,2024,0.437144,0.07758346620555452
002769,2024,0.085956,0.07652398860289877
002772,2024,0.048206,0.07757165027794578
002771,2024,0.043268,0.07652398860289877
002774,2024,0.087,0.07758346620555452
002773,2024,0.539645,0.07757165027794578
002775,2024,0.412351,0.07652398860289877
002573,2024,0.108995,0.07652398860289877
002689,2024,0.214797,0.07652398860289877
002661,2024,0.001075,0.07757165027794578
002712,2024,0.138931,0.07652398860289877
002777,2024,-0.037541,0.07652398860289877
002778,2024,0.112706,0.07652398860289877
002713,2024,0.072529,0.07757165027794578
002780,2024,0.220987,0.07722883269511009
002782,2024,0.215856,0.08296667219444319
002783,2024,0.335849,0.07757165027794578
002787,2024,-0.06355,0.07758346620555452
002788,2024,0.10881,0.07757165027794578
002789,2024,0.359924,0.07757165027794578
002790,2024,0.079386,0.07758346620555452
002791,2024,-0.06798,0.07757165027794578
002793,2024,0.205938,0.07757165027794578
002718,2024,0.287968,0.07757165027794578
002795,2024,0.121673,0.07758346620555452
002797,2024,0.11092,0.07652398860289877
002798,2024,0.632619,0.07757165027794578
002799,2024,0.170418,0.07757165027794578
002800,2024,0.203965,0.07652398860289877
002694,2024,0.120885,0.07757165027794578
002802,2024,-0.075188,0.07758346620555452
002803,2024,0.183333,0.07758346620555452
002719,2024,0.060056,0.07757165027794578
002805,2024,0.239547,0.07758346620555452
002806,2024,0.106736,0.07758346620555452
002807,2024,0.165663,0.07652398860289877
002808,2024,0.644595,0.07617530426800145
002810,2024,0.185466,0.07758346620555452
002811,2024,0.206792,0.07757165027794578
002707,2024,-0.042001,0.07652398860289877
002815,2024,0.311316,0.07722883269511009
002816,2024,0.540517,0.08994610737455352
002817,2024,0.120961,0.07758346620555452
002818,2024,0.038973,0.07652398860289877
002820,2024,0.095165,0.07757165027794578
002819,2024,0.17965,0.07758346620555452
002821,2024,0.124513,0.07757165027794578
002822,2024,0.018923,0.07652398860289877
002716,2024,0.129151,0.07757165027794578
002823,2024,0.16234,0.08994610737455352
002826,2024,1.09415,0.07652398860289877
002825,2024,0.132587,0.07758346620555452
002827,2024,0.452321,0.07652398860289877
002828,2024,0.269951,0.07757165027794578
002729,2024,0.178039,0.07758346620555452
002830,2024,0.278317,0.07757165027794578
002832,2024,-0.005383,0.07757165027794578
002831,2024,0.183654,0.07652398860289877
002749,2024,-0.001337,0.07757165027794578
002833,2024,0.00468,0.08458945178336154
002700,2024,-0.140232,0.07757165027794578
002837,2024,0.318861,0.07791378921638958
002838,2024,0.358829,0.07758346620555452
002839,2024,0.113744,0.07652398860289877
002841,2024,0.113033,0.07848022003286981
002840,2024,-0.000759,0.07652398860289877
002842,2024,0.448478,0.07722883269511009
002843,2024,-0.043645,0.08235463090458686
002846,2024,0.79483,0.07758346620555452
002728,2024,0.149029,0.07757165027794578
002845,2024,0.075613,0.07848022003286981
002848,2024,0.566265,0.07758346620555452
002847,2024,-0.127766,0.07652398860289877
002849,2024,-0.088464,0.07757165027794578
002851,2024,0.400847,0.08224643511289531
002852,2024,0.031823,0.07758346620555452
002850,2024,0.026373,0.0772370492559228
002853,2024,-0.09935,0.07652398860289877
002855,2024,0.122011,0.07758346620555452
002856,2024,0.268142,0.07652398860289877
002858,2024,0.238488,0.07757165027794578
002859,2024,0.168383,0.07848022003286981
002860,2024,0.406353,0.07757165027794578
002861,2024,0.206265,0.07848022003286981
002862,2024,0.075953,0.07757165027794578
002863,2024,0.118149,0.08458945178336154
002864,2024,0.114367,0.07652398860289877
002865,2024,-0.386485,0.07757165027794578
002867,2024,0.063852,0.07652398860289877
002866,2024,0.222264,0.08577785423675759
002868,2024,0.497858,0.07757165027794578
002869,2024,-0.0289,0.07757165027794578
002870,2024,-0.098796,0.07757165027794578
002767,2024,0.172313,0.07758346620555452
002873,2024,0.2516,0.07652398860289877
002872,2024,0.179054,0.07652398860289877
002875,2024,0.268519,0.07722883269511009
002876,2024,-0.044851,0.07848022003286981
002877,2024,0.145581,0.07758346620555452
002758,2024,0.098878,0.07757165027794578
002879,2024,-0.2163,0.07757165027794578
002880,2024,0.043213,0.07758346620555452
002881,2024,-0.015992,0.07848022003286981
002882,2024,1.16796,0.07848022003286981
002883,2024,0.506417,0.07652398860289877
002884,2024,0.073556,0.07757165027794578
002885,2024,0.139219,0.0918613840254623
002886,2024,0.047859,0.07758346620555452
002887,2024,0.253416,0.07652398860289877
002888,2024,0.13969,0.07848022003286981
002801,2024,-0.148661,0.07758346620555452
002890,2024,0.208277,0.08994610737455352
002809,2024,0.079662,0.07757165027794578
002891,2024,0.004597,0.07652398860289877
002893,2024,0.046549,0.07757165027794578
002895,2024,0.054258,0.07758346620555452
002896,2024,0.276642,0.07757165027794578
002897,2024,-0.029043,0.08458945178336154
002898,2024,1.178886,0.07652398860289877
002899,2024,0.139785,0.07652398860289877
002900,2024,0.4613,0.07652398860289877
002901,2024,0.303738,0.07652398860289877
002786,2024,0.13416,0.0772370492559228
002903,2024,0.058962,0.08458945178336154
002905,2024,0.213445,0.07652398860289877
002906,2024,-0.056067,0.08948359130716987
002907,2024,0.241452,0.07652398860289877
002908,2024,0.304461,0.07652398860289877
002727,2024,0.103286,0.07652398860289877
002909,2024,0.066741,0.07758346620555452
002911,2024,-0.050048,0.07652398860289877
002912,2024,-0.098932,0.07652398860289877
002792,2024,0.100498,0.07757165027794578
002915,2024,0.371131,0.07758346620555452
002917,2024,0.152466,0.07757165027794578
002916,2024,-0.019799,0.0772370492559228
002919,2024,0.101675,0.07757165027794578
002779,2024,0.165835,0.08458945178336154
002921,2024,0.255165,0.07722883269511009
002920,2024,-0.194609,0.07757165027794578
002923,2024,0.15553,0.07757165027794578
002812,2024,0.03858,0.08296667219444319
002922,2024,-0.12831,0.08458945178336154
002925,2024,0.127871,0.07758346620555452
002926,2024,0.270492,0.07652398860289877
002927,2024,0.295261,0.08577785423675759
002928,2024,0.137521,0.07652398860289877
002929,2024,0.010714,0.07757165027794578
002931,2024,-0.053457,0.07758346620555452
002796,2024,0.076644,0.07848022003286981
002933,2024,0.140659,0.07757165027794578
002935,2024,0.150265,0.07758346620555452
002829,2024,0.348473,0.07758346620555452
002938,2024,0.385292,0.07758346620555452
002939,2024,0.17723,0.07652398860289877
002940,2024,3.298052,0.07757165027794578
002941,2024,0.115318,0.07652398860289877
002942,2024,0.088879,0.07757165027794578
002943,2024,0.139977,0.07848022003286981
002835,2024,0.085985,0.07848022003286981
002946,2024,-0.022466,0.07652398860289877
002947,2024,-0.105989,0.07757165027794578
002948,2024,0.243945,0.07652398860289877
002949,2024,0.088975,0.07652398860289877
002950,2024,0.112635,0.07758346620555452
002951,2024,1.261959,0.07757165027794578
002836,2024,0.21237,0.07758346620555452
002953,2024,0.041928,0.07791378921638958
002956,2024,0.110956,0.07757165027794578
002955,2024,0.169604,0.07757165027794578
002957,2024,0.16291,0.08235463090458686
002959,2024,0.119152,0.0918613840254623
002960,2024,0.114009,0.07757165027794578
002857,2024,0.796966,0.07652398860289877
002962,2024,0.112465,0.07848022003286981
002963,2024,0.273504,0.07652398860289877
002965,2024,-0.033882,0.07722883269511009
002967,2024,-0.157447,0.07652398860289877
002968,2024,0.162277,0.07652398860289877
002969,2024,0.10452,0.07758346620555452
002871,2024,0.14468,0.07758346620555452
002971,2024,0.491701,0.08235463090458686
002972,2024,0.128367,0.07757165027794578
002973,2024,0.343575,0.07652398860289877
002976,2024,0.25822,0.07757165027794578
002975,2024,0.367852,0.07791378921638958
002878,2024,0.417767,0.07757165027794578
002978,2024,-0.007505,0.07758346620555452
002979,2024,-0.045892,0.07757165027794578
002980,2024,0.209328,0.07791378921638958
002982,2024,0.005879,0.07758346620555452
002981,2024,0.582705,0.0772370492559228
002813,2024,0.037505,0.08235463090458686
002984,2024,0.048763,0.08458945178336154
002985,2024,0.093909,0.07757165027794578
002986,2024,0.090271,0.07791378921638958
002988,2024,0.60369,0.07758346620555452
002987,2024,0.995779,0.07652398860289877
002824,2024,0.098868,0.08458945178336154
002989,2024,0.164479,0.07652398860289877
002991,2024,-0.14382,0.07757165027794578
002990,2024,0.12131,0.07652398860289877
002992,2024,-0.0263,0.07758346620555452
002993,2024,0.193118,0.08235463090458686
002996,2024,0.168527,0.07758346620555452
002995,2024,0.181856,0.07652398860289877
002997,2024,-0.097854,0.08458945178336154
002998,2024,0.182197,0.07758346620555452
002999,2024,0.217245,0.07652398860289877
003001,2024,-0.014417,0.07652398860289877
002889,2024,0.141076,0.07652398860289877
003003,2024,0.020186,0.07757165027794578
003004,2024,-0.066866,0.07757165027794578
003005,2024,0.087096,0.07757165027794578
003006,2024,0.097328,0.07757165027794578
003007,2024,0.460855,0.07757165027794578
003008,2024,0.177099,0.07652398860289877
002913,2024,0.487524,0.0772370492559228
003010,2024,0.435307,0.07652398860289877
003011,2024,0.346794,0.07757165027794578
003012,2024,-0.027616,0.07652398860289877
003013,2024,-0.066964,0.07652398860289877
003015,2024,0.247238,0.08296667219444319
003016,2024,0.238037,0.07652398860289877
003017,2024,0.249039,0.07758346620555452
003018,2024,0.085292,0.07758346620555452
003019,2024,0.115394,0.0772370492559228
003020,2024,-0.208131,0.07757165027794578
003021,2024,-0.078565,0.08994610737455352
003023,2024,0.148163,0.07758346620555452
003022,2024,0.048347,0.07758346620555452
002892,2024,0.184178,0.08235463090458686
003026,2024,0.227611,0.07758346620555452
003027,2024,0.148076,0.07652398860289877
002902,2024,0.232983,0.08235463090458686
003029,2024,0.305921,0.07757165027794578
003031,2024,0.16507,0.08235463090458686
002918,2024,0.010467,0.07757165027794578
003030,2024,0.104741,0.07757165027794578
003032,2024,0.202555,0.07757165027794578
003033,2024,-0.126692,0.07722883269511009
003035,2024,0.086854,0.07652398860289877
003036,2024,0.369615,0.07758346620555452
003037,2024,0.374648,0.07757165027794578
003038,2024,-0.092731,0.07758346620555452
003039,2024,0.093999,0.07652398860289877
003040,2024,1.164782,0.07757165027794578
003042,2024,0.14497,0.07757165027794578
003041,2024,-0.019403,0.07758346620555452
002910,2024,0.196952,0.07757165027794578
600000,2024,0.325703,0.07652398860289877
002977,2024,0.323103,0.07758346620555452
002932,2024,0.295678,0.07758346620555452
600007,2024,-0.061187,0.07652398860289877
600008,2024,0.044985,0.07652398860289877
002961,2024,0.461165,0.07652398860289877
600010,2024,0.209146,0.08224643511289531
002937,2024,0.076923,0.08296667219444319
600011,2024,0.044532,0.07652398860289877
600012,2024,-0.018316,0.07652398860289877
600015,2024,0.085739,0.07652398860289877
600016,2024,0.202596,0.07652398860289877
600018,2024,0.010627,0.07652398860289877
003000,2024,0.119175,0.07757165027794578
002945,2024,-0.061862,0.07652398860289877
600020,2024,0.083881,0.07652398860289877
002952,2024,0.182918,0.07758346620555452
002785,2024,0.120827,0.07652398860289877
002930,2024,0.289033,0.07652398860289877
600026,2024,-0.097353,0.07652398860289877
600027,2024,-0.015523,0.07652398860289877
600028,2024,0.009944,0.07757165027794578
600029,2024,-0.019531,0.07652398860289877
600030,2024,0.022256,0.07652398860289877
003002,2024,0.073592,0.07757165027794578
600031,2024,0.01646,0.07722883269511009
600033,2024,-0.058571,0.07652398860289877
002970,2024,-0.061852,0.07758346620555452
600036,2024,0.120009,0.07652398860289877
002983,2024,0.118215,0.07848022003286981
600038,2024,0.077371,0.07652398860289877
600039,2024,0.097687,0.07652398860289877
600048,2024,0.013219,0.07652398860289877
600050,2024,-0.094175,0.07722883269511009
003025,2024,0.025187,0.07758346620555452
600006,2024,0.052553,0.08458945178336154
003028,2024,-0.14672,0.07848022003286981
600055,2024,0.005218,0.08235463090458686
600056,2024,0.083508,0.07652398860289877
600057,2024,0.204276,0.07652398860289877
600059,2024,0.298231,0.07652398860289877
600058,2024,0.023915,0.07652398860289877
600060,2024,-0.042009,0.07617530426800145
600061,2024,0.038658,0.07652398860289877
600063,2024,-0.035529,0.07722883269511009
600004,2024,0.068344,0.07652398860289877
600062,2024,-0.034735,0.08994610737455352
600066,2024,0.022309,0.08458945178336154
003816,2024,0.0,0.07652398860289877
600009,2024,0.015646,0.07652398860289877
600072,2024,0.1024,0.08948359130716987
600017,2024,0.025783,0.07652398860289877
003043,2024,0.130056,0.07758346620555452
600022,2024,0.189155,0.07652398860289877
600078,2024,0.025208,0.07757165027794578
600037,2024,0.246377,0.07652398860289877
600052,2024,0.069376,0.07652398860289877
600081,2024,-0.016037,0.07617530426800145
600084,2024,-0.068037,0.07652398860289877
600019,2024,0.12742,0.07652398860289877
600023,2024,0.033099,0.07652398860289877
600035,2024,0.051982,0.07652398860289877
600089,2024,0.260523,0.07848022003286981
600051,2024,0.213511,0.07652398860289877
600025,2024,0.009624,0.07652398860289877
600096,2024,-0.013932,0.07757165027794578
600097,2024,0.098555,0.07757165027794578
600098,2024,0.126208,0.07652398860289877
600099,2024,0.103753,0.07722883269511009
600100,2024,0.111271,0.07757165027794578
600101,2024,-0.037664,0.07652398860289877
600071,2024,0.119606,0.07671642760245533
600032,2024,0.0,0.07652398860289877
600053,2024,0.192569,0.07652398860289877
600064,2024,0.106365,0.07652398860289877
600054,2024,-0.004426,0.07652398860289877
600109,2024,0.187099,0.07652398860289877
600073,2024,0.013541,0.07652398860289877
600110,2024,0.639241,0.08235463090458686
600111,2024,0.410313,0.08224643511289531
600113,2024,0.072788,0.07652398860289877
600114,2024,0.04261,0.08994610737455352
600115,2024,0.083333,0.07652398860289877
600116,2024,-0.067194,0.07652398860289877
600088,2024,-0.013504,0.07652398860289877
600067,2024,0.289863,0.07652398860289877
600076,2024,0.205207,0.07757165027794578
600121,2024,-0.024525,0.07652398860289877
600080,2024,0.080884,0.07652398860289877
600123,2024,0.035952,0.07652398860289877
600075,2024,0.072652,0.07652398860289877
600082,2024,0.348229,0.07652398860289877
600127,2024,0.056849,0.07652398860289877
600129,2024,0.070996,0.07757165027794578
003009,2024,0.205004,0.07757165027794578
600094,2024,0.048387,0.07652398860289877
600131,2024,0.012242,0.07757165027794578
600132,2024,-0.013527,0.07722883269511009
600079,2024,0.063053,0.07757165027794578
600135,2024,0.131685,0.07652398860289877
600136,2024,-0.037523,0.07757165027794578
600106,2024,0.22989,0.07757165027794578
600138,2024,-0.000937,0.07652398860289877
600141,2024,0.005359,0.07757165027794578
600143,2024,0.174211,0.07848022003286981
600095,2024,0.367261,0.07652398860289877
600085,2024,0.03353,0.07652398860289877
600103,2024,0.107206,0.08224643511289531
600151,2024,-0.081258,0.08296667219444319
600152,2024,0.194262,0.08235463090458686
600153,2024,0.087157,0.07652398860289877
600108,2024,0.066145,0.07652398860289877
600104,2024,0.078047,0.08224643511289531
600158,2024,0.176846,0.07652398860289877
600105,2024,0.444063,0.07848022003286981
600160,2024,0.075447,0.08224643511289531
600159,2024,0.193548,0.07652398860289877
600161,2024,-0.054372,0.07652398860289877
600125,2024,0.048326,0.07652398860289877
600118,2024,0.061251,0.07757165027794578
600165,2024,-0.008513,0.07758346620555452
600126,2024,-0.231588,0.07722883269511009
600119,2024,0.093972,0.07757165027794578
600168,2024,-0.014659,0.07652398860289877
600107,2024,0.28246,0.07757165027794578
600171,2024,0.00062,0.07848022003286981
600170,2024,-0.035486,0.07652398860289877
600117,2024,0.843034,0.07652398860289877
600130,2024,0.379452,0.08458945178336154
600120,2024,0.074289,0.07652398860289877
600177,2024,0.018091,0.07652398860289877
600179,2024,-0.066667,0.08224643511289531
600137,2024,0.339893,0.07757165027794578
600148,2024,0.293505,0.07652398860289877
600149,2024,0.260597,0.07652398860289877
600128,2024,0.125533,0.07652398860289877
600156,2024,0.412875,0.07652398860289877
600157,2024,0.097005,0.07652398860289877
600133,2024,0.07519,0.07757165027794578
600187,2024,0.020144,0.07757165027794578
600162,2024,-0.051238,0.07652398860289877
600189,2024,0.063135,0.07652398860289877
600191,2024,0.090217,0.07757165027794578
600155,2024,0.170259,0.07652398860289877
600150,2024,0.195234,0.07652398860289877
600167,2024,0.058095,0.08224643511289531
600196,2024,0.004089,0.07757165027794578
600163,2024,-0.053014,0.07652398860289877
600176,2024,-0.11496,0.07848022003286981
600172,2024,0.194332,0.07758346620555452
600178,2024,0.485575,0.07757165027794578
600184,2024,0.522545,0.07758346620555452
600173,2024,-0.082305,0.07652398860289877
600169,2024,0.038171,0.07722883269511009
600207,2024,0.147287,0.0772370492559228
600166,2024,0.093351,0.08994610737455352
600210,2024,-0.011587,0.07772120199731825
600211,2024,-0.002209,0.07757165027794578
600182,2024,0.138462,0.08224643511289531
600215,2024,-0.195663,0.09381878414150797
600192,2024,0.470844,0.0772370492559228
600185,2024,-0.087095,0.07652398860289877
600218,2024,0.01966,0.08296667219444319
600219,2024,-0.016938,0.08224643511289531
600193,2024,0.353266,0.07757165027794578
600180,2024,0.074349,0.07722883269511009
600183,2024,0.11109,0.07848022003286981
600223,2024,0.091096,0.07757165027794578
600186,2024,-0.08573,0.07652398860289877
600228,2024,0.258713,0.07757165027794578
600197,2024,0.046834,0.07757165027794578
600230,2024,0.421077,0.07722883269511009
600232,2024,0.131787,0.0772370492559228
600198,2024,0.102113,0.08224643511289531
600195,2024,0.083406,0.07652398860289877
600236,2024,0.021871,0.07652398860289877
600235,2024,0.015262,0.07652398860289877
600237,2024,-0.055609,0.08458945178336154
600202,2024,0.153439,0.08235463090458686
600239,2024,-0.03491,0.07652398860289877
600199,2024,0.093255,0.07652398860289877
600201,2024,0.254002,0.07758346620555452
600188,2024,-0.058781,0.07757165027794578
600248,2024,0.028898,0.07652398860289877
600249,2024,0.102828,0.08235463090458686
600208,2024,0.68435,0.07652398860289877
600251,2024,0.096927,0.07652398860289877
600203,2024,0.053908,0.07848022003286981
600255,2024,-0.029072,0.08458945178336154
600256,2024,0.086232,0.07758346620555452
600206,2024,0.05911,0.07757165027794578
600258,2024,0.066549,0.07652398860289877
600212,2024,0.293675,0.07772120199731825
600259,2024,0.557757,0.07652398860289877
600216,2024,0.12051,0.07757165027794578
600217,2024,-0.058101,0.07757165027794578
600221,2024,0.130435,0.07652398860289877
600267,2024,0.063249,0.07758346620555452
600268,2024,0.38717,0.07757165027794578
600269,2024,0.028955,0.07652398860289877
600229,2024,0.091985,0.07652398860289877
600231,2024,0.063602,0.07652398860289877
600273,2024,0.144248,0.07757165027794578
600241,2024,0.399351,0.08296667219444319
600276,2024,0.07011,0.07757165027794578
600279,2024,0.076135,0.07652398860289877
600226,2024,-0.020586,0.07848022003286981
600227,2024,0.165705,0.07652398860289877
600282,2024,-0.103935,0.07652398860289877
600283,2024,0.040609,0.07652398860289877
600284,2024,-0.001897,0.07652398860289877
600222,2024,0.193738,0.07757165027794578
600243,2024,0.368,0.07757165027794578
600234,2024,0.284504,0.07652398860289877
600289,2024,0.111061,0.07791378921638958
600238,2024,0.65111,0.07757165027794578
600295,2024,0.119693,0.08224643511289531
600246,2024,0.267502,0.07652398860289877
600299,2024,-0.051345,0.07758346620555452
600250,2024,0.459616,0.07652398860289877
600301,2024,0.185218,0.07757165027794578
600302,2024,0.361053,0.08458945178336154
600257,2024,0.099805,0.07757165027794578
600262,2024,0.400428,0.07757165027794578
600265,2024,0.179487,0.07652398860289877
600252,2024,0.04545,0.07757165027794578
600308,2024,0.060639,0.07757165027794578
600310,2024,-0.044585,0.07652398860289877
600309,2024,-0.00919,0.08224643511289531
600312,2024,-0.128567,0.07722883269511009
600313,2024,-0.009633,0.07757165027794578
600316,2024,0.077433,0.07757165027794578
600318,2024,0.008341,0.07652398860289877
600261,2024,0.156305,0.0772370492559228
600272,2024,0.081206,0.07652398860289877
600280,2024,-0.011168,0.07652398860289877
600266,2024,-0.042483,0.07652398860289877
600293,2024,0.152128,0.07757165027794578
600327,2024,0.035258,0.07652398860289877
600281,2024,1.084302,0.07757165027794578
600326,2024,0.331362,0.07652398860289877
600328,2024,0.009099,0.07652398860289877
600329,2024,0.09972,0.07757165027794578
600330,2024,0.18013,0.07848022003286981
600331,2024,0.229577,0.07652398860289877
600285,2024,0.057175,0.07757165027794578
600287,2024,0.212368,0.07757165027794578
600278,2024,0.045082,0.07757165027794578
600337,2024,0.051967,0.07722883269511009
600288,2024,0.268472,0.07757165027794578
600292,2024,-0.039209,0.07652398860289877
600343,2024,0.04423,0.07757165027794578
600340,2024,-0.074703,0.07652398860289877
600298,2024,0.02607,0.07757165027794578
600346,2024,-0.055575,0.07652398860289877
600303,2024,0.034066,0.08296667219444319
600350,2024,0.00097,0.07652398860289877
600300,2024,-0.108525,0.07652398860289877
600352,2024,0.082655,0.08224643511289531
600354,2024,0.078338,0.07757165027794578
600353,2024,0.683014,0.07848022003286981
600319,2024,0.291457,0.07722883269511009
600307,2024,0.368151,0.07652398860289877
600358,2024,0.461115,0.07757165027794578
600359,2024,0.088,0.07652398860289877
600305,2024,-0.00223,0.07652398860289877
600361,2024,0.131025,0.07848022003286981
600362,2024,0.009818,0.07757165027794578
600333,2024,0.113998,0.07652398860289877
600315,2024,0.026369,0.08224643511289531
600322,2024,0.276204,0.07652398860289877
600335,2024,0.051018,0.07652398860289877
600368,2024,0.002501,0.07652398860289877
600320,2024,-0.008494,0.07652398860289877
600336,2024,0.052246,0.07848022003286981
600338,2024,0.321611,0.07652398860289877
600323,2024,0.0699,0.07652398860289877
600375,2024,0.183286,0.07757165027794578
600339,2024,0.060313,0.07652398860289877
600376,2024,0.159722,0.07652398860289877
600377,2024,0.059859,0.07652398860289877
600345,2024,0.135196,0.07757165027794578
600378,2024,0.033357,0.07757165027794578
600355,2024,-0.021552,0.08235463090458686
600380,2024,0.098485,0.07758346620555452
600382,2024,0.256518,0.07652398860289877
600383,2024,-0.179834,0.07652398860289877
600388,2024,-0.088649,0.07848022003286981
600386,2024,0.008727,0.07652398860289877
600348,2024,0.153016,0.07652398860289877
600332,2024,-0.011989,0.07758346620555452
600392,2024,0.918649,0.07757165027794578
600391,2024,0.316553,0.08458945178336154
600325,2024,-0.117192,0.07652398860289877
600356,2024,0.189665,0.07757165027794578
600397,2024,0.226244,0.07652398860289877
600398,2024,-0.145985,0.08224643511289531
600360,2024,0.393312,0.07848022003286981
600400,2024,0.042209,0.08224643511289531
600403,2024,0.103386,0.07652398860289877
600351,2024,0.261413,0.07757165027794578
600406,2024,0.014237,0.08948359130716987
600363,2024,0.025703,0.08296667219444319
600409,2024,-0.011271,0.07652398860289877
600365,2024,0.049492,0.07757165027794578
600415,2024,0.333996,0.07722883269511009
600371,2024,-0.002472,0.07757165027794578
600418,2024,0.135691,0.08224643511289531
600419,2024,-0.042617,0.07652398860289877
600366,2024,0.60922,0.07758346620555452
600422,2024,-0.122875,0.07757165027794578
600369,2024,0.13276,0.07652398860289877
600423,2024,0.040134,0.07652398860289877
600425,2024,-0.012955,0.07757165027794578
600426,2024,0.005676,0.07652398860289877
600428,2024,-0.067088,0.07722883269511009
600429,2024,0.045181,0.07652398860289877
600433,2024,-0.033005,0.08224643511289531
600370,2024,0.100075,0.07757165027794578
600438,2024,0.333975,0.08224643511289531
600379,2024,0.490788,0.08994610737455352
600367,2024,0.136658,0.0772370492559228
600372,2024,0.064461,0.08458945178336154
600446,2024,0.250971,0.07617530426800145
600381,2024,0.360759,0.07758346620555452
600408,2024,0.406166,0.07722883269511009
600452,2024,-0.001071,0.07652398860289877
600455,2024,0.08705,0.07652398860289877
600456,2024,-0.070113,0.07757165027794578
600458,2024,0.131839,0.08458945178336154
600373,2024,-0.06134,0.07652398860289877
600399,2024,0.080043,0.07757165027794578
600461,2024,-0.031506,0.07652398860289877
600396,2024,0.066728,0.07652398860289877
600468,2024,0.60452,0.08224643511289531
600469,2024,0.09103,0.07757165027794578
600470,2024,0.0,0.07757165027794578
600475,2024,0.675557,0.07722883269511009
600395,2024,0.154394,0.07652398860289877
600405,2024,0.298277,0.07671642760245533
600389,2024,0.392392,0.07757165027794578
600421,2024,0.296137,0.07722883269511009
600390,2024,0.162155,0.07652398860289877
600481,2024,0.323568,0.08296667219444319
600482,2024,0.109853,0.07722883269511009
600420,2024,-0.018419,0.07652398860289877
600486,2024,0.062077,0.07757165027794578
600487,2024,0.021092,0.08235463090458686
600416,2024,0.289105,0.08458945178336154
600435,2024,0.450412,0.07652398860289877
600490,2024,-0.108531,0.07652398860289877
600410,2024,0.314169,0.0772370492559228
600493,2024,0.234838,0.07757165027794578
600495,2024,0.335977,0.07652398860289877
600448,2024,0.254606,0.07652398860289877
600497,2024,-0.021022,0.07757165027794578
600439,2024,0.022056,0.07722883269511009
600499,2024,0.161117,0.07772120199731825
600500,2024,0.125464,0.07652398860289877
600444,2024,0.232477,0.07757165027794578
600502,2024,0.07877,0.07652398860289877
600460,2024,0.053822,0.07848022003286981
600436,2024,-0.00571,0.07757165027794578
600467,2024,0.04681,0.07652398860289877
600476,2024,0.212581,0.07722883269511009
600508,2024,-0.071202,0.07652398860289877
600509,2024,0.000692,0.07652398860289877
600449,2024,-0.10251,0.07652398860289877
600511,2024,-0.026642,0.07757165027794578
600512,2024,0.073407,0.07757165027794578
600459,2024,0.260478,0.0772370492559228
600515,2024,-0.021649,0.07652398860289877
600516,2024,0.046501,0.07652398860289877
600517,2024,0.102068,0.07652398860289877
600519,2024,-0.046002,0.07652398860289877
600480,2024,-0.052239,0.08948359130716987
600483,2024,0.002974,0.07652398860289877
600477,2024,0.046493,0.07848022003286981
600522,2024,0.008302,0.08458945178336154
600479,2024,0.102617,0.07757165027794578
600525,2024,-0.072752,0.08458945178336154
600489,2024,0.087526,0.07652398860289877
600478,2024,0.246377,0.08296667219444319
600528,2024,-0.084394,0.07652398860289877
600488,2024,-0.014529,0.07757165027794578
600498,2024,0.019364,0.07757165027794578
600491,2024,-0.098555,0.07652398860289877
600503,2024,0.059896,0.07652398860289877
600501,2024,0.091827,0.07722883269511009
600535,2024,0.108934,0.07757165027794578
600496,2024,0.097265,0.07757165027794578
600506,2024,-0.089574,0.09381878414150797
600510,2024,-0.00514,0.07652398860289877
600540,2024,0.164384,0.07652398860289877
600505,2024,0.201618,0.07757165027794578
600507,2024,0.007276,0.07652398860289877
600513,2024,0.900437,0.07757165027794578
600547,2024,0.199929,0.07652398860289877
600549,2024,0.355195,0.07722883269511009
600520,2024,0.026575,0.08458945178336154
600527,2024,0.094213,0.09381878414150797
600552,2024,-0.035516,0.0772370492559228
600523,2024,0.058492,0.07652398860289877
600557,2024,0.186785,0.07757165027794578
600559,2024,-0.01255,0.07757165027794578
600521,2024,0.592224,0.07757165027794578
600560,2024,0.014417,0.07617530426800145
600561,2024,0.181644,0.07652398860289877
600563,2024,-0.126905,0.08458945178336154
600518,2024,0.050525,0.07758346620555452
600533,2024,0.244743,0.07652398860289877
600529,2024,0.070817,0.07758346620555452
600569,2024,0.374757,0.07652398860289877
600530,2024,0.903866,0.07758346620555452
600571,2024,0.304268,0.07617530426800145
600570,2024,0.207429,0.08948359130716987
600572,2024,0.055216,0.07652398860289877
600573,2024,0.12238,0.07757165027794578
600576,2024,-0.21889,0.07652398860289877
600575,2024,0.048078,0.07652398860289877
600531,2024,0.244173,0.07652398860289877
600577,2024,-0.032638,0.0772370492559228
600526,2024,0.074154,0.07652398860289877
600538,2024,0.204161,0.07758346620555452
600536,2024,0.063,0.08458945178336154
600582,2024,-0.05072,0.07652398860289877
600583,2024,0.007083,0.08948359130716987
600537,2024,0.485294,0.08296667219444319
600543,2024,0.359932,0.08458945178336154
600585,2024,-0.093551,0.07757165027794578
600545,2024,0.185484,0.07757165027794578
600588,2024,-0.097234,0.07791378921638958
600589,2024,-0.182082,0.07757165027794578
600539,2024,0.176334,0.07652398860289877
600550,2024,0.050164,0.07652398860289877
600551,2024,0.148047,0.07652398860289877
600546,2024,0.124496,0.07652398860289877
600558,2024,0.094579,0.08235463090458686
600566,2024,0.157234,0.07757165027794578
600556,2024,0.08384,0.07757165027794578
600598,2024,0.059299,0.07652398860289877
600567,2024,0.136236,0.07757165027794578
600600,2024,-0.06414,0.07722883269511009
600602,2024,-0.118142,0.07757165027794578
600601,2024,0.053254,0.0772370492559228
600562,2024,0.687253,0.07722883269511009
600603,2024,0.076394,0.07652398860289877
600606,2024,0.173415,0.07652398860289877
600605,2024,0.037242,0.07652398860289877
600568,2024,0.224863,0.07757165027794578
600609,2024,0.015354,0.07757165027794578
600610,2024,1.168746,0.07652398860289877
600579,2024,0.212735,0.07722883269511009
600578,2024,0.069703,0.07652398860289877
600581,2024,0.208991,0.07652398860289877
600615,2024,0.094114,0.08458945178336154
600616,2024,0.071967,0.07757165027794578
600617,2024,0.2112,0.07652398860289877
600584,2024,0.031635,0.07757165027794578
600586,2024,0.039427,0.07848022003286981
600592,2024,-0.065898,0.08224643511289531
600621,2024,0.081273,0.07652398860289877
600593,2024,0.031223,0.07757165027794578
600580,2024,0.191301,0.07757165027794578
600587,2024,0.156323,0.07757165027794578
600590,2024,0.073601,0.08458945178336154
600629,2024,0.08909,0.07652398860289877
600630,2024,0.088085,0.08224643511289531
600633,2024,0.058606,0.07652398860289877
600635,2024,0.020939,0.07652398860289877
600636,2024,0.333525,0.07652398860289877
600637,2024,0.05774,0.07757165027794578
600595,2024,0.312616,0.07848022003286981
600594,2024,0.214585,0.07652398860289877
600640,2024,0.14691,0.07652398860289877
600641,2024,0.016631,0.07848022003286981
600604,2024,0.24261,0.07652398860289877
600597,2024,0.068411,0.07652398860289877
600599,2024,-0.114703,0.07722883269511009
600608,2024,0.299023,0.07652398860289877
600596,2024,0.403135,0.07652398860289877
600649,2024,-0.038229,0.07652398860289877
600653,2024,-0.091787,0.07652398860289877
600651,2024,0.06383,0.08458945178336154
600620,2024,0.283095,0.07757165027794578
600655,2024,-0.012844,0.08224643511289531
600628,2024,-0.014458,0.07652398860289877
600619,2024,0.395557,0.08224643511289531
600612,2024,0.019026,0.07652398860289877
600618,2024,0.104823,0.07652398860289877
600662,2024,0.047345,0.07652398860289877
600664,2024,0.05862,0.07757165027794578
600613,2024,0.142278,0.07757165027794578
600666,2024,0.320211,0.07757165027794578
600622,2024,0.118279,0.07652398860289877
600668,2024,0.319213,0.07757165027794578
600671,2024,0.2098,0.07757165027794578
600623,2024,0.293354,0.07652398860289877
600638,2024,0.146606,0.07652398860289877
600676,2024,0.175585,0.07652398860289877
600626,2024,0.231939,0.08948359130716987
600624,2024,0.145166,0.07757165027794578
600639,2024,0.010305,0.07652398860289877
600644,2024,0.466346,0.07652398860289877
600642,2024,-0.027492,0.07652398860289877
600683,2024,0.026375,0.07652398860289877
600684,2024,0.247789,0.07652398860289877
600685,2024,0.166076,0.08458945178336154
600643,2024,0.365854,0.07652398860289877
600689,2024,0.14152,0.07652398860289877
600690,2024,-0.082224,0.08458945178336154
600691,2024,0.285479,0.07757165027794578
600645,2024,0.246981,0.07758346620555452
600658,2024,0.178874,0.07652398860289877
600657,2024,-0.013935,0.07652398860289877
600665,2024,0.158117,0.07652398860289877
600697,2024,-0.109115,0.07652398860289877
600648,2024,-0.011312,0.08224643511289531
600661,2024,0.114789,0.07652398860289877
600699,2024,-0.033901,0.08458945178336154
600702,2024,-0.147737,0.07757165027794578
600704,2024,0.127076,0.07722883269511009
600678,2024,0.401675,0.07791378921638958
600707,2024,-0.096291,0.08235463090458686
600663,2024,0.0483,0.07652398860289877
600710,2024,0.152645,0.07652398860289877
600674,2024,-0.03241,0.07652398860289877
600712,2024,0.100778,0.07652398860289877
600679,2024,0.055862,0.07757165027794578
600667,2024,0.06509,0.07757165027794578
600716,2024,0.152344,0.07652398860289877
600675,2024,0.079369,0.07652398860289877
600717,2024,-0.020407,0.07652398860289877
600681,2024,0.116788,0.07652398860289877
600719,2024,-0.019431,0.07652398860289877
600673,2024,0.44421,0.07848022003286981
600654,2024,0.045296,0.08224643511289531
600692,2024,0.039968,0.07652398860289877
600724,2024,-0.048394,0.07652398860289877
600693,2024,-0.126614,0.07652398860289877
600698,2024,0.867763,0.07652398860289877
600694,2024,-0.148917,0.07722883269511009
600728,2024,0.203885,0.07848022003286981
600696,2024,-0.221173,0.07757165027794578
600730,2024,-0.100361,0.08224643511289531
600714,2024,0.226499,0.07652398860289877
600732,2024,0.398998,0.08458945178336154
600682,2024,0.166159,0.07757165027794578
600686,2024,-0.021976,0.09381878414150797
600706,2024,0.16877,0.07652398860289877
600703,2024,0.054187,0.07772120199731825
600713,2024,0.14036,0.07652398860289877
600721,2024,0.164779,0.07757165027794578
600722,2024,0.259092,0.08224643511289531
600718,2024,0.029525,0.08224643511289531
600708,2024,0.152959,0.07652398860289877
600715,2024,0.129412,0.07652398860289877
600743,2024,0.124411,0.07652398860289877
600744,2024,0.738082,0.07652398860289877
600711,2024,-0.007616,0.07722883269511009
600746,2024,-0.131524,0.07757165027794578
600745,2024,0.115024,0.08296667219444319
600748,2024,-0.101621,0.07652398860289877
600749,2024,0.002443,0.07652398860289877
600750,2024,0.006868,0.07757165027794578
600751,2024,0.376055,0.07652398860289877
600754,2024,-0.143448,0.07652398860289877
600755,2024,0.054524,0.07652398860289877
600756,2024,-0.039132,0.07652398860289877
600720,2024,-0.092709,0.07722883269511009
600725,2024,0.09127,0.07652398860289877
600726,2024,-0.029866,0.07652398860289877
600760,2024,0.280745,0.07652398860289877
600761,2024,0.148682,0.07722883269511009
600733,2024,0.146476,0.09381878414150797
600729,2024,-0.10975,0.07652398860289877
600765,2024,0.057761,0.07722883269511009
600727,2024,0.010492,0.07757165027794578
600769,2024,0.020275,0.07652398860289877
600770,2024,0.409951,0.07617530426800145
600771,2024,0.097901,0.07652398860289877
600734,2024,0.092447,0.07757165027794578
600735,2024,0.406154,0.07757165027794578
600775,2024,0.102688,0.07757165027794578
600731,2024,0.27321,0.07757165027794578
600737,2024,0.074662,0.07652398860289877
600736,2024,0.046793,0.07652398860289877
600738,2024,0.117647,0.07652398860289877
600740,2024,0.19015,0.07652398860289877
600758,2024,0.11396,0.07652398860289877
600741,2024,0.116218,0.08458945178336154
600785,2024,-0.081081,0.07652398860289877
600739,2024,0.251563,0.07652398860289877
600757,2024,0.118561,0.07652398860289877
600742,2024,0.182762,0.07652398860289877
600790,2024,0.145842,0.07652398860289877
600759,2024,0.160981,0.07757165027794578
600763,2024,0.141019,0.08224643511289531
600768,2024,0.265925,0.07848022003286981
600794,2024,0.293516,0.07757165027794578
600764,2024,0.275797,0.07722883269511009
600753,2024,0.408329,0.07757165027794578
600796,2024,0.111714,0.07652398860289877
600778,2024,0.045228,0.07652398860289877
600777,2024,0.071179,0.08224643511289531
600776,2024,0.115148,0.0772370492559228
600801,2024,-0.081452,0.08948359130716987
600803,2024,-0.060348,0.07652398860289877
600805,2024,0.070199,0.07722883269511009
600773,2024,0.248856,0.07757165027794578
600808,2024,0.084894,0.07652398860289877
600774,2024,0.170463,0.07652398860289877
600780,2024,0.014668,0.07652398860289877
600814,2024,-0.003835,0.07652398860289877
600779,2024,-0.078681,0.07652398860289877
600815,2024,0.073961,0.08224643511289531
600816,2024,-0.127078,0.07652398860289877
600783,2024,0.099868,0.07757165027794578
600818,2024,0.178521,0.07757165027794578
600819,2024,0.116833,0.07848022003286981
600782,2024,0.142151,0.07722883269511009
600821,2024,0.051302,0.07652398860289877
600784,2024,0.111111,0.07652398860289877
600822,2024,0.579968,0.07652398860289877
600791,2024,0.195833,0.07652398860289877
600826,2024,0.180347,0.07652398860289877
600789,2024,0.060462,0.07757165027794578
600828,2024,0.178048,0.07652398860289877
600793,2024,0.053559,0.07722883269511009
600830,2024,0.043372,0.07652398860289877
600787,2024,-0.018743,0.07652398860289877
600800,2024,0.408588,0.07757165027794578
600834,2024,0.14551,0.07757165027794578
600835,2024,-0.14976,0.08224643511289531
600839,2024,0.013001,0.08224643511289531
600838,2024,-0.013333,0.07652398860289877
600841,2024,0.316103,0.08224643511289531
600802,2024,0.367716,0.07652398860289877
600798,2024,0.450041,0.07652398860289877
600845,2024,-0.179001,0.07848022003286981
600809,2024,-0.085326,0.07652398860289877
600792,2024,0.201412,0.07652398860289877
600797,2024,-0.065686,0.07722883269511009
600850,2024,0.050538,0.07848022003286981
600807,2024,0.23253,0.07757165027794578
600853,2024,-0.055921,0.07652398860289877
600817,2024,0.138107,0.08235463090458686
600854,2024,0.236761,0.07722883269511009
600858,2024,0.277515,0.07652398860289877
600812,2024,-0.015767,0.07652398860289877
600824,2024,0.021396,0.07652398860289877
600820,2024,0.107696,0.07652398860289877
600862,2024,-0.11357,0.07757165027794578
600825,2024,0.292033,0.07652398860289877
600795,2024,0.036346,0.07652398860289877
600865,2024,-0.160007,0.07652398860289877
600829,2024,0.042734,0.07652398860289877
600833,2024,0.06676,0.07757165027794578
600831,2024,0.488616,0.07757165027794578
600827,2024,-0.074058,0.07652398860289877
600847,2024,0.189205,0.0772370492559228
600843,2024,0.063809,0.07757165027794578
600844,2024,0.211032,0.07722883269511009
600876,2024,0.087428,0.07757165027794578
600875,2024,0.328358,0.07652398860289877
600846,2024,0.259339,0.07652398860289877
600879,2024,0.07146,0.07772120199731825
600848,2024,-0.008633,0.07652398860289877
600810,2024,0.016627,0.08224643511289531
600882,2024,0.521484,0.07757165027794578
600851,2024,0.173803,0.07757165027794578
600884,2024,0.497094,0.07772120199731825
600885,2024,-0.123144,0.07757165027794578
600886,2024,0.058591,0.07652398860289877
600859,2024,-0.011382,0.07652398860289877
600888,2024,-0.052727,0.07848022003286981
600855,2024,0.352941,0.07757165027794578
600892,2024,0.236927,0.07757165027794578
600893,2024,0.147099,0.07652398860289877
600861,2024,-0.009099,0.07757165027794578
600895,2024,0.029664,0.07848022003286981
600872,2024,-0.107656,0.07757165027794578
600863,2024,0.08154,0.07652398860289877
600901,2024,0.161568,0.07652398860289877
600866,2024,0.074723,0.07652398860289877
600864,2024,0.207137,0.07652398860289877
600869,2024,0.164891,0.08458945178336154
600906,2024,0.139881,0.07652398860289877
600868,2024,-0.044439,0.07652398860289877
600867,2024,0.19386,0.08224643511289531
600918,2024,-0.025836,0.07652398860289877
600919,2024,0.212834,0.07652398860289877
600873,2024,0.097011,0.07757165027794578
600880,2024,0.233784,0.07757165027794578
600933,2024,-0.017094,0.07848022003286981
600881,2024,0.196209,0.07652398860289877
600883,2024,0.125379,0.07757165027794578
600935,2024,0.080508,0.07652398860289877
600874,2024,0.011754,0.07652398860289877
600877,2024,0.068314,0.07848022003286981
600941,2024,0.075636,0.07758346620555452
600955,2024,-0.0318,0.07757165027794578
600959,2024,0.088496,0.07652398860289877
600887,2024,-0.028954,0.07757165027794578
600871,2024,0.0625,0.07652398860289877
600962,2024,0.674419,0.07652398860289877
600897,2024,0.076703,0.07652398860289877
600966,2024,0.180169,0.07757165027794578
600965,2024,-0.022727,0.07652398860289877
600894,2024,-0.056811,0.07757165027794578
600889,2024,-0.056767,0.07848022003286981
600917,2024,0.062208,0.07652398860289877
600970,2024,-0.096696,0.07652398860289877
600971,2024,-0.182932,0.07652398860289877
600973,2024,0.013735,0.08458945178336154
600976,2024,-0.045244,0.07652398860289877
600975,2024,-0.016226,0.07652398860289877
600900,2024,-0.007995,0.07652398860289877
600977,2024,0.117596,0.07652398860289877
600980,2024,0.331511,0.08994610737455352
600981,2024,0.217877,0.07652398860289877
600908,2024,0.096862,0.07652398860289877
600916,2024,0.041712,0.07652398860289877
600984,2024,-0.035461,0.07722883269511009
600985,2024,-0.085664,0.07652398860289877
600903,2024,-0.004916,0.07652398860289877
600927,2024,0.363417,0.07652398860289877
600987,2024,0.029701,0.07652398860289877
600988,2024,0.151765,0.07652398860289877
600989,2024,-0.029728,0.07652398860289877
600990,2024,0.460418,0.07722883269511009
600925,2024,0.072491,0.07652398860289877
600995,2024,0.021811,0.07652398860289877
600936,2024,0.040984,0.07652398860289877
600997,2024,-0.105522,0.07757165027794578
600999,2024,-0.015441,0.07652398860289877
600998,2024,0.072936,0.07757165027794578
601000,2024,-0.073957,0.07652398860289877
600939,2024,0.28972,0.07652398860289877
600967,2024,0.739418,0.07652398860289877
601002,2024,-0.020797,0.0772370492559228
600929,2024,0.029982,0.07652398860289877
601005,2024,-0.043165,0.07652398860289877
601008,2024,0.758359,0.07652398860289877
601007,2024,0.106936,0.07652398860289877
601009,2024,0.142214,0.07652398860289877
600905,2024,0.024719,0.07652398860289877
600960,2024,0.361783,0.08948359130716987
601016,2024,0.002621,0.07652398860289877
600961,2024,0.22791,0.07652398860289877
601018,2024,0.011952,0.07652398860289877
600969,2024,-0.096317,0.07652398860289877
601021,2024,-0.002484,0.07652398860289877
600983,2024,0.034295,0.07671642760245533
601033,2024,0.084876,0.07652398860289877
600963,2024,-0.105127,0.07652398860289877
601022,2024,0.189032,0.07652398860289877
601038,2024,-0.044329,0.08458945178336154
601058,2024,0.079778,0.07848022003286981
601061,2024,0.035891,0.07652398860289877
601059,2024,0.038323,0.07652398860289877
601066,2024,-0.010189,0.07652398860289877
601068,2024,0.004376,0.07652398860289877
601069,2024,0.272727,0.07652398860289877
600968,2024,0.126168,0.07652398860289877
601077,2024,0.253286,0.07652398860289877
600986,2024,0.152997,0.07722883269511009
601088,2024,0.079983,0.07652398860289877
601089,2024,0.084565,0.07758346620555452
601096,2024,0.065375,0.07722883269511009
600979,2024,-0.127672,0.07652398860289877
601099,2024,0.141063,0.07652398860289877
600992,2024,0.046794,0.07757165027794578
600993,2024,0.096228,0.07652398860289877
600938,2024,0.012322,0.07652398860289877
601107,2024,0.205263,0.07652398860289877
601108,2024,0.138249,0.07652398860289877
601113,2024,0.067985,0.07758346620555452
600996,2024,0.01979,0.07652398860289877
601117,2024,0.080913,0.07652398860289877
601121,2024,-0.00607,0.07652398860289877
601003,2024,1.104825,0.07652398860289877
601126,2024,0.0,0.08994610737455352
601127,2024,0.076395,0.08994610737455352
601128,2024,0.196635,0.07652398860289877
601133,2024,0.169946,0.07791378921638958
601136,2024,-0.005837,0.07652398860289877
601010,2024,-0.07405,0.07652398860289877
601001,2024,0.331071,0.07652398860289877
600982,2024,0.088584,0.07652398860289877
601156,2024,0.110119,0.07652398860289877
601155,2024,0.068744,0.07652398860289877
601015,2024,0.217697,0.07722883269511009
601158,2024,-0.014874,0.07652398860289877
601163,2024,0.058824,0.07848022003286981
601166,2024,0.133065,0.07652398860289877
601168,2024,0.124762,0.07652398860289877
601169,2024,0.18057,0.07652398860289877
601177,2024,0.124352,0.08458945178336154
601019,2024,-0.033774,0.07652398860289877
601186,2024,-0.018933,0.07652398860289877
601187,2024,0.213592,0.07652398860289877
601188,2024,0.053241,0.07652398860289877
601198,2024,0.015335,0.07652398860289877
601011,2024,0.195652,0.07757165027794578
601200,2024,-0.009723,0.07757165027794578
601083,2024,0.187438,0.07652398860289877
601211,2024,0.09965,0.07652398860289877
601086,2024,0.341717,0.07652398860289877
601216,2024,0.072222,0.07652398860289877
601065,2024,0.066511,0.07757165027794578
601012,2024,0.105251,0.08296667219444319
601100,2024,0.040216,0.07772120199731825
601226,2024,0.078868,0.07652398860289877
601116,2024,0.085881,0.07652398860289877
601020,2024,0.138995,0.07652398860289877
601101,2024,0.149718,0.07652398860289877
601231,2024,-0.111139,0.08224643511289531
601236,2024,0.073718,0.07652398860289877
601238,2024,-0.120936,0.08296667219444319
601279,2024,0.069149,0.08458945178336154
601311,2024,0.192292,0.07772120199731825
601318,2024,0.044661,0.07652398860289877
601319,2024,0.280657,0.07652398860289877
601098,2024,-0.04383,0.07652398860289877
601328,2024,0.141489,0.07652398860289877
601326,2024,-0.022959,0.07722883269511009
601330,2024,0.17033,0.07652398860289877
601336,2024,0.131615,0.07652398860289877
601333,2024,-0.01737,0.07652398860289877
601339,2024,0.074578,0.07758346620555452
601366,2024,-0.007299,0.07652398860289877
601368,2024,0.009091,0.07652398860289877
601369,2024,0.065676,0.08224643511289531
601375,2024,0.013857,0.07652398860289877
601377,2024,0.160348,0.07652398860289877
601106,2024,0.137931,0.07652398860289877
601390,2024,-0.019255,0.07652398860289877
601399,2024,0.400685,0.07722883269511009
601456,2024,-0.011927,0.07652398860289877
601139,2024,0.038438,0.07652398860289877
601500,2024,0.034711,0.07848022003286981
601137,2024,0.080593,0.07757165027794578
601118,2024,0.13125,0.07652398860289877
601218,2024,0.419178,0.07757165027794578
601555,2024,0.349817,0.07652398860289877
601566,2024,0.009507,0.08224643511289531
601567,2024,-0.118281,0.07722883269511009
601162,2024,0.309577,0.07652398860289877
601577,2024,0.132155,0.07652398860289877
601588,2024,-0.02193,0.07652398860289877
601579,2024,0.681269,0.07652398860289877
601595,2024,0.091597,0.07722883269511009
601598,2024,-0.062319,0.07652398860289877
601600,2024,-0.064677,0.07652398860289877
601138,2024,0.817968,0.07791378921638958
601199,2024,0.082847,0.07652398860289877
601601,2024,0.147547,0.07652398860289877
601607,2024,-0.06092,0.07757165027794578
601608,2024,-0.07537,0.07772120199731825
601611,2024,0.107104,0.07652398860289877
601609,2024,0.462025,0.07772120199731825
601179,2024,0.012262,0.08224643511289531
601616,2024,-0.161484,0.08224643511289531
601618,2024,-0.038071,0.07652398860289877
601619,2024,-0.060748,0.07652398860289877
601628,2024,0.082075,0.07652398860289877
601633,2024,-0.193047,0.07652398860289877
601388,2024,0.122754,0.07757165027794578
601636,2024,0.207685,0.07652398860289877
601658,2024,0.062774,0.07757165027794578
601666,2024,-0.120722,0.07652398860289877
601669,2024,0.497623,0.07652398860289877
601668,2024,0.119935,0.07652398860289877
601208,2024,0.820662,0.07757165027794578
601686,2024,0.179365,0.07757165027794578
601228,2024,0.02,0.07652398860289877
601222,2024,-0.006583,0.07848022003286981
601698,2024,0.099433,0.07652398860289877
601699,2024,0.376244,0.07652398860289877
601700,2024,0.175969,0.0772370492559228
601702,2024,0.002976,0.07757165027794578
601717,2024,0.063499,0.07722883269511009
601233,2024,0.181361,0.07848022003286981
601728,2024,0.033445,0.07652398860289877
601727,2024,-0.049494,0.08224643511289531
601777,2024,0.036923,0.07617530426800145
601225,2024,0.098446,0.07652398860289877
601788,2024,0.045619,0.07652398860289877
601778,2024,0.277154,0.08224643511289531
601798,2024,0.171691,0.07757165027794578
601212,2024,0.208791,0.07757165027794578
601800,2024,-0.041979,0.07652398860289877
601799,2024,-0.063021,0.0772370492559228
601518,2024,0.027897,0.07652398860289877
601808,2024,-0.074875,0.07652398860289877
601360,2024,0.113833,0.07848022003286981
601519,2024,0.801643,0.07757165027794578
601825,2024,0.10613,0.07652398860289877
601828,2024,-0.038356,0.07757165027794578
601827,2024,-0.013757,0.07652398860289877
601857,2024,0.076868,0.07652398860289877
601298,2024,-0.085854,0.07652398860289877
601860,2024,0.138138,0.07652398860289877
601865,2024,-0.173779,0.07758346620555452
601866,2024,0.038328,0.07652398860289877
601512,2024,0.093787,0.07652398860289877
601872,2024,0.0,0.08948359130716987
601869,2024,0.204471,0.0772370492559228
601877,2024,0.066239,0.08296667219444319
601878,2024,0.059126,0.07652398860289877
601880,2024,-0.007126,0.07652398860289877
601599,2024,0.144144,0.07757165027794578
601881,2024,0.009615,0.07652398860289877
601882,2024,-0.151404,0.07772120199731825
601888,2024,0.017108,0.07652398860289877
601568,2024,0.091892,0.07652398860289877
601899,2024,0.063298,0.07652398860289877
601606,2024,1.452561,0.07652398860289877
601898,2024,0.086512,0.07652398860289877
601900,2024,-0.07056,0.07652398860289877
601901,2024,-0.004768,0.07652398860289877
601916,2024,0.196429,0.07652398860289877
601918,2024,-0.075771,0.07652398860289877
601921,2024,0.099315,0.07652398860289877
601919,2024,0.122084,0.07652398860289877
601928,2024,-0.019481,0.07652398860289877
601929,2024,-0.12743,0.07652398860289877
601515,2024,0.032158,0.07757165027794578
601939,2024,0.124451,0.07652398860289877
601677,2024,0.072091,0.0918613840254623
601952,2024,-0.002582,0.07652398860289877
601956,2024,0.464217,0.0772370492559228
601958,2024,0.111678,0.07652398860289877
601963,2024,0.211025,0.07652398860289877
601615,2024,0.147059,0.08948359130716987
601678,2024,0.099362,0.07757165027794578
601766,2024,-0.031373,0.07652398860289877
601969,2024,-0.009223,0.07757165027794578
601696,2024,0.622156,0.07652398860289877
601801,2024,0.061844,0.08224643511289531
601990,2024,-0.068203,0.07652398860289877
601789,2024,0.113567,0.07722883269511009
601718,2024,0.56701,0.08224643511289531
601995,2024,0.014566,0.07652398860289877
601996,2024,0.174767,0.0772370492559228
601811,2024,-0.065123,0.07652398860289877
601816,2024,-0.045752,0.07652398860289877
603001,2024,0.610687,0.07848022003286981
603002,2024,0.202519,0.0772370492559228
601689,2024,-0.034456,0.07848022003286981
601858,2024,0.096682,0.07652398860289877
601890,2024,0.231767,0.08458945178336154
603009,2024,-0.075481,0.07848022003286981
603008,2024,0.045368,0.07848022003286981
603010,2024,-0.035693,0.07757165027794578
603011,2024,0.62874,0.07772120199731825
601886,2024,-0.095436,0.07757165027794578
603013,2024,0.21027,0.08948359130716987
601908,2024,0.642857,0.07848022003286981
601868,2024,-0.021097,0.07652398860289877
601949,2024,0.06516,0.07652398860289877
603018,2024,0.11398,0.07757165027794578
603019,2024,-0.062015,0.0772370492559228
603020,2024,0.096824,0.07757165027794578
601975,2024,-0.036184,0.07652398860289877
601966,2024,0.064264,0.07848022003286981
601933,2024,-0.086511,0.07652398860289877
603025,2024,-0.079576,0.08235463090458686
601968,2024,0.151874,0.07652398860289877
601999,2024,0.154506,0.07652398860289877
601965,2024,0.064427,0.07617530426800145
603029,2024,0.023937,0.08458945178336154
603000,2024,0.042495,0.07652398860289877
603031,2024,-0.073495,0.08994610737455352
603004,2024,0.156328,0.07758346620555452
601991,2024,0.113861,0.07652398860289877
603035,2024,0.065899,0.08458945178336154
603036,2024,0.250836,0.07757165027794578
603006,2024,0.272588,0.08296667219444319
603007,2024,0.077863,0.07652398860289877
603039,2024,-0.122671,0.07758346620555452
601985,2024,0.008905,0.07652398860289877
603041,2024,0.14795,0.07848022003286981
603042,2024,0.174468,0.0918613840254623
603043,2024,0.009693,0.07757165027794578
601992,2024,-0.072816,0.07652398860289877
603048,2024,0.168106,0.08458945178336154
603050,2024,0.072252,0.08235463090458686
603016,2024,0.074502,0.07758346620555452
603022,2024,0.221308,0.0772370492559228
603012,2024,0.127946,0.07757165027794578
603053,2024,0.029439,0.08224643511289531
603023,2024,0.163525,0.08458945178336154
603021,2024,-0.025026,0.07652398860289877
603056,2024,0.216429,0.07757165027794578
603058,2024,0.078782,0.07757165027794578
603027,2024,0.005923,0.07652398860289877
603061,2024,-0.024557,0.07848022003286981
603063,2024,-0.076614,0.08994610737455352
603062,2024,0.01432,0.07757165027794578
603015,2024,0.043059,0.07848022003286981
603017,2024,0.195098,0.07757165027794578
603026,2024,0.080022,0.08948359130716987
603028,2024,0.231395,0.08458945178336154
603037,2024,0.084773,0.08458945178336154
603030,2024,0.261139,0.07757165027794578
603033,2024,0.0,0.08235463090458686
603045,2024,0.197782,0.07791378921638958
603032,2024,0.406504,0.08296667219444319
603040,2024,0.602709,0.0772370492559228
603052,2024,0.101302,0.07758346620555452
603038,2024,0.077433,0.07757165027794578
603078,2024,0.035447,0.07758346620555452
603057,2024,-0.110176,0.07758346620555452
603051,2024,0.234794,0.07848022003286981
603055,2024,-0.017675,0.0772370492559228
603066,2024,0.133276,0.07617530426800145
603059,2024,0.282411,0.07758346620555452
603068,2024,0.06416,0.07848022003286981
603065,2024,-0.048338,0.07758346620555452
603067,2024,-0.134592,0.07758346620555452
603070,2024,0.146893,0.08224643511289531
603060,2024,0.062383,0.07652398860289877
603090,2024,0.041568,0.07758346620555452
603069,2024,0.238095,0.07652398860289877
603073,2024,0.177013,0.07652398860289877
603093,2024,0.701939,0.07757165027794578
603096,2024,0.079625,0.08224643511289531
603097,2024,0.034467,0.08458945178336154
603098,2024,0.085191,0.07757165027794578
603072,2024,0.16988,0.07848022003286981
603100,2024,-0.044444,0.08458945178336154
603101,2024,0.11049,0.07652398860289877
603075,2024,0.159201,0.07772120199731825
603103,2024,0.232777,0.08224643511289531
603076,2024,0.250225,0.08458945178336154
603071,2024,0.187728,0.07652398860289877
603079,2024,0.110392,0.07757165027794578
603108,2024,0.180007,0.07757165027794578
603109,2024,0.617401,0.07772120199731825
603077,2024,0.153688,0.0772370492559228
603112,2024,0.182456,0.08224643511289531
603113,2024,0.098675,0.0772370492559228
603115,2024,0.580685,0.07757165027794578
603082,2024,0.063641,0.07758346620555452
603085,2024,0.026261,0.08458945178336154
603083,2024,0.579817,0.07848022003286981
603081,2024,0.130048,0.07757165027794578
603080,2024,0.130719,0.07652398860289877
603122,2024,-0.076326,0.07758346620555452
603086,2024,0.244809,0.07757165027794578
603088,2024,-0.158329,0.08458945178336154
603087,2024,0.190336,0.07758346620555452
603126,2024,0.0,0.07722883269511009
603089,2024,0.460632,0.09381878414150797
603091,2024,0.496146,0.07772120199731825
603095,2024,0.011142,0.08458945178336154
603099,2024,0.150737,0.07652398860289877
603102,2024,0.091158,0.07758346620555452
603132,2024,0.034796,0.07757165027794578
603105,2024,0.048,0.08224643511289531
603136,2024,0.021548,0.07652398860289877
603107,2024,0.045598,0.08458945178336154
603138,2024,0.193867,0.07791378921638958
603116,2024,0.398754,0.08224643511289531
603106,2024,0.378451,0.07652398860289877
603110,2024,-0.009174,0.0772370492559228
603117,2024,-0.028698,0.07722883269511009
603155,2024,0.316484,0.07758346620555452
603123,2024,0.560372,0.07652398860289877
603124,2024,0.302488,0.07791378921638958
603160,2024,-0.097714,0.07848022003286981
603121,2024,0.015492,0.07617530426800145
603162,2024,-0.087907,0.07757165027794578
603161,2024,0.20485,0.08296667219444319
603163,2024,0.174877,0.07791378921638958
603165,2024,-0.091491,0.08224643511289531
603167,2024,0.361331,0.07652398860289877
603166,2024,0.099502,0.08458945178336154
603169,2024,0.193669,0.07652398860289877
603119,2024,0.116853,0.07758346620555452
603118,2024,0.278414,0.07848022003286981
603171,2024,0.046652,0.07722883269511009
603125,2024,0.231059,0.07758346620555452
603127,2024,0.011069,0.07758346620555452
603129,2024,0.592415,0.09381878414150797
603128,2024,-0.085601,0.07652398860289877
603131,2024,0.078931,0.08458945178336154
603135,2024,0.120307,0.08235463090458686
603181,2024,0.141001,0.07757165027794578
603180,2024,0.145614,0.07722883269511009
603130,2024,0.391597,0.07758346620555452
603183,2024,0.149841,0.07757165027794578
603186,2024,-0.051827,0.07848022003286981
603137,2024,0.211073,0.07757165027794578
603153,2024,0.04566,0.07848022003286981
603139,2024,0.178013,0.07652398860289877
603151,2024,0.888244,0.07757165027794578
603150,2024,0.149239,0.08224643511289531
603156,2024,-0.097258,0.07757165027794578
603191,2024,0.348936,0.08224643511289531
603159,2024,0.389213,0.07757165027794578
603194,2024,0.2376,0.07671642760245533
603158,2024,0.021969,0.08296667219444319
603196,2024,0.063211,0.08224643511289531
603197,2024,0.04918,0.08458945178336154
603170,2024,-0.048694,0.08224643511289531
603199,2024,0.005932,0.07652398860289877
603168,2024,0.220945,0.07757165027794578
603173,2024,0.523529,0.08458945178336154
603172,2024,0.169262,0.07758346620555452
603177,2024,0.227735,0.08235463090458686
603178,2024,0.063112,0.08994610737455352
603182,2024,0.121033,0.07757165027794578
603179,2024,0.052967,0.08458945178336154
603209,2024,-0.022964,0.07757165027794578
603187,2024,0.155297,0.07758346620555452
603185,2024,0.417414,0.08994610737455352
603213,2024,0.534219,0.07757165027794578
603190,2024,0.161744,0.08296667219444319
603176,2024,0.651416,0.07652398860289877
603214,2024,-0.0117,0.0918613840254623
603188,2024,0.115385,0.07652398860289877
603192,2024,0.286073,0.08235463090458686
603189,2024,0.088526,0.0772370492559228
603193,2024,-0.033167,0.07758346620555452
603198,2024,-0.006921,0.07652398860289877
603200,2024,0.784565,0.0772370492559228
603195,2024,-0.032191,0.07848022003286981
603223,2024,0.074606,0.07652398860289877
603201,2024,0.204861,0.08458945178336154
603227,2024,-0.144501,0.07757165027794578
603205,2024,-0.035714,0.07757165027794578
603207,2024,0.37223,0.07758346620555452
603206,2024,0.079103,0.07722883269511009
603208,2024,0.074417,0.07848022003286981
603211,2024,0.101846,0.07791378921638958
603216,2024,0.080999,0.07757165027794578
603218,2024,0.071458,0.08235463090458686
603236,2024,0.170268,0.0772370492559228
603203,2024,0.162199,0.08235463090458686
603238,2024,0.225194,0.08235463090458686
603239,2024,0.303901,0.08224643511289531
603217,2024,0.149159,0.07757165027794578
603256,2024,1.480987,0.07758346620555452
603222,2024,0.19917,0.07757165027794578
603220,2024,0.004188,0.08235463090458686
603258,2024,0.169286,0.07758346620555452
603259,2024,-0.036812,0.07758346620555452
603215,2024,0.284658,0.07848022003286981
603219,2024,0.091253,0.07772120199731825
603267,2024,-0.052494,0.07848022003286981
603212,2024,0.231092,0.08296667219444319
603226,2024,1.913356,0.07652398860289877
603221,2024,0.075799,0.07848022003286981
603270,2024,0.124897,0.08458945178336154
603225,2024,0.166233,0.0772370492559228
603273,2024,0.119117,0.08235463090458686
603229,2024,0.332895,0.07758346620555452
603228,2024,1.539526,0.07848022003286981
603231,2024,0.065371,0.07757165027794578
603232,2024,0.322724,0.07791378921638958
603230,2024,0.142068,0.07652398860289877
603280,2024,0.384452,0.07791378921638958
603235,2024,0.044017,0.07758346620555452
603261,2024,0.333764,0.07758346620555452
603237,2024,-0.092948,0.07757165027794578
603283,2024,0.11402,0.0772370492559228
603286,2024,-0.029712,0.07848022003286981
603233,2024,0.012433,0.07652398860289877
603288,2024,0.008425,0.0772370492559228
603289,2024,0.201304,0.08235463090458686
603291,2024,0.111012,0.07652398860289877
603296,2024,0.295239,0.0772370492559228
603257,2024,0.15483,0.07848022003286981
603298,2024,0.236612,0.08948359130716987
603300,2024,0.099915,0.07722883269511009
603266,2024,0.16387,0.0772370492559228
603301,2024,0.163891,0.07757165027794578
603269,2024,0.24655,0.07757165027794578
603271,2024,-0.012698,0.07758346620555452
603303,2024,-0.001655,0.08458945178336154
603272,2024,0.144893,0.07758346620555452
603308,2024,0.226585,0.08458945178336154
603255,2024,0.243089,0.07848022003286981
603260,2024,0.041319,0.0772370492559228
603311,2024,0.192771,0.07671642760245533
603312,2024,-0.000522,0.08235463090458686
603268,2024,0.412691,0.07757165027794578
603276,2024,0.371687,0.07758346620555452
603281,2024,0.163289,0.07757165027794578
603317,2024,-0.16685,0.07791378921638958
603277,2024,0.163418,0.07758346620555452
603275,2024,0.678884,0.08296667219444319
603320,2024,0.202852,0.08458945178336154
603279,2024,-0.008314,0.07757165027794578
603278,2024,0.106509,0.08458945178336154
603323,2024,0.171674,0.07652398860289877
603297,2024,0.044377,0.07848022003286981
603325,2024,0.046493,0.07757165027794578
603326,2024,0.072442,0.07848022003286981
603290,2024,0.067728,0.08458945178336154
603328,2024,-0.034288,0.07848022003286981
603282,2024,0.266496,0.0772370492559228
603285,2024,0.14729,0.07757165027794578
603299,2024,0.105169,0.07652398860289877
603305,2024,0.111877,0.08296667219444319
603333,2024,0.435088,0.07757165027794578
603309,2024,0.276277,0.07757165027794578
603310,2024,0.069674,0.07758346620555452
603337,2024,0.321104,0.08235463090458686
603338,2024,0.260478,0.07848022003286981
603339,2024,0.154684,0.08458945178336154
603307,2024,0.139616,0.07772120199731825
603344,2024,0.150589,0.08296667219444319
603315,2024,0.140961,0.0772370492559228
603313,2024,0.287347,0.08458945178336154
603306,2024,0.404541,0.08458945178336154
603316,2024,0.457325,0.0772370492559228
603321,2024,0.253503,0.07652398860289877
603355,2024,0.075814,0.08994610737455352
603319,2024,0.119092,0.09381878414150797
603357,2024,-0.098128,0.07652398860289877
603318,2024,0.081095,0.07652398860289877
603327,2024,0.150697,0.08235463090458686
603322,2024,0.101521,0.07757165027794578
603363,2024,0.008,0.07652398860289877
603365,2024,0.144921,0.07617530426800145
603366,2024,0.007362,0.07848022003286981
603324,2024,0.189529,0.07848022003286981
603329,2024,-0.039027,0.08224643511289531
603368,2024,-0.017138,0.07757165027794578
603332,2024,0.612366,0.08994610737455352
603345,2024,-0.010949,0.07758346620555452
603377,2024,0.101852,0.07757165027794578
603378,2024,-0.00958,0.07848022003286981
603330,2024,0.138906,0.0772370492559228
603331,2024,0.208664,0.08235463090458686
603350,2024,0.13578,0.08458945178336154
603348,2024,0.067701,0.07617530426800145
603336,2024,0.466575,0.07757165027794578
603351,2024,0.078499,0.07758346620555452
603341,2024,0.034969,0.07848022003286981
603389,2024,2.988593,0.08224643511289531
603335,2024,0.063306,0.07757165027794578
603358,2024,0.020868,0.08296667219444319
603392,2024,-0.122653,0.07758346620555452
603393,2024,0.005147,0.07722883269511009
603353,2024,0.112548,0.08224643511289531
603359,2024,-0.039437,0.07652398860289877
603398,2024,-0.316592,0.07848022003286981
603399,2024,0.176174,0.07722883269511009
603356,2024,0.131415,0.07757165027794578
603369,2024,-0.135643,0.07652398860289877
603416,2024,0.079065,0.08235463090458686
603360,2024,0.007594,0.07757165027794578
603383,2024,0.110471,0.07617530426800145
603367,2024,0.478864,0.07757165027794578
603444,2024,0.397671,0.07758346620555452
603458,2024,0.317799,0.07757165027794578
603373,2024,0.649406,0.07757165027794578
603466,2024,0.101236,0.07757165027794578
603477,2024,0.096144,0.07757165027794578
603379,2024,0.027412,0.07848022003286981
603375,2024,0.229336,0.08235463090458686
603380,2024,0.290769,0.08235463090458686
603496,2024,-0.003441,0.0772370492559228
603381,2024,0.036842,0.08994610737455352
603387,2024,0.092983,0.07758346620555452
603501,2024,-0.008261,0.07791378921638958
603505,2024,-0.013463,0.07791378921638958
603506,2024,0.25692,0.07757165027794578
603507,2024,-0.05828,0.08224643511289531
603385,2024,0.168132,0.07757165027794578
603508,2024,0.224365,0.07722883269511009
603511,2024,0.488789,0.08948359130716987
603516,2024,0.356473,0.07791378921638958
603390,2024,0.335945,0.08458945178336154
603518,2024,0.068245,0.07617530426800145
603519,2024,0.181599,0.07758346620555452
603391,2024,-0.008595,0.08296667219444319
603520,2024,0.307933,0.07758346620555452
603528,2024,0.185201,0.07758346620555452
603529,2024,-0.132511,0.07848022003286981
603530,2024,0.178789,0.07772120199731825
603386,2024,0.304071,0.0772370492559228
603535,2024,0.086268,0.07722883269511009
603408,2024,0.082405,0.07722883269511009
603409,2024,-0.024643,0.09381878414150797
603429,2024,0.058446,0.07758346620555452
603395,2024,-0.009111,0.07757165027794578
603396,2024,0.221137,0.08235463090458686
603558,2024,-0.088198,0.07652398860289877
603421,2024,0.069474,0.07791378921638958
603565,2024,0.02569,0.07652398860289877
603488,2024,0.176039,0.07758346620555452
603489,2024,0.014602,0.07758346620555452
603568,2024,-0.007362,0.07757165027794578
603456,2024,0.326455,0.07758346620555452
603577,2024,0.001476,0.07652398860289877
603500,2024,0.21743,0.0772370492559228
603580,2024,-0.062519,0.07758346620555452
603499,2024,-0.051331,0.07758346620555452
603486,2024,0.330438,0.08235463090458686
603439,2024,0.076494,0.07757165027794578
603587,2024,0.110998,0.07848022003286981
603586,2024,0.223633,0.07758346620555452
603515,2024,0.222044,0.07617530426800145
603517,2024,-0.028302,0.07652398860289877
603527,2024,0.221684,0.0918613840254623
603595,2024,0.132715,0.07791378921638958
603536,2024,0.017076,0.07757165027794578
603551,2024,0.181545,0.0918613840254623
603556,2024,-0.047124,0.08458945178336154
603559,2024,0.071348,0.07757165027794578
603600,2024,0.157733,0.07722883269511009
603601,2024,0.321569,0.07848022003286981
603605,2024,-0.010118,0.08948359130716987
603606,2024,0.032277,0.07757165027794578
603608,2024,0.246338,0.07757165027794578
603533,2024,0.187009,0.07757165027794578
603557,2024,0.120155,0.07652398860289877
603610,2024,0.273918,0.07848022003286981
603566,2024,0.140419,0.07758346620555452
603538,2024,0.823834,0.08235463090458686
603611,2024,0.355792,0.07757165027794578
603578,2024,0.00463,0.07848022003286981
603583,2024,-0.07179,0.08296667219444319
603617,2024,0.150024,0.07757165027794578
603579,2024,0.165754,0.07722883269511009
603619,2024,0.23722,0.08948359130716987
603589,2024,-0.019482,0.07757165027794578
603567,2024,0.166879,0.07757165027794578
603585,2024,0.271171,0.07757165027794578
603598,2024,0.151678,0.08235463090458686
603596,2024,-0.122801,0.07848022003286981
603602,2024,0.020933,0.08235463090458686
603590,2024,1.01124,0.07757165027794578
603637,2024,0.215114,0.07652398860289877
603639,2024,0.228219,0.07757165027794578
603569,2024,0.029364,0.08224643511289531
603607,2024,0.274194,0.07757165027794578
603588,2024,-0.131694,0.07848022003286981
603656,2024,-0.098077,0.07757165027794578
603657,2024,1.234888,0.09381878414150797
603658,2024,-0.008648,0.07758346620555452
603615,2024,-0.069449,0.08458945178336154
603609,2024,0.041877,0.07757165027794578
603599,2024,0.184796,0.07757165027794578
603662,2024,-0.005674,0.08296667219444319
603612,2024,0.275325,0.07848022003286981
603616,2024,1.132184,0.07722883269511009
603666,2024,0.00455,0.07848022003286981
603613,2024,-0.027492,0.0772370492559228
603668,2024,0.012219,0.07722883269511009
603669,2024,0.470183,0.07758346620555452
603618,2024,0.064947,0.08458945178336154
603677,2024,-0.20968,0.07757165027794578
603626,2024,0.197394,0.07758346620555452
603679,2024,0.343377,0.07758346620555452
603628,2024,0.153586,0.07848022003286981
603629,2024,-0.032452,0.07791378921638958
603681,2024,0.27573,0.09381878414150797
603682,2024,0.124409,0.07652398860289877
603683,2024,0.762262,0.08235463090458686
603686,2024,0.357324,0.07722883269511009
603630,2024,0.219311,0.07757165027794578
603633,2024,0.217391,0.08235463090458686
603655,2024,0.336698,0.08296667219444319
603690,2024,0.02555,0.0772370492559228
603636,2024,0.179057,0.07722883269511009
603638,2024,-0.035172,0.07758346620555452
603697,2024,0.375361,0.07757165027794578
603698,2024,-0.001247,0.07757165027794578
603700,2024,0.185116,0.08224643511289531
603648,2024,0.04642,0.07757165027794578
603660,2024,0.145385,0.0772370492559228
603659,2024,0.080986,0.08577785423675759
603650,2024,0.040955,0.08235463090458686
603707,2024,0.154668,0.07758346620555452
603661,2024,0.135648,0.07757165027794578
603711,2024,0.024782,0.07758346620555452
603663,2024,0.19802,0.07848022003286981
603676,2024,0.182778,0.07758346620555452
603665,2024,0.342788,0.08994610737455352
603716,2024,2.055358,0.07758346620555452
603667,2024,-0.007377,0.07772120199731825
603678,2024,-0.083677,0.07772120199731825
603685,2024,0.301467,0.08224643511289531
603680,2024,0.420485,0.07757165027794578
603689,2024,0.085502,0.07652398860289877
603725,2024,0.308303,0.07722883269511009
603688,2024,0.027598,0.07758346620555452
603727,2024,-0.001786,0.07757165027794578
603693,2024,0.127389,0.08224643511289531
603687,2024,0.0957,0.0772370492559228
603706,2024,0.156331,0.07652398860289877
603733,2024,0.035379,0.0772370492559228
603703,2024,0.058252,0.08458945178336154
603739,2024,0.143794,0.07758346620555452
603699,2024,0.193484,0.07848022003286981
603757,2024,0.182543,0.07772120199731825
603696,2024,-0.184469,0.07757165027794578
603758,2024,0.135563,0.08994610737455352
603759,2024,-0.066315,0.07652398860289877
603767,2024,0.225934,0.07772120199731825
603701,2024,0.161625,0.07722883269511009
603766,2024,0.010742,0.08235463090458686
603709,2024,0.20327,0.07722883269511009
603708,2024,-0.060482,0.07652398860289877
603712,2024,0.060544,0.08458945178336154
603718,2024,0.082282,0.07758346620555452
603786,2024,-0.020373,0.07772120199731825
603713,2024,0.076498,0.07757165027794578
603717,2024,0.074414,0.07757165027794578
603721,2024,0.141202,0.07757165027794578
603719,2024,0.102424,0.07758346620555452
603726,2024,0.201542,0.08994610737455352
603798,2024,0.246611,0.08235463090458686
603729,2024,0.167638,0.07722883269511009
603799,2024,0.17635,0.08994610737455352
603801,2024,-0.032177,0.07757165027794578
603722,2024,0.069796,0.07758346620555452
603730,2024,-0.050112,0.08458945178336154
603809,2024,-0.022533,0.08458945178336154
603808,2024,0.187192,0.07722883269511009
603728,2024,-0.049245,0.08458945178336154
603738,2024,0.171627,0.07791378921638958
603755,2024,-0.01338,0.07757165027794578
603777,2024,-0.006764,0.07757165027794578
603779,2024,0.086157,0.07758346620555452
603768,2024,0.151695,0.08994610737455352
603776,2024,0.32176,0.07617530426800145
603773,2024,0.177135,0.0772370492559228
603788,2024,0.160014,0.08458945178336154
603789,2024,0.057229,0.08458945178336154
603787,2024,0.206061,0.07848022003286981
603790,2024,0.076345,0.07758346620555452
603778,2024,0.35307,0.07758346620555452
603803,2024,-0.007535,0.08235463090458686
603833,2024,-0.121822,0.08224643511289531
603836,2024,0.061798,0.07652398860289877
603797,2024,0.209382,0.07652398860289877
603806,2024,0.158179,0.08994610737455352
603839,2024,0.515654,0.07652398860289877
603800,2024,0.151437,0.07758346620555452
603811,2024,0.361814,0.07757165027794578
603815,2024,0.025271,0.07652398860289877
603856,2024,0.103004,0.08296667219444319
603813,2024,0.554281,0.08224643511289531
603810,2024,0.155601,0.07758346620555452
603822,2024,0.071124,0.07671642760245533
603861,2024,0.111697,0.08458945178336154
603816,2024,0.093183,0.07652398860289877
603866,2024,-0.077815,0.07757165027794578
603823,2024,0.305854,0.07758346620555452
603869,2024,0.201136,0.07758346620555452
603871,2024,0.11972,0.08224643511289531
603819,2024,-0.002055,0.07757165027794578
603818,2024,0.517588,0.07848022003286981
603879,2024,0.53405,0.07758346620555452
603817,2024,0.079208,0.07652398860289877
603826,2024,0.008581,0.08235463090458686
603881,2024,-0.224405,0.07757165027794578
603885,2024,0.003365,0.07652398860289877
603883,2024,-0.026982,0.07652398860289877
603886,2024,-0.040757,0.07757165027794578
603825,2024,0.077699,0.07758346620555452
603828,2024,-0.061903,0.07757165027794578
603889,2024,0.080854,0.07652398860289877
603838,2024,0.433217,0.07757165027794578
603829,2024,0.198083,0.08458945178336154
603860,2024,-0.072394,0.07757165027794578
603896,2024,0.137546,0.07757165027794578
603897,2024,0.023477,0.08994610737455352
603898,2024,0.068581,0.07757165027794578
603899,2024,-0.0151,0.08948359130716987
603900,2024,0.591817,0.07722883269511009
603843,2024,0.231707,0.07757165027794578
603855,2024,0.080812,0.08458945178336154
603906,2024,0.458496,0.07772120199731825
603908,2024,0.191191,0.08994610737455352
603859,2024,0.235735,0.07848022003286981
603909,2024,-0.008193,0.07652398860289877
603848,2024,0.288599,0.07722883269511009
603868,2024,0.07323,0.08994610737455352
603918,2024,0.480812,0.07757165027794578
603858,2024,0.141836,0.07758346620555452
603919,2024,-0.039752,0.07757165027794578
603867,2024,0.088773,0.07757165027794578
603876,2024,0.181761,0.07757165027794578
603880,2024,0.328378,0.07757165027794578
603926,2024,0.239141,0.09381878414150797
603878,2024,0.141133,0.07757165027794578
603929,2024,-0.174492,0.08235463090458686
603863,2024,0.388218,0.0772370492559228
603893,2024,-0.000863,0.07848022003286981
603882,2024,0.130567,0.07757165027794578
603937,2024,0.236784,0.07848022003286981
603938,2024,0.210302,0.07758346620555452
603939,2024,-0.132256,0.07652398860289877
603901,2024,0.11393,0.08235463090458686
603890,2024,0.079285,0.08235463090458686
603955,2024,0.53316,0.07652398860289877
603950,2024,-0.042232,0.08458945178336154
603888,2024,0.121148,0.07652398860289877
603956,2024,0.126888,0.07848022003286981
603895,2024,0.042265,0.07791378921638958
603915,2024,0.033406,0.07671642760245533
603967,2024,0.087617,0.07757165027794578
603903,2024,0.213398,0.07757165027794578
603917,2024,0.09433,0.07758346620555452
603931,2024,-0.07387,0.08235463090458686
603970,2024,0.11791,0.07757165027794578
603912,2024,-0.245402,0.08235463090458686
603977,2024,-0.052228,0.07652398860289877
603927,2024,0.026893,0.07791378921638958
603979,2024,0.350242,0.07757165027794578
603928,2024,0.551724,0.07758346620555452
603922,2024,0.12719,0.07758346620555452
603985,2024,0.216294,0.08296667219444319
603920,2024,0.294545,0.08458945178336154
603987,2024,0.204234,0.07758346620555452
603933,2024,0.101113,0.08296667219444319
603989,2024,0.07923,0.07848022003286981
603936,2024,0.405667,0.0772370492559228
603948,2024,0.310038,0.07757165027794578
603992,2024,-0.027665,0.07617530426800145
603958,2024,-0.117188,0.07757165027794578
603997,2024,0.100595,0.08235463090458686
603998,2024,0.179074,0.07757165027794578
603999,2024,-0.004737,0.07652398860289877
603887,2024,-0.12301,0.07848022003286981
603949,2024,-0.26249,0.0772370492559228
603966,2024,0.258859,0.07772120199731825
603916,2024,0.526512,0.07791378921638958
603960,2024,0.111291,0.08994610737455352
605008,2024,-0.13841,0.07758346620555452
605009,2024,0.034221,0.07758346620555452
603968,2024,0.180935,0.07758346620555452
603976,2024,0.263603,0.07758346620555452
603988,2024,0.182943,0.07757165027794578
603980,2024,0.287841,0.07758346620555452
603969,2024,0.261157,0.09381878414150797
605028,2024,0.022579,0.07652398860289877
603986,2024,0.085712,0.07617530426800145
605050,2024,0.48621,0.07848022003286981
603983,2024,0.052242,0.08296667219444319
603982,2024,0.165835,0.07772120199731825
605003,2024,0.073333,0.07758346620555452
605066,2024,0.016083,0.07848022003286981
605068,2024,0.198853,0.08994610737455352
605069,2024,0.1302,0.07652398860289877
605077,2024,0.103244,0.07758346620555452
603978,2024,0.459188,0.07848022003286981
605081,2024,0.273448,0.07652398860289877
603991,2024,0.501892,0.07758346620555452
605001,2024,0.215176,0.07758346620555452
605088,2024,-0.018535,0.08994610737455352
605090,2024,0.144027,0.07652398860289877
605098,2024,-0.06383,0.07757165027794578
605100,2024,-0.041266,0.07772120199731825
603995,2024,0.032134,0.07758346620555452
605108,2024,-0.069776,0.07652398860289877
603990,2024,0.137671,0.07758346620555452
605005,2024,0.168275,0.0918613840254623
605016,2024,0.214107,0.08994610737455352
605006,2024,0.561181,0.07652398860289877
605011,2024,-0.024077,0.07652398860289877
605018,2024,0.237633,0.08458945178336154
605007,2024,0.013546,0.07757165027794578
605133,2024,0.548823,0.08458945178336154
605136,2024,0.502717,0.07757165027794578
605086,2024,0.066538,0.07652398860289877
605055,2024,0.317343,0.07758346620555452
605155,2024,0.000793,0.07757165027794578
605158,2024,0.118068,0.08458945178336154
605033,2024,0.349622,0.07757165027794578
605166,2024,0.093333,0.0772370492559228
605020,2024,0.17037,0.08224643511289531
605060,2024,0.253039,0.0918613840254623
605169,2024,0.22854,0.07757165027794578
605177,2024,0.22405,0.07758346620555452
605056,2024,0.058073,0.08224643511289531
605080,2024,0.07688,0.07848022003286981
605089,2024,0.086594,0.07757165027794578
605099,2024,0.663289,0.08458945178336154
605058,2024,-0.046159,0.0772370492559228
605111,2024,0.037469,0.08458945178336154
605116,2024,0.084327,0.07758346620555452
605118,2024,0.817391,0.07791378921638958
605198,2024,0.105306,0.07758346620555452
605122,2024,0.405567,0.07757165027794578
605208,2024,0.320912,0.07757165027794578
605218,2024,-0.085796,0.08235463090458686
605123,2024,0.368172,0.0772370492559228
605117,2024,-0.130131,0.07671642760245533
605151,2024,0.278601,0.07652398860289877
605128,2024,0.109425,0.07757165027794578
605138,2024,0.153727,0.07757165027794578
605266,2024,0.136705,0.07652398860289877
605167,2024,0.23484,0.07758346620555452
605277,2024,0.868291,0.08458945178336154
605188,2024,0.013699,0.07652398860289877
605287,2024,0.192287,0.07652398860289877
605180,2024,0.160683,0.07758346620555452
605162,2024,0.214109,0.07757165027794578
605178,2024,0.58046,0.07652398860289877
605179,2024,-0.039315,0.07758346620555452
605168,2024,0.259646,0.07757165027794578
605183,2024,0.254188,0.07757165027794578
605305,2024,0.660144,0.07757165027794578
605189,2024,0.438347,0.07758346620555452
605186,2024,0.141913,0.07757165027794578
605196,2024,0.439587,0.08458945178336154
605255,2024,0.630599,0.08458945178336154
605199,2024,-0.247823,0.07758346620555452
605338,2024,0.087738,0.07757165027794578
605339,2024,-0.028161,0.07772120199731825
605259,2024,0.643714,0.08296667219444319
605222,2024,0.088079,0.08458945178336154
605228,2024,0.227493,0.08994610737455352
605368,2024,-0.035472,0.07652398860289877
605258,2024,0.138785,0.0772370492559228
605376,2024,0.191989,0.08235463090458686
605268,2024,0.346636,0.07722883269511009
605298,2024,0.254215,0.07758346620555452
605300,2024,0.016866,0.07758346620555452
605303,2024,0.319706,0.07652398860289877
605289,2024,0.503508,0.08224643511289531
605318,2024,-0.002972,0.07757165027794578
605488,2024,0.029454,0.07791378921638958
605499,2024,0.465145,0.07757165027794578
605299,2024,0.198825,0.07652398860289877
605333,2024,-0.010263,0.08235463090458686
605555,2024,0.068231,0.07722883269511009
605296,2024,0.101075,0.07757165027794578
605319,2024,0.020755,0.08224643511289531
605286,2024,0.031282,0.08458945178336154
605336,2024,-0.11614,0.07848022003286981
605580,2024,0.42734,0.07652398860289877
605589,2024,0.027882,0.0772370492559228
605337,2024,0.075868,0.07758346620555452
605365,2024,0.130526,0.07757165027794578
688001,2024,0.087471,0.0772370492559228
688002,2024,0.16661,0.07848022003286981
605377,2024,0.043598,0.07757165027794578
605369,2024,0.10146,0.07758346620555452
605358,2024,0.016002,0.07617530426800145
605398,2024,0.082517,0.07848022003286981
688007,2024,0.092361,0.07848022003286981
688008,2024,0.111762,0.07848022003286981
605366,2024,0.125906,0.07758346620555452
605378,2024,0.413119,0.07757165027794578
688010,2024,-0.264921,0.07617530426800145
688013,2024,1.051942,0.0772370492559228
688012,2024,-0.031493,0.0772370492559228
605399,2024,0.302472,0.07848022003286981
688016,2024,-0.02792,0.07758346620555452
605389,2024,0.63083,0.07757165027794578
688018,2024,-0.144284,0.07848022003286981
688019,2024,0.143264,0.07757165027794578
688020,2024,0.30432,0.07848022003286981
605500,2024,0.445828,0.0772370492559228
688022,2024,0.113721,0.08458945178336154
605388,2024,0.353008,0.07758346620555452
688025,2024,0.225401,0.07848022003286981
605507,2024,-0.027184,0.07757165027794578
688026,2024,0.305111,0.08577785423675759
688028,2024,0.141732,0.08224643511289531
605566,2024,0.180378,0.07758346620555452
605577,2024,0.108065,0.07652398860289877
688030,2024,-0.066397,0.07722883269511009
605567,2024,0.1549,0.07757165027794578
605588,2024,0.009099,0.07848022003286981
605598,2024,0.147142,0.08948359130716987
688037,2024,0.228071,0.07848022003286981
688035,2024,0.129744,0.08296667219444319
605599,2024,0.174687,0.07722883269511009
688041,2024,-0.134564,0.07848022003286981
688045,2024,-0.134093,0.0772370492559228
688039,2024,0.092618,0.07791378921638958
688006,2024,0.226891,0.08296667219444319
688004,2024,0.284598,0.07848022003286981
688005,2024,0.146676,0.08235463090458686
688050,2024,-0.133911,0.07617530426800145
688049,2024,0.281431,0.08577785423675759
688052,2024,-0.012943,0.08235463090458686
688051,2024,0.473325,0.08224643511289531
688003,2024,-0.029118,0.08235463090458686
688011,2024,1.152813,0.07848022003286981
688057,2024,0.19956,0.07652398860289877
688015,2024,0.124038,0.07722883269511009
688056,2024,0.022721,0.08458945178336154
688058,2024,0.169639,0.0772370492559228
688017,2024,-0.147299,0.07671642760245533
688021,2024,0.494801,0.09381878414150797
688062,2024,0.447368,0.07757165027794578
688009,2024,-0.10767,0.07722883269511009
688027,2024,0.066946,0.07848022003286981
688029,2024,0.434448,0.07757165027794578
688032,2024,0.1057,0.08235463090458686
688036,2024,-0.053315,0.08235463090458686
688070,2024,0.312975,0.07722883269511009
688069,2024,0.617913,0.07757165027794578
688031,2024,0.173039,0.07791378921638958
688072,2024,0.079393,0.07848022003286981
688023,2024,0.219806,0.07722883269511009
688033,2024,0.370301,0.07848022003286981
688038,2024,0.098262,0.07848022003286981
688077,2024,0.362348,0.08235463090458686
688046,2024,0.43316,0.07757165027794578
688078,2024,0.100958,0.0772370492559228
688081,2024,0.045648,0.07848022003286981
688047,2024,0.058824,0.07848022003286981
688082,2024,-0.068503,0.07758346620555452
688083,2024,-0.01346,0.08948359130716987
688048,2024,0.212687,0.07848022003286981
688085,2024,0.357176,0.07758346620555452
688087,2024,0.239096,0.07671642760245533
688089,2024,0.010899,0.08458945178336154
688088,2024,0.137795,0.08224643511289531
688090,2024,0.124912,0.0772370492559228
688091,2024,0.388226,0.07758346620555452
688055,2024,0.167164,0.07757165027794578
688061,2024,0.22045,0.07617530426800145
688093,2024,0.080239,0.08235463090458686
688095,2024,0.187211,0.08224643511289531
688097,2024,0.166207,0.07848022003286981
688098,2024,0.242215,0.07757165027794578
688099,2024,0.027615,0.0772370492559228
688059,2024,0.348332,0.07757165027794578
688100,2024,-0.091508,0.07722883269511009
688053,2024,0.248848,0.07791378921638958
688060,2024,0.252655,0.08458945178336154
688106,2024,-0.043213,0.07772120199731825
688105,2024,-0.008261,0.07772120199731825
688067,2024,0.344992,0.07757165027794578
688109,2024,0.246879,0.07722883269511009
688063,2024,0.220727,0.08577785423675759
688075,2024,0.161768,0.07758346620555452
688111,2024,-0.190013,0.07848022003286981
688071,2024,0.223791,0.07848022003286981
688113,2024,0.232388,0.07757165027794578
688114,2024,-0.158683,0.08296667219444319
688115,2024,0.600597,0.07758346620555452
688065,2024,-0.100901,0.07848022003286981
688068,2024,0.519637,0.07758346620555452
688073,2024,0.404924,0.07758346620555452
688066,2024,0.257981,0.0918613840254623
688120,2024,0.049895,0.07848022003286981
688121,2024,0.183137,0.07652398860289877
688080,2024,0.122283,0.07722883269511009
688076,2024,0.187581,0.08296667219444319
688123,2024,0.016457,0.07848022003286981
688092,2024,0.249827,0.08235463090458686
688079,2024,0.30303,0.07848022003286981
688084,2024,0.648965,0.08458945178336154
688101,2024,0.143708,0.0772370492559228
688131,2024,0.183668,0.08224643511289531
688107,2024,0.072119,0.07848022003286981
688132,2024,-0.030177,0.07848022003286981
688096,2024,-0.190561,0.0772370492559228
688102,2024,0.270492,0.08994610737455352
688108,2024,0.348595,0.07772120199731825
688138,2024,0.105413,0.08235463090458686
688137,2024,0.484674,0.07758346620555452
688139,2024,-0.109803,0.08577785423675759
688141,2024,-0.193103,0.07848022003286981
688112,2024,0.003441,0.07848022003286981
688103,2024,0.266351,0.07772120199731825
688147,2024,0.172779,0.07848022003286981
688148,2024,0.304762,0.08577785423675759
688118,2024,0.13567,0.0772370492559228
688110,2024,0.174384,0.07671642760245533
688153,2024,0.037129,0.07848022003286981
688152,2024,0.043972,0.07848022003286981
688155,2024,0.283155,0.08296667219444319
688156,2024,0.355422,0.07757165027794578
688157,2024,0.178242,0.08296667219444319
688158,2024,0.188042,0.07848022003286981
688116,2024,-0.026078,0.0772370492559228
688160,2024,-0.022026,0.07772120199731825
688161,2024,-0.043494,0.08458945178336154
688162,2024,0.211227,0.08994610737455352
688117,2024,0.991061,0.07758346620555452
688166,2024,0.535609,0.07757165027794578
688165,2024,-0.040392,0.08235463090458686
688167,2024,0.339144,0.07848022003286981
688126,2024,0.126084,0.07848022003286981
688169,2024,0.089744,0.07757165027794578
688125,2024,0.309863,0.08235463090458686
688122,2024,0.079939,0.07848022003286981
688129,2024,0.305963,0.07757165027794578
688173,2024,0.144,0.08458945178336154
688176,2024,0.49359,0.07758346620555452
688175,2024,0.293111,0.07652398860289877
688177,2024,0.284513,0.07758346620555452
688127,2024,0.204056,0.0772370492559228
688119,2024,0.206522,0.07652398860289877
688180,2024,0.125166,0.07758346620555452
688128,2024,0.106759,0.07652398860289877
688136,2024,0.51671,0.07772120199731825
688183,2024,0.721224,0.07848022003286981
688130,2024,0.016491,0.08577785423675759
688186,2024,0.048964,0.08458945178336154
688135,2024,0.326466,0.07617530426800145
688188,2024,0.096698,0.07848022003286981
688187,2024,-0.107739,0.08458945178336154
688151,2024,0.483133,0.07652398860289877
688190,2024,-0.076827,0.08994610737455352
688191,2024,0.391304,0.07757165027794578
688159,2024,0.371289,0.0772370492559228
688133,2024,0.140432,0.07671642760245533
688196,2024,0.044694,0.07671642760245533
688195,2024,0.026492,0.0918613840254623
688146,2024,0.114595,0.07757165027794578
688198,2024,-0.053669,0.07758346620555452
688200,2024,-0.116312,0.08224643511289531
688199,2024,0.463706,0.0772370492559228
688201,2024,0.388462,0.07758346620555452
688163,2024,0.488271,0.07758346620555452
688168,2024,0.229979,0.07848022003286981
688143,2024,0.14602,0.08296667219444319
688150,2024,0.355655,0.07848022003286981
688171,2024,0.819119,0.07757165027794578
688208,2024,0.040319,0.07617530426800145
688170,2024,0.830855,0.0772370492559228
688182,2024,0.308751,0.07848022003286981
688172,2024,0.120651,0.07848022003286981
688178,2024,-0.017327,0.07757165027794578
688181,2024,0.165823,0.07848022003286981
688189,2024,1.292445,0.07757165027794578
688179,2024,0.095747,0.07758346620555452
688217,2024,0.34901,0.07758346620555452
688218,2024,0.042202,0.07848022003286981
688219,2024,0.025359,0.08948359130716987
688220,2024,0.018243,0.07848022003286981
688184,2024,0.132093,0.08224643511289531
688222,2024,0.603734,0.10067040420288581
688225,2024,-0.092357,0.07722883269511009
688185,2024,0.014116,0.07758346620555452
688226,2024,0.184127,0.08296667219444319
688227,2024,-0.14461,0.07848022003286981
688228,2024,-0.105387,0.07848022003286981
688192,2024,0.306154,0.07758346620555452
688197,2024,0.460453,0.07757165027794578
688193,2024,0.433917,0.07758346620555452
688205,2024,0.378349,0.0918613840254623
688233,2024,0.212879,0.07848022003286981
688203,2024,0.256073,0.07848022003286981
688235,2024,-0.003729,0.07758346620555452
688236,2024,0.340396,0.07758346620555452
688207,2024,0.31068,0.07848022003286981
688238,2024,0.291156,0.07758346620555452
688202,2024,1.085349,0.07757165027794578
688206,2024,0.420296,0.07848022003286981
688209,2024,-0.000518,0.08296667219444319
688211,2024,0.190136,0.07772120199731825
688248,2024,-0.013584,0.08224643511289531
688210,2024,0.957569,0.07671642760245533
688213,2024,-0.019321,0.07848022003286981
688251,2024,0.224946,0.07758346620555452
688252,2024,-0.019246,0.07671642760245533
688216,2024,0.414912,0.07848022003286981
688212,2024,0.144375,0.08458945178336154
688257,2024,-0.006342,0.08458945178336154
688258,2024,0.284912,0.07848022003286981
688221,2024,1.577726,0.07758346620555452
688215,2024,0.971862,0.08458945178336154
688230,2024,0.247404,0.08296667219444319
688262,2024,0.074631,0.08224643511289531
688234,2024,-0.103369,0.08296667219444319
688266,2024,0.355127,0.07758346620555452
688267,2024,0.191653,0.07758346620555452
688223,2024,-0.005263,0.07848022003286981
688269,2024,0.186534,0.07791378921638958
688270,2024,0.229929,0.07848022003286981
688271,2024,0.06236,0.07848022003286981
688231,2024,0.25,0.07757165027794578
688229,2024,0.361666,0.07848022003286981
688232,2024,0.003091,0.08224643511289531
688237,2024,0.425586,0.09381878414150797
688239,2024,0.201832,0.08458945178336154
688279,2024,-0.246937,0.07758346620555452
688278,2024,-0.082993,0.07758346620555452
688246,2024,0.166887,0.07758346620555452
688244,2024,0.038109,0.07848022003286981
688282,2024,0.018993,0.08458945178336154
688283,2024,0.144811,0.07848022003286981
688247,2024,0.314344,0.07758346620555452
688285,2024,0.01353,0.07848022003286981
688287,2024,0.373534,0.07758346620555452
688288,2024,-0.146704,0.08458945178336154
688290,2024,0.075614,0.07757165027794578
688255,2024,0.026416,0.09381878414150797
688291,2024,0.671512,0.08296667219444319
688256,2024,-0.156845,0.07848022003286981
688293,2024,0.364139,0.07758346620555452
688295,2024,-0.052069,0.07757165027794578
688297,2024,0.269193,0.07652398860289877
688296,2024,0.192813,0.07757165027794578
688253,2024,0.060143,0.07758346620555452
688260,2024,0.584119,0.08235463090458686
688300,2024,0.059826,0.07848022003286981
688301,2024,0.052888,0.07848022003286981
688259,2024,0.07523,0.07617530426800145
688249,2024,0.010072,0.07848022003286981
688305,2024,0.01406,0.07772120199731825
688265,2024,0.553702,0.07758346620555452
688307,2024,0.051902,0.0772370492559228
688261,2024,0.209695,0.08296667219444319
688272,2024,0.248357,0.0772370492559228
688310,2024,0.558236,0.07758346620555452
688273,2024,0.204124,0.07617530426800145
688268,2024,-0.042351,0.07772120199731825
688313,2024,1.89496,0.07848022003286981
688314,2024,0.169392,0.07848022003286981
688315,2024,0.129861,0.07758346620555452
688275,2024,0.198706,0.07757165027794578
688317,2024,0.484392,0.07758346620555452
688318,2024,0.091579,0.07758346620555452
688277,2024,0.512236,0.08235463090458686
688320,2024,0.234806,0.07757165027794578
688281,2024,0.266165,0.07772120199731825
688322,2024,0.159261,0.07848022003286981
688323,2024,-0.079235,0.07617530426800145
688276,2024,0.105441,0.07757165027794578
688326,2024,0.217587,0.07772120199731825
688280,2024,0.530612,0.08994610737455352
688327,2024,0.143076,0.07848022003286981
688329,2024,0.355388,0.07757165027794578
688330,2024,-0.003833,0.08458945178336154
688286,2024,0.145039,0.08235463090458686
688332,2024,-0.054705,0.07848022003286981
688292,2024,0.185556,0.0772370492559228
688308,2024,0.171291,0.07848022003286981
688335,2024,0.287951,0.07652398860289877
688299,2024,0.051529,0.07848022003286981
688337,2024,0.061726,0.0772370492559228
688289,2024,0.154748,0.07757165027794578
688303,2024,0.560362,0.08296667219444319
688298,2024,0.296414,0.07758346620555452
688302,2024,0.467866,0.07758346620555452
688347,2024,0.201089,0.07848022003286981
688309,2024,0.433071,0.07791378921638958
688306,2024,0.086813,0.07848022003286981
688350,2024,0.210788,0.07757165027794578
688312,2024,0.133628,0.08458945178336154
688352,2024,-0.084746,0.07848022003286981
688353,2024,0.566307,0.07652398860289877
688356,2024,0.666773,0.07758346620555452
688311,2024,0.021256,0.08458945178336154
688316,2024,0.532409,0.07791378921638958
688319,2024,0.073038,0.07758346620555452
688360,2024,0.320083,0.08296667219444319
688359,2024,0.40276,0.07617530426800145
688321,2024,0.995853,0.07758346620555452
688361,2024,0.024092,0.0772370492559228
688363,2024,0.0721,0.07757165027794578
688325,2024,0.147114,0.08296667219444319
688328,2024,0.424469,0.0772370492559228
688334,2024,0.104976,0.07757165027794578
688368,2024,-0.100476,0.08235463090458686
688336,2024,1.000372,0.07758346620555452
688331,2024,0.503853,0.07758346620555452
688338,2024,0.208777,0.07758346620555452
688371,2024,0.089492,0.07848022003286981
688373,2024,0.086957,0.07758346620555452
688333,2024,-0.011296,0.07848022003286981
688376,2024,0.247684,0.07791378921638958
688345,2024,0.4766,0.08296667219444319
688378,2024,0.154987,0.07848022003286981
688379,2024,0.540609,0.08235463090458686
688380,2024,-0.042832,0.0772370492559228
688348,2024,0.119277,0.07848022003286981
688382,2024,1.082075,0.07758346620555452
688385,2024,0.000819,0.08296667219444319
688343,2024,-0.018406,0.07848022003286981
688351,2024,-0.004548,0.07758346620555452
688339,2024,0.173469,0.07772120199731825
688358,2024,0.2052,0.07848022003286981
688388,2024,0.219812,0.07722883269511009
688390,2024,0.081017,0.08577785423675759
688391,2024,0.079497,0.07848022003286981
688392,2024,0.467707,0.08458945178336154
688393,2024,0.078369,0.08994610737455352
688349,2024,0.151915,0.07722883269511009
688357,2024,0.306132,0.08948359130716987
688355,2024,0.172414,0.0772370492559228
688362,2024,-0.026051,0.08235463090458686
688367,2024,0.213036,0.07757165027794578
688401,2024,-0.070671,0.07848022003286981
688403,2024,0.08709,0.07848022003286981
688408,2024,0.133266,0.08577785423675759
688372,2024,0.041878,0.07758346620555452
688366,2024,-0.170633,0.07617530426800145
688369,2024,0.123168,0.07722883269511009
688375,2024,0.103024,0.07848022003286981
688365,2024,0.474635,0.07757165027794578
688370,2024,0.253754,0.07652398860289877
688420,2024,0.275564,0.07722883269511009
688425,2024,-0.03956,0.07722883269511009
688426,2024,0.313615,0.07758346620555452
688428,2024,0.30992,0.07758346620555452
688377,2024,0.500261,0.08458945178336154
688432,2024,-0.063333,0.07848022003286981
688433,2024,-0.178024,0.0772370492559228
688387,2024,0.123314,0.07652398860289877
688439,2024,-0.023591,0.07848022003286981
688383,2024,0.516137,0.08994610737455352
688396,2024,0.035836,0.07848022003286981
688449,2024,0.001686,0.07848022003286981
688450,2024,0.310659,0.07722883269511009
688455,2024,0.288225,0.07722883269511009
688381,2024,0.130599,0.08577785423675759
688458,2024,0.028724,0.07617530426800145
688389,2024,-0.03676,0.07758346620555452
688386,2024,0.461054,0.08235463090458686
688468,2024,0.18107,0.07758346620555452
688395,2024,0.295248,0.08235463090458686
688472,2024,0.081655,0.07617530426800145
688475,2024,-0.110599,0.07848022003286981
688399,2024,0.267418,0.07758346620555452
688479,2024,0.047022,0.07722883269511009
688480,2024,0.397707,0.07652398860289877
688400,2024,0.158129,0.07791378921638958
688398,2024,0.277108,0.07848022003286981
688486,2024,-0.338846,0.07848022003286981
688410,2024,0.161182,0.07758346620555452
688488,2024,0.273829,0.07758346620555452
688489,2024,0.171866,0.07758346620555452
688416,2024,0.059864,0.07848022003286981
688411,2024,0.364299,0.08458945178336154
688499,2024,0.999211,0.07652398860289877
688435,2024,0.213865,0.07848022003286981
688502,2024,0.094738,0.07757165027794578
688418,2024,-0.059044,0.0772370492559228
688505,2024,0.071942,0.07758346620555452
688506,2024,0.293044,0.07758346620555452
688409,2024,0.14335,0.07848022003286981
688509,2024,0.321937,0.07652398860289877
688508,2024,0.13684,0.08577785423675759
688419,2024,0.143288,0.08458945178336154
688510,2024,0.405879,0.07722883269511009
688512,2024,0.149598,0.07848022003286981
688513,2024,0.642395,0.07757165027794578
688515,2024,-0.128775,0.07848022003286981
688429,2024,0.173509,0.0772370492559228
688517,2024,0.165765,0.07617530426800145
688518,2024,0.308333,0.07848022003286981
688519,2024,0.254448,0.08296667219444319
688443,2024,0.211671,0.07758346620555452
688521,2024,0.038281,0.07848022003286981
688522,2024,-0.02072,0.0918613840254623
688448,2024,0.232781,0.07757165027794578
688525,2024,0.040689,0.07848022003286981
688456,2024,0.255396,0.07848022003286981
688528,2024,0.274554,0.07848022003286981
688529,2024,0.240071,0.08235463090458686
688469,2024,0.1566,0.07848022003286981
688459,2024,0.023,0.07757165027794578
688478,2024,0.145777,0.07772120199731825
688466,2024,0.24244,0.08994610737455352
688496,2024,0.286676,0.08296667219444319
688538,2024,0.054054,0.07848022003286981
688539,2024,0.129695,0.07772120199731825
688543,2024,0.285187,0.08458945178336154
688545,2024,0.021466,0.07848022003286981
688548,2024,-0.114683,0.08994610737455352
688550,2024,0.098959,0.08235463090458686
688498,2024,0.741059,0.07848022003286981
688484,2024,0.150669,0.07722883269511009
688551,2024,0.193119,0.07848022003286981
688485,2024,0.239437,0.07848022003286981
688503,2024,0.624982,0.08577785423675759
688557,2024,0.274644,0.07772120199731825
688558,2024,0.313466,0.07848022003286981
688500,2024,1.232971,0.07791378921638958
688559,2024,0.145044,0.08994610737455352
688562,2024,0.164981,0.07757165027794578
688507,2024,0.099809,0.08296667219444319
688563,2024,0.123557,0.07757165027794578
688565,2024,0.432379,0.0772370492559228
688501,2024,0.099697,0.08224643511289531
688520,2024,1.074436,0.07757165027794578
688568,2024,-0.141089,0.0772370492559228
688569,2024,-0.026849,0.07772120199731825
688570,2024,-0.053488,0.07722883269511009
688511,2024,0.60852,0.07757165027794578
688523,2024,0.219832,0.07758346620555452
688530,2024,0.117978,0.07848022003286981
688526,2024,0.06311,0.07757165027794578
688516,2024,0.044362,0.0772370492559228
688531,2024,0.021218,0.0772370492559228
688535,2024,0.145552,0.0772370492559228
688552,2024,0.691813,0.07652398860289877
688536,2024,-0.084318,0.07848022003286981
688582,2024,0.058612,0.07617530426800145
688583,2024,0.179057,0.07848022003286981
688584,2024,-0.029589,0.07848022003286981
688585,2024,0.929972,0.07671642760245533
688588,2024,0.25645,0.0772370492559228
688586,2024,0.031311,0.07757165027794578
688589,2024,-0.152651,0.08994610737455352
688533,2024,0.018295,0.08994610737455352
688556,2024,0.833046,0.07848022003286981
688591,2024,0.205676,0.07848022003286981
688595,2024,-0.002841,0.07617530426800145
688549,2024,0.024032,0.07848022003286981
688597,2024,-0.070498,0.07757165027794578
688596,2024,-0.016083,0.08235463090458686
688553,2024,0.447351,0.07758346620555452
688599,2024,0.251253,0.08296667219444319
688560,2024,0.260307,0.08296667219444319
688601,2024,0.022262,0.07848022003286981
688602,2024,-0.060241,0.08235463090458686
688603,2024,0.00386,0.08458945178336154
688566,2024,0.313385,0.07757165027794578
688561,2024,0.117288,0.07722883269511009
688576,2024,0.147588,0.08235463090458686
688571,2024,0.165377,0.07671642760245533
688609,2024,0.154762,0.07848022003286981
688610,2024,0.214959,0.0772370492559228
688611,2024,0.083473,0.08458945178336154
688567,2024,0.347755,0.07848022003286981
688577,2024,0.294047,0.08458945178336154
688573,2024,0.787097,0.07848022003286981
688575,2024,0.096578,0.07758346620555452
688578,2024,0.077118,0.07758346620555452
688618,2024,0.25209,0.07848022003286981
688579,2024,0.304481,0.08235463090458686
688580,2024,0.068196,0.07617530426800145
688621,2024,0.42775,0.07758346620555452
688622,2024,-0.133657,0.07757165027794578
688581,2024,0.201091,0.08994610737455352
688590,2024,0.094901,0.07617530426800145
688626,2024,0.344404,0.07758346620555452
688598,2024,0.088648,0.08577785423675759
688629,2024,-0.022474,0.08235463090458686
688628,2024,-0.053503,0.07848022003286981
688593,2024,0.061605,0.07617530426800145
688631,2024,0.163365,0.07652398860289877
688592,2024,0.545524,0.07772120199731825
688633,2024,0.080243,0.07848022003286981
688638,2024,0.436054,0.07848022003286981
688606,2024,0.216164,0.07848022003286981
688600,2024,0.161814,0.07757165027794578
688646,2024,0.11353,0.08994610737455352
688607,2024,0.743545,0.07848022003286981
688605,2024,0.034313,0.07772120199731825
688655,2024,0.279001,0.07848022003286981
688653,2024,0.096996,0.07848022003286981
688608,2024,-0.072699,0.07848022003286981
688657,2024,-0.019204,0.07617530426800145
688658,2024,0.344391,0.07758346620555452
688616,2024,0.287143,0.08458945178336154
688660,2024,0.01907,0.08224643511289531
688613,2024,0.289642,0.07758346620555452
688612,2024,0.333199,0.07772120199731825
688663,2024,0.333606,0.07652398860289877
688667,2024,0.266144,0.08224643511289531
688615,2024,0.057009,0.0772370492559228
688617,2024,-0.008519,0.07758346620555452
688620,2024,0.026917,0.07848022003286981
688671,2024,0.083031,0.07757165027794578
688623,2024,0.198864,0.07848022003286981
688676,2024,-0.004806,0.07772120199731825
688625,2024,-0.104564,0.07757165027794578
688619,2024,0.647505,0.08224643511289531
688679,2024,0.418882,0.07652398860289877
688627,2024,0.19746,0.07848022003286981
688636,2024,0.267841,0.0918613840254623
688652,2024,-0.05165,0.07848022003286981
688683,2024,0.105654,0.07671642760245533
688651,2024,0.161003,0.07791378921638958
688639,2024,0.222645,0.07758346620555452
688648,2024,0.822883,0.07757165027794578
688690,2024,0.234717,0.08235463090458686
688656,2024,0.166615,0.07758346620555452
688630,2024,0.24973,0.07848022003286981
688661,2024,0.236975,0.07617530426800145
688662,2024,0.133007,0.0772370492559228
688665,2024,0.428014,0.07757165027794578
688659,2024,0.345781,0.0772370492559228
688668,2024,0.719118,0.07848022003286981
688698,2024,0.147946,0.0772370492559228
688670,2024,0.357781,0.07758346620555452
688678,2024,0.106444,0.0918613840254623
688701,2024,0.308131,0.07757165027794578
688677,2024,0.304133,0.08458945178336154
688669,2024,0.30503,0.08296667219444319
688708,2024,0.275964,0.07848022003286981
688681,2024,0.234789,0.07671642760245533
688682,2024,0.2848,0.07848022003286981
688685,2024,-0.156191,0.08224643511289531
688686,2024,0.137316,0.08296667219444319
688680,2024,0.194575,0.08296667219444319
688687,2024,0.408966,0.07758346620555452
688719,2024,0.462949,0.07617530426800145
688692,2024,-0.031297,0.07757165027794578
688721,2024,-0.117191,0.07848022003286981
688722,2024,0.282155,0.07671642760245533
688726,2024,0.243928,0.08235463090458686
688689,2024,0.176114,0.07848022003286981
688699,2024,0.05489,0.07848022003286981
688695,2024,0.121277,0.07791378921638958
688693,2024,0.210383,0.07848022003286981
688697,2024,0.019141,0.08458945178336154
688758,2024,0.251605,0.07772120199731825
688766,2024,-0.184655,0.07671642760245533
688702,2024,0.106688,0.07848022003286981
688768,2024,-0.095696,0.07652398860289877
688772,2024,-0.133646,0.08458945178336154
688700,2024,0.21127,0.07848022003286981
688707,2024,0.271127,0.08577785423675759
688777,2024,-0.140965,0.07848022003286981
688779,2024,0.199153,0.08296667219444319
688696,2024,-0.139583,0.07848022003286981
688787,2024,0.639466,0.08235463090458686
688691,2024,0.103271,0.0772370492559228
688789,2024,0.070826,0.08458945178336154
688711,2024,0.235365,0.07848022003286981
688718,2024,0.375774,0.07617530426800145
688798,2024,0.061685,0.07848022003286981
688819,2024,-0.000659,0.07757165027794578
688800,2024,0.454007,0.0772370492559228
689009,2024,0.014756,0.08296667219444319
688981,2024,-0.02456,0.07758346620555452
688710,2024,0.537353,0.07652398860289877
688720,2024,0.071746,0.07758346620555452
688709,2024,-0.007201,0.07848022003286981
688750,2024,0.104851,0.08458945178336154
688728,2024,0.173754,0.07848022003286981
688716,2024,0.008158,0.07791378921638958
688733,2024,0.193727,0.07848022003286981
688717,2024,0.282595,0.09381878414150797
688739,2024,0.184592,0.07757165027794578
688737,2024,0.059557,0.10067040420288581
688767,2024,0.3037,0.07848022003286981
688778,2024,0.2693,0.08577785423675759
688786,2024,0.225356,0.07848022003286981
688793,2024,0.214084,0.07848022003286981
688788,2024,0.046191,0.07757165027794578
688799,2024,0.785584,0.07757165027794578
688776,2024,0.102802,0.07757165027794578
